pair_id,pred_score,true_label
Q17TI5:Q9FLI3,0.007866588421165943,1
Q9LEZ3:Q9LN63,0.4451052248477936,1
P27900:Q9FN69,0.10818105190992355,1
Q9LXD8:Q9LQF0,0.037373270839452744,1
Q9M128:Q8LPR5,0.06802038848400116,1
Q0V7X4:F4I4E1,0.6546410918235779,1
O81323:Q8LPR5,0.06538373976945877,1
O04017:Q9FMX2,0.006195950321853161,1
Q8LPR5:Q9C7T4,0.09363961219787598,1
Q4PSE2:Q9FMX2,0.011050059460103512,1
Q9LTH4:Q8LPR5,0.10119722038507462,1
Q17TI5:Q9FYE2,0.0017937765223905444,1
Q9LQF0:Q9MAI5,0.0046826559118926525,1
P41151:P28147,0.5402224659919739,1
Q9LT23:Q9FE22,0.3357931077480316,1
Q8GXW1:A0A178VU28,0.008334755897521973,1
O49687:Q9LUA3,0.08433928340673447,1
Q94AG2:P46014,0.008784412406384945,1
P24100:O80513,0.931745171546936,1
Q38824:Q38829,0.531549870967865,1
Q9ZW21:O80920,0.001290633575990796,1
B3H7D8:A0A178VMH7,0.0031410008668899536,1
Q8VWG7:Q8VWG7,0.9820525050163269,1
Q9FGJ3:Q9SMP0,0.979328453540802,1
Q9M128:Q93Y00,0.5856780409812927,1
Q9S7M2:Q39204,0.11645825207233429,1
Q9FPW6:Q9FX77,0.01421213150024414,1
Q8LPR5:Q9SB92,0.03274692967534065,1
O48963:Q9SWI1,0.04661416634917259,1
Q38822:Q570C0,0.2445376217365265,1
Q9LXD8:Q94JL3,0.6368585824966431,1
O22152:Q9MAI5,0.023766761645674706,1
Q9LV27:Q05762,0.16926400363445282,1
Q17TI5:Q9SWI1,0.0024617111776024103,1
Q4PSE2:Q8L925,0.08925200253725052,1
Q9FMX2:B3H7D8,0.003231523558497429,1
Q39024:A0A178UJ48,0.1214117780327797,1
Q9FMX2:Q9SB92,0.017272470518946648,1
Q9LYD3:Q9CAA4,0.07844545692205429,1
Q38824:O24410,0.5014116168022156,1
O48963:O48963,0.9800420999526978,1
Q9LST3:Q8VYD2,0.04978393390774727,1
Q38824:Q8RYC6,0.19979558885097504,1
O80575:Q9LZW4,0.029913652688264847,1
Q4PSE2:O50055,0.03630570322275162,1
Q9FPQ8:Q9SIW1,0.3899303674697876,1
Q9SK33:Q9LTF2,0.005021098535507917,1
O24410:O04336,0.0021950367372483015,1
O22230:Q38840,0.014520264230668545,1
Q9LQF0:Q9S763,0.0075973765924572945,1
Q8GXW1:Q9LMA8,0.09759299457073212,1
Q9FFS3:Q9CA36,0.05704812332987785,1
Q9SB92:Q9LQF0,0.03910849615931511,1
Q9T0B9:Q9C690,0.015576767735183239,1
Q9LT89:Q9LQZ5,0.2728888690471649,1
Q8LPR5:O80438,0.0056715840473771095,1
Q94JM3:Q8L7G0,0.9904886484146118,1
O80513:P24100,0.9317455291748047,1
Q8GXR6:Q8LPR5,0.09655740857124329,1
Q9FME3:O81836,0.21207013726234436,1
Q9MAA7:Q9LQT8,0.017785124480724335,1
Q9SMP0:Q945M9,0.2118002027273178,1
Q9MAA7:Q9SV55,0.008809042163193226,1
Q6NPF4:Q9SJZ6,0.6426807045936584,1
Q8LPR5:Q84TK1,0.07411866635084152,1
Q6NKS4:Q6NKS4,0.9336728453636169,1
O22286:Q9SWI1,0.00431991508230567,1
Q9FGP8:O04027,0.6309715509414673,1
Q9SRQ3:Q9SRQ3,0.9631752371788025,1
Q8LGS1:Q39023,0.22963689267635345,1
Q39021:O80396,0.8466359972953796,1
Q9LSI4:Q9MAI5,0.15834663808345795,1
P46601:Q8LPR5,0.16937194764614105,1
Q9FJV0:Q39024,0.8510794043540955,1
Q38822:Q38822,0.976590633392334,1
F4KGY6:Q8LPR5,0.18974418938159943,1
Q9SZI2:Q9LER7,0.14497029781341553,1
Q9XF57:Q56WD9,0.3647144138813019,1
Q38829:Q38824,0.5315496325492859,1
Q9M274:Q9LIB5,0.011071670800447464,1
Q945M9:Q8LPR5,0.07490308582782745,1
Q9SLH3:Q94KL5,0.17867664992809296,1
Q9LU68:Q9FJA2,0.024244293570518494,1
O04350:P29517,0.5082910656929016,1
Q9LQF0:Q9FUA4,0.026908624917268753,1
Q9FE22:Q39079,0.0015682749217376113,1
O49545:A0A1I9LQ53,0.1098460778594017,1
Q8GYJ3:P24100,0.6861926317214966,1
Q9FGJ3:Q9LHG0,0.9584214091300964,1
Q38822:O24410,0.5750188231468201,1
Q84JG2:Q94KL5,0.2198159247636795,1
Q1PF16:Q8GWP4,0.0029468524735420942,1
Q9SVB7:A0A178WKP3,0.007007321808487177,1
O80575:Q93WE4,0.01299063116312027,1
P46601:P46600,0.6152472496032715,1
Q9LF53:Q9MAA7,0.010483290068805218,1
Q4PSE2:O82248,0.9233803153038025,1
Q17TI5:F4KGE8,0.07440555095672607,1
Q9FME3:Q8LPR5,0.3490133285522461,1
P46601:Q05466,0.5703026652336121,1
O80450:O80961,0.0020741212647408247,1
Q7XHI9:Q93Y00,0.7092491984367371,1
Q8W234:Q9FUY2,0.3143525719642639,1
Q9LF53:Q9ZNT7,0.07965449243783951,1
Q9LZW2:Q9LZW2,0.9114493727684021,1
Q9SU72:Q9S745,0.21482785046100616,1
Q9LQF0:Q2V452,0.012420183047652245,1
Q9FE22:Q84LH8,0.6557786464691162,1
Q8L7G0:Q9SN12,0.2652730345726013,1
Q8LPR5:O22230,0.11013706028461456,1
O80396:Q39021,0.8466354608535767,1
Q9FMX2:Q6R053,0.027310404926538467,1
Q9ZW21:Q9SN51,0.0014949531760066748,1
P29382:P29381,0.9834089279174805,1
Q9FME3:Q9FMX2,0.09935394674539566,1
Q8GY61:Q9C8Z9,0.35989663004875183,1
Q9FGJ3:Q58CM8,0.8934756517410278,1
Q9SLH3:A0A178VU28,0.052014321088790894,1
Q29Q81:P24100,0.42055007815361023,1
Q570C0:Q38822,0.24453739821910858,1
P33077:Q38824,0.8119430541992188,1
Q9SI15:Q9LZP8,0.9855033755302429,1
Q9SZI2:Q9FME4,0.031003786250948906,1
Q9C8Z9:Q7XHI9,0.6655823588371277,1
Q9FN69:P27900,0.10818109661340714,1
Q6Q151:Q9XFR5,0.985831081867218,1
Q9FK47:Q9MAI5,0.010201634839177132,1
Q9FIG9:Q9LXJ0,0.10017694532871246,1
C0Z2L5:Q9LZP8,0.9841920733451843,1
Q8LPR5:Q9C9N3,0.01651308313012123,1
Q9FN69:Q9FNZ5,0.0964357778429985,1
Q9SU67:Q9CAL3,0.034486960619688034,1
Q9FMX2:Q93VJ4,0.02152273990213871,1
Q9XGN1:C0SV91,0.020429370924830437,1
P33077:P33077,0.9561152458190918,1
Q9SK33:Q9LV52,0.05794927477836609,1
Q8LPR5:Q9FX77,0.010888248682022095,1
Q9LVS0:Q9XGN1,0.2593015134334564,1
Q9XI46:Q33884,0.03455914556980133,1
Q8W4S5:A0A178WK49,0.13285909593105316,1
Q8L7G0:Q8L7G0,0.9915367960929871,1
F4IP06:Q1PF16,0.020653611049056053,1
Q9FGV1:Q38832,0.24088023602962494,1
O04719:Q84JG2,0.012342453002929688,1
Q9FML2:Q9LMA8,0.3221324384212494,1
Q84LH8:Q9FE22,0.6557783484458923,1
Q9SMP0:Q8H1G0,0.3849254250526428,1
Q9LST3:Q9C6K4,0.06407272815704346,1
Q38824:P33077,0.8119427561759949,1
Q8LA53:O81801,0.003162889275699854,1
O80575:Q0WT24,0.0010126226115971804,1
P54609:P54609,0.9931100010871887,1
Q4PSE2:Q9SK53,0.031828705221414566,1
Q9LV27:O64760,0.5665339827537537,1
O24410:Q38824,0.501410722732544,1
Q9LYQ8:O81445,0.045868340879678726,1
Q9MAA7:Q9SG92,0.0739634707570076,1
Q38898:Q38898,0.9644973874092102,1
Q38829:Q8GWP4,0.0026737451553344727,1
Q9LZ82:Q9ASW4,0.8761046528816223,1
Q9SZI2:Q9SZI2,0.9850050210952759,1
B4F7R9:P17839,0.9866371154785156,1
O80575:P92937,0.07746344059705734,1
Q9LEZ3:F4IMQ0,0.003951906692236662,1
Q84K72:O80920,0.0027863045688718557,1
Q9ZW21:Q8S8E3,0.0012028716737404466,1
Q9LV27:P93024,0.029511621221899986,1
Q94JM3:Q8RYC6,0.16010700166225433,1
Q9LXJ0:Q42545,0.9032590985298157,1
Q39024:Q9FJV0,0.8510791659355164,1
Q8LC79:Q8LPR5,0.1250171959400177,1
F4I4Q3:Q8RWW1,0.00371490977704525,1
P29517:O04350,0.5082921981811523,1
Q8L4M6:Q9LQF0,0.022856760770082474,1
Q9C6V3:Q56XU4,0.14688825607299805,1
C0LGL4:Q9FRI1,0.1932353973388672,1
Q9M274:O22798,0.761403501033783,1
Q9FME3:Q9ZW36,0.08803248405456543,1
Q93ZM9:Q9SV55,0.09341326355934143,1
Q39204:Q9LMA8,0.19488419592380524,1
Q9CAJ0:Q9FJ49,0.0012918958673253655,1
Q9M0D8:Q9C9Y8,0.19623111188411713,1
Q17TI5:Q9M4T3,0.0061559355817735195,1
Q9ZR37:A0A178WKP3,0.0070066675543785095,1
Q42545:Q9LXJ0,0.9032589197158813,1
Q9SJA6:O81127,0.992038905620575,1
Q9FME3:Q9SB92,0.11474233865737915,1
Q39237:Q6NLU2,0.002219490008428693,1
Q9SVX5:Q9MAI5,0.49735069274902344,1
Q96524:Q96524,0.9894939661026001,1
Q9LZP8:Q9SI15,0.9855033755302429,1
Q8LAA6:P93004,0.9896799325942993,1
O64517:O64517,0.9832642674446106,1
Q8W4S5:Q9XGZ2,0.20611953735351562,1
Q9FUA4:Q9FUA4,0.9730348587036133,1
Q9FKA0:Q9CAR0,0.9794242978096008,1
Q9LEZ3:Q8L925,0.05134934186935425,1
Q6XAT2:Q9C8M9,0.134682759642601,1
Q6R053:Q9LRM4,0.0015140759060159326,1
O81788:Q8GXR6,0.07984279841184616,1
Q9XGN1:Q9FIX5,0.07836226373910904,1
Q9FME3:P0C7Q8,0.013142994605004787,1
Q9LQT8:Q9MAI5,0.18294090032577515,1
Q4PSE2:Q8LPR5,0.011907353065907955,1
Q9LQT8:Q9LMA8,0.16841918230056763,1
O64399:A0A1P8BA81,0.00572249898687005,1
Q9FME3:Q9LQF0,0.08191618323326111,1
Q9LTH4:O80450,0.12490327656269073,1
Q9S7M2:Q9S7M2,0.9894029498100281,1
P93836:P93836,0.9899570345878601,1
O82197:O82197,0.9910850524902344,1
P33077:Q8RYC6,0.4353109300136566,1
Q9LQF0:Q6PV67,0.0020791501738131046,1
O22932:O81445,0.19377084076404572,1
Q9STV4:O81445,0.10762345045804977,1
Q8W2F3:Q9SLH3,0.42035913467407227,1
Q9SKB2:Q9M9C5,0.22627775371074677,1
Q8S8E3:O04719,0.0012829250190407038,1
Q6XAT2:Q8RWZ1,0.11996972560882568,1
Q9M0X8:Q93Y00,0.8058862686157227,1
Q9LQF0:Q8GY11,0.004248676355928183,1
O81801:Q5XEN5,0.005929409991949797,1
Q9FN69:Q9FN69,0.9868763089179993,1
A0A1I9LQ53:Q9SKB2,0.12487941980361938,1
Q9LT47:Q9LKZ3,0.1502966731786728,1
Q8W4D8:Q39204,0.07412254065275192,1
Q8RYC6:Q38822,0.4029943645000458,1
O81788:Q9SQY8,0.09832902997732162,1
Q38824:P93024,0.17761750519275665,1
Q42384:P92958,0.16829806566238403,1
Q9LM78:Q9FKM4,0.3924081027507782,1
P93024:Q38822,0.23382043838500977,1
Q9FUY2:Q8W234,0.3303452432155609,1
Q9FMP0:Q9FMP0,0.9737496376037598,1
Q9LQF0:Q39023,0.20679989457130432,1
Q8GY61:Q96524,0.0035721994936466217,1
Q8GXW1:Q8VYP8,0.002279189182445407,1
Q9LEZ3:Q9LEZ3,0.9854874610900879,1
Q38832:P93024,0.016416355967521667,1
Q2V452:O81445,0.15029744803905487,1
Q39237:Q9CA46,0.2099703848361969,1
Q9LEZ3:Q9FK45,0.002141698030754924,1
Q38822:Q38829,0.8166261911392212,1
Q9FLF7:Q6R053,0.6887583136558533,1
Q8VWK4:Q8VWK4,0.9590703248977661,1
Q94F39:Q9LES3,0.29277002811431885,1
Q9LMA8:Q39204,0.19488461315631866,1
Q9SMP0:O82248,0.973706066608429,1
Q9LZW4:Q39204,0.163247212767601,1
Q9FMD5:Q8LPR9,0.0732513964176178,1
Q38824:Q38822,0.7868439555168152,1
Q94AG2:Q94AG2,0.981330394744873,1
Q9LEU7:O81445,0.09566985815763474,1
P41151:P28148,0.47201213240623474,1
Q9LNW3:Q9FJ49,0.001161091378889978,1
F4KCL7:Q9LHE5,0.06039093807339668,1
Q17TI5:Q9LEZ3,0.03388760983943939,1
Q9SU67:Q9M2D8,0.06465556472539902,1
P24100:Q0WQN9,0.9422582983970642,1
Q8LPR5:Q9S7H5,0.005972859915345907,1
Q17TI5:O82799,0.11421718448400497,1
Q39237:A0A178VMH7,0.002051137387752533,1
Q8LPR5:Q84JP1,0.04376663267612457,1
Q42545:Q42545,0.9853785634040833,1
Q9LXD8:Q8LPR5,0.07342219352722168,1
O81323:P59467,0.7451831102371216,1
Q9M591:Q940U6,0.26826176047325134,1
Q05466:Q8LPR5,0.1695983111858368,1
O65665:Q1EBV6,0.0034019933082163334,1
F4JVB8:Q9FE25,0.10497208684682846,1
Q8W2F3:Q9FE22,0.5852219462394714,1
Q17TI5:Q8LPN5,0.024664726108312607,1
O80345:Q9CAG1,0.7228917479515076,1
Q9ZR37:Q9FJ55,0.2113751918077469,1
Q9SV55:Q9LMA8,0.28789278864860535,1
Q9LEZ3:Q9LMT2,0.014041063375771046,1
Q9LT89:Q8S8E3,0.0008400923688896,1
Q9MAA7:Q8GXW1,0.01174316555261612,1
O24410:O24410,0.9388548135757446,1
P94102:Q0PCS3,0.7634984254837036,1
O04294:Q42384,0.5288840532302856,1
O49687:Q93ZM9,0.05753815174102783,1
Q9LXD8:Q8GXT3,0.7447794675827026,1
Q9LEZ3:Q9C8D1,0.0059357816353440285,1
Q9FME3:Q9FKH1,0.03157132491469383,1
Q9LVW2:O81821,0.5787486433982849,1
Q9FNB9:Q9LES3,0.9601351022720337,1
Q9FMX2:Q9T0B9,0.006829468999058008,1
O80575:O80575,0.9804936647415161,1
O82595:O22152,0.1693176031112671,1
Q9LST3:O23077,0.0998602956533432,1
P17839:Q1PEU3,0.9799534678459167,1
Q9FE22:Q9M0K4,0.016001787036657333,1
Q9LQT8:Q9SLH3,0.9933315515518188,1
Q9C5K8:P32068,0.0024682912044227123,1
Q33884:Q9XI46,0.03455924615263939,1
Q9FUA4:Q39103,0.003311148378998041,1
Q9FE25:Q9M9U2,0.6527974009513855,1
P25859:Q9SJJ5,0.35176756978034973,1
Q9SPG1:Q9M274,0.05680523440241814,1
P24100:Q8GYJ3,0.6861931085586548,1
Q93ZM9:Q39204,0.04076376184821129,1
Q7X9H5:B3H5S0,0.3447422683238983,1
O22286:O49653,0.013631601817905903,1
O81127:O81127,0.9927318692207336,1
Q9FIX5:Q9XGN1,0.07836262136697769,1
Q84W04:Q8VZ95,0.07633040845394135,1
Q8LPR5:Q9ZW36,0.07785366475582123,1
Q9SLH3:Q9MAA7,0.019840149208903313,1
Q9M0X8:Q9M128,0.7075361609458923,1
Q42384:O04294,0.5288841128349304,1
Q17TI5:Q0WT24,0.0056310249492526054,1
F4IXJ7:Q9FMP0,0.2509770393371582,1
O24410:P33077,0.6043800711631775,1
Q9C5K8:Q9CAR0,0.010851689614355564,1
Q8LGU6:Q8LPL5,0.6844301223754883,1
Q9LQF0:Q56XU4,0.008520013652741909,1
Q9FL63:P43298,0.17377962172031403,1
Q94AG2:P54609,0.03668728098273277,1
Q9LSI4:O24410,0.01679312251508236,1
O22286:Q9LV52,0.006367753725498915,1
Q570R7:Q8L5W8,0.5025803446769714,1
Q8GXW1:Q94KL5,0.0292217917740345,1
Q9FHA2:Q9LXD8,0.7407797574996948,1
Q9LT89:Q9FJ49,0.0008793856832198799,1
Q9SLH3:Q9LQT8,0.993291974067688,1
Q9CAA4:Q9CAA4,0.9925994277000427,1
Q8LPH6:Q9ZW36,0.11392893642187119,1
P46600:Q05466,0.49212104082107544,1
Q9FME3:Q9FMC2,0.01877843216061592,1
Q9LEZ3:Q9CAA4,0.8552957773208618,1
P92937:Q9LUI0,0.04101688787341118,1
Q9SKT1:Q9FE67,0.5632553100585938,1
Q93VJ4:Q84WK0,0.4907246232032776,1
Q4PSE2:O04027,0.778031051158905,1
Q9MAI5:Q9LQF0,0.004682664293795824,1
O82248:O04027,0.9784372448921204,1
Q9FL96:Q8GWE6,0.10202868282794952,1
Q9LV27:Q05763,0.10824704170227051,1
Q9MAA7:O04294,0.0034412459935992956,1
B9DFS6:Q8L5Z7,0.9864752888679504,1
Q42381:Q9SAI2,0.013327771797776222,1
Q56XR0:Q0V7X4,0.8449015021324158,1
Q8VZ95:Q9LXV1,0.009585801512002945,1
P49177:Q9FDX9,0.04404623433947563,1
Q93V43:Q8LAV5,0.013279843144118786,1
Q9C932:Q9ZT50,0.0778399333357811,1
Q9FII6:B3H7D8,0.0022307303734123707,1
O22286:Q9MAI5,0.008440623991191387,1
Q8S3D1:Q8LPR5,0.11762168258428574,1
Q17TI5:A0A384LJI7,0.0072897570207715034,1
Q501D5:F4KAB8,0.872149646282196,1
P93024:P93024,0.9924610257148743,1
O81836:Q8LPR5,0.0698290690779686,1
Q9LMA8:Q9LMA8,0.990166187286377,1
Q5ICL9:Q9FIR9,0.0022721525747328997,1
Q9FN69:Q9FE25,0.1191321387887001,1
Q9LST3:Q8GXR6,0.04925663024187088,1
Q17TI5:Q39103,0.0014993050135672092,1
Q9LV52:Q0V7X4,0.1950896829366684,1
Q6XAT2:Q94AG2,0.13928289711475372,1
Q9FMC2:Q8LPR5,0.010483745485544205,1
Q9M128:Q9C7T4,0.952612042427063,1
Q8RYC6:O24410,0.2240806370973587,1
C0LGM1:Q9FRI1,0.12402013689279556,1
Q9LV27:Q9LV21,0.6307778358459473,1
Q9LST3:Q9LMN5,0.10957526415586472,1
Q9C7T4:Q9MAI5,0.11262404173612595,1
Q4PSE2:Q9M9B3,0.031223034486174583,1
Q8S3D1:Q93Y00,0.8938167691230774,1
O49687:Q9LMA8,0.15356002748012543,1
Q9SN12:Q8S8E3,0.0013181029353290796,1
Q9C5K8:O49687,0.023233335465192795,1
Q9LQT8:Q9LUA3,0.06821189075708389,1
P33077:O24410,0.6043803095817566,1
Q84TD6:Q9CAR0,0.9875450134277344,1
O22286:O22286,0.9847570657730103,1
O64903:Q39023,0.251252144575119,1
Q9FLC1:Q8S8E3,0.000620927894487977,1
Q9LV27:Q940P8,0.7102124094963074,1
Q9LEZ3:P32068,0.0015425389865413308,1
Q8GW17:Q9LEZ3,0.008010858669877052,1
Q39237:Q8LF89,0.002322803484275937,1
Q93VH6:O81001,0.014176684431731701,1
Q9SCR0:Q9SJW0,0.026385867968201637,1
Q9FDW0:Q9XFD1,0.6396085023880005,1
Q9LNW3:Q8S8E3,0.0011323735816404223,1
Q17TI5:Q9C8D1,0.0019684636499732733,1
Q9C9W9:O49484,0.5183640718460083,1
Q58CM8:Q9M274,0.006553295999765396,1
B3H7D8:Q93VJ4,0.0024618369061499834,1
O80366:Q9ZNV9,0.002117105759680271,1
Q9M128:Q94JL3,0.5707604289054871,1
Q9SUQ3:P43298,0.2518981993198395,1
O81836:O22152,0.06158662587404251,1
Q9LQF0:Q9FJ55,0.005797730293124914,1
Q38829:Q8RYC6,0.26142168045043945,1
Q9FMX2:Q4PSE2,0.011050055734813213,1
Q9LU68:Q4PSE2,0.04568541422486305,1
Q501D5:Q9LPD9,0.8922999501228333,1
O24606:Q9LMA8,0.08772063255310059,1
Q8LPR5:Q93XM6,0.1994384080171585,1
Q9FNB9:Q8RU59,0.7794485688209534,1
Q43309:Q9STR4,0.9263292551040649,1
Q41220:Q0V7V2,0.0015085478080436587,1
O24410:Q38822,0.5750186443328857,1
Q39204:Q8W4D8,0.07412240654230118,1
Q9LQF0:Q93VJ4,0.024304581806063652,1
Q84JG2:Q84JG2,0.9887423515319824,1
Q9S7H5:Q8H1G0,0.005747083108872175,1
O49687:Q9S7M2,0.09510225057601929,1
Q5ICL9:Q5ICL9,0.9529908299446106,1
Q9LXJ0:Q9LXJ0,0.9922209978103638,1
Q17TI5:Q9FHK4,0.015092059038579464,1
Q9FN69:Q9LMA8,0.10263508558273315,1
Q9LQF0:Q9LQF0,0.8258480429649353,1
Q9FL96:Q9LNU4,0.10735350102186203,1
Q9FHW2:Q9FHW2,0.9712344408035278,1
Q9M384:Q9SZF7,0.6104617714881897,1
Q39193:Q9FLI3,0.05976308137178421,1
Q8H1G0:Q8H1G0,0.9859458804130554,1
Q9M0D8:Q9M9C5,0.0635002851486206,1
Q9FMC2:Q8RU59,0.9513210654258728,1
Q9FRR1:Q8LBF7,0.02338508889079094,1
Q05466:Q9SU72,0.0015756868524476886,1
Q8L940:Q8L940,0.98870450258255,1
Q8LA53:Q9C7T4,0.07099764049053192,1
O04663:P38418,0.3056785464286804,1
Q93VJ4:Q9LQF0,0.02430456504225731,1
Q9SV55:Q93ZM9,0.09341365098953247,1
Q9FME3:Q93XM6,0.10568290948867798,1
Q6XAT2:Q8RY65,0.07168131321668625,1
O81445:Q9STV4,0.10762307792901993,1
B9DHT4:Q9SJW0,0.004859718959778547,1
Q8S3D1:Q7XHI9,0.6020508408546448,1
Q9MAA7:Q9LF53,0.010483283549547195,1
Q9ZW36:Q9LQF0,0.021541208028793335,1
Q9SN12:Q8L7G0,0.2652735412120819,1
Q9ATB4:Q9FLI3,0.029766637831926346,1
Q9LMA8:Q9S7M2,0.990905225276947,1
P93004:Q8LAA6,0.9896799325942993,1
Q9FKM4:Q9LM78,0.3171756863594055,1
O49675:Q8S9K3,0.000842133944388479,1
F4KCU5:P29382,0.9853590130805969,1
P59467:Q8LPR5,0.028038805350661278,1
Q8H181:Q9C6K3,0.4675291180610657,1
Q9LST3:O80831,0.010133168660104275,1
Q9C6B3:Q9C6B3,0.9916955828666687,1
Q9FKB0:Q9M1Z3,0.9941523671150208,1
Q9ATB4:Q945P2,0.027041971683502197,1
Q9FV71:Q9LKZ3,0.8483379483222961,1
P46600:Q8LPR5,0.1859605759382248,1
Q9LNW3:Q9FMX2,0.00371284456923604,1
O04017:Q8LPR5,0.0122782988473773,1
Q39237:Q8VYF7,0.0017299059545621276,1
O82533:O82533,0.9927228093147278,1
Q9FHH5:Q9LSZ5,0.0008147566695697606,1
Q9SZF7:Q9M384,0.6253564357757568,1
Q0V7X4:Q9CA46,0.23545895516872406,1
O80575:Q9M223,0.004998860415071249,1
Q9LT89:Q9FMX2,0.39245864748954773,1
Q9S9U2:Q9FGZ5,0.3507363200187683,1
Q9S7M2:Q9SV55,0.18923158943653107,1
Q8VYZ1:Q8S8E3,0.000761012954171747,1
O80450:Q9LSI7,0.16001823544502258,1
O04719:Q8S8E3,0.0012829243205487728,1
Q93VH6:Q8S9M3,0.011602181009948254,1
Q9FME3:Q39262,0.1672445833683014,1
P33077:Q38832,0.8218105435371399,1
Q17TI5:Q9LTI1,0.0011136515531688929,1
Q9LST3:Q38822,0.05255679041147232,1
Q9FMX2:Q9LQZ5,0.3921044170856476,1
Q9FMX2:Q84VG7,0.014187554828822613,1
Q9LST3:O80450,0.10511689633131027,1
O81445:Q94C40,0.015830272808670998,1
O04719:Q39193,0.05216119438409805,1
P93024:Q38824,0.19171956181526184,1
Q9FJA2:Q93V43,0.03644578903913498,1
Q941L2:Q941L3,0.1478705257177353,1
Q8L3Z8:Q8LGU6,0.6843441128730774,1
O49484:Q9C9W9,0.5183626413345337,1
Q9FMX2:Q9CA46,0.005251605529338121,1
Q93VJ4:Q9C8Z9,0.22644217312335968,1
Q941L3:Q941L2,0.14787010848522186,1
Q9FME3:Q8RU59,0.0703379288315773,1
A0A178UFM8:Q9FYK0,0.3147127330303192,1
Q38829:Q9C995,0.0040535046719014645,1
Q8LC79:Q9LQF0,0.13750605285167694,1
Q39237:Q8LPR5,0.13641445338726044,1
O81445:Q9MAM1,0.16539816558361053,1
Q8LPR5:Q8RYD3,0.23768125474452972,1
Q9C6K4:Q9LMN5,0.9460825324058533,1
Q9LST3:Q9XED8,0.44745761156082153,1
Q9FF62:O81826,0.07654087990522385,1
Q8LPR5:Q39266,0.08569879829883575,1
Q9XGN1:Q9FN69,0.15531393885612488,1
Q9SLH3:Q9SLH3,0.9919310808181763,1
O81801:Q9LYB9,0.004966267384588718,1
Q9STR4:Q43309,0.9263293147087097,1
Q9FME3:Q9C7T4,0.08966637402772903,1
Q9LQF0:Q9FLI3,0.0019868083763867617,1
Q8RWC9:O81445,0.05739336088299751,1
P35632:P29382,0.9433464407920837,1
Q93V43:Q9C519,0.05294818431138992,1
Q8LPR5:O04336,0.013858566991984844,1
Q9SK33:Q9SK33,0.9385913014411926,1
O04719:Q8S8E3,0.0012829243205487728,1
Q1G3Q4:Q9C6K4,0.005581812001764774,1
Q84VG7:Q9LQF0,0.005004899110645056,1
O80920:Q9CAJ0,0.0013955370523035526,1
Q9STP8:Q9SZN7,0.003607983235269785,1
Q9LQT8:Q9FFJ9,0.11625834554433823,1
Q39262:Q8LPR5,0.03894598409533501,1
O81472:Q39024,0.5042339563369751,1
Q8GXW1:Q9FFJ9,0.04142862558364868,1
Q8RUC6:Q9SII9,0.9840876460075378,1
Q17TI5:Q9MAI5,0.11709361523389816,1
Q9FDX9:P49177,0.04404613375663757,1
Q9LNU4:Q9FL96,0.10735316574573517,1
Q9C9W9:P43292,0.03616158664226532,1
Q9LF53:Q8LF89,0.007175159640610218,1
O22152:O81836,0.061586715281009674,1
Q9CAJ0:Q84JG2,0.010727311484515667,1
Q9LQF0:O80366,0.003509312868118286,1
Q9FGP8:O82248,0.8224391341209412,1
Q84JG2:Q9SK33,0.19760315120220184,1
Q9C5K8:Q39204,0.018501192331314087,1
O04492:O04492,0.9580351114273071,1
Q9SKT1:Q9MAI5,0.5156390070915222,1
Q9M274:Q9SDS8,0.04932885989546776,1
P29382:A2RVQ5,0.9646183252334595,1
Q8LPR5:Q9S763,0.012433457188308239,1
O49687:Q9C5K8,0.023233314976096153,1
Q84VG7:Q9LQT8,0.07487677782773972,1
Q9S763:Q9LQF0,0.007597374264150858,1
Q8L467:Q9LT23,0.8985339999198914,1
Q9FHA2:Q9FHA7,0.6945934891700745,1
Q94AG2:Q9C8M9,0.5557987689971924,1
Q17TI5:Q9LS61,0.008147365413606167,1
Q9SV55:Q9C5K8,0.1008930429816246,1
Q9LQF0:Q93XM6,0.11565329134464264,1
Q8LPR9:Q9FMD5,0.07384004443883896,1
Q9ATB4:Q9LHI5,0.43778330087661743,1
Q8LGS1:Q39021,0.21940751373767853,1
Q9LV27:B3H7H1,0.5064584612846375,1
O65665:O22286,0.003183594672009349,1
Q9ZW21:Q9FJ49,0.0012367743765935302,1
Q9ZNV9:O80365,0.0024796791840344667,1
B9DHT4:C0SV91,0.001070281956344843,1
Q9XFD1:Q9FDW0,0.6396076679229736,1
Q8VZ95:P93004,0.009332160465419292,1
Q17TI5:Q8GY88,0.003240023273974657,1
Q38829:Q9C9F0,0.048079974949359894,1
Q8LPR5:Q84VG7,0.010102124884724617,1
Q570R7:Q8LPR5,0.2966466248035431,1
Q8GY50:Q9M9C5,0.12866218388080597,1
Q9S763:Q8H1G0,0.04046013951301575,1
Q9M128:Q8GXT3,0.7853836417198181,1
Q9ZR37:Q9FMC8,0.004884633701294661,1
Q9LZR5:Q8VYD2,0.13815368711948395,1
B9DHT4:Q0WUB8,0.0019596123602241278,1
P92964:Q84TH4,0.9751096963882446,1
Q8L5Z7:B9DFS6,0.9864250421524048,1
Q1PF16:Q9LNW3,0.0043770382180809975,1
P92964:O81127,0.9867708086967468,1
Q9SJZ6:Q6NPF4,0.6426810622215271,1
Q9FHW2:F4IP06,0.29182901978492737,1
Q17TI5:Q9XFH9,0.0042116777040064335,1
Q9STR4:Q9STR4,0.9896582961082458,1
Q39238:Q39238,0.9839804768562317,1
Q8VZ95:Q84W04,0.07633034884929657,1
Q9LQF0:Q39103,0.0017242375761270523,1
Q9LKZ3:Q9LT47,0.1582869291305542,1
Q9S750:Q9S750,0.9924441576004028,1
Q9M274:Q8H1G0,0.012190585024654865,1
Q39204:Q9LZW4,0.14534956216812134,1
O23077:Q8LG05,0.9315786361694336,1
Q84JG2:O04719,0.012342450208961964,1
Q9FMC8:Q8H1G0,0.003993234131485224,1
Q700C7:Q9C4Z6,0.07979163527488708,1
Q38829:Q38822,0.8166261911392212,1
Q38822:P93024,0.24385717511177063,1
Q39024:O81472,0.5727198719978333,1
Q9ZR37:Q39023,0.6223471164703369,1
Q9SN51:Q9LNW3,0.001381566864438355,1
Q8LPR5:Q8GWP4,0.001809541485272348,1
Q9LQF0:Q94JM3,0.2440783977508545,1
Q9M9C5:A0A178WK49,0.18704673647880554,1
Q0V7X4:Q8RU59,0.39868879318237305,1
Q6XAT2:Q6XAT2,0.9556703567504883,1
Q5YDB6:O04492,0.03767051175236702,1
O82503:Q9FMC8,0.00402009068056941,1
Q9S7M2:Q9LMA8,0.990905225276947,1
Q9LT89:Q9LVS0,0.06361649185419083,1
Q9SV55:Q9S7M2,0.189231738448143,1
P28147:P41151,0.5402215719223022,1
Q39023:Q8LGS1,0.22963778674602509,1
Q9FMX2:Q9LQF0,0.5033285021781921,1
Q17TI5:Q9LDE2,0.04267747327685356,1
Q9FLI3:Q39193,0.05976288393139839,1
Q8L5W8:F4IP06,0.010942825116217136,1
O80575:O04336,0.0014379317872226238,1
Q9LV27:F4HTE0,0.3736363351345062,1
Q9SWI1:O48963,0.04409599304199219,1
Q8S3D1:Q9LQF0,0.07673155516386032,1
Q9SLH3:O04336,0.14527368545532227,1
O81445:O65554,0.0637344941496849,1
Q940U6:Q9M591,0.26826155185699463,1
Q9LT89:O80920,0.0009643647936172783,1
Q9ASS4:Q94AG2,0.6342383623123169,1
Q8GWE6:Q9FL96,0.10202846676111221,1
Q93V43:O82595,0.14642372727394104,1
Q8LPR5:O22152,0.19545388221740723,1
Q9FGJ3:O04027,0.9746400117874146,1
Q8LPR5:Q94JW8,0.05036512017250061,1
Q43309:Q43309,0.9825750589370728,1
Q9LV27:Q94JM3,0.04814327135682106,1
Q8LPR5:Q9SIB4,0.014054715633392334,1
Q38822:O04294,0.05888236314058304,1
B9DHT4:F4IEB6,0.0014707541558891535,1
Q0PCS3:P94102,0.7823153138160706,1
O24410:Q38829,0.457581102848053,1
Q84TK1:Q9CA46,0.1639479249715805,1
O24410:Q8RYC6,0.22408078610897064,1
Q9LQF0:Q8H133,0.007371787913143635,1
Q9LF53:Q9FFJ9,0.03552531078457832,1
Q58CM8:O82248,0.8746556639671326,1
Q9CAJ0:O80920,0.0013955383328720927,1
Q9LT89:Q9LQF0,0.33591461181640625,1
Q84JP1:O24410,0.002152814297005534,1
Q39262:O22152,0.018948502838611603,1
P0DH85:Q9FX77,0.4967605173587799,1
Q9FMX2:Q9LNW3,0.0037128422409296036,1
Q8S944:Q8S944,0.9901785850524902,1
Q39079:Q9FE22,0.0015682782977819443,1
Q39193:Q9CAJ0,0.048284318298101425,1
Q17TI5:Q9LZR5,0.015985989943146706,1
Q93VJ4:Q8LPR5,0.07416682690382004,1
Q9FGZ5:Q9S9U2,0.35073649883270264,1
Q7X9H5:Q9S9U2,0.2781972885131836,1
Q9SZI2:A0A178WNP1,0.014230041764676571,1
O81445:Q8RWC9,0.057393234223127365,1
Q0V7X4:Q8GW32,0.4084007441997528,1
Q9S745:Q9SU72,0.1978188306093216,1
Q38822:P33077,0.9786220788955688,1
Q9LST3:Q9LYL9,0.002617303980514407,1
Q38832:Q38824,0.691604733467102,1
Q9ZNV9:O80366,0.0021171087864786386,1
Q38824:Q38824,0.9654241800308228,1
Q9LQF0:Q9LM46,0.056456517428159714,1
P24100:Q9SJJ5,0.593864917755127,1
Q9FYB1:Q9LHP2,0.9873466491699219,1
Q6XAT2:Q9LUL4,0.12847058475017548,1
Q8LA53:P46897,0.018736455589532852,1
Q9LQT8:Q9MAA7,0.017785103991627693,1
Q9SZN7:Q9STP8,0.003607985796406865,1
O65554:O81445,0.06373503059148788,1
Q9FDW0:Q9FDW0,0.9876365661621094,1
P24100:Q29Q81,0.4205499589443207,1
Q9FGD6:Q93V43,0.005727530922740698,1
Q9CAJ0:Q8S8E3,0.0013825006317347288,1
Q9ZUM0:Q39140,0.015497011132538319,1
Q9M128:Q9C6V3,0.42766639590263367,1
Q9FME3:Q9LXD8,0.032827794551849365,1
Q9LKZ3:Q9FV71,0.850773274898529,1
Q8L5Z7:Q8L5Z7,0.9889470934867859,1
Q38822:Q8RYC6,0.40299373865127563,1
Q94AG2:Q8RWZ1,0.23418612778186798,1
Q8H1G0:Q9FMC8,0.00399325555190444,1
Q94C40:O81445,0.015830380842089653,1
Q0WQN9:P24100,0.9422582983970642,1
Q8GXT3:Q93Y00,0.9505443572998047,1
Q9FGP8:Q9FGJ3,0.8291053175926208,1
Q8L5W8:Q9FE22,0.514931321144104,1
O65517:Q9SJT8,0.9884012341499329,1
Q4PSE2:Q9LQF0,0.012831419706344604,1
Q38832:Q38822,0.7737497091293335,1
Q8S8E3:Q9CAJ0,0.0013824986526742578,1
B9DFS6:B9DFS6,0.9880462884902954,1
Q9SK33:Q9LNW3,0.002808858174830675,1
Q17TI5:Q8VYP8,0.005852407310158014,1
C0LGW2:A0A178UFM8,0.2206871062517166,1
P54609:Q94AG2,0.034079376608133316,1
Q9FGJ3:Q4PSE2,0.8851089477539062,1
Q38822:Q38824,0.7868452072143555,1
O80450:F4IP06,0.020580044016242027,1
Q84WK0:Q9C8Z9,0.7092685103416443,1
Q9ZT50:Q9C932,0.07783994823694229,1
Q9LXD8:Q8S3D1,0.6823310256004333,1
Q9XIR8:Q9LNU4,0.14275024831295013,1
Q9MAA7:Q9SLH3,0.019840072840452194,1
Q84WK0:Q8S3D1,0.6207396388053894,1
Q9FJ49:Q9CAJ0,0.0012918952852487564,1
Q9XGN1:F4KGY6,0.2608780264854431,1
Q9LQT8:Q9LVW2,0.13475726544857025,1
Q9SLH3:Q9FFJ9,0.22105219960212708,1
Q5ICL9:Q9FMS4,0.0055669741705060005,1
Q9LEZ3:Q9LS86,0.03129425272345543,1
Q9LQZ5:Q9LQF0,0.4132767617702484,1
Q9SLH3:Q9SB60,0.022728798910975456,1
Q9LST3:Q8LG05,0.1456555873155594,1
Q8GXW1:Q9MAA7,0.011743128299713135,1
Q9LT89:Q9SN51,0.0008894486236386001,1
Q84JG2:Q8VYD2,0.03949407860636711,1
Q9SNB8:Q9XI36,0.04374764859676361,1
F4I3E6:Q93Y00,0.9280824065208435,1
O65517:Q8LPR5,0.38845252990722656,1
Q9M384:Q9LKZ3,0.08104093372821808,1
P38418:O04663,0.3224378824234009,1
Q9FIW6:Q8H1G0,0.002327175112441182,1
O04492:Q5YDB6,0.043421030044555664,1
Q17TI5:Q948J9,0.0008951331838034093,1
P33077:Q38829,0.813999593257904,1
Q1PEU3:P17839,0.9799534678459167,1
F4KEP6:B3H7D8,0.009024650789797306,1
Q9SPI1:Q6Q151,0.988044261932373,1
Q8LPR5:Q9LQZ5,0.4232094883918762,1
Q9LNW3:O80920,0.0011567686451599002,1
Q9ZPY4:Q8S8E3,0.0008820785442367196,1
Q9LNW3:Q9SN51,0.0013815645361319184,1
B3H7D8:A2RVQ5,0.005687751807272434,1
Q17TI5:Q9MAM1,0.1300148218870163,1
Q9ZUM0:O24410,0.005038089118897915,1
Q9CAA4:Q9LEZ3,0.8552951812744141,1
Q4PSE2:Q8H1G0,0.04615726321935654,1
Q9LKG8:Q9LQ28,0.0677470862865448,1
Q8GXW1:A0A178UG69,0.06381820887327194,1
Q9LV27:Q56XV8,0.4641759395599365,1
Q17TI5:Q9S7H1,0.008229615166783333,1
Q9SMP0:O04027,0.9489122629165649,1
Q8S3D1:Q9M128,0.6729292869567871,1
Q39191:Q9ZSJ6,0.010512656532227993,1
Q8RYD3:Q84TK1,0.23473429679870605,1
Q9ZNX9:Q9FNP4,0.0033925629686564207,1
Q9LXU9:Q9LY03,0.001010361360386014,1
Q9FL03:Q9SJW0,0.0549720823764801,1
Q9S7H5:Q9C690,0.0782511830329895,1
Q17TI5:F4J6A1,0.010337223298847675,1
O80920:O04719,0.0013906204840168357,1
Q9LQF0:O04336,0.004679404199123383,1
Q8L9S0:Q9ZPS7,0.14899592101573944,1
O81445:Q9LEU7,0.09567000716924667,1
P29382:P35632,0.9433465003967285,1
Q9LQT8:A0A178VU28,0.026886677369475365,1
B3H506:Q9LNW3,0.013125893659889698,1
Q58CM8:O04027,0.770650327205658,1
Q84JG2:Q9CAJ0,0.010727349668741226,1
Q9SJJ5:P25859,0.3517685830593109,1
Q9FMX2:Q56XU4,0.033090271055698395,1
Q9FMX2:Q9LXD8,0.02976394258439541,1
A0A178UGU3:Q8S8E3,0.0013797892024740577,1
Q42545:Q9FIG9,0.14087781310081482,1
A2RVQ5:O22230,0.04031633213162422,1
O24606:Q9FML2,0.6117222905158997,1
Q9SU72:Q9SU72,0.9440982937812805,1
O80337:Q9FFR5,0.011846261098980904,1
Q8LPR5:Q9MAI5,0.004220973700284958,1
Q39023:O64903,0.25125160813331604,1
Q9FNB9:P42776,0.9470385909080505,1
Q9LQF0:Q9ZT84,0.0016167350113391876,1
Q9LQT8:Q94KL5,0.13369716703891754,1
Q6R053:Q94BZ5,0.01786634512245655,1
Q05466:P46601,0.570302426815033,1
Q9LSI4:Q9ZW36,0.04622592404484749,1
O81788:Q9M2K8,0.05827338621020317,1
Q8LPL5:Q8LGU6,0.6647018790245056,1
Q94CE4:O49660,0.001020390191115439,1
Q9SZI2:Q9C8Z9,0.021005211398005486,1
O04719:O80920,0.001390619552694261,1
Q8LPR5:Q8RU59,0.04017924889922142,1
Q9LQT8:Q9FUA4,0.29201748967170715,1
Q39193:O04719,0.05216124653816223,1
Q9FIX8:Q8LPR5,0.051990725100040436,1
Q9LY03:Q9LXU9,0.0010279560228809714,1
Q9FME4:Q9SZI2,0.03100380301475525,1
Q9FMZ4:B9DHT4,0.004124703351408243,1
Q3E9D5:Q9C9Y6,0.005361382849514484,1
Q9LQF0:Q9LV52,0.0735539123415947,1
Q9LQF0:Q39021,0.23694728314876556,1
Q39237:Q0V7X4,0.33612099289894104,1
D5K228:D5K228,0.9851014018058777,1
Q9LMA8:Q9SV55,0.28789255023002625,1
Q1G3Q4:Q9LMN5,0.008507994934916496,1
Q17TI5:Q5XEN5,0.014055358245968819,1
Q8LPR5:Q9SA07,0.02023680880665779,1
Q94KI8:Q94KI8,0.9837261438369751,1
Q9XED8:Q8L7G0,0.988933265209198,1
B2GVM8:Q9FNZ5,0.0044445921666920185,1
Q9M0K4:Q9FE22,0.01600184105336666,1
Q9FIX5:Q9SNB8,0.11396179348230362,1
P33077:Q38822,0.9786220788955688,1
O81445:O22932,0.1937703937292099,1
Q94JL3:Q93Y00,0.8402813076972961,1
Q39237:Q9FMX2,0.0906820297241211,1
Q9FME3:O22152,0.13106152415275574,1
Q38829:Q38832,0.695778489112854,1
Q9ZWS9:Q9ZNV9,0.017476070672273636,1
Q945S8:Q1JPM3,0.03302368149161339,1
Q9LHE5:F4KCL7,0.06039128452539444,1
P93004:Q8VZ95,0.009332168847322464,1
P48002:Q9SW80,0.13369427621364594,1
Q9C5K8:Q9SV55,0.100893035531044,1
Q9FYE2:Q1ECQ5,0.0012721405364573002,1
Q570C0:Q9LQF0,0.014554835855960846,1
Q3EC92:Q9STG1,0.007275411393493414,1
Q94KL5:Q9SU72,0.0010611606994643807,1
F4IXT2:Q9LX28,0.003522804006934166,0
Q6DYC0:Q9SHL7,0.005074864719063044,0
Q39054:Q2V371,0.0013757249107584357,0
Q8GY63:Q9LSW4,0.002819279208779335,0
P34795:Q9LEW7,0.006956311408430338,0
Q9M386:Q9ZVI7,0.0009245923720300198,0
Q9SV96:F4K2R6,0.014363196678459644,0
Q9M2U6:Q9LRR3,0.0007269788766279817,0
Q9M1F6:F4IUB8,0.0010340906446799636,0
F4HWL4:F4I8W7,0.03393850103020668,0
A0A1P8BF78:Q9LFF2,0.0013677815441042185,0
Q8L5Z7:A0JQ78,0.003600793657824397,0
F4I6Q0:Q94C15,0.0010536120971664786,0
Q8H133:Q940A2,0.007107406854629517,0
Q948R9:Q9S9P1,0.5051013827323914,0
Q9FLS0:Q8GWF2,0.00205264356918633,0
Q3ED38:Q8VY27,0.014905854128301144,0
Q9LV95:Q58FY7,0.0010469183325767517,0
Q945N1:A0A1I9LTC6,0.0012726589338853955,0
O49195:Q0WPZ7,0.001629521488212049,0
Q1G3U1:Q9STY2,0.0007621202385053039,0
A0A1I9LM80:Q9SMN5,0.0026763007044792175,0
Q9FMQ1:F4IA30,0.004597872029989958,0
Q7XJK8:F4IZC5,0.003362544346600771,0
Q9M8W6:Q9FJH9,0.013018597848713398,0
Q0WMN5:Q8VXY9,0.0019947991240769625,0
O80450:Q9FKQ6,0.05809495970606804,0
F4IJR9:P25859,0.010004404932260513,0
B3H5S0:Q1G3Q9,0.005566245876252651,0
F4K2H9:F4ITP6,0.09594275802373886,0
Q9LI95:P56784,0.001570938155055046,0
P46416:Q9SVH3,0.004351494368165731,0
Q94KL5:Q9FKB0,0.007274040021002293,0
Q9LM78:A4IJ41,0.0028675959911197424,0
Q8RWR9:Q6NQJ6,0.0012064160546287894,0
Q9LT68:Q9SK49,0.004111834801733494,0
P0DKG5:Q9SIW1,0.03684041649103165,0
Q94BZ7:Q5Q0I0,0.0009189063566736877,0
Q9SYP2:Q9SCZ0,0.001703200163319707,0
Q9LF68:P82795,0.0006232716841623187,0
Q8H181:Q8L7L1,0.014285161159932613,0
Q9C9Y8:B9UY99,0.006451957859098911,0
F4K329:Q8GX25,0.0033405970316380262,0
Q9SMP0:A0A1P8AUX0,0.0009834812954068184,0
B3H646:Q94FT2,0.0009191730059683323,0
Q9LU33:Q9SUN6,0.001169309369288385,0
Q9LRM4:Q9LQ83,0.0019079467747360468,0
Q9SKI0:Q6IWB2,0.0026390913408249617,0
O80339:Q84UU9,0.0015609117690473795,0
Q8LAZ7:Q9FIW6,0.03539835289120674,0
A0A178VQ73:Q9SFG3,0.0017733237473294139,0
Q9LSB8:Q9FI94,0.03219040855765343,0
Q9MAM1:Q8S8H2,0.0008840096998028457,0
Q8LPR8:Q2V3K1,0.0009802374988794327,0
Q9CAI2:F4JQT4,0.0006330604082904756,0
Q9FDX9:A0A1P8AXS6,0.0015851209172978997,0
F4IEL6:Q9SAC5,0.0008554111118428409,0
B3H563:P24100,0.00366399809718132,0
F4IWK7:Q9SUC0,0.0017597116529941559,0
Q9SAJ3:Q9CAE8,0.0012711914023384452,0
Q1PEE4:Q2V309,0.0008808653801679611,0
Q9LT47:A0A1P8AW47,0.2403305619955063,0
A0A1I9LLL5:O82328,0.002873155055567622,0
Q3EC92:Q9M190,0.0027649092953652143,0
F4I7Y6:F4HSB6,0.001107392250560224,0
Q9LS48:Q8VZL4,0.27708545327186584,0
Q93WE4:Q38833,0.015522352419793606,0
Q8L908:Q9LW59,0.02150624804198742,0
Q8L4N1:F4IDU9,0.0011010445887222886,0
Q9S750:Q9LIJ9,0.0022840078454464674,0
A0A178WGK2:B3H6N9,0.012309916317462921,0
Q9M9Q6:Q9C5J6,0.004120861180126667,0
Q9LF60:O80366,0.004048301372677088,0
Q8LAA6:Q84J71,0.00212564948014915,0
Q94AD8:Q94A68,0.009988200850784779,0
Q9XGZ2:Q9S9T8,0.004741156008094549,0
Q9FFE4:Q29Q18,0.0008533075451850891,0
Q1PEU3:F4J0L0,0.0014120290288701653,0
Q8L7L1:F4IIL7,0.0036007368471473455,0
B3H5W4:B3H4B7,0.0016204215353354812,0
Q8LCH9:Q9FLS9,0.056583236902952194,0
O23227:Q58CM8,0.010242189280688763,0
A0A1P8B7R0:Q29PZ2,0.002481841715052724,0
B3H7H8:Q38893,0.0007057813345454633,0
Q9LXJ3:Q9LIB5,0.0011854139156639576,0
Q9LXL7:F4J551,0.002689415356144309,0
Q9SAK0:Q9FYB1,0.04455941542983055,0
Q9C6K3:Q9LU85,0.005291478242725134,0
Q38957:Q8LG56,0.0020007481798529625,0
Q8L8Y3:A0A1I9LNG9,0.10584509372711182,0
A0A1P8AXU1:Q9LU68,0.0012912510428577662,0
A0A1P8BAT6:Q5Q0E7,0.0011836355552077293,0
Q9FFU5:Q9SYH1,0.0018109030788764358,0
F4I5I4:Q9C5X8,0.0008005108684301376,0
Q9FV53:Q9M0C5,0.0019045788794755936,0
Q9FX66:F4J8D9,0.0017313277348876,0
Q9STR4:Q9LF60,0.004989183973520994,0
Q2V4F7:Q8RWU5,0.0042688059620559216,0
O48721:Q9C9N6,0.0007829423411749303,0
Q8S8R6:A0A1P8AUR6,0.0009490484371781349,0
Q8LAV5:Q2V3Z5,0.0013330018846318126,0
Q8W4F1:Q9FI49,0.0021314448677003384,0
F4JJN9:Q9LTS6,0.008599701337516308,0
Q8L760:F4IMQ0,0.0005914039793424308,0
F4JJ97:F4IBB2,0.0019390311790630221,0
B3DNP3:Q9ZQ78,0.002301261993125081,0
Q8L981:Q1PDL6,0.0027437664102762938,0
Q1PE51:Q9ZW21,0.002042715670540929,0
O22877:Q9C8L6,0.01287376880645752,0
O81788:F4IGH3,0.004261696711182594,0
Q9FDX6:Q39162,0.005417786072939634,0
O23051:Q9LJZ4,0.0017707592342048883,0
P92564:F4HWL4,0.005034719593822956,0
A0A1P8BEG6:Q5BPR6,0.001687317038886249,0
Q9ZQP5:Q8VYD9,0.0012275200570002198,0
P46014:Q8VXX4,0.006323128938674927,0
Q9SCZ0:Q9SJM3,0.0015129424864426255,0
Q84JN2:P33077,0.005438076797872782,0
Q94F39:O81915,0.0012104136403650045,0
Q9FJV0:Q501D5,0.06732445955276489,0
Q9FEN9:A8MQN4,0.0038761913310736418,0
Q9FJ80:Q9SU34,0.002669611945748329,0
Q93WB3:B3H7A6,0.0008637779392302036,0
Q9FHW2:A0A1P8B0Q6,0.0007327734492719173,0
Q9STX2:Q940A6,0.002846598392352462,0
B3H6J5:Q9ZV49,0.0007075651665218174,0
Q8LB54:Q9ZWA2,0.00687027582898736,0
Q9LY96:Q940R4,0.0049437000416219234,0
Q9SKI1:Q84TH8,0.001055521541275084,0
Q9SRS6:Q9SGR2,0.0038784057833254337,0
F4HV48:Q9SUR9,0.0020529627799987793,0
Q9FFU3:F4K588,0.0008537496323697269,0
P28185:Q6DBD5,0.006716208066791296,0
Q9LPR9:F4KA19,0.0018954441184177995,0
A0A1P8AYU2:Q8L6X8,0.0013656748924404383,0
O49698:Q9FMQ1,0.014505169354379177,0
Q9STT1:Q9FJV5,0.005291725974529982,0
Q9LXV0:Q9LN01,0.02804558537900448,0
Q3EBP7:Q9ZP54,0.021834973245859146,0
Q9FKM4:O22813,0.0023906142450869083,0
Q8L603:Q8W4L5,0.027868270874023438,0
B3H5I6:O80345,0.0011984145967289805,0
Q8GW63:Q9SMZ2,0.018575770780444145,0
B3H4F7:Q9M9G7,0.0016319932183250785,0
Q3EB28:Q9SRM3,0.004972062539309263,0
A0A1R7T3B3:Q8LGU6,0.013187694363296032,0
P93283:Q94JT5,0.000739909999538213,0
Q8GWV0:Q9M2Q2,0.0010105008259415627,0
B3H614:Q9C8L8,0.0010355825070291758,0
Q94AP0:Q1PDV2,0.001281027914956212,0
A0A1P8BBA6:Q0WUB8,0.0007627027225680649,0
Q9C584:F4JHF7,0.002805858850479126,0
Q9LNW3:Q2V3K2,0.0006950501119717956,0
Q6NL24:Q9CAP2,0.0009395579108968377,0
Q9M054:Q8RY81,0.0034018096048384905,0
Q9LTJ2:Q9C843,0.001349940779618919,0
F4HU51:Q9FX58,0.0007309719803743064,0
P56774:Q9ZSD4,0.2343536913394928,0
P92566:Q9FK45,0.0006362117710523307,0
Q8VY27:O80575,0.001513751340098679,0
Q9FFA7:Q9FIX8,0.019710341468453407,0
Q9T0J6:Q8GYT8,0.001708338619209826,0
F4IK40:F4KFD1,0.0012612829450517893,0
Q9LUS3:Q8H181,0.003254072507843375,0
P92964:Q9LUI0,0.006850631441920996,0
Q9FHF5:Q9C950,0.005773454904556274,0
O24410:Q9FGR7,0.011057307943701744,0
Q8VYD2:Q8GWG7,0.0023308228701353073,0
Q9C7X2:A0A1P8AW98,0.002477324102073908,0
Q9SII1:Q9SR09,0.001033704960718751,0
Q39262:F4K250,0.007852976210415363,0
O64837:Q00IB6,0.004960288293659687,0
Q9LTX1:Q94K21,0.0008203628822229803,0
O81127:Q9SUQ3,0.023355303332209587,0
Q8S8K8:Q94JW8,0.000819074921309948,0
Q682P6:Q5XVA8,0.0016696805832907557,0
Q9LYM3:O82266,0.0029174683149904013,0
A0A1P8ARL9:P92534,0.0006223474629223347,0
F4HZI8:Q9LPD9,0.3364461064338684,0
P0C2G1:O48890,0.010255159810185432,0
Q9SHX3:O49553,0.0009178812033496797,0
F4HPY3:Q9LN16,0.0022063825745135546,0
F4IUG1:C0Z2L5,0.0013285208260640502,0
Q8GYL4:Q9ZR09,0.003939863294363022,0
Q9SHL7:Q8RWN2,0.001676477724686265,0
Q9FGJ3:Q94CB5,0.0074999467469751835,0
Q9SU34:Q9LXJ0,0.003858214011415839,0
F4K6C3:O49195,0.0038046666886657476,0
Q84JV2:Q9FNY4,0.0008884851122274995,0
F4JXP4:Q9LPR9,0.0052820234559476376,0
Q8GYI0:Q9FGF6,0.002578043146058917,0
Q9FFY4:O64627,0.0007800708990544081,0
Q9T077:Q1G379,0.0018915089312940836,0
Q1G363:Q9S7X6,0.01128718163818121,0
Q564K3:Q9CAJ0,0.004294959362596273,0
Q9CAT6:Q9M338,0.00307914218865335,0
Q41220:O22164,0.001013958710245788,0
O49711:F4IZ00,0.014105689711868763,0
Q0WPZ7:Q0WVW4,0.005842180922627449,0
A0A178UJ48:Q8GXH5,0.009436296299099922,0
Q8GY89:F4JVB8,0.022608546540141106,0
Q93ZR3:Q9C6V2,0.025484293699264526,0
Q9SJ21:F4KI88,0.0031761701684445143,0
Q9SW80:Q9SV63,0.003177650971338153,0
F4IY04:O04017,0.0009170388802886009,0
Q9LTV9:Q8W207,0.418264776468277,0
O82631:Q9CAK6,0.006289255805313587,0
Q8GYP8:Q9FYL3,0.0017448648577556014,0
Q9M384:Q9C555,0.0056883483193814754,0
Q6NPL0:Q9SI42,0.011228925548493862,0
Q8GW27:Q9SYG4,0.0012034089304506779,0
Q9SZA2:Q39204,0.00531762046739459,0
Q9C927:Q9M0X8,0.002740708878263831,0
Q9LT89:Q9FFR6,0.001642346614971757,0
O80480:Q8S3D1,0.05868009477853775,0
Q9CAG1:F4IP06,0.36767643690109253,0
Q93WA2:A0A1P8APW5,0.0009626580285839736,0
Q5Q0C8:Q8W3M3,0.0034655423369258642,0
A0A1P8B2J0:Q8S9J2,0.004994403105229139,0
Q9FM64:Q6PV67,0.003987510688602924,0
Q9SJJ5:Q944R2,0.003426558570936322,0
Q9C703:Q93ZM9,0.0014786748215556145,0
Q8GWJ4:Q9FHC2,0.032267745584249496,0
Q9FWS4:Q84VW6,0.001214822055771947,0
O04254:Q9SIZ6,0.0006377315148711205,0
Q9M2W0:P59467,0.003320511430501938,0
P0DO23:Q9FLN8,0.008070359006524086,0
B3H5B2:Q9FGW2,0.0008342351648025215,0
A0A1P8AW98:P0DN98,0.0048286449164152145,0
P93009:Q9SF89,0.0008521764539182186,0
O64584:Q9LVV3,0.003821843070909381,0
F4IZ03:Q9T055,0.0016241887351498008,0
Q9FM51:Q9MA39,0.00794132798910141,0
Q2V369:Q9C567,0.0008378925849683583,0
A0A178UA90:Q9LY82,0.0077680260874331,0
Q9FKV1:F4KIT4,0.0008388168062083423,0
F4I8Q1:Q9FN69,0.01445328164845705,0
B3H4X6:P92523,0.002675136784091592,0
A0A1P8B2W3:Q38850,0.0008712131530046463,0
O04350:F4KDS0,0.26646894216537476,0
Q06AN9:O80800,0.013199676759541035,0
Q9LZQ2:A0A1P8B8B4,0.0022151265293359756,0
Q1G3M8:F4ISQ7,0.0020297670271247625,0
Q9C6U2:A0A384LJI7,0.0008001343230716884,0
Q6NLQ4:O82394,0.0012197565520182252,0
Q9ZW84:O64565,0.0008060099789872766,0
Q9LIJ0:Q9FKQ8,0.0011249628150835633,0
Q9LSZ8:Q84TK4,0.0006085734930820763,0
Q9FG05:Q9SN85,0.00746953347697854,0
F4I526:Q9FZK5,0.0024339405354112387,0
Q9C7E7:Q9CAL1,0.0013027837267145514,0
F4I3I2:Q9C683,0.0007615520735271275,0
Q9LUR0:Q9C6Z3,0.0035244342871010303,0
Q9LMT1:O65499,0.0032478433568030596,0
Q9M670:Q8VZK2,0.010789632797241211,0
Q8VY08:Q8GYD9,0.012944022193551064,0
Q9SY57:Q9CAW4,0.10571064054965973,0
O22919:Q8GWY0,0.002540313871577382,0
Q9CAW3:F4IAF4,0.002168063074350357,0
Q8RYD3:Q948R9,0.0020332648418843746,0
Q8L8M9:P82735,0.0007447020034305751,0
Q9C9Y6:Q9T0B9,0.0014727887464687228,0
Q9S9P1:F4JYE9,0.03189883381128311,0
Q84VW6:Q9LSP1,0.0007315905531868339,0
Q9XIA0:Q940P8,0.0017273303819820285,0
F4JH53:O23384,0.0062784417532384396,0
Q8LDS4:Q9CA16,0.0011425206903368235,0
Q8LPH6:A0A1P8B1L8,0.04153328016400337,0
Q0WR81:Q9FHD1,0.0024838424287736416,0
Q9FX35:O80607,0.0036083415616303682,0
Q9SCU7:Q8VYU4,0.01405248697847128,0
Q9S746:Q8S8I4,0.0022591722663491964,0
A0A178UFM8:Q9LE56,0.16394896805286407,0
F4K6A1:Q9FF17,0.0012416366953402758,0
Q94JM3:Q8L9R7,0.013986053876578808,0
Q9FYR2:Q8S8K8,0.001201749313622713,0
Q9LSI7:Q8RXT5,0.13626395165920258,0
B3H7D1:Q9SVZ9,0.0032276585698127747,0
Q8H7F6:O65382,0.0026038174983114004,0
Q9LT23:Q9LF70,0.004200337454676628,0
Q9ZP54:Q9SBJ1,0.04148976132273674,0
Q9SHG6:Q2V4J2,0.000930695969145745,0
O49160:A0A1I9LSC0,0.05305942893028259,0
B3H7J2:A0A178VI87,0.0008404976106248796,0
Q5HZ48:Q2V3J1,0.0008014966733753681,0
Q9LX93:A0A1P8BC48,0.001280729891732335,0
Q9LVW2:Q9SF37,0.06912374496459961,0
P56755:Q9FJ32,0.021436749026179314,0
F4K315:Q9LV95,0.0013679155381396413,0
O49420:Q9M2N5,0.022091493010520935,0
Q9LMM6:O24629,0.005157066974788904,0
Q84JG5:Q9FLX9,0.08853955566883087,0
Q8VY91:Q9C8J7,0.002060521859675646,0
Q9CA46:Q8GY60,0.001549412845633924,0
A7UL74:Q93ZI5,0.0007844027131795883,0
Q93WD7:A0A1P8AW49,0.0009403789299540222,0
F4K2D7:Q9SIJ3,0.004848390351980925,0
Q42479:Q84UU4,0.018978983163833618,0
A0A1P8BDN2:Q9M9C5,0.012163359671831131,0
Q9SYG4:P49107,0.00417703203856945,0
F4JMX1:Q8LBB7,0.01022005919367075,0
Q0WUZ1:Q9FMV7,0.006284672766923904,0
Q84K51:Q8RWY1,0.0015587283996865153,0
O82798:Q9FFK1,0.0018537252908572555,0
Q8S944:Q6E297,0.004973303060978651,0
Q94C78:A0A1P8AYX9,0.000680388999171555,0
Q39010:Q9FYC3,0.06646771728992462,0
Q9C564:Q9T0G1,0.004750484600663185,0
Q9SRM3:Q9FH16,0.037127673625946045,0
O23624:A0A1P8B502,0.03262029215693474,0
Q8GXG1:Q9FYE3,0.003694127080962062,0
F4JRF6:Q84JG5,0.0030440378468483686,0
Q8GYS0:F4J306,0.003630822990089655,0
Q9C690:Q8GW93,0.0012858641566708684,0
A0JQ78:Q9FGR2,0.0032923032995313406,0
Q8VYF7:F4KGE8,0.0024082399904727936,0
Q93V58:Q67XG0,0.015844572335481644,0
A0A1P8AP43:B3H5T1,0.0037498658057302237,0
Q9LND4:Q9FFU5,0.001823703059926629,0
F4JWB9:Q949V6,0.0013754101237282157,0
Q94AI6:P93293,0.0016047450480982661,0
Q58FY7:Q9ZUM0,0.0047491672448813915,0
A0MFS5:F4I8Q1,0.004333693068474531,0
F4JVM4:Q9LNF4,0.0020112518686801195,0
Q9SJZ3:F4JLQ2,0.0015825873706489801,0
A0A1I9LMB9:F4JJF6,0.0007566948770545423,0
Q9LD83:Q9LPC8,0.0009236008045263588,0
Q56XU4:Q9LUE5,0.0013095298781991005,0
Q9M591:F4JTE7,0.03564038500189781,0
O23006:F4IA60,0.0009448265773244202,0
Q9SN51:Q2V323,0.0006426223553717136,0
F4IDQ5:Q6DYC0,0.0024444789160043,0
Q940A2:Q9LMC0,0.0012765148421749473,0
A0A1I9LMS4:F4JR37,0.0018665738170966506,0
F4IIA9:F4I431,0.0007110905717127025,0
Q9LXK2:O80831,0.001286557293497026,0
Q9LXU6:Q9SVB7,0.0011967936297878623,0
Q9S9T8:A0A1P8ANC1,0.0028813753742724657,0
Q8GW42:Q9FXF4,0.0020993042271584272,0
F4J3S1:P0C8A0,0.004460159223526716,0
Q9T034:Q8W489,0.008570368401706219,0
F4I994:Q9LF68,0.0007902676588855684,0
Q9C8Q4:F4IBV1,0.0011622793972492218,0
Q9FJ67:Q9FLI7,0.0007114257896319032,0
F4I6H7:Q9ZVI2,0.0007160247769206762,0
Q9LV91:F4KBY0,0.012066347524523735,0
F4J139:Q9SZT0,0.02088308520615101,0
B3H4E1:F4HP86,0.0008077392703853548,0
Q9FIT2:Q3ECM9,0.0007041158969514072,0
Q9SII8:Q1EBV6,0.04258695989847183,0
B3H6G9:Q8W420,0.0038025088142603636,0
A0A1P8AXB7:Q9SKB3,0.0010145852575078607,0
Q8H0U3:A1L4Y4,0.0022096785251051188,0
D5K228:A0A1P8B415,0.0039032292552292347,0
Q9SKU6:Q3ECP9,0.0016423676861450076,0
F4JVF4:Q9SND3,0.0012735547497868538,0
P33077:Q8L760,0.0010901986388489604,0
A0A1P8BF70:Q9FYK0,0.0016886640805751085,0
Q9LVS0:A0A1P8B2J0,0.02901393175125122,0
Q0WR66:Q9M1N8,0.025690747424960136,0
A1L4V7:A0A178W4W9,0.0069905552081763744,0
Q2V3J1:P93287,0.0005899198586121202,0
Q8W4K2:B3H4L2,0.08496398478746414,0
Q8VYR0:Q6NLU2,0.029207900166511536,0
Q8L5Z0:Q08891,0.008154920302331448,0
Q8VZ73:A0A1P8AY68,0.0006628427072428167,0
A1L4Y1:Q9SFY8,0.0008881892426870763,0
Q9SJZ6:Q3EC43,0.0009103216580115259,0
Q700C7:Q9LJF6,0.0008287624805234373,0
F4INK3:A0A1P8B3B5,0.0037334279622882605,0
Q9C659:Q9LUB4,0.0006649262504652143,0
Q9XI36:Q9C690,0.06859105080366135,0
Q8LAW2:Q9M0Y6,0.004165906459093094,0
Q8GWP1:Q9FLQ0,0.001674001687206328,0
Q9LUA3:F4HWD5,0.003091641468927264,0
O65517:A0A1P8B1G7,0.005385312717407942,0
Q2HIV3:O22286,0.005870729684829712,0
Q9FMQ2:Q9FMC8,0.0031679109670221806,0
F4HYH6:Q9SHS2,0.020956654101610184,0
A0A1P8B3B5:Q9FN50,0.018828151747584343,0
B3H5K9:Q9SKY8,0.07698071748018265,0
F4JTE7:P22953,0.012733136303722858,0
Q9FIS4:Q8W3M6,0.002480678027495742,0
O82394:B4F7R9,0.009516701102256775,0
Q9SD25:Q0WVW7,0.001626092242076993,0
Q9SR09:Q9FKP0,0.009418651461601257,0
Q8GW83:Q8L8U9,0.000701043929439038,0
B3H4V9:Q9M9E2,0.0007788532529957592,0
O04643:Q9MAM1,0.006751313339918852,0
Q9M811:Q9ZUT5,0.004767904058098793,0
Q9SSM3:Q9ZUN8,0.005652625113725662,0
Q9M2D8:Q9LUP4,0.0014958456158638,0
Q8GY88:F4ID24,0.0010975584154948592,0
Q9XIK5:O82197,0.0017541584093123674,0
Q9SSM2:Q9ZU97,0.013540583662688732,0
Q67Z52:O04350,0.0149556128308177,0
Q9LST3:O23278,0.015721319243311882,0
Q8S8G6:Q9LUF3,0.007384209427982569,0
Q84RE5:Q9ZPR0,0.0017299149185419083,0
Q3E8G0:F4JZU2,0.0006001327419653535,0
Q9CAL1:Q8W494,0.0008331190911121666,0
B3H6U9:F4JDS7,0.0007049959967844188,0
Q8L7W2:O82261,0.010686665773391724,0
Q94K71:Q9LZ97,0.0019289447227492929,0
Q67Y99:Q9S745,0.002850334858521819,0
Q67YC0:F4JTD2,0.04232439026236534,0
Q9LXX5:Q9LFV5,0.0016945305978879333,0
F4IVN9:B3H635,0.0007591535686515272,0
Q9SZG2:F4HYB6,0.0006815941305831075,0
Q42381:Q0WUZ1,0.0022507573012262583,0
Q9LRJ4:Q9LK55,0.0010540116345509887,0
Q9FHD1:Q9CAA4,0.012012533843517303,0
Q9ZQR5:A0A1P8ASS6,0.0015619898913428187,0
Q9FG85:F4KII1,0.016228359192609787,0
Q84RJ7:P55217,0.0031885169446468353,0
A0A178UA35:Q9SV55,0.06325279921293259,0
Q9LHE5:Q9FN84,0.19831915199756622,0
Q9C763:P93024,0.002168688690289855,0
Q93XM6:Q9SN61,0.0022025713697075844,0
Q9LIQ9:O80961,0.005025787279009819,0
F4KG91:Q9FKH1,0.06926517188549042,0
Q9SVH3:F4I7E0,0.0011758068576455116,0
P94102:O65687,0.13439463078975677,0
Q8RWE7:Q94K71,0.004047048278152943,0
Q9SSP4:Q9FM69,0.001740771229378879,0
Q8LG56:O23647,0.006244075950235128,0
F4HWK0:Q9SKW7,0.09949203580617905,0
Q9SHV5:F4J631,0.0012811461929231882,0
Q9M9C8:F4I350,0.002023564651608467,0
Q9LXR9:A0A1P8AXU1,0.0007671753992326558,0
Q8LKS5:F4I7Y9,0.0032553018536418676,0
Q8LC79:Q9LE02,0.009104503318667412,0
O49687:Q9FGZ5,0.04730745777487755,0
A0A1I9LTJ3:Q8H103,0.002566815121099353,0
Q94A98:Q9LNU6,0.0009882524609565735,0
F4J131:Q9CAI2,0.0006426883628591895,0
A0A1P8ANS8:O50055,0.0008241523173637688,0
F4JAZ8:A0A1P8BG62,0.0011200751177966595,0
Q9ZUU7:Q8LFB8,0.01015090849250555,0
Q9FK86:A0A1P8AW76,0.0007538727368228137,0
Q8LE26:Q9C5U8,0.00479913828894496,0
Q6XAT2:Q9LTI1,0.0010416515870019794,0
Q9LYH4:F4K9Y3,0.00062048394465819,0
B9DFS6:Q9ZUB5,0.08605214953422546,0
Q9SK39:A0A1P8ANA9,0.00129205163102597,0
Q9LDF5:A8MQH9,0.001861030119471252,0
A0A1P8AN89:Q9FFE4,0.0007300684810616076,0
Q1PE70:Q9ZT17,0.0012129920069128275,0
F4KHE3:Q9SS48,0.0010531394509598613,0
O64733:Q6NPL8,0.0010273406514897943,0
Q8GX25:Q8LBJ0,0.001138963969424367,0
Q94FT2:Q9S9U2,0.0012418460100889206,0
Q3EC43:Q9M591,0.0010567508870735765,0
Q9FH21:A0A1P8BH47,0.0005920013645663857,0
Q9SLA6:A8MQP2,0.0011589674977585673,0
Q8LD28:P28148,0.4438643157482147,0
Q9SI63:Q94BN0,0.000683185295201838,0
Q9C555:Q9FLL3,0.002084957668557763,0
Q9FGM9:Q8VZT6,0.2505647838115692,0
Q9LZ86:A0A1P8AQP2,0.0026996557135134935,0
Q1G3X9:Q84MA1,0.010717730037868023,0
Q9M2E4:A0A1P8BAT6,0.0014662413159385324,0
A0A1P8B3M4:Q94F50,0.001745009096339345,0
Q9ZUM9:Q9LXB1,0.004185096826404333,0
A0A1I9LSZ8:Q9LV81,0.0009751560282893479,0
O65499:B3H4R3,0.005171200260519981,0
Q94ID2:Q9FZ19,0.049849800765514374,0
Q9C737:Q9FMV0,0.0017169903730973601,0
F4KEN8:Q8LCN1,0.0012759948149323463,0
Q570R7:F4JF14,0.011464771814644337,0
Q9LNF4:Q9SY00,0.0017713926499709487,0
F4HQX1:Q8L7W2,0.001639953232370317,0
Q8LBN4:Q9LXK2,0.0025641729589551687,0
P93293:Q94CJ5,0.0007630680920556188,0
Q9CAJ1:O22909,0.0020245590712875128,0
O23085:Q8L936,0.0009722954710014164,0
Q9FKZ6:A0MFS5,0.10970050096511841,0
Q9M367:Q9STP8,0.030444258823990822,0
Q9SI75:O80396,0.13784679770469666,0
Q9ZQC8:Q94AQ9,0.0007784568006172776,0
F4ICS6:F4ISC6,0.0007245393353514373,0
A0A1P8BER7:Q8H133,0.0008707639062777162,0
Q9SH17:A0A1P8BAW7,0.0016801342135295272,0
Q9SF37:A0A1P8B8Y5,0.0013910692650824785,0
B3H7G8:Q38824,0.00204836530610919,0
F4JLQ2:Q9FRL5,0.0011331121204420924,0
Q9SX26:O64820,0.002269002376124263,0
Q9LXB4:Q9FG44,0.00208147126249969,0
Q9SPL2:Q9LFG4,0.004546764772385359,0
F4HPD5:Q9FK15,0.0006718935910612345,0
Q9M073:Q8GYI0,0.0008286146330647171,0
F4IAF4:Q9LVD0,0.005546006839722395,0
Q63Z96:Q2V2S7,0.06513725966215134,0
Q8GY60:F4JP79,0.0009876273106783628,0
O49586:O49668,0.0012581183109432459,0
Q9SK69:Q9C9H0,0.0011168912751600146,0
Q9M0N1:Q04614,0.012216760776937008,0
F4KIL1:Q9LUK1,0.0024249691050499678,0
Q9LUA9:Q6NLQ4,0.0009026424377225339,0
O64820:A0A1P8BB94,0.0023941127583384514,0
O48704:Q9SY40,0.0014982952270656824,0
Q5HZ54:Q9CAR0,0.03031875565648079,0
Q9FMJ4:Q43309,0.07559450715780258,0
Q9ZV87:F4J328,0.0008669236558489501,0
Q9FJ55:Q9SLA6,0.06408621370792389,0
Q0WRX7:Q8RY37,0.0017145080491900444,0
Q9FYL8:Q8GWP1,0.005816714838147163,0
Q3EB24:O23337,0.0007252092473208904,0
Q9SZT0:D5K228,0.015565730631351471,0
Q5XVC1:A8MRE7,0.0006602784269489348,0
A0A384L1W6:O65655,0.0029105383437126875,0
A0A178VQ59:Q56XR0,0.0030711933504790068,0
Q9LVA2:Q9CAH4,0.006637607701122761,0
Q9M281:Q94EW8,0.0012365486472845078,0
F4IZ80:Q9M2C9,0.0031450677197426558,0
F4KI39:Q9LU28,0.0011700224131345749,0
F4J1T4:P82538,0.0016585950506851077,0
F4IT95:A0A1P8APD7,0.0013948864070698619,0
Q9LHL7:Q9XFB0,0.001330472412519157,0
F4IXX3:Q9FFJ3,0.0029871712904423475,0
Q9M349:Q8VZ65,0.02057165466248989,0
O04719:Q3EDG5,0.0009582496131770313,0
Q5XV31:Q9LMN5,0.0158927533775568,0
Q8GYT1:F4JGK7,0.008427727036178112,0
Q9FFS7:Q9LTV9,0.0018207080429419875,0
O81025:Q8GT78,0.003993264399468899,0
Q0IGK1:Q9SVG9,0.0013894009171053767,0
Q84TD6:Q9LSB2,0.030090510845184326,0
Q8L3Z8:Q8S8T8,0.0025822508614510298,0
Q9SU89:A0A2H1ZE93,0.0010556349297985435,0
Q3ECM9:Q9ZUZ2,0.002893806202337146,0
Q9SK32:Q9LYQ8,0.06289060413837433,0
Q38822:P56801,0.003719503525644541,0
Q0V7V2:F4JPQ4,0.0019330360228195786,0
Q9LNC4:F4J480,0.0024149795062839985,0
Q9LYQ9:P0DN97,0.0008430466987192631,0
B3H5D1:A0A1R7T3C3,0.0016480766935274005,0
A0A1P8BGG8:F4J921,0.0006426676409319043,0
Q9LYC9:B9DHA4,0.04786701872944832,0
Q93ZE3:F4HV48,0.0010530030122026801,0
Q84WV9:Q94KL5,0.0020003679674118757,0
Q9FGY9:F4IR54,0.0027500640135258436,0
A0A1I9LQ53:F4I9I5,0.000626151857431978,0
F4J412:F4JXP4,0.0006497559952549636,0
P93046:Q94CE4,0.0014244270278140903,0
A0A1I9LQA9:Q9LSN5,0.0007447910029441118,0
P29382:Q9C6B3,0.02616901695728302,0
Q8L705:Q9SG92,0.0031531222630292177,0
Q9LK55:P93046,0.0010807079961523414,0
Q9C6K4:Q4VP08,0.0008609043434262276,0
P0DN98:Q9LTC3,0.002463248325511813,0
Q8S9J2:P0CC32,0.012508888728916645,0
Q42545:Q9FFC9,0.0073731825686991215,0
O49653:Q9SD25,0.11151149123907089,0
Q33884:Q9FUY2,0.0010456953896209598,0
F4IYK3:Q9SJE2,0.04323672875761986,0
Q9FFR5:Q94JV0,0.011309904046356678,0
B3H784:Q8VY08,0.0014949567848816514,0
Q9LX31:Q9ZU32,0.011237802915275097,0
Q9SX99:Q9FHH5,0.0005793765303678811,0
B3H6F7:Q9LW63,0.00290130777284503,0
Q3S4A7:O22230,0.005625092890113592,0
Q9LSW0:F4K719,0.0017227480420842767,0
F4HYB6:Q9T0J4,0.0005937795503996313,0
A0A1P8ATC7:Q2V397,0.0006861873553134501,0
Q9SA07:B3H428,0.000956860079895705,0
Q9SJY3:Q9LT47,0.0032984446734189987,0
Q9LN63:F4J6A1,0.011461099609732628,0
Q94K88:Q9LQF0,0.008789626881480217,0
Q8RWT4:A0A1I9LNB6,0.0015921220183372498,0
Q9ZVM3:F4J1W7,0.0007980481022968888,0
Q9LSR5:Q9LT68,0.014044075272977352,0
F4JTD2:Q94C95,0.026310143992304802,0
F4J3N4:Q9SIC3,0.003628983860835433,0
P92534:Q96524,0.0017174090025946498,0
F4ITP6:Q9C7K7,0.0011252372059971094,0
Q8H1F8:P48002,0.010569696314632893,0
Q9M0D8:A0A1P8B3C2,0.0007089731516316533,0
Q9LJF5:Q9C7M2,0.005354179069399834,0
A8MRE7:Q9LN63,0.0006827557808719575,0
Q8W234:Q38957,0.0032420873176306486,0
O48529:Q8GY50,0.001118226326070726,0
Q9LSF1:Q9FX77,0.00984209030866623,0
Q945M9:Q9T0A3,0.0022313250228762627,0
F4K1B1:Q8L5Z0,0.0033730596769601107,0
A0A1P8AUR3:O82190,0.0053625027649104595,0
F4JT39:Q66GQ1,0.0007040633936412632,0
F4K064:Q8RWW8,0.004883864428848028,0
P94024:C0LGK4,0.007037238217890263,0
F4I0Z2:Q6NKS4,0.001051930128596723,0
F4J7P7:Q8GXG1,0.035122230648994446,0
Q3EDK6:O82320,0.0067623392678797245,0
Q8GT78:Q84JN2,0.0033241864293813705,0
Q9SPE5:Q9XIA6,0.023962629958987236,0
Q9SL91:P27900,0.018475016579031944,0
Q3ECF9:Q9C8Q1,0.0008964972803369164,0
Q9C8J7:O65684,0.0007805938948877156,0
Q9FI46:Q9XFH9,0.004427941981703043,0
F4IV34:Q9SB36,0.004842811264097691,0
C0LGL4:Q5S4W1,0.0017059221863746643,0
Q9SNA6:Q9SSP4,0.0008459510281682014,0
Q6NQM0:Q9SII8,0.06285402178764343,0
Q9FGP1:F4JVA4,0.0014769890112802386,0
P82643:A0A1P8AWK7,0.0006391334463842213,0
Q9LRQ0:Q6NPF8,0.001281916513107717,0
Q0WV78:Q93VB2,0.1925297975540161,0
A0A1P8AW47:Q9FGF1,0.007325947284698486,0
Q9FRI5:Q39237,0.005485613830387592,0
Q9ZUB5:Q8VWG7,0.011966091580688953,0
Q39253:Q9LY03,0.05146121606230736,0
Q9FXA1:Q9FHZ7,0.001766627887263894,0
C0LGN7:Q8S8P6,0.002319588093087077,0
Q3ED93:Q8GXF0,0.031405817717313766,0
Q9M0C5:Q9C7T2,0.0010440420592203736,0
P36428:Q9LF97,0.018954908475279808,0
Q5ICL9:Q42545,0.005702016409486532,0
Q9LZE0:Q8GW42,0.0015227094991132617,0
A0A1P8BAW7:Q0WRX7,0.0011596757685765624,0
Q0WQN9:A0A1P8BF78,0.0021697923075407743,0
F4KHM4:Q8W4C3,0.008474008180201054,0
Q9FX44:Q9C924,0.0008200426818802953,0
Q9FMS0:Q9SRD8,0.0013609838206321,0
Q9ZQ85:Q9FE54,0.0013322447193786502,0
Q9S7M2:Q67YC0,0.0018052039667963982,0
F4JDS7:Q9SY75,0.0010188001906499267,0
Q0WQ41:F4JFY6,0.0007002624915912747,0
P93005:Q941I2,0.0019147038692608476,0
Q9XF04:Q39010,0.01610851101577282,0
A0A1I9LNG9:Q0WVK7,0.000737221329472959,0
Q8LPI7:A0A1P8B280,0.025440338999032974,0
O22287:B3H5K9,0.07137719541788101,0
Q8LGI3:Q9LRN8,0.09641499817371368,0
P11574:Q9LY96,0.009319411590695381,0
Q9FHT6:Q8VZR0,0.0023264659103006124,0
A0A1P8B8Y5:A0A1P8B449,0.0007167525473050773,0
Q8L6Y1:Q9SRX7,0.02992895618081093,0
Q8LAA0:Q9T070,0.0013291750801727176,0
A0A1P8B144:Q9LXX5,0.0014042695984244347,0
A0A1I9LLX4:Q9SU89,0.0026479256339371204,0
Q8GW17:Q3E9I4,0.001399013097397983,0
Q8VYI5:Q9LZI1,0.0122856879606843,0
Q8VYZ1:F4K627,0.0018845997983589768,0
Q9C683:Q949S2,0.0006608650437556207,0
Q9M3F7:B3DNP3,0.0024271851871162653,0
F4ID96:A0A178WK49,0.0009763534180819988,0
F4JQS2:Q8S8Q0,0.0006050535594113171,0
A0A1I9LPE3:Q9C749,0.00805568601936102,0
P61843:F4I9X5,0.00531928613781929,0
Q9SGI7:P93836,0.0012917909771203995,0
Q9LW77:Q8H1F6,0.028532302007079124,0
Q56YG0:Q9LUC1,0.0038837366737425327,0
Q9C7V3:Q67ZB6,0.011490695178508759,0
F4JRP8:Q8GY89,0.0031755201052874327,0
P0C899:O48963,0.013650116510689259,0
Q1G3V9:Q6NLU6,0.0008732196292839944,0
Q9C8Q1:Q9SB92,0.0008265409851446748,0
Q9M2K8:Q93VJ4,0.05009479075670242,0
Q8GYT4:O49586,0.0018584395293146372,0
Q9LXK5:Q8GXW1,0.001251773675903678,0
F4JYW4:Q9FDW0,0.0006953416741453111,0
O49383:O80920,0.001023996970616281,0
Q9FI02:Q1G3Q5,0.0006247035344131291,0
Q9FMN2:Q9SZN1,0.020847434177994728,0
Q94A68:Q2V4I9,0.0008244301425293088,0
Q8GZ81:Q1G3L5,0.001010250998660922,0
F4HSA3:Q0WP36,0.0010807554936036468,0
A0A1P8BB88:O22877,0.006156064569950104,0
Q9SJG5:Q8H1F8,0.0007981943781487644,0
Q1G390:P93732,0.033875174820423126,0
Q681K7:Q8VZ95,0.17673876881599426,0
Q9LZA6:Q1G390,0.01329793967306614,0
Q2V483:Q9FKQ9,0.00540997413918376,0
B3H572:P41151,0.08267571777105331,0
A0A1I9LTC6:Q9ASV6,0.0027773231267929077,0
F4KCU5:Q9FUR2,0.008735555224120617,0
O65687:Q8GYP4,0.002956098411232233,0
Q9SVW0:F4I5Q5,0.0020817851182073355,0
Q1G3L5:Q9LP03,0.00152465736027807,0
Q9SKT1:Q3ECR5,0.007036979775875807,0
A0A1P8BB94:Q9XI27,0.0022170802112668753,0
Q9MA50:Q9FGD6,0.0025242732372134924,0
Q2V4A4:F4HPB7,0.0007105711265467107,0
Q9S7P4:Q0V7S5,0.0008295182487927377,0
Q5XUX8:Q9LI85,0.0007693805964663625,0
Q9SUX0:Q8VZ73,0.0006999261677265167,0
Q9SQN9:Q8RXH2,0.000846675771754235,0
Q9SYA7:O64645,0.001885905279777944,0
Q9FNZ5:Q0V7S1,0.1412384957075119,0
F4KHR6:F4JG50,0.026021629571914673,0
B9DHT4:F4IJF2,0.0007460392080247402,0
Q9LR67:Q0WQA4,0.009214652702212334,0
Q7XA63:Q9S7H5,0.011293482035398483,0
Q8LCH5:Q4PT11,0.001715447986498475,0
O23247:Q9FF54,0.0007216950180009007,0
Q9C9R6:Q9ZR13,0.009994148276746273,0
F4JDR1:Q9CAW3,0.0008182671735994518,0
Q940F4:O23624,0.0009292397880926728,0
Q9LV21:Q2V3C1,0.0034467801451683044,0
Q1PDF2:Q9ZUE1,0.0010981583036482334,0
Q9LYD3:P29382,0.20564842224121094,0
P82778:Q9LHE5,0.001985236769542098,0
P92550:Q9SMR5,0.0008067658054642379,0
O80961:Q39024,0.12097940593957901,0
Q93WB2:F4HVJ3,0.001268313848413527,0
Q7XJJ7:Q9FMQ2,0.002737686038017273,0
Q9FH00:B3H5U2,0.001562059740535915,0
A0A178W7H0:Q9FHS0,0.002198979025706649,0
Q9M338:Q84VG7,0.010735838674008846,0
Q5BPG8:O80535,0.0016101006185635924,0
F4IX33:A0A1I9LN10,0.0016561659285798669,0
Q5HZ00:Q8RXE7,0.00886584259569645,0
Q9LEZ1:Q8H7F6,0.0013134682085365057,0
Q9SQY8:O81788,0.09832922369241714,0
Q84VQ1:F4HRI2,0.0022271950729191303,0
Q4V399:Q9C702,0.002683924278244376,0
Q9LXJ0:Q8H0U5,0.07480358332395554,0
Q8L4S3:F4KHR6,0.009824544191360474,0
Q8GW13:O23369,0.0017782135400921106,0
Q8RX60:Q0WT24,0.0011076264781877398,0
Q9FME3:Q94K97,0.0017077215015888214,0
A0A1P8AQ67:Q9LQ28,0.0018226004904136062,0
Q8RWY1:Q9LX56,0.01659080944955349,0
Q9LPD9:Q9FGT1,0.5268806219100952,0
Q9ZVI2:Q93YU6,0.00305441883392632,0
F4INA9:Q94AB5,0.004058338701725006,0
Q9SV72:Q9SJN2,0.000923400279134512,0
Q9FMY4:Q9LUJ5,0.000948102620895952,0
Q9FE25:B3H617,0.0014992397045716643,0
Q6NMC1:O22683,0.006684566382318735,0
P41151:Q7XJK8,0.15909221768379211,0
Q9T055:F4IST2,0.0006211531581357121,0
Q38898:Q9FX44,0.0008323752554133534,0
Q9SK53:Q8VYC9,0.003866849932819605,0
Q9CA93:B9DHT4,0.0014482098631560802,0
Q8GZ85:O49730,0.004805224481970072,0
Q84JP1:Q9C5W0,0.0015776854706928134,0
Q9SGS1:Q9SSS6,0.001671571284532547,0
Q501D5:Q9LXU0,0.0009520964813418686,0
Q9S9U2:A0A1P8AUR3,0.0014186587650328875,0
A0A1P8BH47:A0A1P8AQT9,0.0008085675654001534,0
Q9SCK4:Q1G3U1,0.000627273868303746,0
A0A1I9LQW3:Q5Q0D0,0.0007508845301344991,0
O65382:Q39227,0.0012468489585444331,0
Q9MAI8:Q9LNC4,0.0027656021993607283,0
F4JJF6:F4J8U4,0.0005889894673600793,0
Q2V4B2:Q8GYM2,0.02092519961297512,0
Q93YN4:A0A1P8BCA0,0.002974968170747161,0
Q9SUM3:Q7XA71,0.006191328167915344,0
A0A1P8BHB4:F4J865,0.0008763144141994417,0
Q9FZF2:A0A1P8AZP7,0.006360022816807032,0
O22264:Q9FJA3,0.0018045727629214525,0
Q9M9C5:Q9S9V1,0.006488514598459005,0
F4J687:F4K6Z5,0.0014602342853322625,0
A0A1P8AQU8:Q9LJ72,0.0011453445767983794,0
Q9M876:Q9ZQR5,0.0018113180994987488,0
Q3MV14:Q9M0X0,0.012122759595513344,0
Q96253:Q689D6,0.029361609369516373,0
Q08891:F4I3G0,0.0009745883871801198,0
Q9XIH1:Q9S750,0.003248193534091115,0
Q8L7R2:Q1PEU3,0.00254061259329319,0
A0A1P8B4K5:Q4VNZ6,0.0007881037890911102,0
F4K8J4:F4HU58,0.002176911337301135,0
A0A1P8AUK9:F4HWT6,0.0008406856213696301,0
A0A1P8BBB8:Q1G3B1,0.000679169490467757,0
Q9FI66:Q84JV6,0.0017314611468464136,0
Q9SNB8:F4JA50,0.041098546236753464,0
Q9M565:Q9C803,0.0008023165282793343,0
F4IRZ1:Q9FVW6,0.001586913364008069,0
C0LGM1:Q9CA92,0.0012557923328131437,0
Q9SD80:Q9LK89,0.037281107157468796,0
Q7XBQ8:Q0WVZ7,0.002059217309579253,0
Q9LTJ3:Q9SSD6,0.010730025358498096,0
Q9SZ58:Q0WVU0,0.0023290482349693775,0
Q9FGV1:B3H6X1,0.0008766814135015011,0
A2RVJ6:Q9ZUE9,0.0006654084427282214,0
Q9ZR13:P0CAY4,0.0007734933751635253,0
B6EUC0:Q9XI36,0.02268923632800579,0
Q66GJ0:Q84WL4,0.0014138780534267426,0
Q9M9H4:F4I7Y6,0.0040724012069404125,0
A6QR85:Q9LYC9,0.012648656964302063,0
Q9LZP9:Q8W4F3,0.1750996857881546,0
Q8RWC9:Q9CA73,0.0545230507850647,0
Q9SJ29:F4JRF6,0.0014938011299818754,0
Q9SVH8:Q9FIR9,0.0006587579846382141,0
Q9SYB1:Q8GX93,0.0015853996155783534,0
Q9FL63:C0LGW2,0.13410593569278717,0
Q9CAA8:Q2V346,0.0006597156752832234,0
Q9LU43:O82812,0.001253837370313704,0
A0A1P8AZA9:Q9FF13,0.05244733765721321,0
Q9FUA4:P35632,0.09649895131587982,0
Q8VXY9:F4INA9,0.001219961210153997,0
Q52K84:Q0WR66,0.0008206613711081445,0
O64698:Q8GY72,0.0016565583646297455,0
Q9CAP2:Q39214,0.0019535503815859556,0
O04027:Q8W481,0.009356754831969738,0
A0A1P8BGC5:Q9FXA3,0.000752012652810663,0
P0CB19:Q9FM64,0.001813494018279016,0
B3H5T1:Q8RX60,0.0012560455361381173,0
Q9FG51:Q3C1C7,0.0007154954946599901,0
F4IGH3:Q9LI86,0.0008116952376440167,0
F4HPM6:B3H555,0.0021944884210824966,0
A0A1P8AXR7:Q8LFK2,0.0009696249035187066,0
O22230:Q6NNH0,0.006261663977056742,0
Q9FGW7:Q9ZSJ6,0.00166614749468863,0
A0A1P8AZP7:Q5YDB6,0.0033244311343878508,0
F4J4N3:O49397,0.008686312474310398,0
A0A1P8AYX9:Q8GXE9,0.0007911316934041679,0
F4JYE8:Q9SR00,0.0010112955933436751,0
Q7PC79:P27202,0.015612832270562649,0
Q9C9C0:Q0WPR6,0.0039047449827194214,0
Q9FWZ3:Q8L7A9,0.016110306605696678,0
Q8LGS1:Q93ZV7,0.003186559770256281,0
Q8L7A9:Q1G3B3,0.003725942224264145,0
Q9SJI7:F4I5A5,0.039687737822532654,0
Q9M274:Q9XI76,0.0048040407709777355,0
Q9LQZ5:B3H6G9,0.0028361647855490446,0
A0A1I9LT75:F4J131,0.0007730982033535838,0
Q9SIC3:Q7X659,0.020739594474434853,0
Q9FHS0:A1L4V7,0.006548208184540272,0
Q9FHB5:Q9S763,0.0851007029414177,0
Q9ZW36:O04204,0.45381471514701843,0
Q9SYK0:Q9SGT0,0.0008814711472950876,0
Q8GYP4:F4HQ84,0.021179618313908577,0
Q9SKW7:Q9SVW3,0.005237039644271135,0
Q84JV6:B3H6P5,0.009941809810698032,0
Q9C7K7:O48915,0.0013822367182001472,0
Q9ZPV4:Q2V3H0,0.0023653078824281693,0
O23647:O82503,0.005302228964865208,0
Q9C8D1:Q9FK47,0.0039282082580029964,0
P82538:Q9LZE0,0.006835553795099258,0
F4HSB6:Q9LT31,0.0016137683996930718,0
Q1PF16:Q8GW83,0.0005867961444891989,0
P46600:Q2V4B2,0.002473764354363084,0
Q9ZWS9:F4KI29,0.009408753365278244,0
Q1G3V0:F4K383,0.0009456708212383091,0
Q9M0V4:A0A1P8AXI7,0.0030416001100093126,0
O22182:P93300,0.0006803864380344748,0
Q9SY74:Q6NQA0,0.0076484414748847485,0
Q9LTE4:Q9FZ92,0.014860615134239197,0
A8MQW1:Q96261,0.007885958068072796,0
Q9LPN6:Q9FXA1,0.0057923817075788975,0
P40228:A0A1P8B9B9,0.0063948193565011024,0
F4KE50:F4HTE0,0.0016296859830617905,0
A0A178WK49:O80337,0.0034501496702432632,0
F4JYN2:Q9M9A8,0.003689385252073407,0
A0A1P8AVN5:Q8W4C1,0.004005777649581432,0
Q8VY16:Q9STT1,0.0012526287464424968,0
Q8L493:Q9XFR5,0.007575957570225,0
Q9FDW0:Q9ZQ85,0.1247594878077507,0
Q9AT60:O22951,0.0016905757365748286,0
F4IFM3:Q9FW50,0.0016523782396689057,0
Q8VYN3:Q9C741,0.0019120294600725174,0
Q96329:Q8VZS2,0.0007641903939656913,0
Q9S7H1:Q5PP39,0.06359829008579254,0
Q9SKI5:Q9LS90,0.0031366273760795593,0
F4JX46:Q9AT60,0.001800745027139783,0
Q8RW90:Q9ZPV4,0.0019955781754106283,0
P92958:Q93YV6,0.5068562626838684,0
A0A1P8AW49:F4HZB9,0.0006683901883661747,0
Q9FN05:Q93YN4,0.025081027299165726,0
F4HT43:A0A1P8BF61,0.001416573184542358,0
Q29PZ2:Q682U6,0.0038290955126285553,0
Q2L6T1:Q9SFF7,0.0026702070608735085,0
B0F9L4:Q9LZC3,0.009471917524933815,0
Q9STK5:F4HP85,0.004582719411700964,0
Q9CAJ0:A0A1I9LNA0,0.0008643112378194928,0
Q9FJ10:Q9S732,0.0016282141441479325,0
Q9XFD1:Q9SFV3,0.08684927225112915,0
Q9LUP4:Q38832,0.0031945921946316957,0
Q944K3:Q8VZ40,0.006136320065706968,0
Q9LX28:A7XGN8,0.007180921733379364,0
Q9SVG9:O04202,0.03674747049808502,0
F4JZZ1:Q9LYB9,0.13975165784358978,0
Q9STS7:Q9STS7,0.9881122708320618,0
F4I4X9:A0A1P8B735,0.0005947189638391137,0
F4ICB5:Q6DST9,0.0020729470998048782,0
Q8L7F9:Q6DBN3,0.0007461009663529694,0
Q9SSS0:Q6DYE4,0.001457073143683374,0
Q8RYE9:A0JQ00,0.0013594989432021976,0
Q2V397:Q940F4,0.0006671826704405248,0
Q9M8M1:Q9CA36,0.0007950928993523121,0
Q1H5D2:Q9LM46,0.0030252584256231785,0
Q940K6:Q9LM24,0.0008490571635775268,0
Q9S6Z9:Q9LFM4,0.0012376058148220181,0
F4HPB7:Q8L5W8,0.0026771151460707188,0
Q9FGF1:Q9FXD3,0.00148292095400393,0
O82190:Q9MAI8,0.0029160850681364536,0
Q9T0B9:A0A1P8B6C7,0.0012637062463909388,0
Q9S9X7:Q9SVX5,0.011141309514641762,0
F4JBG1:A0A1P8BDN2,0.0013040901394560933,0
Q1PF74:F4K6C3,0.002819111105054617,0
Q9LNU6:Q9C584,0.004734122660011053,0
F4K4M9:Q9C6C7,0.003586764680221677,0
A0A1P8B4S5:Q9M9U2,0.0032699652947485447,0
Q9CA54:A0A1I9LLE1,0.0016672647325322032,0
F4JU69:F4ITP1,0.0034600149374455214,0
Q9ZQQ9:A0A1P8BBR5,0.03869112953543663,0
Q9FH86:Q39147,0.000883900560438633,0
O81051:Q8L7F9,0.001261941040866077,0
F4KDK1:Q9LXQ5,0.0008201571181416512,0
Q3EC23:Q9SJC5,0.0007406800286844373,0
Q93VT9:Q949R9,0.0021177546586841345,0
Q8LPR5:Q1PDW1,0.0019208783050999045,0
Q9FM80:F4JQS2,0.0020364576485008,0
Q8W497:A0A1R7T3B3,0.0012175184674561024,0
Q93VJ4:Q681K7,0.0009648447739891708,0
O65924:Q9C878,0.003932743798941374,0
Q7Y220:F4K8J4,0.0011568571208044887,0
Q93YN6:A0A1P8ANL4,0.0007846890366636217,0
Q6AWW0:Q7X6Y7,0.008630350232124329,0
A0A1I9LQL9:Q9CAN3,0.0010267820907756686,0
Q9SHQ5:A2RVQ5,0.004039281513541937,0
P0CG07:P92526,0.0010704880114644766,0
F4JBC7:F4I9E1,0.000771843537222594,0
A8MQL5:Q9FKM4,0.0010349274380132556,0
O80337:P49177,0.014833374880254269,0
Q39147:O81472,0.007828827947378159,0
Q84JF7:Q3EC19,0.002487578196451068,0
F4JXW9:O23177,0.0023216698318719864,0
Q84J91:F4KDY1,0.0013917710166424513,0
Q9FGW6:Q9LT23,0.003034310881048441,0
O49627:P56774,0.04022904112935066,0
Q9LY49:O48704,0.02065546065568924,0
B3H641:O23088,0.001867998973466456,0
F4I3E6:Q9LXJ3,0.0019642170518636703,0
F4HS78:Q9LSB8,0.015523478388786316,0
Q9ZQP1:Q8H1R4,0.003586412174627185,0
Q6NLU6:Q9SVZ0,0.0010080797364935279,0
Q9SIE1:O64866,0.002545705996453762,0
Q9FMZ4:Q84JP1,0.024495592340826988,0
F4IMA4:A0A1P8AQV4,0.0005680613103322685,0
Q9FKN0:P0C7Q8,0.0013226558221504092,0
Q9FXD3:Q9SIM1,0.007890546694397926,0
Q0WWE3:C0LGM1,0.01928071305155754,0
A4VCL9:O81001,0.0008125467575155199,0
F4JEQ6:Q9SVQ3,0.00164957030210644,0
Q9S7U7:A0A1P8B4K5,0.024813612923026085,0
F4JG50:Q9FGP8,0.012359744869172573,0
F4IUX9:Q9LNI3,0.001738075166940689,0
Q9FM77:Q9LZ86,0.0021547607611864805,0
Q9CA27:Q84MC1,0.0028721389826387167,0
Q9SKH1:Q9S9X7,0.0007199558313004673,0
Q39024:Q8L7H8,0.00902444776147604,0
Q9SY40:F4JW44,0.128190815448761,0
Q8LG89:Q9STG3,0.0009296538191847503,0
Q9SGS2:Q5E911,0.0030284083914011717,0
Q9FKQ9:Q0WQN9,0.044300664216279984,0
F4KBG4:Q9LXW1,0.005555261392146349,0
Q9LDE2:Q9FJK3,0.30903908610343933,0
Q9FE67:Q9FI44,0.004083131439983845,0
F4I8W7:Q56Y42,0.0028269642498344183,0
F4JCI4:Q9FMP0,0.002740556374192238,0
F4IFT7:Q9S9T4,0.0008964566513895988,0
Q9LHH3:F4I458,0.001752982148900628,0
Q9FRR1:Q8RWE1,0.007566608022898436,0
Q9C7F0:P56782,0.0011753210565075278,0
Q1JPP8:Q9ST43,0.0024173918645828962,0
Q9LM48:O81025,0.0013656028313562274,0
P48002:Q9C7E7,0.01361323893070221,0
Q67Y04:B3H7H8,0.0009321633842773736,0
P20649:Q8GW63,0.0022772939410060644,0
Q9C778:Q5PNU3,0.1857733577489853,0
Q94AH2:F4HVS6,0.009920245036482811,0
Q9LF27:Q94B35,0.2124652862548828,0
Q93ZV7:Q9C892,0.009153898805379868,0
F4I7E0:Q8LCH5,0.009767064824700356,0
Q0WVN5:Q8RW90,0.010544891469180584,0
A0JQ16:Q9LYD3,0.0009644491947256029,0
P92554:Q38937,0.0021562494803220034,0
A0A1I9LTE5:Q0IGK1,0.0020661538001149893,0
Q9FFG5:Q5XV54,0.003737275255843997,0
Q9SW23:Q9LF88,0.03889170661568642,0
Q9FMZ3:F4HRC0,0.0010751307709142566,0
Q9LSZ5:Q6ID72,0.0009775778744369745,0
Q9SKB2:Q9STX2,0.003590410342440009,0
Q38937:Q8RUC6,0.501112163066864,0
Q9M2R3:Q8L940,0.0013245724840089679,0
O64479:Q39103,0.01915179006755352,0
Q8VZE4:Q9ZNV9,0.009397446177899837,0
Q94K91:Q9SCU7,0.001190955750644207,0
Q9SJA6:O80438,0.03207790479063988,0
Q9M2H7:Q9CA54,0.010804371908307076,0
Q8VZN1:Q9SLH0,0.0019155398476868868,0
Q9SW40:Q94CC1,0.0024570096284151077,0
Q8H1S7:P57681,0.0006585449445992708,0
Q9FKA9:F4KBU9,0.0011572240618988872,0
Q9LS71:Q8S8I9,0.0008453751215711236,0
Q56WD9:Q8W2F3,0.0026475628837943077,0
A0A1P8BGI7:Q9LX93,0.001253963215276599,0
P92556:B3H4E0,0.0005972686922177672,0
A0A1P8B4M2:Q9FI09,0.0007037012255750597,0
F4JWQ4:Q9FGB0,0.041107404977083206,0
Q9FN15:Q8L4M6,0.0011547737522050738,0
Q9LTH4:Q8RXG5,0.001739328377880156,0
Q3EDD5:Q9XIN3,0.0012480467557907104,0
Q9LZ97:P46014,0.024629466235637665,0
F4I562:Q9FV53,0.03227635473012924,0
Q9FZH6:F4JM51,0.0011280998587608337,0
Q0V845:Q9FHY7,0.0008547418983653188,0
Q8VYV7:Q8W109,0.004462591838091612,0
F4HZH7:Q8GW13,0.0010827293153852224,0
Q9SJN2:F4IQS9,0.06237136200070381,0
P62090:Q9SK33,0.008027680218219757,0
Q9STE8:Q9FRR1,0.22672753036022186,0
Q9ZWA2:Q9FEN9,0.09139928966760635,0
Q9ZSJ6:F4JGI3,0.0007749065989628434,0
Q9LVP2:Q6NLR2,0.002204948803409934,0
Q84WK0:Q08AA8,0.0033727518748492002,0
Q9M0X8:Q9C6Z4,0.002089159330353141,0
Q9SF89:Q9C7V3,0.02856845036149025,0
Q2UVJ5:Q9LUA9,0.000805873132776469,0
Q8GYD9:Q8S8M2,0.0009677446796558797,0
Q9LXV9:F4IXJ7,0.003808518871665001,0
Q9SYK1:Q9LSJ1,0.002241237787529826,0
Q1G401:A0A1I9LMV6,0.0007870870758779347,0
A0A1I9LLT6:Q9FGV1,0.0020185511093586683,0
F4I499:Q3E9D5,0.0026694617699831724,0
F4IIL3:A0A1I9LSP4,0.0008363620727322996,0
Q6DR69:Q9LSZ4,0.001488761859945953,0
Q9SM23:Q9LDD5,0.002573719946667552,0
F4JXC7:Q9FNA3,0.0008088991162367165,0
Q9M9H3:B3H6F7,0.011639930307865143,0
Q8RW95:Q9M026,0.0028055578004568815,0
Q9M026:Q9LDF5,0.002060628728941083,0
Q8GWY0:Q9C995,0.0054180133156478405,0
Q8GUT5:Q9SV72,0.0007494316669180989,0
Q9FGW2:Q9FV71,0.0018899582792073488,0
Q9FJ32:Q9LTX1,0.0024770619347691536,0
Q9ZVK9:Q3E918,0.0006212711450643837,0
Q56YJ7:Q9M012,0.0013836435973644257,0
F4IEB6:Q8GYJ3,0.01823839172720909,0
A8MR93:Q5XEN5,0.0011052602203562856,0
Q8GWP4:B3H6K1,0.0033886581659317017,0
Q9LXV1:Q9SV88,0.0023692180402576923,0
Q8H0Z9:Q39021,0.28415536880493164,0
P27202:Q9FHY1,0.0019506302196532488,0
Q8RWC8:Q42440,0.0012706173583865166,0
Q9FYL5:Q84JV2,0.0015835156664252281,0
F4J5F9:Q9LKI5,0.0023351649288088083,0
Q2V4J2:A0A1P8AR64,0.0020140837877988815,0
Q3ECR5:Q7XHI9,0.012898126617074013,0
Q8W4C3:Q9S7H1,0.005270469933748245,0
Q9LQT8:A0A1P8B760,0.0022335126996040344,0
Q9SL70:Q93Y08,0.01642751134932041,0
Q9LJ51:A0A1P8B801,0.0008360648644156754,0
Q8VYC9:Q56YT7,0.00294457352720201,0
Q9LEZ3:Q4F883,0.0017030201852321625,0
F4IG46:Q5XVC1,0.007104172836989164,0
Q9C507:Q9FK30,0.003903065575286746,0
Q9FM69:A0A1P8BCC2,0.005418445449322462,0
Q2V328:Q8LBA6,0.0008151591173373163,0
Q9LUE5:Q8GY11,0.001187652233056724,0
F4KGE8:Q3E960,0.01870865188539028,0
Q9FFF1:A0A178UXI0,0.1249656081199646,0
P0CAY4:Q8GYL4,0.0006161606288515031,0
A0A1I9LQG9:Q8H112,0.0013508922420442104,0
A8MQH8:Q9LFD5,0.047063782811164856,0
A0A1P8AM75:Q9FNB9,0.0019208036828786135,0
Q8L7H8:Q9STV4,0.0017636906122788787,0
Q941B2:Q9LVE9,0.0006667235284112394,0
A0A1P8ANB8:Q93YQ0,0.05375009402632713,0
Q9SJJ0:Q84K72,0.002221547532826662,0
Q9LUK1:F4JBC7,0.022003566846251488,0
Q9LFG4:Q9SZ58,0.002300713676959276,0
Q8GXW1:Q5BPP4,0.03502115234732628,0
Q5YDB6:Q9LW84,0.021103674545884132,0
Q5BPF3:Q9FHN2,0.0009570010006427765,0
Q08AA8:Q9CAE4,0.001544557511806488,0
B9DGD6:O23006,0.0011232465039938688,0
Q38824:Q9S7U7,0.005863404367119074,0
F4KEP6:Q9ZVF4,0.007128906901925802,0
Q9LF88:Q6E2A4,0.014258994720876217,0
Q8GX93:A0A1I9LLX4,0.0008533442742191255,0
Q9SKH2:Q9ZNT7,0.02690376713871956,0
Q9LMH6:P36428,0.01287833321839571,0
Q8GY11:A0A1P8ATQ1,0.000746445672120899,0
P92562:Q9FY46,0.001724863424897194,0
Q9LJX2:F4K6A1,0.0005827719578519464,0
Q9C9A0:Q9FJN6,0.00513434549793601,0
Q9FH16:Q8GXP1,0.07210957258939743,0
Q8L604:Q3E6S9,0.006249083671718836,0
Q8VYP8:Q9S7I4,0.0028104453813284636,0
Q8GY06:Q5XET4,0.02032451331615448,0
Q9FI84:Q9C8Z9,0.0011489789467304945,0
Q94K21:Q9LSF1,0.0008716342854313552,0
Q9LW53:Q8W1X2,0.0016386028146371245,0
Q8LG05:Q9LST3,0.14565567672252655,0
Q8L925:Q9C717,0.00376061606220901,0
Q93V43:Q8RXU6,0.007180468644946814,0
Q3E9N1:A0A1P8AXR7,0.000725131540093571,0
Q93VH1:Q39023,0.022402403876185417,0
Q9FJ82:Q9LYM3,0.0010265668388456106,0
A0A1P8ASS6:F4IG46,0.01336437463760376,0
Q9C7J3:Q9LV52,0.00422333599999547,0
Q9LX56:O80943,0.0017888086149469018,0
Q9LF24:Q9SU72,0.0014563968870788813,0
F4HWA5:A0A1P8B3I7,0.0025407590437680483,0
A0A1P8BB23:F4HR02,0.0026039909571409225,0
O64855:Q8GXT3,0.003354245563969016,0
Q9FNP4:Q8L925,0.021118013188242912,0
Q5XV94:O82162,0.0012016072869300842,0
Q9FI09:F4KGT2,0.0013450876576825976,0
Q8RY65:P17839,0.0103834867477417,0
Q29Q18:O65691,0.0009473005193285644,0
Q8L936:F4IQY1,0.0018522683531045914,0
Q0WVU7:Q9SVW0,0.0016337365377694368,0
F4IB51:Q39261,0.00212264945730567,0
Q9SVW3:Q42377,0.0035703883040696383,0
A0A1I9LT28:A0A384L363,0.0013865521177649498,0
Q9LZ47:Q42381,0.004530371632426977,0
Q2V2W8:Q8L8L9,0.0009156982414424419,0
Q9FFI9:Q9SLJ2,0.01934274099767208,0
Q9FG81:Q8W234,0.0014165854081511497,0
Q9M995:Q84RK2,0.006284141447395086,0
Q8LBW4:A0A178VBJ0,0.0037892707623541355,0
A0A1P8B280:P56798,0.06172934174537659,0
A0A1I9LT67:O22433,0.0009555129217915237,0
F4J480:Q8GY84,0.013677434995770454,0
F4IUT4:F4HYH6,0.004297996871173382,0
Q3EDB7:Q9M0V4,0.0014661429449915886,0
Q93Y22:F4K5P6,0.2679525911808014,0
B3H5E6:Q9LYB8,0.0007179416134022176,0
Q9FIV5:Q8RWC9,0.006149763707071543,0
F4J1U2:Q9SVH8,0.0006238822243176401,0
F4JK43:Q0WSU0,0.0009214097517542541,0
Q9MAI5:O22264,0.018920820206403732,0
P93836:Q9FYF9,0.0013233451172709465,0
F4JEV5:O23051,0.0012759248493239284,0
Q0WR94:A0A178UG69,0.0008577272528782487,0
Q8LBZ4:Q9FFG5,0.011696327477693558,0
Q9LSW4:Q9FIX3,0.001833277172408998,0
O22244:F4JYW4,0.0006503439508378506,0
Q9LZP4:F4IJR9,0.0007839213940314949,0
Q9LK79:Q1PEE4,0.001993429148569703,0
Q9SG92:Q9SJ29,0.0018985068891197443,0
Q9SZN7:Q9C763,0.0009948315564543009,0
Q9SV88:Q5BPV4,0.0015565109206363559,0
Q9FJ08:Q9LVS0,0.0006999241886660457,0
F4J328:P0DN93,0.0010385435307398438,0
F4K4U5:A0A1P8B2C8,0.007578326854854822,0
Q94AX3:Q9LP37,0.0012472121743485332,0
Q8W4F3:Q949M9,0.2740475833415985,0
Q38893:Q6DUW7,0.0018623097566887736,0
F4KCL7:Q9C788,0.011099512688815594,0
Q1G3U5:Q9FYF8,0.015582737512886524,0
Q9M9U2:Q9LZE2,0.04410424083471298,0
O65628:Q84TD6,0.008456616662442684,0
Q6IWB2:Q9M349,0.000769312959164381,0
Q66GP9:Q9FMZ3,0.0011020175879821181,0
Q9SFF7:Q9SJQ4,0.004069590475410223,0
Q9LN10:O64399,0.004291252698749304,0
Q9C5J8:Q3ECQ1,0.0007204028661362827,0
O64565:Q9M073,0.0009315225179307163,0
Q9LV27:Q9SUD8,0.2539372742176056,0
Q9SJV6:F4K1B1,0.002314597135409713,0
Q9LQ28:Q9LPE9,0.0011357454350218177,0
Q9FFL3:Q5HZ48,0.0011507984017953277,0
Q8VY26:Q9LF66,0.0012406284222379327,0
Q8LF20:A0A1P8B188,0.008300754241645336,0
Q9LZ82:Q8GYQ5,0.4316645562648773,0
F4I3C6:Q8LCN5,0.01027972623705864,0
Q9LS60:Q9SUM3,0.004662748426198959,0
Q3EBM5:F4KI39,0.0010480969212949276,0
Q9T0K3:Q9CAL3,0.0024527476634830236,0
O80345:A0A1P8AP43,0.11370285600423813,0
Q9LV88:Q9SUW4,0.0009538560989312828,0
Q6IWB1:Q500W7,0.0021108377259224653,0
Q0WSU0:Q84JF5,0.0019229393219575286,0
O23683:Q9FH00,0.0008462655241601169,0
Q8LA53:Q8LB54,0.038242172449827194,0
Q9FFH2:Q9LSI4,0.003198041347786784,0
O04336:F4IP00,0.0009592533460818231,0
Q9CAQ2:Q08733,0.004335446748882532,0
F4J2T9:F4J311,0.001015682122670114,0
Q9SIF7:Q94C40,0.0038251124788075686,0
Q9LF53:Q9LTE4,0.0024092390667647123,0
Q8VZB1:Q06738,0.004863161128014326,0
Q9STL8:Q9T069,0.016872314736247063,0
C4B8C5:Q9LSW0,0.0006691596354357898,0
Q5HZ38:Q8VYF7,0.013848748989403248,0
F4K7X9:A0A178W3G2,0.000839638349134475,0
Q8GZA4:O48852,0.0020279220771044493,0
Q9SIT7:B3H4X6,0.002694964176043868,0
Q39140:B3H4V9,0.0008775183814577758,0
Q9FJV5:Q9SJ47,0.0007382798357866704,0
Q2V3K2:Q9FFX0,0.0007451587589457631,0
F4J306:Q56YJ7,0.0009295406052842736,0
Q9FI57:Q9M9H3,0.0019148782594129443,0
A0A1I9LLN7:Q93YN6,0.0023839238565415144,0
F4JGI4:Q3E880,0.001058036694303155,0
Q8GW44:Q94ID2,0.00526652205735445,0
Q9FTA3:A4VCL9,0.0006070793606340885,0
Q9LZ08:Q9C9F0,0.003876360598951578,0
A0A1I9LNH8:Q9C932,0.003525645239278674,0
A0A1P8B3C0:F4JI85,0.014097864739596844,0
B9UY99:Q8GXP7,0.0006581300985999405,0
Q9CAE8:Q2V4A4,0.0017549984622746706,0
Q6NPL8:Q9STL8,0.0016901552444323897,0
Q9SAF1:Q05758,0.009302247315645218,0
Q5BPP4:Q5XUX8,0.0027947425842285156,0
F4I6U7:Q9SZA2,0.0035430423449724913,0
A0A1P8B0Q4:Q9LJN0,0.0008123845909722149,0
Q5PNU3:Q9FX76,0.007115981075912714,0
F4I7Y9:Q9MBA1,0.0034285460133105516,0
O22161:Q8LDN2,0.06271491944789886,0
Q9CAH4:Q8VYP6,0.012305653654038906,0
Q9FK47:Q67XT7,0.0015326932771131396,0
Q84K72:Q67XI5,0.00453302962705493,0
Q9C950:Q8S8N3,0.0010502779623493552,0
Q9SZN1:Q5S502,0.0008949756738729775,0
O82503:F4ICB5,0.017055897042155266,0
Q9LVD3:Q3EC62,0.0007849840330891311,0
Q9SH60:Q42606,0.004312506876885891,0
A8MQJ3:Q8L7U4,0.0008141702273860574,0
Q6NPP7:Q9FFU3,0.004432834684848785,0
Q3EBB9:Q66GP4,0.0009066421771422029,0
O65436:A0A1P8B3C0,0.002203621668741107,0
F4IED7:O04719,0.0018446631729602814,0
F4JGI3:Q0V7V2,0.0009721088572405279,0
Q38957:O22919,0.0013860955368727446,0
Q9FM91:Q9SVH7,0.05310829356312752,0
F4JCN4:Q8S8G6,0.002128591760993004,0
A0A1P8B415:Q9FHA2,0.003074050648137927,0
A0A1P8B449:Q94A68,0.0006574291037395597,0
B3H6V9:Q94K21,0.0006350755575112998,0
Q9FJ08:Q84X24,0.000808964017778635,0
P82735:Q9LES2,0.001147109898738563,0
F4J306:Q9M903,0.003802762134000659,0
Q9SIF7:Q9C5K8,0.0013733194209635258,0
O49545:Q9S9T8,0.008678050711750984,0
Q94CE4:Q9FII6,0.0008422924438491464,0
Q9LS46:Q9M237,0.0010182689875364304,0
A0A178V0E5:Q9ZUE1,0.0013257988030090928,0
Q8H1S7:F4INA9,0.0032974109053611755,0
Q9FH16:Q9FLM1,0.05185867100954056,0
Q9FGZ5:F4K6X0,0.002135307528078556,0
Q9SHG6:F4IIL3,0.002856360748410225,0
A0JQ16:Q944Q0,0.002127696294337511,0
O80667:Q9LXK5,0.0006678364588879049,0
Q9FW50:Q0WNP3,0.00094657635781914,0
Q9FI84:O80742,0.0008512046188116074,0
F4J131:F4HP86,0.0009132642298936844,0
F4JSJ6:Q9CA73,0.02196078933775425,0
O49484:A0A178WNP1,0.0028906066436320543,0
Q9C690:Q9C6U7,0.0043726833537220955,0
Q9SUW4:A0A1P8B5I4,0.0006850988720543683,0
Q8LPL5:Q9C9Y8,0.01662454567849636,0
F4JMX1:Q8GXT3,0.004788230638951063,0
Q9FM64:Q84JH9,0.002131118206307292,0
Q683D4:O24617,0.08289957791566849,0
P0C7Q8:Q9SCK5,0.0027580223977565765,0
A0A1P8ASX9:O80608,0.0014976710081100464,0
Q9C878:Q8L9R7,0.003080361755564809,0
Q9M0V4:Q56XR0,0.003780870931223035,0
O49289:Q8S8M2,0.000981783727183938,0
Q9C636:A0A1I9LPV1,0.0007529495633207262,0
O64866:Q6NNK6,0.001558658666908741,0
Q9SAI2:O82533,0.030080130323767662,0
Q9FN68:Q9LYH4,0.0008999230340123177,0
Q9LW29:Q8GWC9,0.0027621989138424397,0
Q9LSZ4:Q9SGI7,0.0015599325997754931,0
O04017:Q9M995,0.0018900957657024264,0
Q9FL51:Q8GYL7,0.001631900086067617,0
O65554:F4J551,0.0016615812201052904,0
A0A1I9LPV1:F4I499,0.0013059305492788553,0
Q9FE25:Q501D4,0.007055144291371107,0
Q8VY62:A0A1P8BBX7,0.0008968544425442815,0
Q8LDS4:P92561,0.0005553191294893622,0
Q9ZQ36:Q9LM48,0.001217032433487475,0
Q9ZQZ9:Q9M9Q6,0.0025250210892409086,0
F4K2R6:Q9FE25,0.04714299365878105,0
Q9FIX5:Q9LX28,0.014626081101596355,0
Q9LVG8:A8MR93,0.0008377611520700157,0
Q6IDB0:Q9LZA7,0.0023316273000091314,0
F4JX46:A0A1P8BCC3,0.001486880355514586,0
O48890:A0A1P8B3J6,0.021482056006789207,0
Q56YN3:Q2V371,0.001547807245515287,0
Q9SUR9:F4IFM3,0.009379166178405285,0
O81057:F4JZH9,0.006098087411373854,0
F4IQS9:Q9FMQ1,0.05763028934597969,0
F4I3P9:F4JGI3,0.0007895477465353906,0
Q9C5W3:Q9LFF2,0.0013948132982477546,0
F4KD49:Q9SSC6,0.0017270538955926895,0
Q9LTF7:Q9M1Q4,0.10900022834539413,0
Q9LQI6:Q9XFH9,0.002899138256907463,0
Q94F39:F4JYD3,0.0011413665488362312,0
Q8GY89:Q93ZY7,0.016034528613090515,0
Q67Y01:A0A1P8AW81,0.023529499769210815,0
Q8L638:Q8W481,0.0012064359616488218,0
Q9LSS7:A0A1P8B3B5,0.14327804744243622,0
P92523:Q2V3K1,0.0006871593068353832,0
F4JTD2:Q9LU28,0.011859169229865074,0
Q9LVC4:Q8S8N4,0.002748158760368824,0
Q9FFF1:Q9C5C5,0.001692389720119536,0
Q9LTB9:Q8H112,0.004633053671568632,0
Q9S7I4:Q9FX66,0.0019826663192361593,0
O22152:Q8GWS7,0.003765503643080592,0
A0A1P8ANL4:Q9LNU6,0.0010619846871122718,0
Q8VY27:A4IJ41,0.00395901408046484,0
O49715:Q9FTA3,0.0017702616751194,0
Q8RWC8:O80607,0.0009717252105474472,0
Q9SV63:Q29Q81,0.03528252989053726,0
D2WL32:Q9LM93,0.1716572791337967,0
Q9LXL7:Q8L7G0,0.003979806788265705,0
Q9STT1:Q6NLQ4,0.001985604641959071,0
Q9M7T0:Q9M292,0.009209807962179184,0
Q39237:Q9C995,0.0031770658679306507,0
Q9M223:Q8GZB4,0.000903052743524313,0
Q6NNK6:Q9FJV5,0.0013182958355173469,0
Q3EB28:Q8GWE6,0.024994706735014915,0
A0A1P8ANT6:Q42440,0.000989679479971528,0
Q9SV72:Q6NQA0,0.0007082492229528725,0
Q8LDN2:Q9LQ12,0.004926018882542849,0
Q6AWV7:Q93ZM6,0.0015243225498124957,0
Q9FPQ8:F4JU08,0.0017880898667499423,0
Q9LST3:Q9LW77,0.013097229413688183,0
Q9SN93:Q76FS5,0.0010857395827770233,0
Q8VYI6:Q3E870,0.0005774721503257751,0
F4I8Q1:A0A1P8ARL9,0.0024668690748512745,0
Q9M0I1:B3H4L6,0.0009071917156688869,0
Q9LK61:Q8RY65,0.005399908870458603,0
Q58FY7:Q9C924,0.0010651231277734041,0
Q9LNW3:O49730,0.0012895507970824838,0
Q8LFJ8:Q9LXR9,0.0023060226812958717,0
O04719:Q9FJK3,0.0045239608734846115,0
Q9SZT0:P93287,0.0008780118077993393,0
A0A178VYP6:Q9SVG9,0.0011808054987341166,0
F4IX33:Q9LHK9,0.0034727484453469515,0
Q58CM8:Q9FLC1,0.023271797224879265,0
Q8LAA0:F4JR96,0.0028510536067187786,0
P34795:Q9SJJ5,0.0076320902444422245,0
F4J1U2:Q9FI66,0.0016525402897968888,0
Q9C702:Q9SZG4,0.0018185125663876534,0
Q9FFH2:Q9LSW0,0.08453880995512009,0
Q9C8J7:F4JYQ8,0.0025908134412020445,0
Q9S9M7:Q9SKH8,0.0012640049681067467,0
Q0WRX7:P56801,0.004118414130061865,0
Q6IDA8:B3H711,0.0009990526596084237,0
F4HPL1:B9DFS6,0.0009839737322181463,0
A0A1I9LMU1:Q945N1,0.002159134019166231,0
Q66GJ0:A0A1I9LNB6,0.0040028272196650505,0
Q9SRD8:Q9FUY2,0.001619798014871776,0
Q8L760:Q93ZZ7,0.0006278936052694917,0
Q9M0H9:Q9C8L8,0.0011802871013060212,0
B3H635:O81801,0.002884805900976062,0
F4J8D9:Q67Y03,0.0007470634300261736,0
O80603:Q9ZUT5,0.0039055340457707644,0
A8MQ92:B3H7C4,0.002152085769921541,0
Q9LXK2:Q6DYC0,0.0010364671470597386,0
O03982:F4JVV4,0.04734716936945915,0
Q5XV31:Q42606,0.002375003881752491,0
Q9LHP2:A0A1I9LTE5,0.011233686469495296,0
Q6NM39:Q9FLI3,0.0033723674714565277,0
F4JCI4:Q8VXZ0,0.0008565012249164283,0
Q38937:Q9SHJ6,0.07485418021678925,0
Q3E8B0:Q9SIC3,0.0020981745328754187,0
Q9FMJ3:F4J1R8,0.0006557389860972762,0
A0A1I9LLL5:Q93VC7,0.0020931102335453033,0
O23262:A0A1P8BAY9,0.0007842164486646652,0
Q1G3L1:B9UY99,0.0009202767396345735,0
Q8GXT3:O64556,0.0013144885888323188,0
F4KDK1:P93005,0.012097466737031937,0
Q84M92:P94102,0.5610889196395874,0
Q9LUJ5:Q9LJZ4,0.005364363547414541,0
O04587:A0A1I9LT65,0.0007761816959828138,0
Q9ZQ78:F4IV24,0.0010897048050537705,0
Q9SV06:F4KIT4,0.0018479150021448731,0
Q9FTA3:Q9MAI8,0.0011782303918153048,0
Q8LEU9:Q93Y22,0.0602358877658844,0
Q9SK53:Q9C659,0.00208575208671391,0
Q3E918:Q9C875,0.0007062183576636016,0
O81323:O22286,0.005721579771488905,0
Q4F883:Q9FGN8,0.001135960454121232,0
F4ID96:A0A1P8AM75,0.0012020664289593697,0
Q0WNP3:Q1H5D2,0.009254018776118755,0
P82731:Q9LYV3,0.0015988703817129135,0
Q9FJN6:Q9SI42,0.007325713522732258,0
Q9SY40:Q5UBY2,0.004556518979370594,0
Q7XHI9:Q9S9U2,0.07289927452802658,0
F4HQU0:A0A1P8AW70,0.0011378086637705564,0
O65387:A0A384L7B9,0.0009415133972652256,0
Q9T055:Q9LPJ7,0.000743579410482198,0
Q0WT24:Q5PP39,0.00228481856174767,0
Q9FDX6:Q9SJG6,0.0638185665011406,0
B3H612:Q94C53,0.001025153324007988,0
F4HWL4:F4JHJ3,0.0011684055207297206,0
Q681K7:A0A1I9LT34,0.001423239940777421,0
Q45GQ7:Q94K71,0.001348113757558167,0
Q9C6V2:Q9FI57,0.0011597855482250452,0
Q9STN5:F4IZ03,0.0009442069567739964,0
Q9SYJ8:Q9SIN9,0.0009172419086098671,0
F4HZ96:A0A1P8B0Q6,0.0006546747172251344,0
F4JS55:Q9XED8,0.0034116317983716726,0
Q564K3:Q9SVZ9,0.003305794671177864,0
F4IFM3:Q8L7H8,0.0025957070756703615,0
Q9FHB5:Q9FDX6,0.1159144788980484,0
Q9SIM1:B3H7D8,0.03359245881438255,0
F4HTT8:Q67XT7,0.0015737799694761634,0
Q8GXC7:Q9FME4,0.017341280356049538,0
F4I8W7:C0LGK4,0.0026104997377842665,0
Q93V58:Q9XI57,0.003388689598068595,0
Q9FMU2:Q5XEN5,0.018361657857894897,0
Q8LFB8:Q9LZI4,0.004563686903566122,0
A0A1P8B7F5:Q8LAZ7,0.5027148127555847,0
Q8H1Q1:F4JS55,0.001252624555490911,0
Q9SII1:Q1G3K0,0.000647425651550293,0
P0CC32:F4IY04,0.008429712615907192,0
A0A1P8AXR7:A0A1P8AMV0,0.0006603219662792981,0
Q9LZA7:Q9FGT1,0.0009312713518738747,0
C0LGM1:Q9LXQ5,0.0006673808675259352,0
B3H4G1:A0A1P8ASS6,0.002038066042587161,0
Q9AT60:A0A1P8AYB0,0.001988862408325076,0
Q93ZM6:B3H5S0,0.001509396592155099,0
Q941B2:Q9SQY8,0.0012490729568526149,0
Q8RXE7:A8MQR5,0.0016888490645214915,0
Q9SKB3:Q9LSQ2,0.003344298107549548,0
Q9M384:Q9SAF1,0.04398330673575401,0
Q9FG05:F4K975,0.0008014632621780038,0
Q9LZP8:B3H7A9,0.002175720641389489,0
O64584:Q3EDD5,0.0016750082140788436,0
Q9SVZ9:Q9S7H5,0.003997500520199537,0
Q9LN16:Q94K97,0.00733258156105876,0
Q9M1Q4:Q9SZ51,0.0066264308989048,0
Q9C8L6:Q9SHS2,0.02851582132279873,0
Q56FQ1:A0A178WGK2,0.002026069676503539,0
Q9FV49:Q84JG2,0.26419156789779663,0
Q8L8U9:Q9ZW32,0.0009844739688560367,0
F4HWF9:F4I540,0.0010490239365026355,0
F4KE63:Q9M0C5,0.003456891281530261,0
Q9LUK1:Q9LXW1,0.01701807603240013,0
Q9T0E5:Q9FF62,0.004686718340963125,0
F4KII1:Q9M1F6,0.0010806249920278788,0
Q9FIS4:F4K9Y3,0.00065154570620507,0
Q8L844:A0A1P8AW98,0.005064882338047028,0
Q9FZ97:Q9SKH1,0.0006907313945703208,0
Q39253:Q8S8K8,0.0008711227565072477,0
Q5XVK9:Q8L7L1,0.013777700252830982,0
B6EUC0:Q9FFL3,0.004176552873104811,0
Q9LDY2:Q9ZSK1,0.5011860728263855,0
F4K6Z5:A0A178UJ48,0.002708667889237404,0
Q0V7S1:Q9LMA8,0.06865517795085907,0
Q9SIJ3:Q8LB33,0.01135326735675335,0
F4JP79:Q45GQ7,0.0013095102040097117,0
Q0PCS3:A0A1P8ANK5,0.02115579880774021,0
A0A1I9LSP4:Q9LSB8,0.04898400232195854,0
O48852:O49289,0.02961982600390911,0
A0A1P8B4K5:Q64FQ2,0.04716438800096512,0
A0A1P8ARQ1:Q39147,0.0008099201950244606,0
Q9FFI9:Q7X6Y7,0.0013576202327385545,0
Q9FK47:F4ITL6,0.0010248710168525577,0
C0LGN7:Q9LS04,0.0015648168046027422,0
Q9XIR8:O82595,0.002304761204868555,0
Q8RXU6:F4I4E1,0.016566399484872818,0
P69834:Q8VYH0,0.016475845128297806,0
F4K1D3:Q9LT23,0.006043556146323681,0
Q9SR01:Q9STY2,0.0019618317019194365,0
Q9SB60:P34791,0.055452119559049606,0
Q9MAM1:O22793,0.01099869329482317,0
Q9SCZ0:Q9M0W9,0.0023329786490648985,0
Q9C9C0:Q9FMJ4,0.15285590291023254,0
B4F7R9:Q2V346,0.0006849206401966512,0
Q9FI94:O80603,0.004086894448846579,0
P92964:A0A178V5Q1,0.1146770715713501,0
Q3E9D5:Q38961,0.04731759428977966,0
Q9SHX3:Q9LYM3,0.0008827915298752487,0
Q9SLH0:F4HTE0,0.0062311748042702675,0
Q9LF97:Q9SKI0,0.003779955906793475,0
F4JYW4:Q9C8L6,0.0008304814109578729,0
P0DKG4:Q9LW63,0.004044165834784508,0
Q9CAI2:Q8L8C2,0.0007272707298398018,0
Q5XV40:Q9FXC9,0.005649702623486519,0
F4JSC0:Q42479,0.1096029207110405,0
Q9MAI8:F4KD49,0.0008466941653750837,0
Q9SKT0:A0A1P8B4M2,0.001572032691910863,0
Q9STK5:Q6ICW8,0.01703227497637272,0
Q9SV54:A0A178VMH7,0.01684110425412655,0
O81445:A0A1P8AW47,0.0012249596184119582,0
Q9CA46:Q9FM91,0.0021181278862059116,0
Q8VWJ1:O49553,0.0031674697529524565,0
F4HZI8:Q8LAA6,0.0018710475414991379,0
F4JBG1:F4JGU2,0.002522556809708476,0
F4IXJ0:Q9ZVI7,0.001488608424551785,0
Q9LMN1:Q39262,0.001018171082250774,0
Q9LT47:Q8L8M9,0.00774100748822093,0
Q9SAK4:Q9LRQ0,0.006579442415386438,0
Q9M038:Q9SFV3,0.0012601222842931747,0
Q8L9N1:F4J139,0.002655406715348363,0
F4JY92:F4IB51,0.0013425189536064863,0
Q3EC62:P92566,0.0005693527637049556,0
Q6DYE3:Q66GP9,0.0019122690428048372,0
Q9M670:Q9FWS4,0.009394282475113869,0
Q5BPV4:A0A1I9LSM5,0.0006284762057475746,0
O82533:Q5Q0D0,0.0017274034908041358,0
Q9LSW0:A0A1R7T3B3,0.0017772067803889513,0
Q8W109:Q9LUU5,0.0017131719505414367,0
B3H6P5:D3K0M2,0.0030868996400386095,0
Q9SI15:O22264,0.18212445080280304,0
Q8GZ43:A0A1P8B3C0,0.008707269094884396,0
Q9LT31:Q8GW63,0.0038216249085962772,0
Q9C790:Q6NQM0,0.003473358927294612,0
Q9CA93:Q6IWB1,0.0007768822251819074,0
Q39054:Q5XV83,0.0006743940175510943,0
Q9LZ73:A0A1P8B3Y4,0.0008069017785601318,0
Q9LU86:O80961,0.0034710762556642294,0
Q9T0L6:Q9FKQ8,0.03815683349967003,0
Q3ECM9:P49177,0.012889700941741467,0
A0A1P8AUP0:Q9FX35,0.02961849607527256,0
Q9SLB8:Q8GYE6,0.0017096918309107423,0
A0A1P8AYB0:Q67ZU1,0.001284186146222055,0
B3H4N5:A0A1I9LMV6,0.0007828875677660108,0
Q93YN6:Q9SF38,0.0011774443555623293,0
Q9SJG7:A0A1P8AQ67,0.0006854090024717152,0
F4JZU2:Q9ZRT1,0.0012924923794344068,0
O22909:O64479,0.0010467158863320947,0
Q84WK0:Q9ZW84,0.0014407361159101129,0
P56774:A1L4V7,0.003548751352354884,0
Q9T0J4:Q9SMR5,0.001004994846880436,0
Q8VYA5:F4IIL7,0.001218309160321951,0
Q8H1F8:Q9FJ55,0.0189362820237875,0
D5K228:Q6AWW0,0.033472608774900436,0
Q94CB5:B3H713,0.001815722556784749,0
P93300:F4IA60,0.0006760684191249311,0
F4HPM6:Q5HZ03,0.0018474977696314454,0
O04663:Q8VZR0,0.005208110902458429,0
B3H4V4:A0A1P8BDE8,0.0008678901940584183,0
Q5XV54:F4ISQ7,0.003128152107819915,0
A0A1P8BB23:O82799,0.0009394839289598167,0
Q9C5J6:Q9FJ32,0.027516866102814674,0
Q940R4:Q9ZQH3,0.049785733222961426,0
P52420:Q2V4B2,0.005171317141503096,0
Q940A6:Q0WR08,0.0006946857902221382,0
Q8GYE8:O82162,0.0347035676240921,0
O23684:F4J0L0,0.0025958088226616383,0
Q1G3V0:Q9SY75,0.0012409911723807454,0
Q8S9M4:Q7XJJ7,0.005016660783439875,0
Q67YT8:Q8S8E8,0.0006819223053753376,0
Q9FZ92:Q9LZ97,0.04169775918126106,0
Q9STP8:Q8GYP3,0.002997808624058962,0
F4HQ84:F4JVB8,0.002715224167332053,0
O65382:Q9LQP3,0.001306183054111898,0
Q00958:A0A1P8BB23,0.0008956366218626499,0
Q9LNE6:Q9FH00,0.0009270894224755466,0
Q94C53:Q9FI84,0.0009535443386994302,0
P56798:Q8H1F6,0.6191338896751404,0
Q9LRQ0:A0A1R7T3C4,0.0009167375974357128,0
Q8GYL4:Q9XGZ2,0.0010584046831354499,0
Q8RW95:Q9AT60,0.00145537534262985,0
Q8W4D8:Q8LBZ4,0.011156275868415833,0
F4K719:Q9FJ08,0.0005558512057177722,0
Q9LN10:F4KGT2,0.0035328895319253206,0
Q8RXT5:Q84WK0,0.09061773866415024,0
Q8L3Z8:Q9FL87,0.03536313772201538,0
Q9LYB8:Q9LTS8,0.0018544609192758799,0
Q9C8K7:Q39054,0.0017564736772328615,0
Q9LZR5:Q9M274,0.014041787944734097,0
F4J551:Q9SK33,0.001048537902534008,0
P82778:A0A1P8AQA9,0.0009942101314663887,0
Q84K51:F4KE50,0.004170419182628393,0
Q8S9K3:O23522,0.0015328159788623452,0
Q9LS60:Q9FLL3,0.0018200952326878905,0
Q8RXD3:Q93WB3,0.004118289798498154,0
Q84J91:B9DGD6,0.000787690281867981,0
Q9LV27:Q8LFA9,0.0142849525436759,0
F4K7X9:A0A1P8AXB7,0.0005996082327328622,0
Q9LF34:F4KCZ1,0.0017210619989782572,0
Q8VY77:A0A1I9LRC5,0.0008824279648251832,0
Q9FHA7:Q9STK5,0.021950839087367058,0
A0MFL4:O22244,0.0013798264553770423,0
Q08733:Q9FYM8,0.0006868452182970941,0
B3H5W4:A0A178VM33,0.0014124748995527625,0
Q501D4:Q9M281,0.0007235768716782331,0
Q9ZW21:Q9LUL4,0.015601224265992641,0
Q9CA40:O64645,0.005879606585949659,0
F4I458:Q84JK2,0.005690939258784056,0
Q8VZB1:Q9M875,0.000921826169360429,0
Q9SJH2:F4KIL1,0.018382392823696136,0
F4JUM8:O23235,0.0007307234336622059,0
Q8W4K2:O82813,0.12852810323238373,0
Q3EDG5:Q94BZ7,0.001354300882667303,0
F4JCH0:O24410,0.0006752176559530199,0
Q0WNN6:Q93ZN3,0.004406538791954517,0
Q9LJF5:A0A1P8BD86,0.0025160342920571566,0
Q9LEZ3:Q9SPE5,0.0033115472178906202,0
Q9C7M2:O82328,0.0014024813426658511,0
Q8LB54:Q9LTJ0,0.19123432040214539,0
Q9FYL1:Q9M384,0.010364644229412079,0
Q8VYV7:O80438,0.02649025432765484,0
Q8S8I9:Q6DYE4,0.0009863435989245772,0
Q8W4E1:F4J687,0.0036319252103567123,0
Q9ZQQ9:Q94CB5,0.031864896416664124,0
Q9LZI2:Q9C7X6,0.002793856430798769,0
Q9SCP4:Q9M670,0.07194878906011581,0
Q8S9J2:B3H4F7,0.0007029096595942974,0
Q9LVD3:Q9XIH1,0.0052164699882268906,0
Q9SJL5:Q9FMN2,0.0009259399957954884,0
F4I386:A0A1I9LMG4,0.0005491729825735092,0
Q9ZU32:Q8W2F3,0.0017897075740620494,0
Q3E9I4:Q9FHC2,0.0007326809572987258,0
Q1G3F1:Q8LG05,0.0036213265266269445,0
Q9LJL8:F4J7V3,0.0017717750743031502,0
Q9SY57:F4J8R4,0.001788729103282094,0
Q9LNC9:O04336,0.06803574413061142,0
Q9LK52:A0A1P8AUP0,0.0028670746833086014,0
F4HVJ3:Q9M2H7,0.0009588487446308136,0
Q8H1R4:Q9LV88,0.0007870918489061296,0
Q9FYE0:Q9SAK4,0.0025402389001101255,0
O64733:P0C0B0,0.07606147229671478,0
Q9M9B3:O65691,0.0007151663303375244,0
Q38961:A0A1I9LNE1,0.0008759318734519184,0
Q9LUE5:Q8GXS8,0.0027657661121338606,0
C0LGK4:Q9M591,0.0030657623428851366,0
Q9XID2:B3H5R2,0.0007213230128400028,0
Q9C7N3:Q9MBA1,0.002620094222947955,0
Q9LHJ2:Q84JV2,0.001917370012961328,0
Q9LU33:Q9LZR5,0.030005354434251785,0
F4I1S7:Q9LUS3,0.06711993366479874,0
Q9FFK1:Q8GWP1,0.4682297706604004,0
F4HTY0:A0A1I9LNG9,0.003179962281137705,0
Q8W207:A0A1I9LN10,0.002151773078367114,0
Q9FNL4:A0A1P8B017,0.0010143950348719954,0
Q9FNB1:A0A178UA90,0.024750689044594765,0
Q84UU4:Q941L3,0.004359254147857428,0
O80575:A0A1P8ATM2,0.000692103523761034,0
A0JQ12:F4IA30,0.002220697468146682,0
F4IEL6:B3H7D1,0.001768983551301062,0
Q9SIS2:B3H617,0.0011340475175529718,0
Q9XED8:F4IFT7,0.0012787668965756893,0
Q9FIW6:Q56FQ1,0.015950871631503105,0
Q9FRI1:B3H7N2,0.0009589646360836923,0
Q9LUA3:Q84JF5,0.01860668882727623,0
Q9LR11:Q39023,0.10744582861661911,0
Q6DR69:Q05763,0.003873222740367055,0
F4JUA6:B3H434,0.0005652953404933214,0
O80365:F4I4Q3,0.0009313225746154785,0
A0A1P8AR64:Q9SRM3,0.0019863760098814964,0
Q8L705:Q37001,0.0035167799796909094,0
A0A1P8B9Z0:Q9LW59,0.0008773912559263408,0
Q9ZR37:A0A1P8AQK1,0.0018787123262882233,0
Q9S750:F4I8F9,0.05025167390704155,0
F4I861:Q9ZVI2,0.002495446940883994,0
Q9ZQL1:Q8W4C3,0.002420737175270915,0
Q9FJK3:O64482,0.0019545413088053465,0
Q9FML9:Q8H1R4,0.0006619991618208587,0
Q9FE54:Q9LHH3,0.0014959803083911538,0
Q84K72:Q9LK19,0.038168709725141525,0
Q9LI86:Q8GXC7,0.006613467819988728,0
P93284:Q9SMN4,0.0006937728612683713,0
A0A178V266:F4HWG0,0.0021820205729454756,0
Q5Q0D0:Q9FJA3,0.0006795035442337394,0
Q67ZB6:O22908,0.0024035521782934666,0
Q9FX44:A0A1P8BF81,0.001378739601932466,0
Q9LR67:B3H6P5,0.006573094520717859,0
Q94BZ5:Q8GWA7,0.001740242587402463,0
Q9LFG4:Q9SKM7,0.0014344094088301063,0
Q501D5:Q8VZK2,0.0946250632405281,0
Q8L7U4:Q9SV30,0.059116262942552567,0
Q8GYT1:Q9SYQ0,0.006332521326839924,0
Q9LK65:O81788,0.0015715863555669785,0
F4HRI2:Q564K3,0.352275013923645,0
O23627:Q8GXW1,0.01502781268209219,0
F4J1T5:Q9FMR0,0.005302333738654852,0
Q9SDS8:Q8L936,0.0014705653302371502,0
Q8GW83:F4JX57,0.0006644823588430882,0
A8MQP2:Q9LS48,0.001165029127150774,0
O22783:Q9LER7,0.0032651976216584444,0
Q1G3Z3:B3H4U3,0.0018013864755630493,0
Q9SY00:Q3E960,0.004194676876068115,0
Q94F50:Q3EBZ0,0.0024816475342959166,0
Q6NLU6:Q9FRR8,0.0009228927083313465,0
Q6NLQ4:B9DFZ2,0.001339156529866159,0
Q9LHE5:Q6ID72,0.0022771272342652082,0
Q84JH9:Q9SVH8,0.0006037663551978767,0
Q9LJX2:Q9LFD5,0.004316258709877729,0
Q38955:Q39204,0.0037647930439561605,0
A0A1P8B1C5:P46601,0.0008574335952289402,0
A0A1P8AUX0:Q9C9C0,0.0009282082319259644,0
P17839:Q0V7S1,0.06493386626243591,0
Q9LTY8:Q9XIP8,0.001104140654206276,0
Q9STY2:Q8RWC8,0.0030947767663747072,0
Q9SZ42:Q8H7F6,0.015348381362855434,0
Q9SAC4:Q9LXP6,0.002215766813606024,0
F4JVM4:Q9LEW7,0.003255313029512763,0
A0A384LJI7:Q9S7T1,0.13330666720867157,0
Q8LCN5:F4KI88,0.01701374724507332,0
Q5XEN5:Q9M0X3,0.0008934591896831989,0
A0A1I9LLJ2:Q8LC79,0.0012200328055769205,0
Q8S8E8:Q9SGS1,0.001043180818669498,0
Q9FYF8:Q9FN50,0.31902337074279785,0
F4KGE8:Q8GXM1,0.0007362512988038361,0
Q9FII6:Q9LMQ2,0.00120833411347121,0
Q9FLF7:A8MQD8,0.016288628801703453,0
Q9SJE2:Q9C7X2,0.0015116939321160316,0
Q8GXS8:Q8RY81,0.0009696781635284424,0
Q945Q5:Q3ECD0,0.04444126412272453,0
F4I526:O80513,0.010390137322247028,0
Q3E7C8:Q9LPR9,0.0010130171431228518,0
Q9SX45:Q84JN2,0.0026435002218931913,0
F4JWA1:O81315,0.003112948499619961,0
Q8S8K8:O49715,0.0026432496961206198,0
F4K1B1:Q9SST1,0.0014437685022130609,0
A0A1P8B188:F4IMQ0,0.014761549420654774,0
Q7X6Y7:Q3EDK6,0.025673991069197655,0
O22877:Q8GY89,0.04745015129446983,0
O81826:A0A1I9LRZ5,0.002516850596293807,0
Q9FUA4:Q9LUR0,0.012169876135885715,0
A0A178WK49:Q9FMZ4,0.0038639053236693144,0
Q9C535:Q9SZI2,0.052004434168338776,0
Q9LM14:F4HPB7,0.0017624719766899943,0
B3H5K9:Q9LS01,0.006981467362493277,0
Q9LZC3:Q9LTH4,0.0029378433246165514,0
Q58G10:F4HYC5,0.008900964632630348,0
Q9SN61:A0A1I9LRR3,0.016174916177988052,0
Q8L8C2:Q9ASP6,0.28952404856681824,0
O80535:Q9CAY6,0.002302641747519374,0
Q8L7W2:Q8GXR6,0.004275971557945013,0
Q9FFG5:A2RVP7,0.0026245261542499065,0
Q9SKA2:Q9C803,0.005772079806774855,0
A8MQH8:Q9LPC8,0.002176502952352166,0
Q8GWK1:Q9LIH2,0.0008293954888358712,0
Q9LU28:Q0WQQ1,0.008718091063201427,0
Q9C9Y6:Q9ATB4,0.02273588441312313,0
Q93VH1:A0A1I9LSC0,0.0021685585379600525,0
Q9SZZ8:F4I9I5,0.0007481280481442809,0
Q94K88:A0A1P8AT89,0.014902106486260891,0
P48002:P22953,0.05084628611803055,0
Q5BPE9:Q8GZ81,0.0008563435985706747,0
Q9LFD5:P93755,0.009272096678614616,0
Q9LUC1:Q9SJN2,0.02028411068022251,0
Q9C9Z0:F4JZA0,0.0009277515346184373,0
Q84JP1:Q8GW42,0.0006738588563166559,0
Q9CAH4:Q9ASS4,0.003389917081221938,0
Q9ZVI7:Q1G3V0,0.001007265062071383,0
O82266:Q9S7H1,0.35913512110710144,0
Q8LC42:Q9SN61,0.004524433519691229,0
Q7XJK8:Q9LQI6,0.014671786688268185,0
F4IK40:Q9LVE9,0.0014215504052117467,0
Q9SSC6:A0A178WKP3,0.02244967594742775,0
A0A1P8ANB8:Q8GYT8,0.008171306923031807,0
Q9CA16:O49397,0.0013824772322550416,0
Q9C6K3:F4KAV2,0.02910465933382511,0
Q941L3:A0A1I9LQW3,0.000873416312970221,0
F4JGK7:F4HWA5,0.001265095779672265,0
Q9FXE2:A0A178VI87,0.006929436232894659,0
Q9STS3:A8MQH9,0.05417126417160034,0
Q6NPL0:A0A1P8AUL6,0.0017120204865932465,0
B3H428:F4HZH7,0.0008366860565729439,0
O82248:P36428,0.029354378581047058,0
F4JYD3:Q9FGJ3,0.0008293709834106266,0
O04590:Q9SG92,0.08031173795461655,0
Q9SYB1:Q9FZ97,0.0008704474312253296,0
B3H434:F4HUW0,0.0006246568518690765,0
Q9FZK5:F4JG50,0.0008087246096692979,0
B3H555:Q9ZR13,0.0024151939433068037,0
Q9LHL7:Q39191,0.12143826484680176,0
Q0WPZ7:Q9FH24,0.0015887977788224816,0
Q945N1:Q93VH6,0.0067667365074157715,0
Q9SK09:Q8GWK1,0.0013154157204553485,0
F4HXR7:F4I386,0.0008520038682036102,0
A0A1P8B3C2:Q9C6I7,0.0019273359794169664,0
Q94EW8:P10798,0.0044751823879778385,0
Q0V7V2:Q9C564,0.0013906968524679542,0
Q8VWG7:Q5Q0E7,0.003733836580067873,0
O49730:Q63Z96,0.008103173226118088,0
Q56YG0:Q9LHE5,0.10501141846179962,0
Q8LGU6:Q9STR4,0.02072174660861492,0
Q9C9F0:Q0WMN5,0.0013045411324128509,0
F4HYC5:A0A1P8AQT9,0.0008890614262782037,0
Q9FGP1:Q8VY91,0.0009768559830263257,0
Q9LTY9:Q9LMM5,0.007843020372092724,0
P56788:Q9M0N1,0.009141593240201473,0
Q9LSR5:P82643,0.0006349323666654527,0
A0A1I9LRZ5:Q9FYC3,0.0008496556547470391,0
Q8GXM1:P92564,0.0012504735495895147,0
Q9LRJ4:O65514,0.0012593752471730113,0
Q9LUI0:Q9FMC2,0.002095740055665374,0
Q3E9V5:Q94AV5,0.0006237284396775067,0
Q9SJG5:F4JRN0,0.000634332827758044,0
Q9C9U0:Q9FGF6,0.0009289393201470375,0
Q8VXX3:Q84VV3,0.0013314906973391771,0
A0A1P8BH47:F4IG46,0.0049878815189003944,0
Q680L3:F4K4M9,0.006506344769150019,0
Q9FYB1:Q6NPM7,0.024592865258455276,0
Q9M0W9:A0A1P8BA81,0.12882950901985168,0
Q9LES3:Q9FNB1,0.08983934670686722,0
F4I994:Q2V2S7,0.010523330420255661,0
Q8RXY1:Q9C6T2,0.005183529108762741,0
Q9FYC3:F4I4X9,0.0013945894315838814,0
Q9ST43:Q9LNW3,0.0020867453422397375,0
Q9M8L4:O80366,0.004378882702440023,0
Q6AWW7:F4I4F2,0.005451437085866928,0
Q940Q3:Q2V3W5,0.0006103014457039535,0
Q9M051:Q9C535,0.014744180254638195,0
Q9LYF4:P93283,0.0009683143580332398,0
Q0WPR6:F4IUG1,0.0015794882783666253,0
Q9LTV9:Q8L940,0.008540580980479717,0
Q9M0X3:Q9ZQQ9,0.0012448852648958564,0
F4IBY8:Q8L726,0.0023193792439997196,0
Q9M0W4:Q3E9I4,0.0036407634615898132,0
Q9ZUM9:Q9LW29,0.014567202888429165,0
O82381:Q9FIX3,0.006421308498829603,0
Q9M9H7:Q570M0,0.0022138613276183605,0
Q9SL70:Q9FFJ9,0.07614847272634506,0
Q9LQZ5:F4KII1,0.002365371910855174,0
O23088:F4JBG1,0.0016097344923764467,0
Q9LIA2:Q9SIT3,0.0020514510106295347,0
Q8LKS5:Q9FYE2,0.004231399390846491,0
Q9SUN6:Q9SB60,0.0027383763808757067,0
Q9FNY4:F4IT95,0.01575562171638012,0
B3H4E1:Q84RJ7,0.0014940962428227067,0
A8MS31:P92964,0.0007851295522414148,0
Q9T070:P32746,0.13188675045967102,0
Q9C8F8:Q9ZW35,0.04696708545088768,0
Q8LBB7:Q9XIN3,0.004024556837975979,0
Q9C4Z6:P0CAY4,0.02438313700258732,0
P93024:Q06738,0.013547077775001526,0
Q8VZG1:Q9SL50,0.002146471291780472,0
Q9LK89:Q9C5C4,0.0026092499028891325,0
Q9STS7:A0A1P8BBA6,0.0010501219658181071,0
F4J5F9:O22164,0.0006641515647061169,0
F4HWG0:Q9SRE6,0.001088157994672656,0
Q2V3W5:Q9C9F0,0.0006399083649739623,0
Q9T0K3:Q67Z52,0.003470428055152297,0
Q945S8:Q9M907,0.0644356906414032,0
Q9SUS3:F4IY34,0.001833595335483551,0
Q1EBV4:Q04614,0.005233516450971365,0
Q949V6:O49687,0.05386769771575928,0
F4IIL7:Q9LSA5,0.0038171380292624235,0
F4JXW9:A0A178W7H0,0.004814039450138807,0
Q5HZ54:O80667,0.0008327262476086617,0
Q9XID1:O48890,0.0011196148116141558,0
Q93Y22:Q9LV95,0.018827930092811584,0
Q6DYC0:Q9FYK0,0.000997033785097301,0
O04643:O80535,0.0011261869221925735,0
F4JYP3:F4IEB6,0.0031274554785341024,0
Q93VA3:Q3ED38,0.003536192700266838,0
Q3EDK7:Q9C6K3,0.001860063523054123,0
Q9FE22:B9DHA4,0.0031429899390786886,0
Q9SJW0:O80943,0.0011416679481044412,0
Q9LUF3:Q9CAT6,0.0014540235279127955,0
F4IS76:P43298,0.002316547092050314,0
Q7FRS8:A0A1P8B013,0.0006561222835443914,0
O23235:Q9FZK5,0.00588970398530364,0
O65499:O49698,0.05509975552558899,0
O22286:O49383,0.0011094743385910988,0
Q8L604:A0A1P8BHB4,0.0008276330190710723,0
O24629:Q9ZQA3,0.0008222456090152264,0
Q9C6C7:O81826,0.0319136343896389,0
A0A1P8AUR3:Q9SKL6,0.0016844198107719421,0
F4IVU1:Q9LQ74,0.006131077650934458,0
Q9LNI3:Q9SY40,0.0023996015079319477,0
F4J5D3:Q9SN25,0.006204199977219105,0
Q9FGS3:Q9C8Q1,0.0013898377073928714,0
F4I3C6:F4J7G5,0.0009204613161273301,0
Q42545:Q93ZN5,0.029323691502213478,0
P27323:F4JCN4,0.028172269463539124,0
Q9FEN9:Q58CM8,0.44712868332862854,0
Q9SQY8:Q9FN33,0.030531812459230423,0
Q9STV4:Q9ZPH4,0.0018250736175104976,0
Q6NLR2:Q84TH4,0.000767277495469898,0
Q9SGT0:Q7FRS8,0.0022442222107201815,0
Q9LVS0:Q9LF27,0.01617838256061077,0
Q0WSX8:A0A1P8B2N5,0.0008798593771643937,0
Q9SL50:F4JYN2,0.014905852265655994,0
A0A1P8AZN3:Q93XM6,0.009496442042291164,0
Q94EJ3:Q6NPP7,0.0010919449850916862,0
A0A1P8ATQ1:Q9LIJ0,0.00065143610117957,0
F4J865:Q8L603,0.0009583551436662674,0
Q9SHQ9:A0A1I9LMU1,0.001132059725932777,0
Q9XGN1:Q9LYQ9,0.43204832077026367,0
Q39227:Q9XHZ8,0.00672835111618042,0
Q8VXY9:Q8W4R7,0.0010549331782385707,0
Q9LVC3:Q1G3B1,0.0016358107095584273,0
Q9SPI1:Q9LJN1,0.8645874857902527,0
Q5ICL9:F4IG63,0.010127411223948002,0
Q9XFD1:Q1PDW1,0.004243588075041771,0
Q9FIG9:Q9FID7,0.018583104014396667,0
F4KHM4:Q1G379,0.0011756321182474494,0
F4HP86:P37107,0.00537250516936183,0
F4JGI4:P0C7Q8,0.000764820259064436,0
Q84VV3:B3H7G7,0.0022706466261297464,0
Q1PF16:Q9LVM2,0.0021304215770214796,0
Q9FLQ0:Q9SV55,0.0025508550461381674,0
Q9C8Q1:Q9C7V3,0.001254291390068829,0
Q9XIA0:Q6NMC1,0.0019261818379163742,0
Q6IWB2:O23624,0.003022518940269947,0
P92534:Q8GY72,0.0006724486011080444,0
Q9LX28:Q9LFE3,0.0007027983665466309,0
Q9ZQR2:Q9C8F8,0.0018255636096000671,0
A0A1I9LQ53:A0A1P8BAJ1,0.0018141079926863313,0
Q39193:Q9C5V6,0.12112559378147125,0
Q8GW43:Q9CAN3,0.017185410484671593,0
Q8L403:F4JA77,0.0020791690330952406,0
F4HZ54:P17839,0.002181865507736802,0
Q9SJI7:B3H6K5,0.03930582106113434,0
Q9LNZ0:Q9LW53,0.0011298519093543291,0
Q9FHY7:F4JWQ4,0.00893643032759428,0
Q39079:Q39021,0.07159806787967682,0
B3H7A9:A0A1P8AYJ3,0.0006936274585314095,0
P0C899:Q9C950,0.011953634209930897,0
Q9LZX2:Q9LV91,0.005755388643592596,0
Q9SI75:F4IR54,0.0022340731229633093,0
A0A1I9LMX5:Q9SU67,0.01707567274570465,0
P56782:F4HYC8,0.0014546525198966265,0
O80607:Q8LE26,0.0008411239832639694,0
F4KDS0:Q9SRS1,0.000800827459897846,0
Q8GYP4:Q9T0L6,0.0058958581648766994,0
A0A1P8B4S5:Q0WVZ7,0.001700258464552462,0
Q0WRE7:A0A1P8B415,0.0008092831703834236,0
Q8RY81:Q9FMV7,0.015088639222085476,0
F4I562:Q949X1,0.011003175750374794,0
P36428:Q9M0V4,0.005547742825001478,0
Q8LAV5:F4IQ29,0.008800864219665527,0
Q94AX4:C0LGM1,0.0028899989556521177,0
Q9C5W0:Q9FMP0,0.0008738762699067593,0
Q9LNF4:P38418,0.005226741079241037,0
Q941L2:Q3ECM9,0.0009476054692640901,0
Q56YQ1:F4I8H8,0.0008450976456515491,0
O48963:O80958,0.0037431635428220034,0
Q38822:Q8L4N1,0.028821099549531937,0
Q0V7X4:Q06AN9,0.011695222929120064,0
Q8GXB7:O22230,0.002308853669092059,0
Q9FHF5:F4J921,0.0010210260516032577,0
Q9SZ51:Q9SRX7,0.0014576296089217067,0
Q8LGI3:Q5PNU3,0.1094638854265213,0
F4KDY1:Q9SF52,0.004286897834390402,0
Q9LT89:Q8RYD3,0.042052559554576874,0
Q9ASQ2:A0A1P8B5H9,0.0006357744568958879,0
Q9SW23:Q9FJ33,0.00096605543512851,0
Q9SUM3:Q8LA14,0.0028946816455572844,0
Q9AR07:A0A1P8BER7,0.0013463515788316727,0
Q9SZG2:Q9LF24,0.005288850050419569,0
Q9LFV5:O82760,0.001369136618450284,0
F4HS78:A0A1P8ANL4,0.0007247110479511321,0
A0A1I9LQL9:Q93VT9,0.0010032147401943803,0
O80961:Q9LP80,0.0023220235016196966,0
F4JUQ2:Q8GXV6,0.0008157334523275495,0
A0A1P8BG25:Q9ZVM3,0.02380233258008957,0
Q9S829:F4K329,0.18660762906074524,0
O23624:O80634,0.05693648010492325,0
Q9LFL7:Q9SMP0,0.057196784764528275,0
F4IST2:P57751,0.004639835096895695,0
O65665:Q9FHA7,0.06483133882284164,0
B3H7C4:Q9M8Z7,0.002017241669818759,0
P93005:Q93ZN4,0.03775310516357422,0
Q94JL3:Q94FT2,0.0017282722983509302,0
P92556:O49608,0.0006947165238671005,0
Q2V4A4:Q9LNT9,0.0019435369176790118,0
Q9T075:Q9SL91,0.04139149188995361,0
Q0WMY5:P56784,0.002814055420458317,0
Q5Q0I0:Q3MV14,0.00091497105313465,0
P92564:Q1PFS7,0.0013114268658682704,0
Q8GXY9:Q8LF89,0.0008354568271897733,0
F4JU08:Q9FML2,0.044705260545015335,0
Q8LGG0:Q9S7P4,0.0007496427861042321,0
Q9LIL5:P46897,0.007295741233974695,0
O64837:O23006,0.0009938891744241118,0
Q9M1J0:P26288,0.0019054070580750704,0
Q84TD6:Q1G3B3,0.00178381463047117,0
Q9C803:Q9ZT17,0.021241681650280952,0
Q9ZWC5:A0A1P8AXS6,0.001209217356517911,0
Q9SQN9:F4IIA9,0.0006129660177975893,0
A0A1P8B013:Q8GW46,0.0006969759706407785,0
Q9LW60:Q9SY17,0.0011685515055432916,0
Q9FV53:Q9LPN6,0.007084798999130726,0
Q8GT78:Q9SXA9,0.0013090178836137056,0
Q9SSM2:Q9SZE0,0.0012691746233031154,0
Q9XEC1:A0A1I9LMX5,0.004634224344044924,0
Q1PE51:Q9M2N5,0.0031863015610724688,0
F4K1C7:Q8VWK4,0.010954611003398895,0
Q06738:Q9SJZ6,0.0036345345433801413,0
Q9SII9:A7XGN8,0.21224091947078705,0
Q84R17:F4JG03,0.009979032911360264,0
Q9FIR9:Q9CA27,0.0033417888917028904,0
Q56XM9:Q9SIP9,0.0014697257429361343,0
Q9C7X2:A0A1P8AW76,0.0018783729756250978,0
Q8GWW7:A0A1P8ANS8,0.0015313286567106843,0
Q8GWV0:A0A1P8B2J0,0.0009463421883992851,0
F4K6C3:Q9FIW6,0.0009052336099557579,0
Q93VT9:Q93Z27,0.0010466593084856868,0
Q67XT7:Q9LQ28,0.004201921168714762,0
Q9FY90:F4ITP6,0.00399361876770854,0
Q9XI46:Q8RWG0,0.000926475040614605,0
Q9M0Y6:F4IT83,0.0018522065365687013,0
Q9SI57:Q9FG81,0.000707891711499542,0
Q9ZR09:A0A1P8BF70,0.0034513012506067753,0
Q0WNX3:Q9M9Y4,0.041868653148412704,0
Q9FG97:Q9LSR5,0.0009434972307644784,0
F4JUF8:P35632,0.0014009794685989618,0
A0A178UA35:B3H6G9,0.007333114743232727,0
Q94CJ5:Q9LU43,0.0009339768439531326,0
Q94JT5:Q9ZUK9,0.0014976350357756019,0
Q9LV88:O48788,0.0040746890008449554,0
Q9SU89:Q39162,0.005316053982824087,0
Q9SF38:A0A1P8AY68,0.000588531547691673,0
Q9C7V3:F4I9V0,0.010989852249622345,0
Q8H0V1:B3H6X1,0.0007811670075170696,0
Q94K21:Q1G3F1,0.0006213687593117356,0
Q9ZVI2:Q9FJH9,0.0027922389563173056,0
Q9SJ47:O04254,0.0006977004813961685,0
F4IDQ5:Q84UU4,0.001377155422233045,0
Q39138:Q9M8T3,0.005888383835554123,0
Q9SZN1:A0A1P8B1G7,0.006242732051759958,0
Q9FJL3:Q9C843,0.08717203885316849,0
Q0WT61:Q8RWT4,0.0023144972510635853,0
Q9LQF2:Q9ZUN8,0.016274938359856606,0
F4IMA4:P27323,0.05437512323260307,0
Q9M8T8:Q8VXX4,0.0015730075538158417,0
Q9SVQ3:Q9S7I4,0.0026280723977833986,0
Q58G57:Q9T055,0.0006592906429432333,0
F4K4X2:Q9M2Q2,0.0008650482050143182,0
Q8LBZ4:Q84VQ1,0.004425729159265757,0
P32068:F4IDQ5,0.0013620969839394093,0
Q3EBI7:Q9M1V3,0.003218861762434244,0
Q9LPD9:Q2V3J1,0.0011503236601129174,0
Q9LUL4:Q9M2C9,0.04118683189153671,0
Q84TH4:Q3EDK7,0.0014320568880066276,0
A0A1P8APR3:Q9ZRA2,0.000613520503975451,0
F4JDL5:A0A1P8B760,0.0013061938807368279,0
Q8H103:Q1EBV6,0.003495806595310569,0
F4JYE9:F4J3S1,0.0010970808798447251,0
Q9C6U7:O80568,0.05303538963198662,0
Q93VB2:Q9C790,0.012000756338238716,0
A0A1P8BDN2:Q940P8,0.0014298211317509413,0
F4HU51:A0A1P8BGI7,0.0215145293623209,0
Q9SFY8:F4KHE3,0.0007509303977712989,0
Q9LT25:F4J3N4,0.055743008852005005,0
F4J4P1:A0A1P8AXR7,0.0009235375910066068,0
Q9FRL5:A8MS31,0.001014923444017768,0
Q9SFG3:Q9SQZ9,0.0015676467446610332,0
F4J3Z2:F4K725,0.006775349378585815,0
Q9LW63:Q9CAE8,0.0015851889038458467,0
A4FVP6:A0A178V266,0.007477437146008015,0
Q05466:Q9S9P1,0.0039619687013328075,0
Q1G385:Q9SSM3,0.0007763819885440171,0
F4IQ29:Q9M0H9,0.001214491669088602,0
Q9ASP6:Q9C771,0.11552818864583969,0
Q9ZQ68:F4I7Y9,0.008464883081614971,0
B3H6X1:Q940H5,0.0006685582338832319,0
Q8GYE6:O64837,0.0015518637374043465,0
Q9ZSJ6:Q9LSJ1,0.0016478821635246277,0
Q8VYH0:Q9SH17,0.004411849193274975,0
Q9LSZ5:O49420,0.061748433858156204,0
Q9LM48:F4JXW9,0.0017921131802722812,0
F4I4F2:Q8LDV4,0.0820317268371582,0
O22846:Q9SX99,0.004889091942459345,0
Q9FHL9:Q8GUT5,0.004719472024589777,0
Q9M292:Q9FRL5,0.001426810398697853,0
Q1H5B1:Q9FKQ9,0.0016155788907781243,0
Q9CAL3:Q9SZG2,0.0028765469323843718,0
Q8GWE6:A0A1P8AVN5,0.002891525626182556,0
F4JH53:O82248,0.22519980370998383,0
Q8H112:P93009,0.0016035855514928699,0
Q9FKU2:Q9SY57,0.07407032698392868,0
Q8H1Z0:Q94ID2,0.02763042412698269,0
A0A178UG69:Q9ZQL1,0.028314486145973206,0
Q8RXG5:Q9CAP2,0.0009523305343464017,0
Q9SS87:F4HU58,0.0012831960339099169,0
Q9SJY3:Q9LE56,0.001447400194592774,0
Q9SIT3:Q9M0C2,0.0006468922947533429,0
Q9FHW2:F4KEP6,0.009443600662052631,0
Q9LMC0:Q9SAU9,0.0013181340182200074,0
Q6R053:Q9FMQ2,0.010493467561900616,0
Q9FI09:Q9SJV6,0.0014152509393170476,0
Q9M281:Q9FIT2,0.000672042544465512,0
F4IY04:Q58G10,0.0009046941413544118,0
F4J379:P62090,0.0012400737032294273,0
Q9LPW6:O81127,0.296481192111969,0
O04336:Q9LXV2,0.08723777532577515,0
A0A1I9LSC0:Q9FGR7,0.01835203543305397,0
A0A1P8AQV4:F4JCH0,0.0005920620169490576,0
Q9SEZ6:Q9SVZ0,0.002509094076231122,0
Q9C5C4:Q1G3L5,0.0011455387575551867,0
F4JRN0:Q9FI09,0.0010518854251131415,0
O82659:Q9MAN1,0.015386528335511684,0
Q9FRS4:Q9FYF8,0.014560398645699024,0
Q93VH6:Q9ASW4,0.02926790527999401,0
Q0WR66:Q9LSM5,0.005256313364952803,0
O82813:Q9SUR9,0.006047275848686695,0
Q9LU05:P0DH85,0.03454093262553215,0
Q9FFJ3:O49627,0.015290613286197186,0
F4K250:Q9LZ08,0.004791822284460068,0
Q2UVJ5:Q8GYL4,0.0006767407176084816,0
Q6E297:A0A384L1W6,0.002490689279511571,0
Q9LV38:Q67Y01,0.001590705825947225,0
Q8VZQ8:Q9C9R6,0.013237589970231056,0
Q9LSN5:A0A1P8B3M4,0.005239665508270264,0
Q39024:Q94F04,0.05661054328083992,0
Q9ZVK9:Q9LQ83,0.0009052015957422554,0
Q9FE67:Q94K91,0.00560756353661418,0
Q9FZH9:F4I806,0.0023648960050195456,0
F4HWA5:O64733,0.0034491128753870726,0
F4KD71:Q39138,0.00391022814437747,0
Q8RXY0:Q8W420,0.018546372652053833,0
Q9LJL6:Q9LDY2,0.001194411190226674,0
Q9LT68:Q5Q0I0,0.0015718945069238544,0
Q6NQA0:Q0WRX7,0.021807139739394188,0
Q8LBA6:Q5E911,0.016521180048584938,0
Q8VYD6:Q9XFR5,0.08660764992237091,0
Q5W9E7:Q8L981,0.0036190084647387266,0
Q94BN2:Q9LMK5,0.02305757813155651,0
O23157:A0A1I9LSZ8,0.04656808450818062,0
Q9LZD1:A0A1P8B6A7,0.04419788718223572,0
F4IFT7:Q1G3Q9,0.0007933241431601346,0
Q9FK30:Q41916,0.006408629007637501,0
Q9SND3:Q9MAI5,0.0023160490673035383,0
Q9ZPV4:Q38850,0.0014533968642354012,0
F4JKZ9:Q9SVD1,0.002384902909398079,0
Q8L8M9:Q8GZA4,0.002027345122769475,0
Q9CAW4:Q9ZUU2,0.005895157344639301,0
O24606:Q9C9T4,0.017363017424941063,0
Q4VP08:Q689D6,0.0006912260432727635,0
Q3ECU8:A0A1P8AS86,0.06768105179071426,0
B9DFU2:F4JUQ2,0.0009070932283066213,0
Q9SU34:Q9SUC0,0.0035727154463529587,0
O23177:P21238,0.020996546372771263,0
Q8GXW1:Q08298,0.005228885915130377,0
P21238:Q940A6,0.08311746269464493,0
A0A1I9LN10:O81000,0.0009032079833559692,0
Q9FFR6:Q9SJ29,0.0010655170772224665,0
Q6NNH0:O22152,0.0035848275292664766,0
Q9SVW0:F4IRC9,0.0010296900290995836,0
Q9FMR0:Q682U6,0.0017561223357915878,0
Q9FYE2:Q9SZT0,0.01381367165595293,0
F4J139:Q8LCN5,0.0017262271139770746,0
F4J956:Q9CA93,0.0006319026579149067,0
P29381:Q9LZD1,0.10507770627737045,0
Q8VZR0:Q8RXK3,0.008177325129508972,0
Q94CL6:F4K2R6,0.002339737256988883,0
P93293:Q9SYA7,0.0009523172047920525,0
Q949X1:Q9LZI7,0.0014478863449767232,0
Q9T028:Q9ZQ78,0.0011436413042247295,0
Q9LHK9:B3H670,0.0008289357647299767,0
Q9LVA2:Q9SNA6,0.0017407445702701807,0
Q9M282:Q1G401,0.0006685725529678166,0
Q940H5:Q9M2W0,0.0008231053943745792,0
F4JEQ6:Q9SUZ4,0.002944085979834199,0
Q84JE8:Q1G3U5,0.0006843049195595086,0
Q1H5D2:Q93WA2,0.0014698633458465338,0
A0A1P8BF06:Q56XM9,0.0006401214632205665,0
O64717:B3H5T1,0.0007820565369911492,0
F4HYA7:Q3EC92,0.0013985667610540986,0
Q9FIZ1:Q8GXI9,0.3965451717376709,0
Q9SK39:Q29Q74,0.0023771028500050306,0
Q9FJ55:Q9FIR9,0.10510756075382233,0
Q6DBN3:P20649,0.006005686242133379,0
Q9SXP7:P0C899,0.03990017995238304,0
O22161:F4K4X2,0.002000433159992099,0
Q9ZSK1:A8MQL5,0.0011163573944941163,0
Q9LT09:Q6NLU2,0.005423312541097403,0
Q9M2D8:A0A1P8B2W3,0.0009791672928258777,0
Q9M8Z7:A0A1P8AP43,0.010705473832786083,0
Q9LHI5:Q8RU59,0.04109368845820427,0
Q9LUU5:A0A178UN96,0.0007171730394475162,0
F4ICS6:Q9LVG8,0.03441106528043747,0
Q56YJ7:Q96251,0.0007167790899984539,0
Q9SKI5:Q9M565,0.0019503862131386995,0
Q9SYG4:Q8L467,0.18054823577404022,0
Q9S7U7:Q9LIB5,0.0041638510301709175,0
Q9FKF5:Q2V3Z5,0.005472325254231691,0
Q9ZPY1:Q9C5W0,0.0018839248223230243,0
F4I9U3:Q93ZB0,0.0007798956939950585,0
Q9XIQ9:Q1PE70,0.002439044415950775,0
Q84TH8:Q9FKC5,0.006451611872762442,0
B3H646:B3H779,0.001062169554643333,0
Q9LI85:Q9SEZ6,0.000984420534223318,0
Q2V4J8:Q680Q4,0.0017583704320713878,0
F4J412:Q8H0W0,0.0012985743815079331,0
Q8H133:Q2UVJ5,0.0031867155339568853,0
Q9LW77:Q9M282,0.0013387243961915374,0
O80438:F4JSC0,0.0712127536535263,0
Q5UBY2:Q9C763,0.0011686835205182433,0
Q944Q0:Q9CAQ2,0.12286808341741562,0
Q9FHC2:F4J4P1,0.0011837651254609227,0
Q38833:Q9ZWA2,0.0026008596178144217,0
F4JBC7:Q7G8T1,0.006151700858026743,0
Q9LMT1:Q1EBV4,0.00823019165545702,0
Q9ZUK9:Q8H0V1,0.0028931298293173313,0
O64698:Q9LYE2,0.005733514670282602,0
P0DKI6:O82503,0.05714068561792374,0
Q9M2E4:Q2HIV3,0.0014768409309908748,0
F4JHJ3:F4JEQ6,0.0008833428146317601,0
A0A1I9LNE1:Q8W489,0.0010228067403659225,0
Q56XU4:O49545,0.003690722631290555,0
F4JEV5:Q94AG2,0.03769196197390556,0
Q8VZP4:O04294,0.007683821953833103,0
Q9M0C2:Q9LZQ2,0.0011298430617898703,0
Q93Z27:F4IZ80,0.0016059937188401818,0
Q9T0A4:F4JY74,0.0007545104599557817,0
Q9LQT8:Q9LKI5,0.004277929197996855,0
Q9FMK7:O48529,0.001376546686515212,0
Q9C749:P92518,0.001029899693094194,0
Q9SSS6:Q9FJ67,0.0008873444166965783,0
Q3EDB7:P82795,0.000954518502112478,0
Q9SZA2:F4IUT4,0.011857102625072002,0
Q58FY6:Q9SN12,0.003956636879593134,0
Q9C942:Q9FXA3,0.0029347252566367388,0
B3H4T5:Q5W9E7,0.0008917141822166741,0
F4IR54:Q9FXA9,0.0029239465948194265,0
Q93VQ6:A0A178W169,0.0009888422209769487,0
B0F9L4:F4I2R3,0.023893436416983604,0
Q7X9H5:F4HWK0,0.0010536669287830591,0
Q08AA8:Q9LK55,0.003657004563137889,0
Q8L6Y1:Q8S8R6,0.0030463337898254395,0
Q9M9A8:Q7Y211,0.005227381829172373,0
Q2V346:F4JDR1,0.0007062677177600563,0
Q5XV94:B3H432,0.000758408394176513,0
Q08891:F4K8I3,0.0015298629878088832,0
Q9SKH8:Q9M7Z1,0.0016283929580822587,0
Q1G3Z4:A0A1P8BCA0,0.0008772546425461769,0
F4JQT4:O22909,0.0008421914535574615,0
Q9LZI7:F4I458,0.010460860095918179,0
A0A1P8AQA9:P59467,0.000882652762811631,0
O82595:F4HR02,0.127616748213768,0
P28148:O82302,0.04231136664748192,0
A0A1I9LP79:F4JUA6,0.0010847802041098475,0
Q07356:Q9C6K1,0.0010204147547483444,0
Q9SIC3:B9DF92,0.07275160402059555,0
Q8VYC9:Q9CA46,0.005775866564363241,0
Q9LUJ7:Q8GYH1,0.0029501875396817923,0
A0A1I9LLN7:A0JQ00,0.0007515898323617876,0
Q9SD25:Q9LTZ9,0.0015625972300767899,0
Q9SYH1:Q9LMH6,0.00739679578691721,0
Q2L6T1:Q6NLU6,0.0007938453927636147,0
Q9FLS9:A0A1R7T3J3,0.0017981227720156312,0
Q9LXQ5:F4JPQ4,0.0007735408726148307,0
Q1ECQ5:Q9ZVC7,0.0009608619729988277,0
Q9LKG8:Q9FHS0,0.029410172253847122,0
Q9M2U6:Q9FZH9,0.0006686353008262813,0
Q9FN35:Q9FGW6,0.0010118918726220727,0
O49608:Q9FHK4,0.016229839995503426,0
B3H6G9:Q9STE8,0.0031463138293474913,0
F4K627:Q9FFZ2,0.002269086195155978,0
Q8RWE7:Q8GUN5,0.005145775619894266,0
Q9ZWS9:F4HRC0,0.0027038382831960917,0
O22683:Q8H1Z0,0.002985566621646285,0
A0A1P8BAW7:O49436,0.004250241443514824,0
Q9SJG6:Q9M9E2,0.687393844127655,0
P26288:B3H4R7,0.07483712583780289,0
P82726:B3H6J5,0.0009468672797083855,0
Q84VQ1:Q9LP03,0.0015724924160167575,0
P41151:Q8W4S5,0.042240168899297714,0
P82782:A0A1R7T3I3,0.011517670936882496,0
A0A1P8B1D7:Q2V3X3,0.0012813706416636705,0
A0A1P8BCA0:Q9SB92,0.0017353392904624343,0
Q9FHA2:Q9LKZ3,0.2553439438343048,0
Q38885:Q9FGP9,0.23532362282276154,0
Q9FME3:Q9SR00,0.01301005482673645,0
F4IFF3:Q9SYJ8,0.013654506765305996,0
Q5BPP4:Q8LBF7,0.0010787983192130923,0
F4IPV3:A4FVP6,0.011823105625808239,0
Q9SMR5:Q9M0X1,0.0026528225280344486,0
Q9SR00:P0DKG5,0.006008035968989134,0
Q9XGZ2:Q9M8M1,0.0022747430484741926,0
A0A1P8B9R8:Q9FMB4,0.009139236994087696,0
Q9FJV0:Q9SK69,0.02988475374877453,0
C0LGN2:Q8RWY1,0.001045084442012012,0
A0A1P8BEG6:Q9LD83,0.0012532040709629655,0
F4JG98:Q9SS48,0.0017042029649019241,0
Q9LTX0:F4JVA4,0.0011846546549350023,0
F4IIE7:O23085,0.000606690242420882,0
Q9SCX9:O80800,0.21550217270851135,0
F4K5V9:F4JKW0,0.001661456422880292,0
Q9LF88:F4J5G5,0.003309464082121849,0
Q3E880:F4HYH6,0.0016809797380119562,0
Q6XAT2:Q9LU68,0.0006612808792851865,0
Q3EC19:Q9LF68,0.001160180545412004,0
Q8S8N3:Q8LC03,0.0018811902264133096,0
Q9C9A0:F4HPS6,0.03605888411402702,0
F4K5P3:Q8VYV7,0.0021458861883729696,0
Q9SK71:Q9SYK0,0.0027121263556182384,0
Q9ZQP5:Q8RXT5,0.007102177944034338,0
Q6DBQ2:Q7X9H5,0.0008034134516492486,0
Q9M9G7:Q9FG85,0.006146541330963373,0
A0A1P8B8B4:Q8S9M3,0.0008883666596375406,0
Q8LAA7:A0A1P8B9R8,0.0009101824834942818,0
F4I6B2:Q9LXB4,0.003769861301407218,0
Q8GXF0:O64855,0.013036489486694336,0
Q9LZW2:Q8LGI3,0.005732921417802572,0
Q8GWP4:F4HR31,0.0011817881604656577,0
Q38829:Q9LV70,0.001929998747073114,0
Q1JPP8:Q8LKS5,0.0028904739301651716,0
Q9XIH1:Q9SV26,0.00469802413135767,0
Q9SCZ5:F4KAB8,0.0054956902749836445,0
Q9M042:P09468,0.008100633509457111,0
Q9ZW89:Q9LXD8,0.008484194986522198,0
Q66GP9:Q3EBM5,0.0010298489360138774,0
Q9FKQ6:Q9ZR09,0.012213895097374916,0
Q9LTH4:Q84K51,0.006366895046085119,0
Q9SVW3:Q9LF66,0.0014918484957888722,0
Q8GWY0:Q9LF40,0.0007015796727500856,0
Q9SCU7:Q9FFR5,0.004804296884685755,0
Q9FID7:Q8L8Y3,0.026286808773875237,0
B3H4F7:Q9LND4,0.0007405178039334714,0
F4I4E1:Q9FFI9,0.0012677895138040185,0
Q8L7G0:Q9FI94,0.007849767804145813,0
Q9C7F0:P56778,0.004468225874006748,0
F4IT95:P93822,0.017602387815713882,0
B9DF92:A8MQX5,0.0008804338285699487,0
Q9FFY4:Q9SAC4,0.0008910186588764191,0
Q9XI57:Q9LSE2,0.003841003868728876,0
F4I499:Q8LGS1,0.0014074885984882712,0
Q94AX3:Q6AWW7,0.0013138835784047842,0
Q8GW46:A0A1P8APW5,0.0006388319889083505,0
Q9SMZ2:Q9M190,0.014315063133835793,0
Q9XI36:F4JYE9,0.003723839297890663,0
Q0WUB8:Q8VYN3,0.0008980793063528836,0
B3H5D1:O65436,0.002334982855245471,0
Q3EC43:Q9SFU5,0.0005970115307718515,0
F4KI39:F4K383,0.0008592614904046059,0
Q9M0D8:Q9FJY1,0.0069250925444066525,0
A8MQN4:A0A178VYP6,0.003833155846223235,0
Q9FGJ3:Q8GY06,0.01978602260351181,0
O22182:Q4VP08,0.0007606568979099393,0
Q9SYK0:B3H7G8,0.0014851881423965096,0
Q9C7E7:F4IBY8,0.0051599242724478245,0
O23085:F4J4N3,0.00500014191493392,0
Q93YN4:Q8GXF0,0.005570022854954004,0
F4IMQ0:Q9SKU6,0.0020159203559160233,0
Q8VY08:P93284,0.0006630830466747284,0
Q9LSB2:Q8LEE9,0.0012320306850597262,0
Q9C9H9:Q9ZVT0,0.004079221282154322,0
Q5MK24:B3H7H8,0.0006030736840330064,0
Q8GWJ4:F4HZB9,0.0026521054096519947,0
Q9SN25:Q9FFK1,0.00365462526679039,0
Q9FYL2:Q8VZE4,0.006303822156041861,0
F4JVA4:F4HS13,0.0025240499526262283,0
O65423:Q93ZI5,0.0014152044896036386,0
Q0WPD9:F4I3G0,0.0009901266312226653,0
O65655:Q9C717,0.039871614426374435,0
O48721:A0MDQ1,0.04837082698941231,0
Q8LFA9:Q8RW90,0.0022601664531975985,0
Q9FFR5:Q941I2,0.0018089324003085494,0
Q1PE70:Q9SKH6,0.0012585194781422615,0
A8MQ79:Q8LPL5,0.0019078294280916452,0
O49627:Q9S7M2,0.010392085649073124,0
Q9SWE5:F4IB55,0.0007351438980549574,0
O22798:O82631,0.021765897050499916,0
Q9SMP0:Q8VYG5,0.12269260734319687,0
Q93ZB0:Q9C567,0.0008124271407723427,0
Q9ZVC7:P11574,0.002015439560636878,0
Q8GY72:Q9FKU2,0.0007583458791486919,0
A0A1I9LSB3:Q9ZWB4,0.0005818912177346647,0
Q84UU9:F4JCI4,0.005965547636151314,0
Q9SKU6:O49195,0.0033208036329597235,0
Q9SB36:Q8RWE1,0.04840674623847008,0
F4IDU9:Q8H0Z9,0.0010858038440346718,0
Q9FN69:F4I3C6,0.07398910820484161,0
O64565:Q9SKT0,0.0020412863232195377,0
Q9FHI6:Q9LXU9,0.004321009386330843,0
P56755:Q9LXL7,0.0010419398313388228,0
Q9ASS4:Q9ZP54,0.0029561412520706654,0
A0A384L1W6:B9DHT4,0.009811400435864925,0
Q9SH55:Q9M2D8,0.0011713186977431178,0
A0A1P8B3C0:A0A1P8B144,0.0008012604084797204,0
Q9FIV5:Q8LPR8,0.002384232124313712,0
Q9LSM5:O49668,0.002260359236970544,0
F4IBV1:Q1PET7,0.0020806030370295048,0
Q1PET7:Q9FML9,0.001152724027633667,0
Q8VYD2:Q680L3,0.0015149664832279086,0
Q9SIN9:Q8VZ95,0.0033853822387754917,0
P62090:Q9FX58,0.0020987214520573616,0
Q9LIJ0:O80575,0.0009183810907416046,0
Q9SAF1:Q0WWE3,0.12987764179706573,0
F4KIU0:B3H612,0.0006561237969435751,0
Q9LF27:Q84J71,0.34760066866874695,0
Q9LTD4:Q93ZR3,0.011534376069903374,0
Q9M9H4:B3H5M8,0.005005670711398125,0
B3H784:F4KAD6,0.0008153643575496972,0
A0A178V0W2:Q0WUB8,0.001338597503490746,0
Q2V3K2:F4JRP8,0.0007618982926942408,0
Q8GWG6:Q39253,0.02820739522576332,0
Q8RXC0:Q2V397,0.0013041014317423105,0
Q9C7X6:Q8S8G6,0.0008558311383239925,0
F4IY04:Q8GXR6,0.0016205536667257547,0
Q9FL03:Q682U6,0.026022139936685562,0
Q94C53:Q56Y42,0.0024204386863857508,0
Q6NKN2:Q9M358,0.008132089860737324,0
Q9FNA3:Q84R17,0.0010846225777640939,0
Q3EDK6:Q682G3,0.0062085832469165325,0
Q9SN61:Q8LE92,0.00137592654209584,0
Q7XBQ8:A0A1I9LM80,0.0006946484209038317,0
Q94AV5:F4JR96,0.003276582108810544,0
F4ICX5:P46601,0.0015745976706966758,0
Q9FLC1:A2RVJ6,0.0005993760423734784,0
Q1G3M8:Q9CAP2,0.002197106136009097,0
Q94AD1:Q9LST3,0.042643122375011444,0
Q9C5W0:Q9M073,0.001048495527356863,0
F4J917:F4IXJ7,0.004949969705194235,0
F4IR54:Q8VYF0,0.0015476909466087818,0
Q7Y220:Q8H112,0.001878919661976397,0
B3H4L6:B3H428,0.0014067990705370903,0
F4HWT6:Q8LPI7,0.05082264542579651,0
A0A178VU28:Q39083,0.0018053019884973764,0
Q1G3M2:Q84RK2,0.0017180629074573517,0
A0A1P8AW76:Q9LDE2,0.014935840852558613,0
A2RVN2:Q9ZRA2,0.0031519855838268995,0
F4IRC9:B3H7N2,0.0008693739655427635,0
Q9SVD1:O81047,0.0027693354059010744,0
A0A1P8APW5:Q9SL91,0.0007644056458957493,0
Q2V4J2:Q94AQ8,0.0007945350371301174,0
F4IJF2:O80470,0.0007194758509285748,0
P61843:F4KA19,0.010830455459654331,0
O04590:Q41916,0.00368129531852901,0
Q9LZV9:Q67YT8,0.001725786249153316,0
F4I4E1:F4KE63,0.012720157392323017,0
Q9ZPY1:B3DNP3,0.0015562173211947083,0
O82197:O22264,0.0038636010140180588,0
Q9SV30:O23683,0.008782799355685711,0
Q9T0B1:Q8RY65,0.0013744612224400043,0
Q8W4S5:Q9SJW0,0.002845039591193199,0
Q9FRI5:F4JVA4,0.004650219343602657,0
F4I9I5:Q9FGP1,0.0006724850391037762,0
Q8GY60:Q9FKM4,0.0034179002977907658,0
Q8GW17:Q6XAT2,0.0011363861849531531,0
A0A1P8AS86:Q9MAN1,0.05794007331132889,0
Q6NKS4:Q9ZQL1,0.0009617956238798797,0
Q8W4C3:Q9SVH7,0.004261008929461241,0
Q9LVG8:Q9SU91,0.0011616818374022841,0
F4I7Y9:Q1PFS7,0.012581445276737213,0
Q9FZH9:Q9S9T4,0.0007861532503738999,0
O80513:A0A1P8B280,0.023140782490372658,0
Q84MA1:Q9FRS4,0.0014097692910581827,0
O80365:Q94AQ9,0.0019335858523845673,0
A0A178VI87:Q9SJH6,0.0014534535584971309,0
D2WL32:F4JXP4,0.0010614724596962333,0
Q8GY84:Q9FJA2,0.4532832205295563,0
Q6NLU2:Q9SZG2,0.0016090127173811197,0
Q38833:A0A1P8B0Q4,0.0021085385233163834,0
Q9S763:A0A1R7T3B3,0.02348281629383564,0
Q93YV6:Q9M811,0.04289025068283081,0
Q9LY96:B3H7A9,0.0014401325024664402,0
Q9SKB2:Q9FHT6,0.009774989448487759,0
A0A1I9LNH8:Q9LYV3,0.0014787366380915046,0
P0CAY4:Q9FLN8,0.000932561990339309,0
Q9LVD3:Q9ZT17,0.0018187642563134432,0
O64903:Q93ZE3,0.006527199875563383,0
Q9FZG2:A0A1P8B4T0,0.009268423542380333,0
Q9STV4:Q94K73,0.026703497394919395,0
Q58FY6:Q8W2F3,0.002290356671437621,0
Q93ZN4:Q0WPG1,0.007245223503559828,0
Q17TI5:Q9S7I4,0.006746273022145033,0
Q9LFE3:O65423,0.0026457880157977343,0
F4HZ54:Q2V3J1,0.000869430776219815,0
F4JR96:Q93WD7,0.002895422512665391,0
O04336:P92554,0.0007456212188117206,0
Q94F04:Q9C9F0,0.0010528212878853083,0
Q93WB2:F4JG03,0.010052981786429882,0
Q6NLR2:Q0V7S1,0.0009526093490421772,0
Q9LRQ0:A0A1P8AQA9,0.0013101872755214572,0
Q6NLU6:Q944Q0,0.00301101035438478,0
Q9T0E5:Q9FLI3,0.0019083854276686907,0
O82319:Q1PE70,0.001324723707512021,0
P82735:F4I6Q0,0.0009811439085751772,0
Q9SJ60:Q9SR35,0.0060149370692670345,0
P40228:Q940K6,0.008474062196910381,0
Q9SFU5:Q8RWT4,0.0012853526277467608,0
Q2V371:Q8L7H8,0.0008614535327069461,0
Q8W4E1:O64560,0.38201847672462463,0
P92518:Q9C778,0.00721248984336853,0
Q9LVC4:Q9LZ08,0.005738017614930868,0
Q8GYL7:Q9C9R6,0.006409075111150742,0
O64562:Q500W8,0.0014983483124524355,0
Q8H181:Q9LNE6,0.005852266680449247,0
Q9LZP4:Q9FN33,0.0017011696472764015,0
F4I3E6:O82302,0.0015380184631794691,0
Q9ZPH4:Q9LZ82,0.0011783135123550892,0
O04203:F4J1U2,0.0015990168321877718,0
Q9C584:Q9SHS2,0.003121246350929141,0
Q9M1J0:F4ITP6,0.005760886240750551,0
Q9SRD8:F4JP79,0.0007353551918640733,0
Q9FJI2:Q9MA50,0.002724758582189679,0
F4IIE7:Q9SYG4,0.0005969039048068225,0
Q9LIJ0:Q9CAM7,0.002969098975881934,0
F4IZ03:Q9CAN3,0.005775270983576775,0
Q8GY88:A0A1P8AUX0,0.0007538652862422168,0
Q6XAT2:F4JFY6,0.0006321755354292691,0
Q5Q0C8:Q6NPM5,0.0007261575083248317,0
Q9FL02:B3H6G9,0.0011214001569896936,0
Q5XET4:Q8VZL4,0.004056339617818594,0
Q8RUC6:Q3EDB7,0.002697406802326441,0
B3H5M8:P56788,0.0016325669130310416,0
Q8GXT3:Q9FG51,0.015080328099429607,0
Q9T069:Q96247,0.09139733761548996,0
Q9M9H3:A8MRM4,0.0014316972810775042,0
Q9LXL7:Q2V3C1,0.0009678429341875017,0
A0A1I9LLE1:Q94FT2,0.0008957989630289376,0
Q8GW46:Q9C5J8,0.0014701770851388574,0
Q8GYP4:F4JX46,0.0013532735174521804,0
Q682P6:A0A1P8AXR7,0.0007683811709284782,0
F4HT07:O82261,0.003361655166372657,0
B3DNP3:Q9SI63,0.0024528030771762133,0
O81915:Q04613,0.0034102618228644133,0
Q8VYR0:F4HYA7,0.003253032686188817,0
Q949X1:Q9LY03,0.0013882601633667946,0
Q9FFS3:Q0WWE3,0.002017571358010173,0
Q9LUP4:Q39238,0.07428648322820663,0
Q9C9A2:Q9SH55,0.00624092249199748,0
Q84JF7:Q9LRN8,0.4936021864414215,0
F4J4N3:A0A178VQ73,0.005549253895878792,0
Q9LW59:Q9LMT2,0.0033349504228681326,0
Q948R9:Q9LNF4,0.0020486353896558285,0
Q940F4:B3H4Z7,0.001011569402180612,0
A0JQ12:F4JYW4,0.0009257096680812538,0
A0A1I9LSP4:Q93ZB0,0.0015526607166975737,0
Q9FNK4:F4JJN9,0.0016105870017781854,0
Q9SZ51:A0A1P8B013,0.0006339431856758893,0
Q9FJ08:P32068,0.0006592701538465917,0
F4JGK7:B3H4F7,0.0010078283958137035,0
Q8RWW8:Q8L940,0.022784311324357986,0
Q9FME3:Q9LZR4,0.013310685753822327,0
Q9SSD6:F4HS78,0.019494399428367615,0
Q9ZR09:Q944K3,0.007938752882182598,0
O49698:Q9AR07,0.0012176648015156388,0
A0A1P8BF81:Q9SZN1,0.10329403728246689,0
Q9LI86:B3H7G7,0.003595353802666068,0
F4J551:Q9SVW2,0.0007347939535975456,0
Q9M1F6:O80667,0.0011350082932040095,0
B3H5C0:F4JPQ4,0.0008077885140664876,0
Q8VXX4:Q9S7T1,0.14234168827533722,0
Q9SV54:Q8S8N3,0.006200688425451517,0
Q9C875:Q8GWJ4,0.016636861488223076,0
Q9FFG5:A0A1I9LSP4,0.0029805132653564215,0
Q5HZ00:Q9SM23,0.009833203628659248,0
Q9C5C4:Q8GYD2,0.00951400212943554,0
Q9LF46:P27323,0.2716673016548157,0
Q8LDS4:Q4VP08,0.0006154581787995994,0
Q9C535:Q9LJ72,0.0068157571367919445,0
B3H6V9:A0A1P8BBB8,0.0006328813615255058,0
O23077:Q9LPR9,0.0033065956085920334,0
Q84TH4:Q9C8F8,0.009969552047550678,0
F4HQ84:Q9MAI5,0.01624112017452717,0
F4IYB7:Q0WMY5,0.0010149029549211264,0
Q5XVK9:F4KIL1,0.0049362508580088615,0
Q9FHY1:F4JN77,0.0007289513014256954,0
F4HTY0:A0JQ12,0.06702733039855957,0
Q9FFU5:F4KAD6,0.0007310244836844504,0
A0A1P8B415:F4J1W7,0.001784897642210126,0
Q8GZB4:P83291,0.001820354606024921,0
P0C0B0:D2WL32,0.012957732193171978,0
Q8L8M9:Q9C7T4,0.0017608962953090668,0
Q9LQI6:Q3EAQ8,0.000704171892721206,0
Q7XJJ7:Q8S8I9,0.0007386654033325613,0
A0A1P8AXS6:Q8LB54,0.0009176410967484117,0
Q9SWI1:Q9FJ33,0.0184513907879591,0
Q9FFX0:Q9ZUB5,0.0033110417425632477,0
P19172:Q9FLL3,0.0008978770929388702,0
F4I8H8:Q9M9Z2,0.011319410987198353,0
A0A1I9LTC6:Q9LYH4,0.0006733356276527047,0
F4HSB6:Q9LIB5,0.0007287428597919643,0
Q9FFJ3:A0A1P8B7R0,0.000806755677331239,0
O49653:A0A1I9LN10,0.028975918889045715,0
Q9FF17:Q9M0H9,0.0009587412932887673,0
Q9ZQP5:Q94AI6,0.0029321000911295414,0
Q84K72:Q9C6K3,0.02840285375714302,0
Q9LNC4:Q9LM58,0.008189566433429718,0
A0A1R7T3I3:P57751,0.009204144589602947,0
Q9ZQC8:Q8GXH5,0.0008484700811095536,0
Q1G363:Q9LER7,0.0013379346346482635,0
Q6DBD5:Q3E9D7,0.004012968856841326,0
Q9LXJ3:P0DKI6,0.051401685923337936,0
F4JZU2:A0A178V5Q1,0.002022932283580303,0
A0A1P8B3C0:F4JVM4,0.002936297794803977,0
Q9ZNU3:Q8H1Z0,0.0011696201981976628,0
Q84VW6:Q5BPP4,0.0014389160787686706,0
Q3EC43:Q8GXT3,0.0013929272536188364,0
F4I540:Q6DBN3,0.0006936720455996692,0
Q8S8E8:B9UY99,0.0007780342712067068,0
Q9SVZ0:Q9M2E4,0.0014689426170662045,0
Q9FJ49:Q9SKB3,0.0014782649232074618,0
Q8VY27:Q9XHZ8,0.005527803208678961,0
Q9SD33:F4JEV5,0.002184272510930896,0
A0A1I9LTE5:Q9CAT6,0.0011813995661213994,0
Q8GZ81:Q8VYV7,0.0024573307018727064,0
F4I6Q0:Q9LVP2,0.0018623138312250376,0
O49553:F4JU08,0.005653924774378538,0
Q9SJ29:Q5HZ54,0.0032673266250640154,0
Q8LG56:F4K329,0.08071990311145782,0
A0A1P8BAJ1:Q9LN16,0.0015344622079283,0
Q8RWN2:Q9S746,0.0012903135502710938,0
A0MFS5:Q9LVV3,0.0009439578279852867,0
Q9FHT6:F4JYP3,0.003099174005910754,0
F4J0D0:A0A1P8AUL6,0.0009560598409734666,0
F4HTE0:Q9SD80,0.01158278901129961,0
P94024:Q5BPR6,0.0007863270002417266,0
Q9FMB4:Q9SYH1,0.025387544184923172,0
Q9FUY2:O65220,0.12192447483539581,0
Q6AWV7:Q9FNL4,0.0011449859011918306,0
B3H7J0:F4I7Y9,0.040582332760095596,0
A0A1P8ARL9:Q58G57,0.013082555495202541,0
Q9LDY2:Q9C969,0.673870861530304,0
Q93ZY7:Q9FRR1,0.014485904946923256,0
Q9LSB2:Q9LW60,0.0008694712305441499,0
Q9ZVI7:Q8GYQ5,0.017747115343809128,0
F4HT02:P26288,0.0007451268611475825,0
Q9LJX2:A0A1I9LPY5,0.0007932089501991868,0
Q9LF97:Q9ZQA3,0.002105346182361245,0
A0A1P8AUL6:Q94C15,0.000900033104699105,0
Q93WE4:Q9LZA6,0.019973941147327423,0
Q6NM39:F4JC91,0.005676708184182644,0
O49668:A0A1I9LSZ8,0.0010724322637543082,0
F4KAD6:A0A1I9LQL9,0.0005993123049847782,0
Q7XA63:F4IDU9,0.0026106745935976505,0
Q9ASP6:Q5HZ48,0.003712885547429323,0
B3H5I6:A0A1P8B449,0.0005601760349236429,0
Q9LSN5:Q949N7,0.00360194593667984,0
Q8GW93:F4J4P1,0.005591641645878553,0
A0A1P8B3C2:F4IYK3,0.0014405502006411552,0
Q9C636:Q9C7J3,0.0026883233804255724,0
Q66GJ0:F4KD71,0.0035291616804897785,0
Q9FE54:Q9M357,0.0014838185161352158,0
Q9M9U2:Q9FN68,0.006896147038787603,0
P93284:Q9LF88,0.0009553768904879689,0
Q9SQY8:Q1PDV2,0.3117484748363495,0
Q9SLA6:Q9FI94,0.018821433186531067,0
F4JVB8:A0A1P8BAW7,0.0014852298190817237,0
Q9LJN0:Q8GYS0,0.0025748189073055983,0
Q9LQS7:B3H5I9,0.0024886485189199448,0
Q9FM83:A0A1P8AW81,0.0008702967315912247,0
F4K739:Q9SZN7,0.02016698755323887,0
O23227:F4HR31,0.001060739392414689,0
Q9FLI3:Q9SHZ9,0.002895070007070899,0
B3H641:Q2V3W5,0.0007259239791892469,0
A0A1P8AN40:F4JMX1,0.0007116907509043813,0
O22182:Q8W4F1,0.0032403692603111267,0
Q3E6N7:Q2V346,0.0005970659549348056,0
Q9FKP0:Q9M8L3,0.002506476826965809,0
Q8GW42:Q6DSU0,0.004345251712948084,0
Q6IWB1:Q94C53,0.0006511476240120828,0
Q9SK32:A0A1P8ASS6,0.01596536859869957,0
Q9M0W9:Q93Z91,0.0013829078525304794,0
A0A178VBJ0:Q8LD28,0.0032343545462936163,0
Q9FK15:B3H6B4,0.0007054437883198261,0
A8MQL5:Q8LEP7,0.000835067592561245,0
Q8W4D8:Q9LT89,0.006782269570976496,0
Q9SKM0:Q93Z32,0.0008165252511389554,0
P34791:Q39193,0.03447439894080162,0
A0A1P8ANK5:Q96261,0.0034294351935386658,0
O81801:F4JGI3,0.0007443742942996323,0
Q9ZVM3:A0A1P8ANK5,0.004331957083195448,0
B3H6K1:A0A1P8B144,0.0013017544988542795,0
O49660:Q9C7Z2,0.001666612341068685,0
Q3EDB7:Q9LMM5,0.004807199817150831,0
Q8W3M6:Q9LXW1,0.07147406786680222,0
Q9FNM0:F4JZZ1,0.02619587443768978,0
F4HYC8:O65924,0.0013322600862011313,0
Q9LR74:B9DFZ2,0.003527264343574643,0
Q93ZM9:Q5E915,0.01351155061274767,0
Q9LN63:Q9C572,0.0014642411842942238,0
Q9LU00:Q1G363,0.007944992743432522,0
A0A1P8B830:Q9FJA3,0.0017214131075888872,0
Q9FL56:O04492,0.00492545822635293,0
Q9FFH2:Q8S8T8,0.0012708836002275348,0
Q7XJK8:Q9SLJ2,0.07311248034238815,0
F4IUT4:Q9LM14,0.0050832051783800125,0
F4J6A1:Q9SIW5,0.5374331474304199,0
Q9LZC3:Q9S745,0.0074911764822900295,0
A0A1P8AYJ3:A0A1P8AM23,0.0007326487684622407,0
Q9SYK0:Q9FM83,0.0015187864191830158,0
Q5S4W1:Q9C8T5,0.009447263553738594,0
F4I6L0:Q9SJG6,0.026280319318175316,0
Q9FKQ6:Q9LNW3,0.002645640168339014,0
Q8LPR8:Q6DYE5,0.0018590603722259402,0
O23071:Q5S4X7,0.0009746614960022271,0
F4I5G3:Q8L8C2,0.0008454652852378786,0
Q9FJA2:A1L4Y1,0.0071189142763614655,0
Q1G3V0:Q9C5C5,0.0016949722776189446,0
F4I3P9:O80450,0.0040947869420051575,0
Q9SYL9:A0A178WK49,0.0017765526426956058,0
F4IXX3:Q1EBV6,0.0012589978286996484,0
Q56XU4:Q9LV43,0.0007672294741496444,0
Q67XV2:Q9ZQR5,0.0014402022352442145,0
A0A178VQ59:Q1PEU3,0.005435481201857328,0
Q0WVW7:Q9FRL5,0.0013952405424788594,0
Q39191:Q3EC62,0.0007771758246235549,0
F4JHJ3:O23278,0.0014694499550387263,0
A0A1P8B048:B3H4R3,0.001377246924676001,0
Q9LVC0:A0A1R7T3J3,0.005946378689259291,0
A0A1P8BAC6:Q1PF16,0.0006217599147930741,0
Q9FME4:Q9C7N3,0.0204696636646986,0
A0A1P8ASS6:Q9SAU9,0.0009175653685815632,0
A4FVP6:Q9C703,0.0024168926756829023,0
Q9C5U8:F4HQ89,0.004178533796221018,0
Q9XEC1:Q9S6Z9,0.006691670510917902,0
Q58CM8:Q9FLS9,0.02967757359147072,0
A0A1P8AWW1:Q8LGU6,0.0029683185275644064,0
Q6NPF8:F4ILE1,0.0009856916731223464,0
Q9SCX9:Q9FYE2,0.0015767834847792983,0
Q9FKQ9:F4IED7,0.003593087662011385,0
P94111:Q93WA2,0.000766633078455925,0
Q700C7:Q1G3M8,0.001540391007438302,0
Q84JG5:Q9LSE2,0.0023566950112581253,0
Q39103:Q9SS87,0.01181364431977272,0
A8MS81:F4KBG4,0.0011937955860048532,0
A0A1I9LT75:F4JCH0,0.0006582022760994732,0
F4JDS7:Q9C5W3,0.001173084252513945,0
Q9S7P4:Q8L603,0.0012342429254204035,0
F4K3K4:Q9C749,0.0007929587154649198,0
P0DKI6:B3H797,0.009306519292294979,0
Q94A98:P24100,0.03527698665857315,0
Q1PFW4:Q8S8P6,0.0007914883899502456,0
F4JYP3:Q8RYE9,0.0008873498300090432,0
Q93ZI5:A0A1P8AYU2,0.001934373052790761,0
Q9C8L8:A0A1I9LNE1,0.0010299771092832088,0
Q9C7T4:Q1G385,0.0010033438447862864,0
Q680Q4:Q9SJ60,0.3701190650463104,0
Q9LZI2:P92550,0.003242650767788291,0
Q8VYV7:Q9XID1,0.005712294019758701,0
Q8L6Y1:Q8GWE6,0.2332562655210495,0
Q9LK19:F4IMA4,0.002014406491070986,0
Q9LTS8:Q9FPW6,0.006907831411808729,0
Q8LAA0:Q9SPG1,0.06849094480276108,0
Q9MBA1:P29381,0.0043576485477387905,0
Q9C950:Q9LYF4,0.029347484931349754,0
Q94JV0:Q93VJ4,0.0017978701507672668,0
Q8RX60:F4I562,0.023198828101158142,0
Q9SHZ9:F4JUQ2,0.003410480683669448,0
Q8L7U4:Q8GZ81,0.0018173704156652093,0
Q9FGW7:Q9SW80,0.013336113654077053,0
A0A1I9LSZ8:O82248,0.010962885804474354,0
Q5S4X7:Q9S829,0.006235751789063215,0
Q9SSS6:Q93Y07,0.0010540588991716504,0
Q9XI57:Q0WVW4,0.0011418756330385804,0
O04005:Q58FT9,0.003832106711342931,0
A0A1P8AYX9:O48526,0.0008919817628338933,0
A0A1P8BDE8:A8MQN0,0.0009514091652818024,0
Q9C6K1:Q8L8M9,0.0011792922159656882,0
Q9ZQI9:Q8LCH5,0.0028863265179097652,0
Q8VWK4:O80365,0.08815721422433853,0
Q84JN2:Q8L760,0.0007940752548165619,0
Q9LFG1:Q9LSW4,0.0013725877506658435,0
Q84MC1:P93732,0.012070728465914726,0
A0A1P8ARQ1:P0CAY4,0.0011258659651502967,0
Q5PP39:A0A178VM33,0.001076582120731473,0
Q8VYD9:F4IIE7,0.0006773643544875085,0
Q9C8L4:Q9ZRT1,0.0030815277714282274,0
Q84LH8:Q9LZD1,0.07928773760795593,0
A0A1P8AP31:Q9ATB4,0.0020766030065715313,0
Q8LBZ4:A0A1P8ARL9,0.0011640924494713545,0
Q8RYD3:Q9SKW7,0.056452084332704544,0
F4JUL3:F4JHJ3,0.0009344512945972383,0
O81445:F4JTD2,0.002703623613342643,0
Q9LZI1:Q9LXP4,0.010372324846684933,0
Q9M0K4:Q4PSP2,0.005166775081306696,0
A0A1P8AUR6:Q9FRI5,0.0008738685282878578,0
Q3EC62:Q9FMP0,0.0006414022645913064,0
Q9ZV49:Q9LSB2,0.0007164625567384064,0
Q8GZA4:B3H563,0.0009373628417961299,0
Q9FJ67:Q9SV63,0.0008174916729331017,0
Q9LDF5:Q93XM6,0.01451171189546585,0
Q9FI57:Q9FK47,0.0007524752872996032,0
Q9LNE6:Q8LF20,0.007698735687881708,0
Q9ZUU7:Q9ZPS7,0.001559900469146669,0
Q9LXW1:A0A1P8BF61,0.044970910996198654,0
Q9LSW0:Q9C9X5,0.004857324063777924,0
F4HSD5:F4J8D9,0.0011592574883252382,0
Q9FXF4:Q9XIA6,0.002894354285672307,0
B3H555:Q8LFJ8,0.03611227869987488,0
Q8RU59:Q07356,0.017764922231435776,0
Q9ATB4:P57681,0.034318793565034866,0
Q39253:F4J7P7,0.002457842929288745,0
P56784:Q9SJY3,0.005050322040915489,0
F4IPV3:Q9LX93,0.0013393823755905032,0
Q9XI36:Q8L9R7,0.008224092423915863,0
Q9SKB3:O64698,0.03189494088292122,0
Q8VZ95:Q9SN67,0.004070555325597525,0
Q9C7M2:Q9FFC9,0.000979151576757431,0
F4K2H9:Q8GYT4,0.010690211318433285,0
Q93VC7:F4ICS6,0.005514968652278185,0
O22433:Q8RWW8,0.005044830497354269,0
Q6E297:Q8L7G1,0.0028318227268755436,0
A0A1P8B4T0:O22230,0.002827956574037671,0
Q6IDB0:Q39162,0.16118578612804413,0
P92958:A0A1P8AZD4,0.028104489669203758,0
O80603:Q8VZ65,0.001026010955683887,0
P93755:Q564K3,0.03279644250869751,0
O04719:Q94JL3,0.0027763731777668,0
F4K2D7:Q9SI57,0.0015441954601556063,0
Q4PT11:Q8GYL4,0.0016733248485252261,0
Q9LV27:Q94BZ5,0.2689734399318695,0
Q9CA54:Q9XGN1,0.2388288974761963,0
Q9LE56:A0A1P8BCA0,0.0024219260085374117,0
F4ID24:Q9C6U7,0.0018311761086806655,0
A0A1I9LPY5:B3H4B7,0.0022918598260730505,0
F4I9E1:Q39230,0.0009994645370170474,0
Q9LK18:Q9XII5,0.0006204512901604176,0
A0A1I9LT67:Q66GN9,0.0027859280817210674,0
Q8W420:F4IFF3,0.01839231513440609,0
Q9LTX1:Q8LG05,0.2510152757167816,0
O80607:A0A1P8B3C2,0.0007438773172907531,0
O23647:O64717,0.07402580976486206,0
Q9LU33:Q94C40,0.014626446180045605,0
B3H635:P56755,0.020820975303649902,0
Q9M0X0:Q9SJJ5,0.06159555912017822,0
Q500W8:A0A1P8BHB4,0.0012755795614793897,0
O23035:Q8LCF5,0.0012997954618185759,0
B3H572:Q8VYD6,0.005472745280712843,0
A0A1P8AQE4:Q96329,0.03687112405896187,0
Q8L638:Q9FK15,0.0011200099252164364,0
A0A178VQ73:Q9LS46,0.0012162387138232589,0
P93300:Q9FII6,0.0006150657427497208,0
Q9LES2:Q9SW23,0.0020725387148559093,0
A0A1P8AXI7:B3H4L2,0.037400294095277786,0
O22683:Q9FUA4,0.05913082882761955,0
Q38937:Q9M8Z7,0.03044564090669155,0
Q9FF13:Q56FQ1,0.008535168133676052,0
Q9LMN1:F4HWD5,0.052390456199645996,0
P28185:Q93ZM6,0.02034478448331356,0
F4KCU5:Q8RUD6,0.00250197178684175,0
Q9FKM4:Q9FMD5,0.3309144675731659,0
Q9LD83:Q2UVJ5,0.0014258780283853412,0
O49289:Q9LFE3,0.0010449538240209222,0
F4IR55:Q9FGT1,0.009846721775829792,0
Q8W4K2:Q84K72,0.32208165526390076,0
F4K1C7:Q2V4J2,0.0009484801557846367,0
Q0WSX8:Q9SSW0,0.0029495635535568,0
F4JVV4:P92559,0.002580877859145403,0
O64649:A0A1P8AQP2,0.0009477434796281159,0
Q8VZB2:Q9FV49,0.0014459434896707535,0
Q9LYV3:Q8LEE9,0.0019098209450021386,0
Q39022:Q1G371,0.1284526288509369,0
Q42479:Q9LX56,0.12184472382068634,0
P24100:Q64FQ2,0.789243221282959,0
Q8VZK2:Q9FIX5,0.013995721004903316,0
Q9FX34:Q94ID2,0.0021956514101475477,0
O23624:Q1PF74,0.007935435511171818,0
A0A1P8B3M4:Q9LF70,0.0014349132543429732,0
A0A1P8B1D7:Q94C78,0.0019034482538700104,0
Q9LN16:F4KHR6,0.19227737188339233,0
Q8LE26:F4I3G0,0.003641157178208232,0
Q9FMJ3:Q56XM9,0.0015554626006633043,0
Q41220:Q67XG0,0.0027124357875436544,0
Q9M0X3:Q9FMU2,0.001336747081950307,0
F4K9G7:Q9C6V3,0.002166769001632929,0
A0A178WGK2:Q9SLH3,0.017992617562413216,0
Q1PET7:Q2V4C3,0.0008394066244363785,0
Q93ZE3:P92964,0.03284129872918129,0
Q9FKB0:A0A1I9LTJ3,0.3578469753265381,0
Q9LXK2:P93009,0.0010235548252239823,0
Q9SS87:O65665,0.002280889078974724,0
Q9LFG4:Q9S732,0.0049406918697059155,0
F4KCH4:A8MQH8,0.0022286945022642612,0
Q84M92:O64757,0.0014303531497716904,0
F4K2R6:F4IV13,0.0542362816631794,0
F4JYE8:F4IT83,0.0007785183843225241,0
Q94AX4:Q9LXU9,0.0015073328977450728,0
Q8GY13:Q8VYU4,0.023652805015444756,0
F4IYK3:Q1PDW1,0.003270733868703246,0
Q8S8K8:Q9STR4,0.0012213318841531873,0
O04294:Q9M9A8,0.0031538920011371374,0
F4HQU0:C0LGN2,0.0011747832177206874,0
Q9LXV1:Q8H1R4,0.0007118546636775136,0
F4HPM6:P82735,0.0011300846235826612,0
O49687:P0C7Q8,0.017578182741999626,0
F4IV13:O80607,0.0008260374888777733,0
Q0WVU0:B3H7D8,0.010244252160191536,0
Q9C8M9:Q5BPE9,0.001689768279902637,0
F4JRF6:Q9XEC1,0.004376312252134085,0
Q8RWW1:Q6X7J5,0.001467052847146988,0
F4HXR7:Q9LTZ9,0.002796178450807929,0
Q8L8L9:Q9FKA9,0.003203417407348752,0
O64820:Q42384,0.007196658756583929,0
O23247:Q9FYE0,0.006176655646413565,0
Q9ZUB5:Q0WQQ1,0.010219424031674862,0
Q9AT60:B0F9L4,0.013534470461308956,0
Q0V7V2:Q8L7L1,0.0047716801054775715,0
F4IIL3:A0A1P8B502,0.0009572943672537804,0
B3H7H1:Q9ZPX0,0.014429651200771332,0
F4KIL1:Q9M054,0.0013358350843191147,0
Q9FTA3:Q8GY46,0.002371307462453842,0
F4IEL6:Q9STL8,0.009371909312903881,0
P56779:Q9LK79,0.0012371906777843833,0
Q9ZW35:Q9LV88,0.015920741483569145,0
Q9M169:Q9FZ97,0.0011675659334287047,0
Q9C803:A0A1P8AVR2,0.0009640963980928063,0
F4K3T5:Q9SQY8,0.02274486981332302,0
B3H4V9:Q84WV9,0.0006958572193980217,0
P11574:F4IFT7,0.002002442954108119,0
A0A1R7T3C4:Q94AX3,0.0009970319224521518,0
Q9SV75:Q9LEW7,0.0013725458411499858,0
Q84TK1:Q941L3,0.002267379779368639,0
Q9FGJ3:Q948J9,0.0020043309777975082,0
P26288:P82538,0.1765289604663849,0
Q94AH2:Q6NPL0,0.6067751049995422,0
Q9LH43:Q39023,0.006184675730764866,0
Q9STG3:Q38832,0.0019189324229955673,0
Q9LW60:F4I7W1,0.0009348260355181992,0
O23683:A0A1P8B2V3,0.0005808139103464782,0
Q9SJH2:Q9M281,0.0006725310231558979,0
Q9LIB5:F4HRC0,0.0038192649371922016,0
Q8GUN5:B3H432,0.0015251259319484234,0
O49397:F4JSJ6,0.0020402257796376944,0
A0A178UN96:C4B8C5,0.0009003017330542207,0
Q8GW43:Q682P6,0.042900245636701584,0
Q6DST9:F4K1D3,0.0010368891526013613,0
F4I6B2:P49243,0.0029430503491312265,0
Q9ZVT0:Q689D6,0.0022047979291528463,0
P92523:Q8VZN1,0.0007034839945845306,0
F4HPF4:F4IP00,0.001421797671355307,0
Q8L4S3:Q38898,0.0017223391914740205,0
Q07356:A8MR93,0.13540154695510864,0
F4K742:Q84J71,0.23257385194301605,0
O23384:P93293,0.0014244867488741875,0
Q9LMH6:Q9LMN5,0.0522010512650013,0
F4I8L6:Q9FNK4,0.0021001126151531935,0
A0A1P8B3J6:A0A1I9LNB6,0.0038440190255641937,0
F4KIU0:O50039,0.0006638104096055031,0
Q38961:Q9CAK6,0.011010373942553997,0
Q8GW27:Q9SK33,0.0009267086279578507,0
Q9S9T4:Q9LIJ0,0.0010079311905428767,0
Q9FMQ2:Q0WQG8,0.002124113030731678,0
Q9M907:Q9SNB8,0.055770594626665115,0
Q64FQ2:A4VCL9,0.0017431166488677263,0
F4J3Z2:Q9FMC2,0.0013187332078814507,0
A0A1I9LT08:Q9FFJ3,0.0019104697275906801,0
P93732:Q9SL50,0.004739441908895969,0
Q3EB24:Q8LB33,0.0009852449875324965,0
Q9SFB3:Q9FF72,0.000800563779193908,0
Q9LHI5:O22161,0.14598727226257324,0
Q8H0V1:Q9LX31,0.008604371920228004,0
Q9SFY8:P0DN98,0.05513209104537964,0
Q9SLG8:Q8S8R6,0.0016872211126610637,0
Q9FIK6:Q9CA54,0.006632835604250431,0
Q93Z91:O64584,0.001064598560333252,0
A8MQJ3:O48890,0.0006599179469048977,0
A0A1P8B4K5:Q9LYC9,0.020401285961270332,0
Q9FH24:A0A1I9LTE5,0.0010857281740754843,0
Q9M7X9:Q9FHS0,0.016215691342949867,0
B3H5T1:Q9SSM3,0.0072217173874378204,0
Q67Y04:Q8GZ43,0.010890834033489227,0
Q9LI95:Q0WQM7,0.0016620930982753634,0
Q9SKH2:Q9XIQ9,0.00214045075699687,0
Q56XV8:Q9FNY4,0.18004560470581055,0
Q9LUN9:F4I386,0.0007235044613480568,0
O65691:Q8W4L5,0.002902103355154395,0
Q9LYB9:Q9FG44,0.017896924167871475,0
Q94EW8:Q9LZ59,0.006023290101438761,0
A0A1I9LLT6:P92535,0.0038576170336455107,0
Q9FT52:Q84UU9,0.0023240966256707907,0
F4KA19:Q38824,0.0011598272249102592,0
Q9FX35:P92958,0.020448816940188408,0
Q9SJM3:Q6NQJ6,0.001384257455356419,0
F4KCL7:Q9LQZ5,0.0025772040244191885,0
F4HQ89:Q9C9N3,0.0011279796017333865,0
F4HWK0:F4JG23,0.012972618453204632,0
Q9FMN2:O81000,0.0010557122295722365,0
Q96329:Q9FLS0,0.002767516765743494,0
Q9FIV5:Q9LUA7,0.0017193045932799578,0
Q9M8M1:A0A1P8AVN5,0.0005983076989650726,0
F4JMX1:Q8GXM1,0.0005964181618764997,0
A0A1P8B6G5:Q9FGW2,0.0007099325302988291,0
Q9SN67:Q9SUX0,0.0007920711650513113,0
Q9FMV0:Q9FL03,0.005199516657739878,0
Q9CA73:Q9M012,0.0038720162119716406,0
Q9M8L3:Q9M8M1,0.0007931088912300766,0
Q9M2K8:Q9M338,0.005847744643688202,0
Q1JPM3:Q8VXY9,0.0014444602420553565,0
Q6NMH5:Q9FGN8,0.006467029452323914,0
Q9SN12:Q9LXD8,0.04826102778315544,0
A0A1P8B9R8:O23177,0.0008295744773931801,0
Q9C9A0:Q9FY46,0.0030072922818362713,0
Q9SX26:Q8LAW2,0.003035512985661626,0
F4HWA5:Q9M367,0.06340455263853073,0
Q9FMP0:F4J3Z2,0.0026519563980400562,0
Q8LPN5:Q9LYM3,0.0019948624540120363,0
Q9ZVI2:Q9ZUU2,0.01425568014383316,0
Q1G3Z4:Q9SCK5,0.0007112729363143444,0
A0A1P8BF06:A0A1I9LMV6,0.0006778966053389013,0
F4JRI9:F4IIA9,0.0008953556534834206,0
Q8GXP1:Q84JH9,0.0018268825951963663,0
Q8S8E3:Q9CAL1,0.0014850139850750566,0
Q9ZPS7:F4JI85,0.0018802088452503085,0
Q9LZP8:Q9LZ97,0.002423517405986786,0
Q8LEU9:O49160,0.010079415515065193,0
Q0WV78:Q9LRM4,0.003471311880275607,0
A0A384LJI7:Q9SJG5,0.0008464075508527458,0
Q9LNZ0:Q9FMK7,0.0027178842574357986,0
Q9SAU9:Q940Q3,0.0014177364064380527,0
Q9S7I4:Q8RXU6,0.005119935609400272,0
F4I4X9:F4HYC8,0.0018243780359625816,0
Q9LUA7:Q67YR4,0.00563977612182498,0
Q8GX93:P43297,0.005119191017001867,0
Q1G3B1:Q7X6Y7,0.005021974910050631,0
Q9SD80:A0A1P8B9B9,0.009880460798740387,0
Q9FKC5:F4K2D7,0.016070837154984474,0
O64785:F4I9I6,0.002055949065834284,0
Q1PDV2:Q9M9H7,0.0018283602548763156,0
F4JCH0:F4JYN2,0.0010732520604506135,0
Q38829:Q38885,0.001745962887071073,0
Q2HIV3:Q8L7G0,0.1523514837026596,0
Q9LUU5:Q9LU00,0.0019312761723995209,0
F4HP86:Q9SI42,0.001569360145367682,0
Q9FKA9:Q9FKP0,0.0009932145476341248,0
Q9FLS9:Q8RYC6,0.010141167789697647,0
F4JX46:O80345,0.005844355095177889,0
Q9LJW1:A0A1P8B4K5,0.0007443653303198516,0
F4KHM4:O64399,0.013343526981770992,0
Q9FMD5:Q9SZV3,0.005582993384450674,0
O49715:Q67Z52,0.009250120259821415,0
Q9SNB8:Q2V323,0.001023947144858539,0
Q9ZWB4:Q8VY91,0.0013667764142155647,0
Q9LV43:Q9M9Q6,0.0023392706643790007,0
O82631:O48704,0.003976941108703613,0
Q9M0Y6:Q9SPI1,0.001417337916791439,0
Q9LTY9:O22783,0.0024938860442489386,0
F4JYD3:Q9SJT8,0.0008234037086367607,0
Q9M9Q6:Q9CAE8,0.015405284240841866,0
A0A178V0W2:Q9FX76,0.002094331895932555,0
F4IT95:Q9M3F7,0.0018600582843646407,0
F4JG50:A0A1R7T3C3,0.0012933368561789393,0
F4ILE1:Q39204,0.07366043329238892,0
F4IX33:P10798,0.007389025297015905,0
F4J4P1:A0A1P8B1L8,0.0010876341257244349,0
B3H5U2:Q9FYL8,0.002642547944560647,0
Q84J71:Q9FF17,0.002482104580849409,0
Q9FLI7:A0A1P8BG62,0.0006725018029101193,0
O65514:F4J7V3,0.0008872848120518029,0
Q9LXV9:P43298,0.004383195657283068,0
F4K0T3:Q9LTX0,0.0007332238601520658,0
Q9SZ42:Q9FNA9,0.12102722376585007,0
O49436:Q8GX93,0.06277992576360703,0
Q9M1V3:F4ICX5,0.008403821848332882,0
Q8VZG1:Q9LXK2,0.003870803862810135,0
O64399:Q93VT9,0.014681858010590076,0
F4I2R3:F4I5A5,0.04404835402965546,0
Q9SCU5:F4K1B1,0.009267458692193031,0
Q9SWE5:Q9C688,0.004442267119884491,0
Q56XJ7:Q9LQT8,0.003016653936356306,0
A0A1P8B801:Q8GWS7,0.0024752244353294373,0
Q9SB50:A0A1P8ARQ1,0.0129483537748456,0
A0A1P8B0Q4:A0A1P8B5V0,0.000581420841626823,0
Q8L493:Q9ZR13,0.0011206005001440644,0
F4JSJ6:A0A1P8AWK7,0.0006882559391669929,0
Q2V3X3:F4JTE7,0.0006259021465666592,0
Q9SRS6:Q9SGH5,0.005331392865628004,0
Q9FXA9:F4J921,0.0012711025774478912,0
Q1G379:P33077,0.00121453613974154,0
P28147:Q9LES2,0.7385926246643066,0
A0A1P8BEG6:P42776,0.006658235099166632,0
Q9SJI7:F4INA9,0.001218253280967474,0
Q9SAD0:Q9FF13,0.002093839691951871,0
A0A1I9LQG9:A0A1P8AN89,0.0013314886018633842,0
Q1EBV4:A0JQ16,0.003108064876869321,0
Q9SDS8:Q0WVU7,0.003958838060498238,0
Q9LM13:O80575,0.059407319873571396,0
Q94K21:Q9C9N6,0.0005886954022571445,0
Q93WB3:Q9LNI3,0.0008440217352472246,0
F4IBB2:Q0WSF1,0.028582090511918068,0
B3H4Q0:A0A1P8B4S5,0.000758763519115746,0
Q67Y01:Q9LV95,0.0009080367162823677,0
Q9FYM0:P94102,0.013737961649894714,0
Q9SHL7:B3H5S0,0.004774115514010191,0
B3H5K9:Q9LF34,0.001936933840624988,0
F4HVJ3:A8MQJ3,0.0016777828568592668,0
Q7Y211:A0A1P8AM75,0.0013888984685763717,0
O23684:Q1PFW4,0.0006493470864370465,0
Q93VQ6:Q8GW44,0.0015890415525063872,0
Q93ZN3:Q9LW84,0.002922408515587449,0
Q9LNU4:A0A178VMH7,0.016409238800406456,0
F4IT83:Q9LF46,0.0029832758009433746,0
Q9FGB0:Q9LUQ8,0.007874554954469204,0
Q9FNR0:Q9FJ66,0.0013125843834131956,0
Q9LVS0:Q8H1Q1,0.007253261748701334,0
A0A1I9LLJ2:C0Z2L5,0.001932294457219541,0
A0A1P8BH56:F4IJR9,0.0014738038880750537,0
O80568:Q39262,0.0010871684644371271,0
Q9FT92:A8MQP2,0.0010194755159318447,0
Q9SKI1:A4FVP6,0.002814527368173003,0
Q9LZI7:Q9FV71,0.009130779653787613,0
Q6DYD0:Q9LMW0,0.007034327369183302,0
Q9STK5:Q56WD9,0.08456156402826309,0
Q9C8K7:Q9SUS3,0.057360827922821045,0
O82190:Q9STM6,0.0014754637377336621,0
F4IA30:P92523,0.001192412688396871,0
Q940K6:Q9CAY6,0.01200385857373476,0
A0A1I9LTJ3:F4JVV4,0.013874529860913754,0
F4IUX9:A0A1P8AXI7,0.008091026917099953,0
Q9C9H9:Q9LT48,0.7586793303489685,0
Q9LT23:Q9FTA3,0.0029883612878620625,0
Q9LHK9:Q9T028,0.000880280917044729,0
Q1PF16:Q9FZI8,0.004325683694332838,0
Q9M8W9:Q9FDX6,0.04659280925989151,0
Q6DYE3:Q9LSA5,0.009599931538105011,0
Q9T075:O22846,0.003466620808467269,0
Q9LUJ5:F4JDL5,0.001697663450613618,0
Q8L604:Q9C942,0.012335442006587982,0
Q9LSK8:A0A178UN96,0.0012032123049721122,0
Q0WUZ1:Q9ZVI2,0.004410743713378906,0
Q8GXB7:F4K975,0.025113392621278763,0
A0A1P8BC48:Q9LRQ0,0.0026804145891219378,0
A0A1P8B760:O80885,0.010435672476887703,0
Q9FF54:B3H6K1,0.003353998763486743,0
F4JRN0:Q3ECU8,0.003766655921936035,0
O48720:Q5HZ03,0.0026632710359990597,0
Q9FKV1:O23006,0.0008152269874699414,0
A0A1I9LNE1:P59467,0.00072490144520998,0
O64556:Q8LFB8,0.001540650730021298,0
A0A1I9LMU1:Q8GXI9,0.0013417600421234965,0
Q8L9R7:Q9FMJ4,0.0012404837179929018,0
Q9C924:A0A1P8BH47,0.0009191922727040946,0
Q9FH21:A1A6I1,0.0011285307118669152,0
Q9LJ72:F4KFD1,0.0011006899876520038,0
Q9SAC5:A0A178UFM8,0.008671215735375881,0
Q8L726:F4K725,0.010221992619335651,0
Q9LZE2:Q9LUE5,0.002414691960439086,0
Q8VYC9:Q8GWP1,0.027170715853571892,0
Q93XY7:B3H721,0.001766545930877328,0
A8MQ79:F4ILJ4,0.0007270184578374028,0
Q9FYE3:Q2V4D5,0.0010632775956764817,0
C4B8C5:Q8GWY0,0.0006654473836533725,0
Q9FJY1:Q9C932,0.004337080288678408,0
Q9M995:Q9M0N1,0.00447347667068243,0
Q1PE70:O82812,0.00077070138650015,0
Q6AWW0:Q8L6X8,0.0015316915232688189,0
Q0WPR6:A0A1P8B3Y4,0.0008849939331412315,0
F4JUF8:Q9SVZ9,0.0036042146384716034,0
Q8VZS2:Q9SND3,0.0005967639735899866,0
Q9SCR0:F4KD49,0.0029690577648580074,0
Q9LTS6:F4IMQ0,0.0011591697111725807,0
Q94C78:F4I4X9,0.0007669685874134302,0
F4KAV2:Q9CAR0,0.04331265762448311,0
F4J8D9:Q93Z27,0.000624441949184984,0
Q9C702:Q9SUN6,0.0007289316272363067,0
O82248:O48963,0.06332210451364517,0
Q8VYP6:Q9SZ58,0.0019683379214257,0
Q9M9A8:Q84TG1,0.0023905530106276274,0
Q84TK4:Q9FN15,0.0006723465630784631,0
A0A1P8BCC2:Q9FYK6,0.0021992537658661604,0
Q9FRL5:Q7XA71,0.001011188025586307,0
Q9LVA2:Q8LDS4,0.0012674139579758048,0
Q9FX76:P35632,0.005720051005482674,0
Q9T0J4:Q9M0X8,0.007511642761528492,0
Q9LYE2:Q0WL44,0.002121566329151392,0
Q8RWR9:P0C0B0,0.0009277313947677612,0
F4JPQ4:Q9LI95,0.0021492415107786655,0
Q93VJ4:Q9S7P4,0.0007533186580985785,0
Q9SHG6:Q9LV38,0.006108810659497976,0
Q0WVZ7:F4JBC7,0.006421388126909733,0
A0A1P8BH47:A0A1P8BAT6,0.0006300988025031984,0
Q6NM16:F4JXW9,0.003112025326117873,0
Q0WWX4:F4J865,0.0012317877262830734,0
Q9FFS7:Q67XT7,0.0008143012528307736,0
F4I5I4:B3H779,0.0005994649254716933,0
A0A1P8B8B4:Q5Q0D0,0.002371359383687377,0
Q94AI6:Q94C90,0.005877360701560974,0
B3H428:Q9FKQ9,0.005240708589553833,0
Q5S502:Q9SIT3,0.0007086562109179795,0
Q9LTF2:Q9CAE4,0.8549948930740356,0
F4JR37:Q8S9K3,0.0014937520027160645,0
Q9FHY7:Q2V3X3,0.0006191219436004758,0
Q9ZW89:Q9LS61,0.04831503704190254,0
Q9FJK3:Q8VYA5,0.3144368529319763,0
Q9FG51:Q8RXD3,0.5611888766288757,0
Q9SKT1:Q5XVC1,0.0024819427635520697,0
A8MRE7:Q93Y22,0.0014889860758557916,0
Q94CB5:Q9SR00,0.002543499693274498,0
Q6DBQ2:Q9FHN2,0.0013882516650483012,0
Q9LT56:Q9FG05,0.008312715217471123,0
A0JQ78:Q8GYE6,0.0013970137806609273,0
Q9FFY5:Q9LSZ5,0.0015759312082082033,0
B3H6B4:Q42512,0.000839449290651828,0
A0A1P8AUR3:Q3E8G0,0.0005539429257623851,0
A8MQ92:Q9FE54,0.007522082421928644,0
Q9SZZ8:F4KE50,0.0008175635593943298,0
Q9SKM7:Q8LPN5,0.0070839435793459415,0
Q5XV83:Q9CA92,0.000773644249420613,0
Q9S9X6:Q9STK5,0.017603378742933273,0
A0A1P8B531:Q9CA16,0.0017256774008274078,0
F4I5A5:Q9FI09,0.0038917267229408026,0
Q9SL50:Q9SKI5,0.0017356484895572066,0
O80943:Q9SFF7,0.0012592083076015115,0
Q9S9T8:Q56YT7,0.0017623258754611015,0
Q8RXD3:Q9SYJ8,0.06057051569223404,0
Q9LV70:Q9M349,0.0008866476709954441,0
Q9LV88:Q9T0J4,0.0015329500893130898,0
Q9C8F8:A0A1I9LT75,0.0018817003583535552,0
O65684:F4HYR6,0.0009711213642731309,0
Q94AJ9:F4JH53,0.026118624955415726,0
Q9M349:Q9FYC3,0.0012787597952410579,0
Q4PSP2:Q9SAK2,0.0013743176823481917,0
Q8GXI9:Q9LIJ9,0.0030382336117327213,0
A0A1P8ANT6:Q944R2,0.0008214708650484681,0
Q9STM6:Q8RWM7,0.001863749697804451,0
Q9C788:Q37001,0.039753224700689316,0
Q39079:A0A1P8AT89,0.0011656167916953564,0
Q56WD9:Q9LMC0,0.004004072397947311,0
Q940A2:Q8L981,0.0022448988165706396,0
O80624:A0A1I9LTC6,0.0022508748807013035,0
Q1G385:A0A1P8BDE8,0.0008036419749259949,0
Q9FLQ0:Q93VB2,0.0010643013520166278,0
O65155:Q9SUM3,0.011380912736058235,0
Q9M0W4:Q8RXG5,0.0018519135192036629,0
Q9ZPV4:Q9LZW4,0.012429515831172466,0
Q9FK47:Q5W9E7,0.021882837638258934,0
Q9FYR2:Q9SHV5,0.004710498731583357,0
F4JCI4:A0A1I9LLX4,0.0006991323316469789,0
Q9MAP3:P56779,0.2628576457500458,0
Q8VYD6:Q9ASW4,0.004606826230883598,0
Q8VYA5:Q5XVK9,0.047230448573827744,0
O23369:Q9SZF7,0.004342791624367237,0
O64470:Q9C9U0,0.0029159274417907,0
Q8GXP7:Q8L403,0.02120707370340824,0
Q8GY11:Q6AWW0,0.001062766881659627,0
Q9SKL6:Q8RXH2,0.001143223256804049,0
Q9LHE5:P56798,0.10676258057355881,0
F4JDL5:Q9FYF9,0.01275376882404089,0
Q9SEZ6:F4HSD5,0.0018648769473657012,0
Q1PF74:P0CB19,0.002998690353706479,0
Q9M8M7:O64627,0.0006424765451811254,0
Q0WR94:A0A1P8B415,0.000756744877435267,0
Q8VY77:Q67Y01,0.0017685566563159227,0
Q9FI02:Q8LAP6,0.0006134763243608177,0
F4K4X2:Q8L4S3,0.0011170870857313275,0
Q9XGZ2:Q9ZW35,0.024098558351397514,0
P93283:Q9FL87,0.0011017563519999385,0
A0A1I9LM80:Q9SF89,0.0526469424366951,0
Q9LM92:Q5XVB7,0.0012023269664496183,0
Q9FHW2:P32746,0.0015246098628267646,0
O23235:Q9FG23,0.001739170984365046,0
Q9XED8:F4IBV1,0.002734593814238906,0
B3H6X1:Q9FNB9,0.0011586187174543738,0
P82538:Q9M237,0.0012346544535830617,0
Q9LY03:A0A1I9LPE3,0.0014854297041893005,0
Q9XI19:Q9M051,0.0031573015730828047,0
Q7X659:Q9ZUZ2,0.2076428383588791,0
Q42512:Q9C7X6,0.005765277426689863,0
Q9C8Z9:Q9SGR2,0.03253405541181564,0
Q8S8I9:A0A2H1ZEC0,0.0013913691509515047,0
B3H4Z7:Q08891,0.003604768542572856,0
Q9LMY5:Q9LZP9,0.005377867724746466,0
Q9LTH4:F4IB55,0.004471727646887302,0
A0A178W4W9:Q6IWB1,0.0016592791071161628,0
O64717:A8MQD8,0.007829847745597363,0
Q9LTT3:Q9ZUX0,0.0019582384265959263,0
Q9STG1:A0A1P8AW98,0.0011623859172686934,0
Q9SV72:F4J412,0.0007207805174402893,0
Q1G371:Q9LXR9,0.0010367814684286714,0
F4JGI3:Q0WQ41,0.0029663301538676023,0
Q9STX2:Q9LM48,0.0011066969018429518,0
Q9M357:Q8LPR9,0.001906174118630588,0
P49177:F4JPD5,0.01301053911447525,0
Q9LYX2:Q5BPU6,0.0013509754789993167,0
Q9C7T2:Q3EC23,0.0006903649191372097,0
F4K1D3:Q94K61,0.0008103958680294454,0
Q9FNZ5:Q9T0A4,0.007491066586226225,0
Q4PSS8:Q9FWS4,0.0013166900025680661,0
Q9LEY9:Q9M2D8,0.018972251564264297,0
B3H4X6:Q9C6C7,0.0018177516758441925,0
A8MQN4:Q9SRP6,0.015466845594346523,0
A0A1P8AN89:P61843,0.001969102770090103,0
Q8VXY9:A0A1P8AXA3,0.0007902834913693368,0
B3H713:A0A1P8BGB6,0.0008343566441908479,0
A0JQ00:Q94AJ9,0.018852481618523598,0
Q9LUL4:Q39066,0.03385862708091736,0
Q570U1:Q9SKU6,0.0035581958945840597,0
Q9LU68:Q8GXB7,0.0026257499121129513,0
P59467:Q9FJ08,0.0007335464470088482,0
Q8GYM2:Q9SZ42,0.020917324349284172,0
F4ICB5:Q4VNZ6,0.0012745553394779563,0
P82778:Q9FYE3,0.0009947253856807947,0
A0A1P8BA81:Q1G3Q4,0.004456424620002508,0
Q8LBA6:Q9FLQ0,0.0012415795354172587,0
Q9C8D1:A0A1I9LQ53,0.0017350291600450873,0
O80608:Q9FZ06,0.006690874695777893,0
Q8GYH1:A0A1P8AXB7,0.0009119486785493791,0
Q9XFH9:Q9LHE5,0.03126004338264465,0
Q8S8P6:Q9LNC9,0.08384294807910919,0
Q8RWY1:Q9LP03,0.008641855791211128,0
Q9SD25:Q8LPL5,0.017683718353509903,0
Q0WPZ7:O81515,0.002570103155449033,0
Q9C572:Q9LT09,0.0008299815817736089,0
Q940H5:Q0WT61,0.0007570030284114182,0
Q9ZSJ6:Q9LJ51,0.004150452557951212,0
Q945S8:B3H7H3,0.0015875000972300768,0
Q8GY06:Q9ZT42,0.01411382295191288,0
Q8L603:Q9SJZ3,0.0028305898886173964,0
Q9SYP2:Q700C7,0.00247976859100163,0
Q9SL70:A0A1P8AN40,0.001218352117575705,0
Q2V4C3:Q9C8M9,0.036611150950193405,0
Q9XIM0:Q9LJL8,0.0033570323139429092,0
Q9C932:F4IY34,0.00225451379083097,0
Q8L925:Q7Y220,0.0011927410960197449,0
O49518:Q9M2K8,0.0012457346310839057,0
Q94CC1:Q949M9,0.002919879276305437,0
Q3EBI7:Q93YQ0,0.0015907920897006989,0
Q6PV67:A0A1P8B188,0.0015853148652240634,0
A0A1I9LQL9:Q1G3B3,0.0007896049064584076,0
Q9SM23:P92534,0.000658020784612745,0
Q9LVV3:Q941L2,0.10172653198242188,0
O49586:Q9LW63,0.001935857580974698,0
F4KDK1:Q9FI02,0.0008589128265157342,0
Q39024:A0A1P8AQK1,0.1156640574336052,0
Q9SUC0:Q9LSR5,0.04414306953549385,0
Q9C892:Q9C9T4,0.000683130172546953,0
Q9STS3:P21238,0.28394222259521484,0
Q8LA14:Q9T070,0.001581287826411426,0
Q94AG2:A0A384L1W6,0.02162451297044754,0
Q38893:Q84MC1,0.010287024080753326,0
O48788:A0A1P8BC60,0.001585944788530469,0
Q8VYF7:Q949X1,0.4807601869106293,0
Q9LIJ9:Q9LZI7,0.00200420874170959,0
Q9C800:Q9STN5,0.01613726280629635,0
F4KE50:Q9C569,0.002657914301380515,0
F4J311:P0CG07,0.0008330108830705285,0
Q67YR4:Q94EJ3,0.008339657448232174,0
F4I9X5:A0A1P8AYX9,0.0009183453512378037,0
Q8H1G0:Q1G3B1,0.0013717625988647342,0
Q9FUR2:Q9MBA1,0.003810906084254384,0
Q9ZQQ9:F4I458,0.05211736634373665,0
O80667:Q9FGW7,0.0016923611983656883,0
A0A1I9LRC5:B3H5A4,0.0007493618177250028,0
A0A178UA90:Q9LVW2,0.004556373227387667,0
A7XGN8:A0A1P8AQV4,0.0009396080276928842,0
Q9ZUN8:P92556,0.0010205928701907396,0
A0A1I9LMV6:Q9FN05,0.0698571428656578,0
Q9ZW21:Q8GY84,0.010943419300019741,0
P28148:Q9LUK1,0.1385154128074646,0
Q9FGN8:A0A178UA90,0.005749651230871677,0
Q9LX56:Q9SN61,0.00418103439733386,0
Q9FXA1:O24617,0.003358755726367235,0
Q8RWM7:P56782,0.07007788866758347,0
Q0WMY5:Q9LIL5,0.17598265409469604,0
Q6AWW7:F4HZ54,0.003116866108030081,0
F4JZZ1:F4JCN4,0.0007844454958103597,0
Q9ZNV9:Q4PT11,0.0028255172073841095,0
A0A1P8B6C9:Q9M1Y0,0.0008615216356702149,0
Q9SJE2:B7ZWR6,0.2607358694076538,0
Q1G390:Q94K71,0.0020362630020827055,0
Q8VZE4:Q9LF68,0.003064793301746249,0
P49107:Q9CAJ0,0.0025701054837554693,0
Q9FZ97:A0A1P8B760,0.002267050091177225,0
Q9FN50:Q6IWB2,0.0007898720796220005,0
Q9LXK5:F4K6C3,0.0007051686989143491,0
Q8LEP7:Q93WB2,0.0014894084306433797,0
F4HR31:Q9SIT7,0.002653733594343066,0
Q9LF24:Q9FGJ3,0.013958754949271679,0
Q9SJV5:P93024,0.0013934923335909843,0
Q9FN15:Q9C763,0.0028535479214042425,0
Q9LT89:F4KAV2,0.005482535343617201,0
A0A1P8BB71:Q5XV94,0.0013112545711919665,0
Q6X7J5:Q94JW8,0.02720811404287815,0
Q9C9T4:Q3EC43,0.0006239069043658674,0
Q8H1S7:Q9SF38,0.003309686202555895,0
Q9SJW0:Q9FZK5,0.0015092570101842284,0
P49243:F4JKW0,0.11200661957263947,0
A0A1P8AW47:Q9LF24,0.00560087850317359,0
Q9SRS1:A0A1P8AXU1,0.0007218403625302017,0
Q0WWE3:F4HQ84,0.013895031996071339,0
Q9STH7:Q8L4N1,0.006892331875860691,0
Q1G3F1:Q9SUC5,0.0010857890592887998,0
Q39238:A0A1P8AUY5,0.0009862149599939585,0
Q9LSR5:F4IVU1,0.0019194271881133318,0
Q9LTC3:Q6IDB0,0.008614125661551952,0
Q6NPF4:Q8RYD3,0.0111531438305974,0
F4HPB7:Q6AWX1,0.09759712964296341,0
Q9FMK7:Q8LDV4,0.0023572889622300863,0
Q500Z7:A0A1P8B2W3,0.001120592700317502,0
O22287:O80634,0.1624772846698761,0
O81051:Q2V328,0.0009694953332655132,0
F4JCN4:Q9SAK0,0.0010272295912727714,0
F4JSC0:Q940R4,0.0072245001792907715,0
B3H6P5:F4HTE0,0.022582314908504486,0
Q9FYE0:Q2V3K2,0.0006593940197490156,0
F4IZ00:Q945N1,0.005755820777267218,0
Q9SK53:Q9SK39,0.007712119724601507,0
F4I499:Q9C640,0.002242249669507146,0
A0A1P8B502:Q5S4W1,0.012894225306808949,0
Q39010:F4J139,0.3766258955001831,0
B3H7J2:Q9FN69,0.0010283980518579483,0
Q9ZQZ9:Q8H1F6,0.003405103925615549,0
F4HVS6:Q8LGS1,0.002136705443263054,0
Q8L3Z8:Q94CC1,0.0011538391700014472,0
Q39140:Q9M1X2,0.004030768759548664,0
Q2V346:Q9LZA7,0.0007394618005491793,0
B9DGD6:Q9FX35,0.002150860847905278,0
Q9SGH5:Q9M0K4,0.0026637481059879065,0
Q9ZWC5:Q9ZVI7,0.0023481014650315046,0
Q45GG6:Q2HIU1,0.0023389023263007402,0
Q0V845:Q84M92,0.04829956218600273,0
O81025:Q9SAJ3,0.0046764700673520565,0
B3H784:Q3EDK7,0.0134961549192667,0
F4IDQ5:Q8GZA4,0.0019243262941017747,0
Q6Q151:O64866,0.0019832279067486525,0
Q9C6V2:Q5PNU3,0.02249065786600113,0
Q9C843:Q6R053,0.004077889956533909,0
A0A1P8BDN2:Q9XIM0,0.001827208325266838,0
O82812:O04590,0.005611469503492117,0
F4IMA4:F4JSC0,0.00457895128056407,0
F4K975:F4JQS2,0.0017571200150996447,0
Q08298:Q9C6K1,0.0021462382283061743,0
Q9M875:F4HQX1,0.03599446266889572,0
Q9SPI1:Q9SLH0,0.06576216220855713,0
Q9FM80:Q9LP80,0.00531010190024972,0
O64760:Q9SCU7,0.03503188490867615,0
Q3E9N1:Q9FGP8,0.010615791194140911,0
Q0WR81:Q0WNX3,0.0019123466918244958,0
A0A1P8AT89:Q9SU89,0.029215311631560326,0
F4JEQ6:F4IB51,0.0008139153942465782,0
Q66GQ1:Q0V845,0.0176934115588665,0
Q9CA16:Q9FLU6,0.0006510193925350904,0
Q39262:Q9LSZ4,0.0008975501405075192,0
Q9ZT84:Q8RWW1,0.00427260110154748,0
Q6DYC0:Q9ZPR0,0.001049377373419702,0
Q9FKH1:F4ICB5,0.1575855314731598,0
Q84K51:Q9LH43,0.0008030146709643304,0
Q9SV26:Q1G3L1,0.0031817511189728975,0
Q3E9D5:Q8W4R7,0.001688305870629847,0
Q9LMQ2:Q8S8M2,0.0034463261254131794,0
O04027:Q67ZB6,0.008522835560142994,0
O04173:B3H7A6,0.002142765326425433,0
Q9C580:B3H7J2,0.0013117821654304862,0
Q2V4D5:Q9XI76,0.001190968556329608,0
Q6NPP7:F4JCI4,0.0026255175471305847,0
Q9C5X8:Q9C8L4,0.025651976466178894,0
Q84TD6:Q9LV21,0.006059085950255394,0
Q500W7:F4I5Q5,0.0018976284191012383,0
F4JML6:Q9M169,0.0009024051250889897,0
Q0WQF4:F4KI29,0.06990646570920944,0
Q941L3:Q9M190,0.007148792501538992,0
A0A1P8BGI7:Q6DBD5,0.003294921712949872,0
Q9SVQ3:Q9FMV7,0.001575455884449184,0
Q9LEU5:Q56YQ1,0.0008671125397086143,0
Q8LPL5:Q9M9Y4,0.2937955856323242,0
Q9S9X7:B3H614,0.0005969704943709075,0
O82394:Q9LM13,0.0010744186583906412,0
Q9C8J7:Q3E918,0.0013642985140904784,0
Q9LZ59:O48720,0.006463577505201101,0
Q564K3:Q9LYL9,0.019522568210959435,0
B3H6J5:P93822,0.003993794787675142,0
Q8S9J2:Q0WPD9,0.0019509261474013329,0
C0LGW2:Q9FFA0,0.0018050788203254342,0
F4I8W7:Q9SDS8,0.005954350810497999,0
Q9SHF8:Q9M4T3,0.035444121807813644,0
A0A178V266:Q9STG1,0.0028986670076847076,0
Q9C7N3:Q9STE8,0.010922488756477833,0
Q2V309:Q9SY00,0.0010941954096779227,0
F4JKW0:Q9LF97,0.008133674040436745,0
A0A1P8AWX3:Q8RWZ1,0.057007621973752975,0
Q9LXA8:P62090,0.04548148438334465,0
A0A1P8B2W3:Q8RXT5,0.0008674261043779552,0
P27202:Q8VYP6,0.003664744785055518,0
Q9S7U7:Q9SAD9,0.010853134095668793,0
A0A1R7T3C3:Q1PDL6,0.0009648643317632377,0
Q9LDD5:Q8GY72,0.000899172096978873,0
Q9FJN6:Q58G10,0.07000180333852768,0
Q9FJ95:Q8VYQ7,0.0022851910907775164,0
Q9CAW3:Q9SVH8,0.0006425049505196512,0
Q9ZQC6:Q7Y211,0.0012239310890436172,0
Q9M2U6:Q9SI15,0.002138594863936305,0
Q8GUT5:Q9SSM2,0.001576933660544455,0
Q9M9H7:A1L4Y4,0.003691166639328003,0
A0A1P8AR64:Q9FUY2,0.0018125273054465652,0
Q9C569:Q501D4,0.0068181902170181274,0
Q9FWZ3:Q9FJV0,0.18818333745002747,0
Q5XV94:Q39021,0.08346420526504517,0
F4IZ80:Q8L5W8,0.0015618642792105675,0
Q5BPR6:Q9SZK4,0.0016107546398416162,0
O48721:Q9SHQ9,0.0038373437710106373,0
A0A1P8AP72:A0A1P8B2J0,0.0074760145507752895,0
Q9SGS1:A0A178WGK2,0.0012350189499557018,0
Q9SUD8:Q9SMN4,0.0023036212660372257,0
Q8GWE6:Q9FL63,0.008421940729022026,0
Q9C5C5:Q8VZK2,0.0016625126590952277,0
Q9ASW4:Q9LV97,0.0007633083732798696,0
Q29PZ2:Q9C580,0.0010116312187165022,0
Q8LBW4:A0A1P8B2D2,0.0006530247046612203,0
Q9ZR12:A0A1I9LNH2,0.001751283765770495,0
Q9CAQ2:Q8H0U3,0.009649388492107391,0
F4I6H7:Q9SX45,0.0023829855490475893,0
O80345:Q9FHL9,0.07865461707115173,0
F4HVW5:P92566,0.0006781366537325084,0
Q9LY82:F4I9I5,0.0008105721208266914,0
Q9C5J8:Q1PET7,0.0013325568288564682,0
B3H5E6:Q9LV81,0.001245696097612381,0
Q8RXU6:F4ID96,0.009010160341858864,0
O49675:Q8LBA6,0.05258650705218315,0
Q9SRQ3:Q8W3M6,0.09958446025848389,0
Q8GYP3:Q8VZ95,0.002649849047884345,0
Q1PEN6:F4I861,0.0006396438111551106,0
Q1H5B2:Q9FN84,0.007440853398293257,0
O82760:P55217,0.0009714173502288759,0
Q8W109:F4K7X9,0.0007789488299749792,0
F4J0L0:Q9FMZ4,0.002109516179189086,0
Q2V4I9:Q8GYM2,0.0011283111525699496,0
O23100:Q08733,0.0008531659841537476,0
Q9C640:Q8VYD3,0.001390764256939292,0
Q9SX45:Q9LI85,0.0034005672205239534,0
A0A1P8AZP7:Q84J91,0.00204213778488338,0
Q9ZQA3:Q9SJG7,0.0011652011889964342,0
F4IED7:O82266,0.04035305976867676,0
A0A1I9LLN7:Q9LF66,0.0009537019650451839,0
Q8GWP1:F4I6U7,0.063426673412323,0
A8MS31:Q9LU28,0.0007593955378979445,0
Q9LZA6:B3H7D1,0.0026492716278880835,0
O82798:Q9ASV6,0.005150028970092535,0
Q06AN9:Q9SJV6,0.002306448994204402,0
F4IEX1:Q9FX44,0.0008234457927756011,0
Q0WSF1:Q9C5J6,0.10603886097669601,0
Q7PC79:Q9FGR2,0.04993605241179466,0
Q8LPG1:Q9SJM3,0.0010177927324548364,0
P46897:F4HP85,0.0011045467108488083,0
Q9LUC7:O23247,0.0007754711550660431,0
A0A1I9LQ30:F4IUX9,0.0011177530977874994,0
A6QR85:O82319,0.0018041888251900673,0
Q9FGM9:Q9ZSK1,0.03333849832415581,0
Q9S746:Q9LQ12,0.02763010933995247,0
P0DN98:B3H4R7,0.04417024552822113,0
Q04613:Q8LFL5,0.009718134067952633,0
Q2L6T1:Q9SN15,0.0006263823597691953,0
Q9C878:O49403,0.05269873887300491,0
Q9S7I7:F4JZU2,0.0010241067502647638,0
Q8L467:A0A1P8B801,0.0017846592236310244,0
B9DF92:Q9FI46,0.0015340581303462386,0
O80339:P56801,0.0027254053857177496,0
O80884:Q84WM1,0.0007533287862315774,0
O80366:Q2L6T1,0.0009637339971959591,0
Q9FIS4:Q9LTB9,0.0019341044826433063,0
O80920:Q9C803,0.0012838448164984584,0
Q9SZE0:Q9FL96,0.0036493842490017414,0
Q9M565:F4J0D0,0.0012888701166957617,0
Q9SCP4:A8MRE7,0.0006276282365433872,0
Q0IGM1:A0A178WNP1,0.0006426798063330352,0
A0A1P8BF70:Q9SY74,0.0013045667437836528,0
Q5XVA8:O49436,0.0032634257804602385,0
Q9FN69:Q8W1X2,0.007944936864078045,0
Q9M0I1:Q8GY50,0.0010958068305626512,0
Q949U5:Q9SCU5,0.0217138584703207,0
Q8GY50:Q9CAG1,0.0024131648242473602,0
Q58G10:Q9LNZ0,0.012614692561328411,0
Q9SHQ9:P29517,0.0036982924211770296,0
Q944Q0:F4IGH3,0.0031274096108973026,0
Q9SI63:Q9SV72,0.0008286031079478562,0
Q9ZNX9:Q9LYB9,0.0023440122604370117,0
O80450:Q9LS86,0.11237571388483047,0
F4IBY8:F4J687,0.0025862501934170723,0
Q9C975:O80742,0.0014096813974902034,0
O48529:Q1G3Z3,0.07069413363933563,0
O22793:Q9LYX2,0.0006946099456399679,0
Q9ZUV6:Q9C5C4,0.008179422467947006,0
Q9M122:Q94AQ4,0.0009220942738465965,0
A8MQP2:A0A1P8AW47,0.0009203294175677001,0
O81001:Q9FLX9,0.005805575288832188,0
Q9C9N3:O48713,0.07547207921743393,0
Q9S7S5:Q9FID7,0.019173838198184967,0
Q94JM3:Q9T075,0.017678869888186455,0
Q8VY62:Q9LFV5,0.0011297486489638686,0
Q5Q0I0:Q9LYD3,0.0008921253611333668,0
Q9S7M2:P19172,0.0009389247861690819,0
Q9S6Z9:P0C899,0.003738069674000144,0
P92534:Q9FEN9,0.0007524517714045942,0
Q8GW13:P82643,0.0008244855562224984,0
F4K8I3:Q9C9H9,0.0014089542673900723,0
Q3E918:Q9FX34,0.0023319514002650976,0
Q39227:F4K6Z5,0.01617507077753544,0
Q9LIL5:A0A1I9LLL5,0.0035134346690028906,0
F4JXW9:Q8VZS2,0.0009389371844008565,0
Q9LM58:O23369,0.004875992890447378,0
A0A1P8AQA9:Q9M0X0,0.002423201920464635,0
Q9LZD1:Q501D5,0.012380730360746384,0
Q9SW23:Q0WRE7,0.0007515334291383624,0
P93316:Q9FKV1,0.0034792819060385227,0
Q93VB2:F4IFM3,0.005420904606580734,0
Q9FKQ8:A0MFS5,0.0010458121541887522,0
F4J956:Q8GW42,0.0005719822947867215,0
Q9LZ00:Q9FGG2,0.01897139847278595,0
Q9LSZ4:Q3S4A7,0.0031223371624946594,0
Q38840:F4HVZ5,0.008869804441928864,0
Q6DSU0:Q84W04,0.06535790115594864,0
F4JUA6:F4HWT6,0.0025434603448957205,0
Q9M1X2:Q6DYC0,0.0008156627300195396,0
Q9C800:O81788,0.01647168956696987,0
Q9LFV5:F4ID12,0.012106048874557018,0
Q5S4X7:Q9CAN3,0.023605091497302055,0
Q9LM78:F4K7X9,0.0009332146728411317,0
F4K588:O49545,0.001924610580317676,0
Q84TH8:Q9LIH2,0.0028545036911964417,0
Q5S4W1:F4JPQ4,0.0015076848212629557,0
Q8S8I9:Q5S502,0.0009339373791590333,0
Q9LTD4:Q9M026,0.002138857962563634,0
B3H428:A0A1P8ATM2,0.0008786664693616331,0
O48720:O65387,0.0008077591774053872,0
Q9M8T8:Q9ZQ68,0.0007540940423496068,0
Q9C659:Q9SMR5,0.0008114650845527649,0
Q0V7V2:Q9FI44,0.001114843413233757,0
Q9FMB4:B3H7G8,0.0034220609813928604,0
Q7XA71:A0A384LJI7,0.0045944578014314175,0
A0A1I9LNG9:Q6NPL0,0.0006771025364287198,0
P0C7Q8:Q9SKI5,0.0025492433924227953,0
Q9LHL7:Q9FM91,0.01806877925992012,0
Q1H5B1:F4K7J0,0.025538993999361992,0
O81826:B3H617,0.0014519160613417625,0
Q9CAY6:Q9LX56,0.10724502801895142,0
P92559:Q9STP8,0.005499626509845257,0
Q9ZR12:F4HYH6,0.0049449726939201355,0
P55826:A0A1P8B017,0.0015555223217234015,0
O04173:Q9M1Q4,0.6536237001419067,0
Q9STL8:P0C8A0,0.06428798288106918,0
P0CAX9:Q9C8L4,0.0007101951632648706,0
P0CAY4:A8MQ92,0.00923834927380085,0
Q9LQ74:Q1G3B1,0.0006703956751152873,0
Q9FYC3:Q1G3Q4,0.0010353190591558814,0
Q8GXH5:F4I861,0.0007628481253050268,0
Q9FNA9:O48713,0.0026730033569037914,0
O22877:Q9FH00,0.0009541912004351616,0
Q0WR08:Q9FID7,0.0008511107298545539,0
Q9FLM1:F4J480,0.002267050091177225,0
A8MQ92:Q9C8T5,0.0011816293699666858,0
Q8S8T8:O81515,0.0008525612065568566,0
Q8LGS1:F4JCI4,0.0010778396390378475,0
Q8L7G1:Q66GJ0,0.0027036797255277634,0
Q96247:Q9FM69,0.0024465082678943872,0
O80339:Q9LSI4,0.15731404721736908,0
Q84UU4:Q9C843,0.002667028224095702,0
O49627:F4IXJ0,0.003812414826825261,0
Q8GXP7:Q9FMS0,0.004427503328770399,0
Q9SIS2:Q3MV14,0.0014389341231435537,0
Q9SYQ0:Q5E911,0.0029127500019967556,0
Q9SVH8:F4IQS9,0.0007450721459463239,0
Q9SWH4:Q8S9M3,0.0008177612326107919,0
Q5PNU3:Q56XV8,0.40423449873924255,0
Q9STP8:Q9FGG2,0.00139405089430511,0
Q9SSW0:F4HYC8,0.0023374902084469795,0
Q9SJH2:Q1PE51,0.0027765240520238876,0
F4I4Q3:Q9FIS4,0.0006679142243228853,0
F4IZC5:Q2V4D5,0.0009356909431517124,0
Q9LTX4:F4IH25,0.001628975966013968,0
O80470:Q9M995,0.15299208462238312,0
Q7X659:A4FVP6,0.020846879109740257,0
F4IZ03:Q94AX4,0.015077421441674232,0
Q9LZC3:Q9LKZ3,0.006662057247012854,0
Q9XIR8:Q9C737,0.007488790433853865,0
Q9C8J7:F4I540,0.0021538843866437674,0
Q9SF37:O64470,0.0023396580945700407,0
Q4V399:Q9FX44,0.0023402210790663958,0
Q9LS04:Q1PEN6,0.0009582132333889604,0
A4FVP6:Q944K3,0.04454079642891884,0
Q9C788:Q9LUU5,0.0015021179569885135,0
Q9M0V4:Q4VP08,0.0009056140552274883,0
Q9C8Q1:Q3ECY3,0.0005926340236328542,0
O49586:Q9FLQ0,0.013811382465064526,0
Q9SKH1:Q9SZA2,0.0009108046069741249,0
O49289:Q9S7H1,0.15166644752025604,0
Q9M054:O22846,0.0007450361736118793,0
Q9FFR5:Q9SJE2,0.007127597462385893,0
A0A1P8B013:B3H711,0.0006274917395785451,0
F4KEP6:Q9SY75,0.0036287864204496145,0
Q9SJ20:Q0WSU0,0.0146029656752944,0
O64482:Q9SUX0,0.0007888603140600026,0
Q9FJV5:F4I7W1,0.0010045532835647464,0
Q8RY12:Q9SB36,0.10442185401916504,0
Q56YT7:Q9C6U7,0.011234099045395851,0
Q9FF17:A0A1I9LLE1,0.005057860165834427,0
Q9SJT8:Q6NPM7,0.001332729822024703,0
A0A178VQ59:O65220,0.01934562809765339,0
Q9S750:Q9LNI3,0.001449319301173091,0
Q9LTS8:Q9SJT8,0.11093612015247345,0
O23337:Q9LU86,0.04329410940408707,0
Q6DSU2:Q9SX45,0.0074604349210858345,0
Q9ZNU3:Q9M1F6,0.00256213522516191,0
Q9FLI7:Q1G3B3,0.002148530213162303,0
Q84TK4:Q9SFX3,0.0009403053554706275,0
Q9LK65:Q0WPG1,0.0023670298978686333,0
Q9M9H7:Q9SII1,0.0007251271745190024,0
Q67Y04:Q9FFC9,0.006619811058044434,0
P21238:Q9LIJ0,0.006982665043324232,0
F4K3K4:Q6NM39,0.0017023161053657532,0
Q8S8N4:Q93YQ0,0.0008959000115282834,0
Q93XY7:Q9FZ92,0.005861608777195215,0
F4JRP8:Q9C7J3,0.0032828226685523987,0
A0A1P8AUJ8:F4JF14,0.00576586090028286,0
Q9FE54:Q5HZ00,0.0022054691798985004,0
Q9SCT7:Q9FI57,0.0007421241025440395,0
A0A1I9LQ30:A2RVP7,0.001188185065984726,0
Q8RX60:Q8W4F1,0.0029272267129272223,0
Q8LPH6:Q9FKZ0,0.001995230559259653,0
A0A178WKP3:Q8VYH0,0.00425050500780344,0
Q9M128:Q93ZY7,0.05036720633506775,0
Q9FFA7:F4K064,0.019129415974020958,0
A0A1P8B6C7:O81916,0.000916633231099695,0
Q9LEZ1:F4KBU9,0.0009217400220222771,0
Q9LM92:Q9FLU6,0.0010852195555344224,0
Q9C9U0:P56788,0.0008896183571778238,0
Q43309:F4HYB6,0.0006388316978700459,0
A0A1P8AUR3:P94024,0.0014869741862639785,0
Q9LEY9:Q9FK47,0.003948430065065622,0
Q29Q18:O48890,0.05466809496283531,0
Q9M367:F4K719,0.0017768212128430605,0
O48713:P49177,0.6936341524124146,0
Q6DST9:Q9SIC3,0.016648855060338974,0
Q9M9Z2:F4K742,0.0014690369134768844,0
Q9FNY4:Q8LGU6,0.26514047384262085,0
Q9ZU88:F4KE63,0.004893209785223007,0
Q2V4C3:Q9SSF8,0.0017729675164446235,0
Q9LPN6:Q9C749,0.04208693653345108,0
Q41916:F4IUX9,0.0016934339655563235,0
A0A178UA90:Q9MAI8,0.0013064094819128513,0
Q84WM1:Q8GWW7,0.0011629948858171701,0
Q2V4D5:Q6NKN2,0.0009555534343235195,0
B3H6F7:Q9M9A8,0.003331881482154131,0
Q9C9P4:Q9FIR9,0.01291232742369175,0
O65423:Q9FNL4,0.0021493607200682163,0
Q9FFC9:Q9C6Z3,0.001111205667257309,0
Q9FHD1:Q9M042,0.005460656713694334,0
Q9LSP1:Q9C7F0,0.011719325557351112,0
Q2V3K2:Q8GT78,0.001405869028531015,0
Q9C924:B3H5S0,0.0019635462667793036,0
Q8S8P6:Q9LYE2,0.098007433116436,0
Q9FIX8:Q9LUB4,0.0007498326594941318,0
O49730:P40228,0.0010212166234850883,0
Q9FMQ2:F4I6L0,0.022910721600055695,0
Q9LS60:O22919,0.005083599127829075,0
Q8GYT8:Q8L8C2,0.0013788564829155803,0
O49653:Q9C683,0.023036209866404533,0
Q5XV40:O64649,0.003746600588783622,0
Q9C7J3:O49715,0.0033675841987133026,0
B3H4V4:Q9LXS2,0.001066103926859796,0
Q8RWW1:F4KEP6,0.0011358530027791858,0
Q3EDK6:Q9LVE9,0.004945398773998022,0
Q8L403:Q8RXU6,0.4938674867153168,0
Q2V3X3:Q9FMZ3,0.001824066275730729,0
Q9M386:Q2V4C3,0.0010346770286560059,0
F4KGY6:Q8VZT6,0.004516368266195059,0
Q8S8N3:A0A1P8AQT9,0.0016193498158827424,0
O64820:F4K4M9,0.0036425162106752396,0
F4IWK7:Q9FKB0,0.036408405750989914,0
A0A1P8AXI7:O81025,0.0033861964475363493,0
Q8L844:Q9C5W3,0.0027224435470998287,0
Q94AX4:Q9C995,0.004641654435545206,0
O04587:Q9M0X0,0.001039553084410727,0
D5K228:Q9LXV2,0.09872724860906601,0
Q9SRP6:Q9LMT1,0.0029433767776936293,0
Q9LSA5:Q9FE67,0.0343669094145298,0
O23071:A0A1P8B2D2,0.0007013746653683484,0
Q9LRV2:A0A1I9LP79,0.002012414624914527,0
P82643:Q9ZT50,0.0009218846680596471,0
B3H6K1:F4HSA3,0.0014021712122485042,0
Q9LS48:Q9LTX0,0.022940579801797867,0
Q9C9F0:Q38955,0.0010625853901728988,0
Q9M9C5:P94102,0.039625249803066254,0
Q84K51:Q9XIH1,0.01148699689656496,0
Q8GW42:A0A1P8B3C2,0.0005835602059960365,0
Q9C7T2:Q0WUZ1,0.0017005250556394458,0
Q9SM23:F4HVJ3,0.009008225984871387,0
Q9LTJ3:P27323,0.14234909415245056,0
Q9LF70:F4JML6,0.0008690975955687463,0
Q8LAV5:Q9LSW0,0.009700275026261806,0
P82778:Q0WUB8,0.0008363869856111705,0
Q9C6K3:Q6DYC0,0.08429300785064697,0
F4IJF2:Q9FJ10,0.0007738071726635098,0
Q9ZWS9:F4HPF4,0.019578730687499046,0
Q5W9E7:Q9FZ97,0.0009219793719239533,0
Q9SY00:Q9FX35,0.008012878708541393,0
A0A1P8AN40:Q9FJ80,0.0008611927623860538,0
Q9FNL4:F4K250,0.002210763283073902,0
Q8GZ85:O64584,0.000980552053079009,0
Q9S829:F4KCL7,0.004186249803751707,0
F4JN00:Q2V346,0.0007867812528274953,0
P52420:A0A1P8AY68,0.0007581196841783822,0
Q1PF74:A0JQ12,0.020931893959641457,0
Q9LTY8:O80438,0.0006792336353100836,0
P82735:C0LGN7,0.005441267509013414,0
Q0WRX7:Q9FKZ6,0.000948057509958744,0
P93287:Q93WB3,0.0007560133235529065,0
F4IR54:P27900,0.005125163123011589,0
Q84TG1:Q9M9E2,0.009489081799983978,0
Q9FM91:Q9SMP0,0.08418678492307663,0
A0A1P8B3Y4:F4JY92,0.0007499160128645599,0
A0A178VUV0:A0A178WKP3,0.0016546043334528804,0
F4I4E1:Q9XIP7,0.002650633454322815,0
Q9XGZ2:Q9SCU5,0.01883375644683838,0
A0JQ12:B3H5I6,0.0009685147670097649,0
Q9ZWC0:A0A1I9LQ53,0.0009142355411313474,0
F4J956:Q9M0W4,0.0007454690639860928,0
A0A1P8BER7:F4HPL1,0.0006045874324627221,0
Q9LV38:A0A1P8B9R8,0.0023898680228739977,0
Q5HZ54:Q9S750,0.02543712593615055,0
Q9M2E4:Q42545,0.008060802705585957,0
Q67Y03:Q9SN61,0.0010404891800135374,0
Q93WB3:Q8GXI9,0.008486335165798664,0
Q8GYP4:A0A1P8BAY9,0.0007745564798824489,0
Q8H1F6:F4K6C3,0.007342220284044743,0
Q8GXI9:Q84K51,0.0012555340072140098,0
O65382:Q94AD8,0.011217459104955196,0
Q9SGR2:A0A1I9LT75,0.002405555685982108,0
Q0PCS3:Q5XVB7,0.0026153044309467077,0
O22264:A0A1I9LN21,0.022482113912701607,0
A0A1P8AP72:B3H5D1,0.07010426372289658,0
Q9M9Y4:Q9T0E5,0.009461562149226665,0
Q8S8K8:P29382,0.0015264118555933237,0
F4HV48:A0A1I9LPV1,0.0009842283325269818,0
O22230:Q5Q0E7,0.0015625881496816874,0
Q8LFK2:Q9LU68,0.0013328487984836102,0
P27202:A0A1P8ANA9,0.0019865252543240786,0
O22287:A0A1P8AQV4,0.0010916416067630053,0
Q8RWG5:F4JS55,0.0010211325716227293,0
Q9SCK4:Q8VZB2,0.0007530872826464474,0
Q8LGE9:Q9M357,0.0011095149675384164,0
Q7FRS8:Q84JP1,0.0009943449404090643,0
Q9LPW6:Q9FMD5,0.005348667036741972,0
Q9LVD3:Q9LQT8,0.009804482571780682,0
Q8GXF0:Q67YC0,0.008161804638803005,0
Q38840:F4IWK7,0.0013003366766497493,0
Q2HIV3:Q9LHG0,0.16853581368923187,0
Q9LZ82:O04336,0.025847667828202248,0
A0A1P8BC60:Q94K76,0.0007305787294171751,0
Q9LTY9:F4KHE3,0.0006796419038437307,0
A0A1I9LLX4:B3H506,0.003895484609529376,0
F4IQY1:Q9SMN5,0.0010763820027932525,0
Q84JG2:F4IG46,0.06302322447299957,0
F4IR55:Q38850,0.3269452750682831,0
Q94C26:Q9STG1,0.001513861701823771,0
F4JKW0:Q9LTH4,0.004601899068802595,0
Q9LPD9:Q8RU07,0.021057380363345146,0
A0A1P8B6G5:A0A1I9LTE5,0.0007615235517732799,0
A0A178VYP6:Q5S4W1,0.06936179101467133,0
Q8GYE6:Q0WVW4,0.0011125303572043777,0
Q9SF38:Q9ZT42,0.014986258931457996,0
A0A1I9LPV1:Q9ZRT1,0.005592105444520712,0
Q9SS48:Q1G390,0.0074705989100039005,0
Q1G3L1:Q9LSN5,0.05953241139650345,0
Q45GG6:Q9M2C9,0.002567240735515952,0
O22793:Q94BN2,0.009524980559945107,0
Q9ZU97:F4JC91,0.014744753018021584,0
Q0WQA4:P0DO23,0.0017760897753760219,0
Q67Y99:Q9FYE2,0.003247756278142333,0
B3H572:Q949U5,0.016909683123230934,0
Q9T0A4:Q8L475,0.009285446256399155,0
Q8GZB4:Q0WNX3,0.002584505593404174,0
O81047:Q9ST43,0.010651607997715473,0
Q8GWC9:F4JG50,0.0017737866146489978,0
Q9LQZ5:Q3ECF9,0.0034337041433900595,0
Q9FGZ5:Q9C5J6,0.0026287089567631483,0
Q944K3:Q9AR07,0.003993422258645296,0
Q9ZPR0:Q9SLG8,0.001540923723950982,0
Q0WP36:Q9C7T2,0.0013510833960026503,0
F4J687:Q9LZW2,0.0037006258498877287,0
A0A1P8BA81:B3H7H8,0.0013626840664073825,0
O22951:Q9LFI4,0.0006648201961070299,0
Q3E8Z8:P27202,0.002772323554381728,0
F4JSJ6:Q8RXG5,0.0008758680778555572,0
Q8W109:F4IZC5,0.0029842660296708345,0
F4HPF4:Q84R17,0.0011521581327542663,0
Q9C636:Q8LFL8,0.002147129038348794,0
Q9FMD5:B3H563,0.0015509400982409716,0
F4I7Y6:B3H797,0.0016021904302760959,0
Q8GWS7:Q3EC23,0.0014221245655789971,0
Q9M811:Q9FML2,0.1976279318332672,0
O23157:Q9C771,0.008121730759739876,0
O23177:F4JDL5,0.0024066101759672165,0
Q9LYQ8:F4J131,0.0013276591198518872,0
Q9FTA3:Q9SLH3,0.003368740202859044,0
O22244:F4I3E6,0.002068952191621065,0
Q9LRJ4:F4JX57,0.001374080660752952,0
Q2V397:Q944Q0,0.001605634461157024,0
Q9SLJ2:A0A1I9LLL5,0.004888275172561407,0
A0A1I9LMG4:Q9SHF8,0.0007491718861274421,0
Q84UU9:A0A1P8BB71,0.0008160576107911766,0
Q9FX76:Q8W4K2,0.0027232468128204346,0
Q9SZ51:Q9SL50,0.000698842981364578,0
Q9XGN1:Q8GXE9,0.07138799130916595,0
Q0WQM7:Q8VXY9,0.0010604484705254436,0
Q9ST43:A0A1P8B9Z0,0.01235623937100172,0
Q42512:A0A1I9LTJ3,0.008337421342730522,0
F4HVS6:Q9M4T3,0.002009837655350566,0
Q94C90:Q9FM80,0.010250798426568508,0
Q1EBV4:P82782,0.0009275599732063711,0
Q9LJX2:Q9LUR0,0.0010553535539656878,0
A0A1P8APR3:O49711,0.0005915541551075876,0
Q1PEE4:Q84TD6,0.004703280050307512,0
Q9SIA7:Q9C640,0.0017356615280732512,0
Q9SVQ3:Q8LBZ4,0.0032672889064997435,0
Q9XI36:Q5XV31,0.023746468126773834,0
Q5ICL9:Q3EC62,0.0006806455785408616,0
A0A1P8AQ67:Q0V7S1,0.0014650140656158328,0
O64640:Q9C5X8,0.035244300961494446,0
Q56XJ7:Q9LMT2,0.0010676851961761713,0
B3H713:Q9C7M2,0.0015840122941881418,0
Q39214:F4IQY1,0.0008680184255354106,0
F4JPD5:Q9FN84,0.01589684747159481,0
A0A1I9LRR3:F4ILE1,0.00675320765003562,0
Q9FFJ9:Q94BN0,0.0033124692272394896,0
F4J480:F4I9U3,0.0010427838424220681,0
Q9SIN9:Q94JV0,0.002061106264591217,0
F4KAF8:A0A1P8AXB7,0.0009295644122175872,0
Q9C926:Q9STM6,0.0008110073395073414,0
Q8GYS0:Q3E9I4,0.0021794952917844057,0
Q8GWP1:Q8VZ95,0.011825303547084332,0
Q2HIU1:Q9LS46,0.0009303007391281426,0
Q6ICW8:Q9SX99,0.009552959352731705,0
Q9C5X8:Q0WMY5,0.007384476717561483,0
Q9LES2:O04350,0.06641925871372223,0
A0A1P8BGG8:Q949R4,0.0008020966197364032,0
Q9FLU6:Q84JG2,0.001274574315175414,0
Q8RXC0:Q84RE5,0.01722877100110054,0
F4KE63:Q93Y00,0.005649041384458542,0
Q9M4T3:Q9ZUZ2,0.010095801204442978,0
Q9LRQ0:Q6IDA8,0.11525741964578629,0
Q71N54:Q7XBQ8,0.0028597842901945114,0
O49420:Q8H0U3,0.0034407370258122683,0
A0A1I9LN10:Q9LZ08,0.001559439580887556,0
Q9ZR09:Q8H0W0,0.009656078182160854,0
Q9LDF5:Q2V369,0.0006526396027766168,0
Q1G385:Q0WRX7,0.009726791642606258,0
Q9LW63:Q2V4B2,0.05942656472325325,0
Q9SN15:O64556,0.0007662968710064888,0
Q93VJ4:Q1G3F1,0.001037031994201243,0
Q9SIW1:Q9FKT5,0.03332647308707237,0
F4IFF3:P55217,0.04593754559755325,0
Q9M0X0:Q9SAF1,0.20502693951129913,0
O48963:Q9T070,0.0017422124510630965,0
F4K742:F4IVN9,0.0006677609053440392,0
Q3E880:Q6R053,0.0022438352461904287,0
F4JI85:Q9ZU97,0.18229062855243683,0
Q9FFR6:Q3ED38,0.009145807474851608,0
F4IA60:Q9FJH9,0.0014780445490032434,0
F4IIZ8:Q8L7U4,0.042937006801366806,0
Q9XI76:Q9ZRA2,0.007618871983140707,0
Q9FIV5:Q8LG56,0.003281773766502738,0
Q8VZ65:Q9LHK9,0.0029924402479082346,0
Q9FDX6:Q9LS86,0.006116395816206932,0
F4JKZ9:Q8LG05,0.05071626976132393,0
Q3EBM5:F4JK43,0.002356842625886202,0
Q8L9R0:Q8GYT1,0.06236899644136429,0
A0A1I9LSP4:Q2V4F7,0.0017457175999879837,0
O81472:Q9FVW6,0.002707612467929721,0
O80943:Q9S763,0.0014247409999370575,0
Q0WNZ8:Q8L3Z8,0.0798991322517395,0
Q9FLF7:Q9FFE4,0.05292528495192528,0
Q8GW63:F4ISV4,0.0020891870371997356,0
F4JA50:Q9FYB1,0.0028968730475753546,0
Q8GYP6:Q38832,0.005518482998013496,0
F4ITP1:Q570R7,0.020016273483633995,0
A0A1I9LM80:Q8H0Z9,0.0019080446800217032,0
Q9LXV0:F4K2H9,0.06012732908129692,0
Q1G3V0:B3H6P5,0.015754355117678642,0
F4HRB5:Q93ZM6,0.0010154301999136806,0
Q39253:Q8RWW8,0.007903064601123333,0
Q8VZ95:Q17TI5,0.11093063652515411,0
Q9C6V2:Q9LIA2,0.001982077956199646,0
Q9ZR13:Q9S7I7,0.0030461542773991823,0
Q9LYC9:Q94F39,0.02336840331554413,0
Q8RXG5:Q9M1X2,0.0012062935857102275,0
F4IB55:Q9LSK7,0.001989126903936267,0
B9DHK3:F4K6Z5,0.003306276397779584,0
Q9STS3:Q67Z52,0.1710854321718216,0
B3H5M8:Q9C9A0,0.004341857973486185,0
F4IDQ5:O81323,0.0016562972450628877,0
O49553:Q9LXL7,0.006891317665576935,0
A0A1P8AS86:Q9SYH1,0.021439319476485252,0
O23684:Q84JN2,0.0026940153911709785,0
F4I9I5:O22783,0.0008982835570350289,0
F4JLQ2:F4I9X5,0.05702269822359085,0
Q3EBP7:F4JLQ2,0.0022484620567411184,0
O80634:Q8VZN1,0.0012475249823182821,0
Q8LBB7:Q9ZSD4,0.008988072164356709,0
A0A1P8B0Q6:Q9LXW1,0.0006517650908790529,0
Q67XK8:Q8W4L5,0.03173154592514038,0
Q8LEU9:A0A1P8B5I4,0.0007687548059038818,0
Q9S9U2:Q9ZWS9,0.0042096711695194244,0
Q2V369:Q1G3U3,0.0007001259364187717,0
Q682P6:A0A1P8BER7,0.0006606643437407911,0
F4J1U2:Q9CAA4,0.0018825225997716188,0
Q8L6Z7:O49586,0.0010863154893741012,0
Q9M338:F4JWB9,0.04290973022580147,0
F4JF14:Q9LUA3,0.10402374714612961,0
Q9ZQA3:Q8RWG0,0.0007511351141147316,0
Q9LT48:A0A1P8AYJ3,0.0012224261881783605,0
O22909:Q9FG51,0.029779061675071716,0
A0A1P8B144:Q9FYC3,0.0009122589835897088,0
Q9M9Q6:Q9FRL5,0.0012875072425231338,0
Q9LSK7:Q9ZW21,0.01074166502803564,0
O04254:Q8GYI3,0.0007295190589502454,0
A0A1P8BB88:Q3ECD0,0.001811549416743219,0
Q3EDD5:P93822,0.002507980912923813,0
Q9CAI2:Q9C6V2,0.0009869609493762255,0
Q9M0X3:Q9SVG9,0.0010950457071885467,0
Q9SD80:Q9LZP9,0.10395999997854233,0
A0A1I9LRC5:Q9LZ73,0.0006657001795247197,0
Q5XUX8:Q9LVW2,0.002463755663484335,0
A0A1P8BAY9:Q9ZUM9,0.000797065906226635,0
O64649:F4I3I2,0.0008117036195471883,0
Q940A2:F4IFF3,0.015091192908585072,0
Q9SYK0:Q9SYA7,0.0008287899545393884,0
F4I0Z2:O65514,0.007796756457537413,0
Q3EC19:P36428,0.005322938319295645,0
Q9FMU2:Q9FFU3,0.0013231758493930101,0
Q9S9T4:A0MFL4,0.0009944997727870941,0
Q6DYE3:Q2V397,0.0012591492850333452,0
Q67Z52:Q8VYG5,0.13254182040691376,0
Q9SPG1:F4JR96,0.0032817216124385595,0
Q9C5V6:B3H555,0.14258387684822083,0
Q3E9N1:Q9FT52,0.016975989565253258,0
B9DFS6:Q5HZ48,0.0019876013975590467,0
O04663:F4J5F9,0.001219996833242476,0
Q6DR69:Q1G3V0,0.001031074090860784,0
Q84JV2:B3H6G9,0.0007842729100957513,0
A7XGN8:Q0WT24,0.004664921201765537,0
A0JQ16:Q38898,0.002364696701988578,0
Q39022:B3H784,0.1001868024468422,0
F4IK97:Q4VNZ6,0.0007903637597337365,0
F4IRC9:Q9FYL3,0.0008524241275154054,0
F4ISC6:A0A1P8BH56,0.0007381962495855987,0
Q6DUW7:Q1PDW9,0.0007947409758344293,0
Q6NPL0:Q9LR11,0.0011875753989443183,0
Q9LZQ2:F4JN77,0.0019511905265972018,0
A0A2H1ZEC0:Q39079,0.002738270675763488,0
Q9LJF6:Q9ZU92,0.0012013849336653948,0
Q9LU68:Q9ZV49,0.0006690197042189538,0
F4I350:Q9SUW4,0.004687965847551823,0
O82798:Q9FFR6,0.003366447752341628,0
Q94K21:F4I3G0,0.0006875910912640393,0
Q1G322:Q8GXS8,0.001857466297224164,0
A0A1P8BB71:Q9SIW5,0.001865341211669147,0
Q9FFH2:Q94CB5,0.0012354623759165406,0
Q8LBW4:Q6PV67,0.00116975128185004,0
Q9SJ47:A0A1P8B630,0.0005960337002761662,0
Q9C8T5:Q0WQG8,0.0010908980621024966,0
A0A1I9LLJ2:Q9C9H9,0.0032185260206460953,0
F4KIL1:D2WL32,0.003270355286076665,0
F4INA9:O82197,0.008903450332581997,0
Q84RJ7:Q9LPN6,0.001134710037149489,0
Q9SI57:Q9SKH2,0.000818088126834482,0
F4JM51:Q9C502,0.006189733278006315,0
O81515:Q9SMN4,0.0009170410339720547,0
Q5HZ48:Q8GZ81,0.001241012359969318,0
Q9LXP6:Q9SZN1,0.004261612426489592,0
Q2V3W5:Q9LP80,0.0006661165389232337,0
O65655:Q8S8H2,0.0008881846442818642,0
F4KD49:Q9M0I1,0.0008974545053206384,0
F4JYP3:Q2V483,0.0007442280766554177,0
Q93VA3:F4I526,0.0029273496475070715,0
Q9FHC2:Q9C5C4,0.0016068086260929704,0
Q00958:Q66GP9,0.002024965127930045,0
B3H7D8:B3H4E0,0.006219420116394758,0
Q9ZQP1:Q9SGR2,0.00141650321893394,0
F4I5Q5:Q9LSB2,0.01779325306415558,0
Q9LW60:A0A178UFM8,0.0026612915098667145,0
A0A1P8AXB7:Q9ZVC7,0.0015193750150501728,0
A0A1I9LNE1:P28186,0.0013412970583885908,0
Q9SVD0:B7ZWR6,0.11348734050989151,0
Q1PDW1:Q9SYJ8,0.0013586540007963777,0
Q9FJ55:P48002,0.003608235390856862,0
Q9FG51:Q9SZE0,0.02983521856367588,0
Q9SUX0:Q66GP4,0.0008619627333246171,0
Q84J91:Q9SZG2,0.0009702310780994594,0
O82799:Q9SUM3,0.03497539460659027,0
Q9FMZ4:Q8S8M2,0.0010298698907718062,0
Q9C5K8:Q06AN9,0.010378108359873295,0
F4JQS2:F4J139,0.0014340251218527555,0
Q94BN0:Q8L5Z0,0.0036522054579108953,0
Q5BPV4:Q9LPR9,0.0012398684630170465,0
D2WL32:F4J0D0,0.008045158348977566,0
Q9FMI8:Q42606,0.0014822738012298942,0
Q9XF04:F4J8D9,0.0009716983768157661,0
F4K6C3:Q9S9T8,0.000737021560780704,0
Q9LZX2:Q0WNP3,0.006171879358589649,0
O64837:Q93VH6,0.002060176804661751,0
Q9SCX9:F4J328,0.0008125061285682023,0
Q9FLS9:Q9LXU9,0.029599446803331375,0
Q8L7L1:Q9SV97,0.0025304495356976986,0
Q9C8F8:F4HTT8,0.001701950328424573,0
Q9C9R6:Q9LH43,0.0011039978126063943,0
Q9CAW4:Q570U1,0.013856740668416023,0
Q9ZNT7:F4IPV3,0.01661277562379837,0
P54609:F4KDY1,0.022809108719229698,0
F4HZI8:Q93Z32,0.0012768465094268322,0
Q9FHY1:A0A1P8AW86,0.0011674074921756983,0
Q2V4B2:Q3EB24,0.0007202658453024924,0
F4HR31:P82538,0.0009713211911730468,0
Q84VW6:O65628,0.0038620152045041323,0
Q1G3Z3:F4J6A1,0.0043630050495266914,0
Q3ECP9:F4HWT6,0.0019496016902849078,0
Q949U5:Q9M0W9,0.00328211416490376,0
Q9M0K4:Q9LDI9,0.08442792296409607,0
A0A1I9LSM5:O48852,0.0006990556721575558,0
Q9C9W9:F4HPD5,0.0007960554212331772,0
Q9LK89:Q84W04,0.014046454802155495,0
Q9FDX9:Q9LS01,0.0010776694398373365,0
Q38961:A0A1P8BHB4,0.002746119862422347,0
Q9M026:Q84X24,0.005007069557905197,0
Q8GW43:F4I5G3,0.001883660675957799,0
Q9S9V1:Q2V2S7,0.020031698048114777,0
P93732:Q1H5D2,0.01569606177508831,0
Q0IGM1:Q1H5E9,0.002143409801647067,0
Q8VYI6:F4KCH4,0.0006956268334761262,0
A0A1P8ASK0:Q9STS3,0.01200700830668211,0
Q9FJK3:Q8GY63,0.0026526928413659334,0
Q9XIL5:O22230,0.003889425890520215,0
Q9CAH4:O81915,0.00207252218388021,0
O80958:Q39147,0.038838889449834824,0
A0A1P8B1D7:A0A1P8AP31,0.0007537544588558376,0
Q8LAM2:Q3EC92,0.0016983557725325227,0
Q9FMS0:Q9LSR5,0.004975761752575636,0
F4J631:Q9SVX5,0.0031735114753246307,0
Q9SAU9:Q9M237,0.001504800166003406,0
Q9FGJ3:Q680Q4,0.5107463598251343,0
Q3E9I4:Q2V3K1,0.0015816651284694672,0
Q94BZ7:Q8GXT3,0.007038398180156946,0
Q9CAJ1:Q6DYE4,0.002908122492954135,0
Q8L908:F4JZU2,0.004205378238111734,0
O49397:A8MRE7,0.0005630875821225345,0
Q2V483:O80575,0.0007242771680466831,0
A0A1P8AW47:A0A1P8B760,0.001398115768097341,0
Q9C6B3:F4HTY0,0.2626550793647766,0
O22932:Q9SIW1,0.02368912659585476,0
Q9STE8:Q96524,0.004635978955775499,0
Q8LCH5:A0A1P8BAT6,0.0023267024662345648,0
P82773:Q9LJW1,0.0023042235989123583,0
F4K6Y8:O48788,0.020166749134659767,0
F4HS13:Q9LSZ5,0.00153089570812881,0
Q9C843:Q9ASW4,0.0025227826554328203,0
Q9SLA6:Q1PEU3,0.03638644143939018,0
A0A1P8B4M2:Q3EB28,0.0034438681323081255,0
Q9M565:Q9SRX7,0.065998874604702,0
Q9C9A2:Q9C6T2,0.33268487453460693,0
Q8GT78:Q9SZN7,0.00679937144741416,0
Q949R9:O48721,0.0018212817376479506,0
O82320:Q9M0Y6,0.0020682914182543755,0
A0A1P8AQV4:Q9M876,0.0006047862698324025,0
Q9SII8:F4HRB5,0.010701815597712994,0
A0A1P8B6A7:Q8VYF0,0.002013637451454997,0
F4HYA7:Q7FRS8,0.00222332333214581,0
Q9M1Q4:Q9SJZ3,0.013262241147458553,0
A0A178VMH7:B3H434,0.000665738363750279,0
F4KAB8:Q06738,0.011188630014657974,0
Q9LM46:Q9LX24,0.0011815374018624425,0
Q56XM9:Q9LVA2,0.010823083110153675,0
Q9ZVI2:Q9SU89,0.0009592276182956994,0
Q9SL50:Q9LW57,0.0013054510345682502,0
A0A178UXI0:A0A1P8B2V3,0.000963065424002707,0
F4I8H8:Q8L4M6,0.0006832717917859554,0
F4JYW4:A0A178VBJ0,0.0009155540028586984,0
Q9LSK8:Q8GYS0,0.004860409535467625,0
Q1PEN6:Q8VYC9,0.0021505728363990784,0
Q9M0C5:Q9ZWC5,0.004750928841531277,0
Q8GXR6:F4HU58,0.0033856735099107027,0
F4IP00:Q9FFS7,0.0008038094383664429,0
Q4F883:Q5YDB6,0.0026698752772063017,0
A0A1P8BCC3:P22953,0.09160372614860535,0
F4IY34:Q9SZ42,0.008810306899249554,0
Q9LZ47:P0CB19,0.00861413311213255,0
Q9FKB0:Q94BZ5,0.018003452569246292,0
Q67XI5:F4K4U5,0.027740919962525368,0
A0A178UJ48:Q9LXB1,0.006193634122610092,0
A0A1P8AWK7:A0A1P8AW49,0.0005724317743442953,0
P37107:Q9LX28,0.0037396259140223265,0
O48890:Q9M1J0,0.001414068858139217,0
Q1G3M8:Q8VY26,0.0015954890986904502,0
B3H646:Q9FZ19,0.0016634570201858878,0
Q9FIT2:Q9LV38,0.0008452028268948197,0
Q39266:Q9ZQR5,0.0010460828198119998,0
Q0V7S1:Q9LZ59,0.04632699489593506,0
Q9LNU6:Q9LYX2,0.001000989810563624,0
O48526:Q84MA1,0.001854503876529634,0
Q9FNP4:Q9M0N1,0.015108811669051647,0
Q8RWG0:Q4PT11,0.0026621981523931026,0
Q9M9A8:Q9LES2,0.0073967608623206615,0
Q9C6C7:A8MQD8,0.0014703498454764485,0
Q94C95:Q9LHI5,0.04395647346973419,0
Q9LXU6:Q9CA54,0.0012476154370233417,0
Q9SA07:Q94FT2,0.0008985029417090118,0
Q84TD6:Q5ICL9,0.01230788603425026,0
Q9LT09:Q9SSC6,0.007826467044651508,0
Q9LZV9:Q9M2N7,0.0017460332019254565,0
Q9SKY8:Q2V323,0.001325382268987596,0
Q9FYE2:Q9SV54,0.00242084008641541,0
Q9FZI8:Q1ECQ5,0.010460718534886837,0
P56774:Q94CE4,0.005213399417698383,0
F4ITL6:Q9C5J8,0.0035648008342832327,0
Q6IDA8:F4JH53,0.026998355984687805,0
F4ILJ4:Q680L3,0.0007044169469736516,0
Q9LVC0:Q9LFG4,0.0012144844513386488,0
Q8LBN4:F4HZB9,0.0007059801137074828,0
Q1G3B3:A6QR85,0.00152272277045995,0
P92526:Q56XJ7,0.000657845928799361,0
Q9ZVM3:B2GVM8,0.0012793800560757518,0
Q9SUN6:Q9XIN3,0.0033422380220144987,0
Q8LKS5:F4IQK5,0.0073552257381379604,0
Q8GXY9:Q8LGE9,0.0018434453522786498,0
Q6DYE5:Q9M9B3,0.0009634513407945633,0
A0A1P8B3C2:O49668,0.0006883699097670615,0
Q94CL6:Q84K72,0.004363909363746643,0
F4JK43:Q96253,0.0010681652929633856,0
Q9FFI9:Q3EBI7,0.001142611843533814,0
Q0WPG1:Q8LCN5,0.0022299804259091616,0
Q8GYP8:Q9LFV5,0.12854818999767303,0
O04202:Q8L6Z7,0.2621789574623108,0
Q9FIR9:Q8RXY0,0.009388486854732037,0
Q9LF24:Q56YT7,0.007315491791814566,0
Q8VZ67:Q9LXV1,0.0006005990435369313,0
Q94AD1:Q8L9R0,0.0029319359455257654,0
Q9FX34:P92518,0.003066295525059104,0
B9DHT4:Q9FHN2,0.00211306638084352,0
Q9LYQ9:Q9C892,0.003206653520464897,0
Q8GYT4:A0A1P8AZN3,0.00259849289432168,0
Q9SRQ3:Q9LTX1,0.07832709699869156,0
Q9M2H7:Q5BPG8,0.001937498920597136,0
A0A1P8AVR2:Q9FX77,0.0009582104394212365,0
Q9FMN2:O23100,0.0033832646440714598,0
Q96329:F4IXT2,0.012162996456027031,0
Q9SZN1:Q683D4,0.3826918601989746,0
Q9LZ08:B3H641,0.006715887691825628,0
Q8LCN5:Q8VYP8,0.00157955102622509,0
Q5XV31:Q9SHQ5,0.0017040632665157318,0
B3H612:P0DN98,0.002913706237450242,0
Q0V7S5:Q9SHS2,0.016682682558894157,0
Q9LY82:Q9M3F7,0.00237220898270607,0
Q9C9H9:Q8GW85,0.004031966906040907,0
Q6AWX1:Q8S8E8,0.0017297968734055758,0
F4JCI4:Q8GYP8,0.0015469938516616821,0
F4JG03:Q9M073,0.008382759056985378,0
Q9LIQ9:Q9FJ66,0.0037845757324248552,0
Q945M9:Q8GWG6,0.001868772553279996,0
F4I3C6:Q9SFB3,0.001000254531390965,0
Q9LS86:Q67ZU1,0.0017149497289210558,0
A0A1P8B5I4:O80884,0.0006979321478866041,0
Q9SZ58:B0F9L7,0.001102312351576984,0
A0A1P8ANT6:Q9FMC2,0.0017480719834566116,0
A8MS31:F4I4E1,0.000886456691659987,0
F4JH53:Q9FGZ5,0.01536562480032444,0
Q680Q4:Q9SGI7,0.016020899638533592,0
Q9M9E2:Q682P6,0.005937814246863127,0
F4J5G5:A8MQH8,0.001187953632324934,0
Q93VR9:Q6NPF8,0.004428527783602476,0
Q9FI57:B3H4V9,0.0005713868886232376,0
Q5E915:P56782,0.0008290363475680351,0
Q8GXW1:P56779,0.013925579376518726,0
Q5BPR6:Q9FKQ9,0.0037730191834270954,0
Q9T0L6:Q9ZW32,0.0013362397439777851,0
Q0WT24:F4IK97,0.000968779728282243,0
Q8GZA4:F4HPY3,0.003432506462559104,0
P55217:Q9LJN0,0.012478924356400967,0
Q8GYH1:Q9T0K3,0.0009160814224742353,0
A0A1P8AW86:O23077,0.0010415203869342804,0
Q9FKT5:Q9LT23,0.05216125771403313,0
O23384:Q9C9T4,0.0020031321328133345,0
Q64FQ2:O03982,0.025654790922999382,0
Q9SKI1:Q0WSX8,0.0016131105367094278,0
B3H711:O23369,0.0007154971244744956,0
Q9FFU5:P0DKG5,0.03393952548503876,0
Q9M051:Q9M8L3,0.02888389304280281,0
Q9FLS0:Q1PF16,0.010225387290120125,0
Q9SHY1:P54609,0.006867599673569202,0
Q9SV72:Q9SS48,0.0007857730961404741,0
Q9SKL6:Q9LEZ1,0.0008128649787977338,0
Q9FHW2:Q9SU72,0.002173431683331728,0
Q8S8Q0:A0A1P8APR3,0.0005865836865268648,0
Q8RYD3:Q9FNB9,0.3866814076900482,0
Q94FT2:Q9LFF2,0.012049592100083828,0
Q9SJ60:F4KGE8,0.030013084411621094,0
P46014:O49698,0.0015417737886309624,0
F4I3P9:F4J8Y4,0.0011341881472617388,0
A0A1P8BAC6:Q8LEE9,0.0010413465788587928,0
Q9LN16:Q8S8G6,0.001608007587492466,0
Q9LXA8:F4IEX1,0.0009469242068007588,0
Q9SSD6:Q9LY96,0.023951401934027672,0
Q8VYP6:Q9FYL1,0.075675368309021,0
Q9SI63:Q9CAE8,0.0010730260983109474,0
A0A1P8AYB0:Q9FI49,0.0033560784067958593,0
Q9C9Y8:O23006,0.05809209495782852,0
Q9C7X2:Q9SKI0,0.0013855459401383996,0
A0A178UN96:Q8RXT5,0.001174981938675046,0
Q9LV88:Q9FIV5,0.0013278305996209383,0
Q9C5W3:Q8VWK4,0.002236282918602228,0
Q9FEN9:Q9FGV1,0.16489432752132416,0
A0A384L7B9:Q8LBN4,0.0011946866288781166,0
Q9FKF5:O80920,0.001563287922181189,0
Q9SZN7:Q9LUQ8,0.02290189452469349,0
Q0WNP3:A8MS31,0.0007795855635777116,0
Q9C5J8:Q9STX2,0.06394942104816437,0
Q8GY13:Q3EAQ8,0.0017603699816390872,0
Q9FJV0:Q3E6N7,0.0043220603838562965,0
Q39023:Q6ID72,0.01240348257124424,0
F4J4N3:F4K3T5,0.0026262090541422367,0
Q9SYJ8:Q67XT7,0.001713176490738988,0
Q9SRX7:F4I9I5,0.000817075080703944,0
F4IG63:A0A1P8BH47,0.0007693753577768803,0
Q8W489:Q9C7Z2,0.0008761269855313003,0
Q6NQA0:Q0WQF4,0.003503900719806552,0
Q9M8T3:F4JHF7,0.0013600046513602138,0
Q8W420:Q1PFS7,0.0011740432819351554,0
Q9ZWB4:Q9SHV7,0.0012064112816005945,0
Q9LHK9:Q9LTS6,0.007438430096954107,0
F4I3I2:Q9SJ60,0.0010744868777692318,0
Q9MBA1:Q9LZA6,0.03657108545303345,0
A0A1P8AZA9:O80396,0.015979701653122902,0
P33077:A0A1I9LM80,0.02425452508032322,0
Q9LF68:Q93ZG7,0.02296656370162964,0
P83291:Q5BPE9,0.0008270418620668352,0
Q9S746:Q9C924,0.0014117569662630558,0
Q9S7I4:P0CG07,0.001202210783958435,0
A8MQH8:B3H4U3,0.0014412999153137207,0
F4IV34:Q0WQN9,0.0020043202675879,0
A0A1P8AZD4:Q9SUQ3,0.010435742326080799,0
O80365:Q9SHX3,0.0007357359281741083,0
Q67ZU1:Q3E9D5,0.0022996251937001944,0
Q8LPR8:F4J8R4,0.024074692279100418,0
Q9LUC1:Q9T034,0.015264484100043774,0
F4K739:B3H7A6,0.0008995765238068998,0
Q9LFG1:F4I7E0,0.010620092041790485,0
Q8VZB2:Q8VXZ0,0.004769033286720514,0
Q9FG44:Q9LTD4,0.001101085334084928,0
Q8LG05:Q8LAW2,0.003327947109937668,0
A0A1P8B3C0:Q9M190,0.01558011770248413,0
Q9XI19:Q9ZVK9,0.0009720813832245767,0
Q9SV97:O82248,0.006589807104319334,0
Q9LV99:Q9FMU2,0.007017110474407673,0
Q9LVG8:Q39010,0.24520139396190643,0
A0A1P8B760:Q3E918,0.0009902645833790302,0
Q9SR35:F4KD71,0.0010424269130453467,0
Q9LIJ9:Q2V309,0.0007267117034643888,0
Q45GQ7:Q9FL48,0.0555395744740963,0
A0A1P8B048:Q0WL44,0.001024001045152545,0
Q6NQM0:F4JY74,0.0009821364656090736,0
O04294:Q9SJA6,0.5529133677482605,0
Q8VYP8:Q67Y03,0.0006873495294712484,0
Q9C803:F4IJR9,0.0010074757738038898,0
F4JG50:F4JAZ8,0.003324623452499509,0
Q9LI85:F4I8C2,0.001046687480993569,0
Q9C9W8:F4JNB3,0.0010181128745898604,0
Q8RWZ1:Q84WV9,0.039204973727464676,0
Q9LK52:Q9SB51,0.003912586253136396,0
Q9SKH8:Q9C942,0.025308853015303612,0
Q9C4Z6:Q8RU59,0.12451105564832687,0
A0A1P8B0Q4:Q9S6Z9,0.0006239819922484457,0
Q940H5:Q9FKC5,0.001855232985690236,0
O65924:A0A1P8AP43,0.0012563595082610846,0
O64903:Q9LF88,0.035369642078876495,0
F4I2R3:Q570Y0,0.0020477210637181997,0
A0A1P8BF78:Q9FYF8,0.02362571656703949,0
Q6NPP7:F4JUF8,0.007071812637150288,0
Q9CAA4:Q9FTA3,0.003606033744290471,0
Q9SJ21:A0A1P8AUX0,0.0012369571486487985,0
A0A1P8AWW1:Q0V7S5,0.0007419676403515041,0
Q9FJ66:Q9XIR8,0.0012151394039392471,0
Q9FKQ6:P92562,0.0015324654523283243,0
Q9MAA7:Q8VZP4,0.0011658130679279566,0
Q9M358:Q9SEZ6,0.14625795185565948,0
Q1H5B2:Q9XIQ9,0.0015092930989339948,0
Q9MAI5:Q9SCT7,0.002894184086471796,0
Q9FWS4:Q9LQI6,0.0009981639450415969,0
B3H6V9:P59231,0.0008626007474958897,0
Q94JL3:Q8GZ75,0.0015739437658339739,0
Q6R053:O04202,0.009570958092808723,0
Q8LF89:Q8L638,0.03128741309046745,0
A0A1P8BAJ1:Q9SRD8,0.008731117472052574,0
Q9FYE3:Q9LUP4,0.0010025063529610634,0
A0A1I9LT34:Q0WVZ7,0.001249490538612008,0
Q5UBY2:Q9FNA3,0.0012511879904195666,0
Q8GYD2:Q5HZ54,0.012987293303012848,0
Q9FK30:F4KI29,0.002298675011843443,0
Q9LX28:Q9M7Z1,0.0011085065780207515,0
Q38850:P92523,0.002249134937301278,0
F4K4U5:Q9FJI2,0.0011311754351481795,0
P92513:A0A1P8BDN2,0.0006807558238506317,0
P41151:A0A1P8B1L8,0.0770830437541008,0
Q08891:Q9FMG8,0.0013116257032379508,0
Q9LR74:F4IZ03,0.004966074600815773,0
Q9FMV7:Q9CAY6,0.0034475710708647966,0
Q9LHE5:Q9SIM1,0.00523036252707243,0
Q9LSZ4:Q8VYA5,0.004297972656786442,0
Q7XHI9:F4IGH3,0.0016530525172129273,0
Q8VZN1:Q8W489,0.0028035908471792936,0
Q8RW90:Q8VZ15,0.009672391228377819,0
F4IIA9:P0DKG4,0.0009697271743789315,0
Q9LT23:Q8GY06,0.19257394969463348,0
Q9XIM0:Q9FFX0,0.001864155987277627,0
Q700C7:Q66GN9,0.004716282244771719,0
A0A1P8ANK5:Q9FLI7,0.001700419234111905,0
Q4PSP2:Q9MAP3,0.004382122308015823,0
Q680L3:Q8RXE7,0.0035286860074847937,0
Q9T0E5:Q9LTJ0,0.006254806648939848,0
O64733:Q9LXD8,0.008050380274653435,0
Q6AWV7:Q9C519,0.0027724942192435265,0
Q9LIA2:Q93ZZ7,0.0018337290966883302,0
Q9SKM0:P21238,0.004704407881945372,0
Q9C519:Q8LAZ7,0.1488320380449295,0
Q9ZVC7:Q9SQN9,0.00691199442371726,0
Q9LXK2:Q9C7G4,0.0009812492644414306,0
Q3EDK7:Q9LV27,0.057911016047000885,0
F4JA77:Q8GWA7,0.0022169877775013447,0
O81000:A0A1I9LSP4,0.029017677530646324,0
F4JCH0:C0SV91,0.0007915222086012363,0
Q8H0W0:Q9SVZ9,0.006597064435482025,0
B3H5S0:Q9T0L6,0.002243056194856763,0
Q9LYB8:Q9M1N8,0.0008115586242638528,0
F4K725:Q8H1Q1,0.11112256348133087,0
O04204:Q940Q3,0.007219706661999226,0
Q9M1N8:Q9LU00,0.0030372587498277426,0
O80667:Q07356,0.02421771176159382,0
Q9M1Y0:A0A1P8B8B4,0.0058815195225179195,0
A0A1P8ANL4:P56778,0.00315492763184011,0
Q8LB54:Q9SJV6,0.12425967305898666,0
Q9C892:P93836,0.0007069276762194932,0
Q8L7R2:Q9LDE2,0.006437754724174738,0
Q94CJ5:Q9FIK6,0.0036484317388385534,0
F4J8Y4:Q6NQM0,0.0011387963313609362,0
Q9LSW4:Q93YV6,0.023730719462037086,0
Q8VYZ1:Q9LVS0,0.01697896420955658,0
Q04614:Q94C26,0.0014010482700541615,0
Q9FJS3:F4ILJ4,0.01086300890892744,0
F4IZ00:A0A1P8BCC3,0.002300995634868741,0
Q9FII6:Q84VW6,0.0015483980532735586,0
Q9ZUT5:Q2V371,0.0010694984812289476,0
Q500W8:A0A1P8B6A7,0.0022851068060845137,0
Q94A33:Q9SFT8,0.0008407389977946877,0
Q9LU05:Q9SIZ6,0.001294416724704206,0
Q3EBB9:Q9SJJ0,0.0007013332797214389,0
Q08298:Q8RY12,0.0022634894121438265,0
Q8GWG7:F4JRP8,0.0016222529811784625,0
Q9SUD8:Q9XFB0,0.002800280461087823,0
Q9LRM4:A0A1P8B3C0,0.0009754495113156736,0
Q38832:Q9LU43,0.004957801196724176,0
O81821:Q8L467,0.45398589968681335,0
Q8LCN1:Q9LW29,0.007417239248752594,0
Q9FKC5:Q9LUJ7,0.004269784316420555,0
Q9LDD5:F4IDU9,0.00057681102771312,0
O49518:Q94K97,0.0009680828079581261,0
P0DN98:Q9SV30,0.016196902841329575,0
F4JWT7:F4K9G7,0.05735602602362633,0
Q9FJ10:Q6NL24,0.00097391422605142,0
Q9SZ42:A8MQN0,0.0006262327660806477,0
Q9C878:Q9FMV7,0.002858264371752739,0
F4J7V3:Q9M274,0.014162211678922176,0
Q9SAC4:Q1PET7,0.0032793215941637754,0
Q9LIH2:Q9M811,0.0020709126256406307,0
Q9FHN2:Q9CAJ1,0.0037470650859177113,0
Q8RXU6:Q9LV21,0.1533055156469345,0
Q8H103:Q9MAA7,0.17777009308338165,0
Q9SW23:Q1G3X9,0.007075428497046232,0
Q9LUN9:Q8VY77,0.010248534381389618,0
Q9C7T4:A0A1P8B2C8,0.002664950443431735,0
B3H563:Q94K61,0.0006623318768106401,0
Q93WA2:Q9SST1,0.001310280291363597,0
Q0WVK7:P49243,0.012330795638263226,0
O22152:Q9LNW3,0.002120887627825141,0
B3H7H8:Q9SL91,0.0009043824975378811,0
A0A1I9LRZ5:P93284,0.0006322501576505601,0
Q1PDL6:Q9LM14,0.002314658835530281,0
Q9FMS4:Q9SJ20,0.027390072122216225,0
Q8L760:Q9M2W0,0.0006002830341458321,0
Q39140:Q9SJN2,0.004652395378798246,0
Q04613:F4HR02,0.00150597607716918,0
Q9M670:Q500W8,0.005248993169516325,0
Q39021:Q9LTF2,0.20635393261909485,0
Q9SCZ0:Q9S7M2,0.001539082732051611,0
Q9LUD6:A0A1P8B4M2,0.0008686428773216903,0
Q9FFX0:F4IIE7,0.0006255954504013062,0
Q08AA8:Q9LTE4,0.0007560781668871641,0
B3H635:F4K627,0.0016935346648097038,0
F4J2T9:Q9SN67,0.0013549493160098791,0
Q8VZT6:Q5Q0D0,0.0008404094842262566,0
Q8VY91:Q94A68,0.07860998809337616,0
O64645:Q9LF68,0.001012877095490694,0
Q9LSW0:Q9FZG2,0.19174547493457794,0
Q941B2:Q9LU05,0.0013134392211213708,0
Q9LZA6:Q8RYE9,0.015885431319475174,0
Q9T0K3:F4IJF2,0.0006193468580022454,0
Q9ZUN8:F4I8H8,0.0016182620311155915,0
Q9FN69:A0A1P8B1C5,0.0009463988244533539,0
Q949X1:Q9M2Q2,0.007419513072818518,0
Q8L951:F4J5D3,0.0009922169847413898,0
F4JN77:Q9ZSJ6,0.0009560308535583317,0
Q9FRR8:A0A1P8ASY8,0.0010788042563945055,0
B3H7G7:Q9SLB8,0.003822322702035308,0
Q9ZT17:F4KD49,0.0015954611590132117,0
Q39147:Q8LAV5,0.020157648250460625,0
Q8VWJ1:F4J865,0.007473190315067768,0
Q9FXC9:A0A178UGU3,0.0031936715822666883,0
F4I6U7:Q6DYE3,0.05862096697092056,0
Q9SAB5:Q9ZV87,0.0016587820136919618,0
Q58G10:Q9MAM1,0.1281971037387848,0
Q9LVV3:Q9C5C5,0.0018582101911306381,0
Q8L7M3:Q9SYK0,0.004300076514482498,0
Q2V3J1:Q9ZQ36,0.0008256351575255394,0
P29382:F4JNI7,0.0016299060080200434,0
Q8L5W8:Q9XI36,0.01196732185781002,0
Q7PC79:Q1G401,0.0021511625964194536,0
Q9LFL7:Q9FIT2,0.0022875696886330843,0
Q8W4L5:Q8RYD3,0.483966201543808,0
Q9SUI5:Q9LK61,0.6475275158882141,0
Q8VYI5:Q9LEU7,0.04509971663355827,0
Q9MA39:Q9LTV9,0.044618792831897736,0
Q9FGB0:A0A178VUV0,0.0016278205439448357,0
P93005:Q9ZPV4,0.001098178792744875,0
Q8GWA7:B3H721,0.001968948170542717,0
Q9M0N1:Q9LNU4,0.31509140133857727,0
Q0WQN9:Q8L7G1,0.023035315796732903,0
O81025:Q0PCS3,0.0038495943881571293,0
F4HWD5:Q9SJW7,0.026573002338409424,0
Q9LEZ3:Q8RWZ1,0.0010959845967590809,0
Q2V4I9:Q9FHY1,0.000641525664832443,0
Q07356:B3H612,0.0008475564536638558,0
Q9FMC2:Q67XI5,0.0035856233444064856,0
A0A1I9LMS4:B3H4R7,0.013838613405823708,0
F4JX46:A0A1P8BG62,0.0007871784619055688,0
A2RVJ6:Q9FJ08,0.0006346010486595333,0
Q9M2N7:Q9LYD3,0.0013224934227764606,0
Q9SK33:Q9SCP4,0.003842673497274518,0
Q9FYK6:Q8GY88,0.002690988825634122,0
A0A1P8B449:Q6X7J5,0.0006859838613308966,0
Q9FGT1:Q94AP0,0.0018801422556862235,0
Q9LF46:A0A178W3G2,0.006279555149376392,0
Q39191:Q93Y22,0.010550846345722675,0
Q94A98:P0C0B0,0.00969891157001257,0
O81323:Q9LX31,0.003570555942133069,0
A0A1P8B9R8:P62090,0.06887530535459518,0
Q9LTB9:A0A1P8APW5,0.0008892160840332508,0
F4JSC0:Q9ZPS7,0.0020706113427877426,0
Q9SCK5:Q8S898,0.0056153289042413235,0
Q9LSB2:Q4F883,0.0011081717675551772,0
Q9C6K1:Q9LUK1,0.005241989623755217,0
Q8LDS4:Q9SD33,0.014229834079742432,0
O23051:Q9SGS2,0.0024153837002813816,0
F4IB51:P43298,0.0022772818338125944,0
Q8W3M3:Q8LPR8,0.004370210226625204,0
Q8VY16:Q9SRQ3,0.11059482395648956,0
Q9MAN1:Q9FNR0,0.006122945342212915,0
Q9M2N5:Q9SCK4,0.0011298988247290254,0
Q8GXE9:Q9SUZ4,0.0010813496774062514,0
Q9FF13:P56798,0.005597410723567009,0
F4KIT4:Q9FYM8,0.0006337391096167266,0
Q9FFY5:Q9C664,0.001843489008024335,0
B3H7N2:Q9FK15,0.0009220032370649278,0
O22846:Q9CAR0,0.0019019156461581588,0
Q9SHJ6:F4JUA6,0.0008815532783046365,0
F4J3N4:Q8W234,0.002091930015012622,0
O48915:Q9M0H9,0.0006794203072786331,0
F4IFT7:Q9SSD6,0.030009908601641655,0
O65691:Q9SV06,0.0013724694726988673,0
Q9SSP4:Q1PDW1,0.0013164443662390113,0
A0A1P8BBB8:Q9C9Y8,0.0008700887556187809,0
Q9FN84:O23088,0.002548798220232129,0
A0A1I9LQ53:Q9SYK1,0.002650628797709942,0
Q84JN2:Q9ASQ2,0.004452429246157408,0
F4IQ29:Q9STN5,0.001228610286489129,0
Q8RWN2:Q7XA63,0.0016771696973592043,0
Q9C9N3:Q38824,0.003602753160521388,0
P93283:Q9FGW6,0.0008824937394820154,0
Q93VB2:P28147,0.7102536559104919,0
Q8GYJ3:Q9FXF4,0.046482205390930176,0
F4IIL3:Q8VYF7,0.016493262723088264,0
Q1G371:Q9M903,0.002167212078347802,0
Q8VZ15:Q9FZI8,0.0038692601956427097,0
O82190:P0DKI6,0.14335127174854279,0
P27323:Q94AG2,0.4656932055950165,0
F4JYE9:Q5BPU6,0.001669064979068935,0
Q9FM83:Q9SRS1,0.4941926896572113,0
Q9FJ95:Q9S745,0.005032464396208525,0
F4JUF8:F4IR55,0.0008946821908466518,0
Q9XFH9:O80634,0.14262628555297852,0
F4IUX9:O49687,0.0030244451481848955,0
Q9LMT2:Q8H181,0.015447909012436867,0
Q52K84:F4IYB7,0.02856738306581974,0
Q8L6Y1:A0A1P8APD7,0.07208239287137985,0
Q682G3:Q94EJ3,0.0016267929458990693,0
P0C2G1:Q9C7N3,0.12511496245861053,0
Q9CAR0:O81445,0.00169405119959265,0
Q8H1Q1:Q8L4S3,0.014486967585980892,0
Q9XIM6:F4KCZ1,0.0007169198943302035,0
Q2L6T1:B3H4L2,0.007931294851005077,0
Q8LF20:F4IFM3,0.027385780587792397,0
A0A1P8AZN3:F4J4P1,0.033699821680784225,0
F4KHE3:F4HPS6,0.016744494438171387,0
O49383:Q1G3M2,0.000747173500712961,0
O80742:Q9LK55,0.0014910213649272919,0
A8MQN4:Q9LV97,0.0023282854817807674,0
Q9SGT0:F4HQ89,0.001580756506882608,0
F4JAZ8:B3H4E1,0.0024337314534932375,0
Q4PSE2:Q9STE8,0.01014359574764967,0
O22813:Q9FXC9,0.0037899762392044067,0
Q9SLG8:Q8L6Y1,0.001814116956666112,0
O23624:F4IIL3,0.0782233253121376,0
A0JQ00:F4JU69,0.0023563385475426912,0
Q9LS71:Q94CC1,0.0009706788114272058,0
Q8RXD3:Q9SKM7,0.021779190748929977,0
O03982:Q8GW44,0.006850484758615494,0
Q8LCF5:O64562,0.004477978218346834,0
Q8VYF9:O64837,0.031171247363090515,0
B3H4X6:Q9LRN8,0.0019251871854066849,0
Q9FXD3:Q9LIB5,0.0024069061037153006,0
Q56XV8:Q9FE25,0.03596274182200432,0
Q9SIT7:Q0WVW7,0.03561919555068016,0
Q9SJC5:Q8LD28,0.003952809609472752,0
O82302:Q9CA36,0.0031511534471064806,0
Q9LT25:Q9FIX5,0.17038308084011078,0
Q9FFK1:F4J1T5,0.0009853456867858768,0
C0LGW2:A0A1I9LNH2,0.0009117303416132927,0
Q9LN63:Q8L5W8,0.28102508187294006,0
Q9LUF3:Q9FKQ6,0.0034659409429877996,0
Q8W4C1:Q9M338,0.005147268529981375,0
Q8GYD9:Q9SY40,0.00982393603771925,0
A0A1P8B8B4:A0A1R7T3J3,0.0017505156574770808,0
Q9SK69:Q9SCZ0,0.0016959415515884757,0
F4HSD5:F4HQ84,0.00912831537425518,0
Q8RWM7:Q945P2,0.20359480381011963,0
P61843:Q3EDG5,0.0013075716560706496,0
P92535:Q8LAA6,0.0020624534226953983,0
O80438:Q9FJN6,0.0031992194708436728,0
Q9FZH6:Q8GX93,0.0016505335224792361,0
F4HWA5:B3H5R2,0.007353521883487701,0
Q9FK45:A8MQR5,0.0007779559236951172,0
O22286:Q9M0C5,0.0034258333034813404,0
P11574:Q9FMB4,0.10087817907333374,0
Q8RU59:Q9ZVF4,0.02382202260196209,0
Q9SGS2:Q9S7X6,0.003271976951509714,0
A0A1P8B1G7:Q9FFA0,0.0009189842385239899,0
O80396:Q84VV3,0.0021436884999275208,0
Q9FYL2:Q9SJH2,0.04855741932988167,0
F4I526:Q9LV56,0.002655794145539403,0
P34795:Q9FRS4,0.001146168215200305,0
Q8GW13:Q9T069,0.049090150743722916,0
Q8GXT3:B3H713,0.002197613939642906,0
Q8LAP6:Q8L981,0.0008934257784858346,0
Q949S2:Q39162,0.0009792738128453493,0
Q948R9:C0LGM1,0.0018679931527003646,0
Q9SLH3:Q8VZ73,0.14641378819942474,0
F4KCH4:Q84JK2,0.0011836590711027384,0
F4K9D7:Q8LFL5,0.0009734258055686951,0
Q9LVC4:Q9XI19,0.003936131950467825,0
B3H7H1:Q8W1X2,0.3730103075504303,0
Q570R7:Q9LNZ0,0.020592844113707542,0
Q9S763:Q9M2U6,0.0017141312127932906,0
Q9SFT8:Q9FNA9,0.0038602836430072784,0
Q9LV97:Q9SJ29,0.0007062296499498188,0
O65628:B3H5I9,0.009153407998383045,0
Q9LVW2:B3H6V9,0.0012725001433864236,0
F4JYN2:Q9C6I7,0.010102059692144394,0
Q940U6:Q9STS7,0.00895153172314167,0
O24629:Q2HIU1,0.001263351528905332,0
Q9LXL7:A0A1P8AUY5,0.0006306677241809666,0
Q9LNE6:Q9SAB5,0.003333713859319687,0
O23227:Q8GW83,0.001063927891664207,0
F4HRI2:F4JJ97,0.00496463431045413,0
A0A1P8B4S5:Q9SIS2,0.0007558977231383324,0
Q9M0C2:Q84TH4,0.0012985562207177281,0
Q38955:O65155,0.004745300393551588,0
Q0WUZ1:Q3E7C8,0.027362320572137833,0
Q9LTC3:P92550,0.00663925101980567,0
F4ICS6:Q8LPH6,0.026440614834427834,0
O04492:A0A1P8BBX7,0.0012033410603180528,0
A0MDQ1:F4JEV5,0.0019674436189234257,0
Q6NL02:Q39237,0.004618592094630003,0
A8MQP2:F4JEQ6,0.0008064174326136708,0
F4HPB7:Q9FKA9,0.0018061719601973891,0
O82533:A0A1I9LNG9,0.0010483943624421954,0
F4JGK7:B3H6B4,0.001024168566800654,0
Q63Z96:O23384,0.002534356899559498,0
Q9SZ22:O48963,0.0009824102744460106,0
Q9SYH1:Q0WSF1,0.02637527696788311,0
Q67YT8:Q9LZI7,0.0008235832792706788,0
A8MQX5:Q8GX25,0.0010803031036630273,0
A0A1P8AUR6:Q84WK2,0.000908650632482022,0
A0A1P8BCC2:Q93ZR3,0.004342289641499519,0
Q9ZP54:F4HZH7,0.0019254274666309357,0
Q8L8M9:Q9SJ47,0.0006295788916759193,0
O64627:Q9M1Z3,0.004989319480955601,0
F4HP86:Q9SAK4,0.7533702850341797,0
F4JVA4:P38418,0.008207583799958229,0
O81001:F4KGY6,0.024161895737051964,0
Q38833:Q8L493,0.06211242824792862,0
Q1PDW9:Q3ECQ1,0.0006476748967543244,0
Q0WQF4:Q38833,0.011836905963718891,0
Q56YY9:Q9M223,0.0007923920638859272,0
Q9LER7:A7XGN8,0.019265176728367805,0
Q7Y220:Q9FHA7,0.004460654687136412,0
Q9LPC8:O65382,0.0025413588155061007,0
F4J917:Q9LFM4,0.0013482286594808102,0
F4I8L6:Q9LTJ2,0.007129161152988672,0
P92958:Q3C1C7,0.0009541822946630418,0
Q9SFB3:A0A1P8ASS6,0.0022521046921610832,0
Q84WK0:Q9FYK6,0.040366679430007935,0
Q9FGW7:Q9LSJ1,0.0022716172970831394,0
A0A1P8BEG6:Q9FK30,0.004285648465156555,0
Q8LAA7:Q9SHQ9,0.0009407995385117829,0
Q9S7S5:O23337,0.0011701746843755245,0
O80884:O49397,0.016318757086992264,0
Q9CAN3:Q8H1G0,0.014638152904808521,0
Q9LF97:Q9C9N6,0.033052556216716766,0
Q9FN33:P0DN93,0.0007930085412226617,0
P92556:Q9LY49,0.0006985855288803577,0
A0A1R7T3J3:F4JU08,0.000776236760430038,0
Q9SAC5:Q5XUX8,0.0006369876209646463,0
Q9FFS7:F4IP06,0.001593511551618576,0
Q9CA40:Q6AWW0,0.000946271640714258,0
Q949M9:O80607,0.010252625681459904,0
F4JUM8:Q9ZT17,0.018164146691560745,0
O49403:Q9ZW36,0.0698084756731987,0
Q0WPD9:Q9SLA6,0.004475709516555071,0
Q9SVD1:O64560,0.003216918557882309,0
Q9FMJ4:Q8RWN2,0.0015719207003712654,0
Q1PDF2:Q9LT56,0.0018966641509905457,0
Q9M9G7:Q9FFH2,0.03704353794455528,0
F4JT86:Q1JPM3,0.002302339067682624,0
Q8L7W2:Q94CL6,0.008890620432794094,0
A0A1I9LQL9:F4J368,0.000606201239861548,0
O64470:Q9LXX5,0.0022870039101690054,0
F4HZ54:Q8L5Z7,0.003730046795681119,0
Q9C7F0:F4JVF4,0.002048507332801819,0
F4HZ96:B3H572,0.00933857448399067,0
A0A1I9LT65:A0A1P8BCC2,0.0008954157237894833,0
P56788:A0A1P8AVN5,0.0009950022213160992,0
Q7XJK8:O82328,0.010936982929706573,0
P92564:Q9SU34,0.0012209269916638732,0
F4IUG1:Q9CAL1,0.0010715717216953635,0
O80885:A0A1P8AQA9,0.001051690778695047,0
B3H797:P92556,0.0006783275748603046,0
A0A1I9LLT6:Q9C555,0.0018519479781389236,0
Q8GWK1:Q9FFJ9,0.002762695774435997,0
Q9FK86:Q9SKB2,0.002436985494568944,0
Q9LMM5:A0A1P8B1D7,0.04516952857375145,0
Q5XV54:Q9M8T8,0.001260501565411687,0
F4KG91:Q9LK65,0.0048093958757817745,0
Q0WWE3:F4I9V0,0.0011381721124053001,0
F4JBG1:Q9LQP3,0.000939935736823827,0
Q9LF34:Q8GWF2,0.0011894498020410538,0
P94024:F4J8S5,0.0012243773089721799,0
Q9LZI4:Q9STL8,0.009650875814259052,0
Q9LP37:Q94CJ5,0.02470463328063488,0
F4HVJ3:Q9M0C2,0.003302850527688861,0
F4JU69:Q0WVU0,0.0018710565054789186,0
Q9FLL3:Q9SKT0,0.007715305779129267,0
F4IIE7:Q9SU67,0.0007610306493006647,0
Q9FME3:Q3E8Z8,0.0020384369418025017,0
P28185:Q9SRS6,0.14554934203624725,0
C0SV91:Q94C95,0.0026187121402472258,0
Q9ZPX0:Q9XI27,0.0014065824216231704,0
Q8LGU6:Q9LUA7,0.017886457964777946,0
Q9SV63:P56755,0.0016111157601699233,0
Q84W04:Q94A98,0.0016619296511635184,0
Q66GP4:Q0WMN5,0.00187129236292094,0
P34791:Q9ZPY1,0.006342635490000248,0
Q7Y211:Q8W3M6,0.05854230746626854,0
Q6IWB2:Q9ZUN8,0.0010935206664726138,0
Q8VYQ7:Q9LTS8,0.014913396909832954,0
C0LGN7:F4I3C6,0.001697972067631781,0
Q9LMY5:A0A1P8B3B5,0.002804343355819583,0
Q6DBQ2:Q84JG5,0.0010095959296450019,0
O82248:O22908,0.004924029111862183,0
Q0WUB8:Q5PNU3,0.002548645017668605,0
Q9FG23:Q9FJ95,0.0030389016028493643,0
O22164:Q9FZ99,0.0035159119870513678,0
Q9LJ72:O65924,0.0011974297231063247,0
Q94AD8:Q0WP36,0.003083872841671109,0
Q8GW27:Q9LUC1,0.001642056624405086,0
O82381:O80603,0.007887711748480797,0
Q9LTX1:A0A1I9LQA9,0.0008712002891115844,0
B3H5B2:Q9C567,0.008572151884436607,0
A0A1P8AYU2:Q38937,0.02097467891871929,0
F4J1R8:Q9C9R6,0.001259619602933526,0
Q7XBQ8:Q29Q18,0.0028195057529956102,0
F4JGK7:Q94EJ3,0.0007516841869801283,0
F4J2T9:Q9FNA9,0.004291295539587736,0
Q8VZL4:Q9SDS8,0.002918565645813942,0
Q9SVB7:Q9CA16,0.0011425011325627565,0
Q84JV6:A0A1I9LPY5,0.001790507580153644,0
F4I8L6:P56782,0.0009093806147575378,0
A0A1I9LMB9:Q8GXP7,0.001003650831989944,0
Q9LTF7:Q9LTB9,0.03147798404097557,0
Q9LU33:B9DHA4,0.012583565898239613,0
Q2V4F7:Q9SJE2,0.001248215208761394,0
Q8LG56:Q94CJ5,0.01919114775955677,0
Q9FYL8:Q9SXA9,0.0009104329510591924,0
A0A1P8ANA9:Q9LU28,0.001217282610014081,0
F4JWT7:Q9FEN9,0.007206016685813665,0
Q9ZPH4:Q9LQ12,0.008879194967448711,0
A0A1P8AQK1:Q3EDG5,0.0008929373580031097,0
Q93WB2:Q94C95,0.002360217273235321,0
Q9LUD6:Q9SR01,0.5106550455093384,0
Q8GXH5:C4B8C5,0.0007079931092448533,0
Q42606:O49420,0.0031846866477280855,0
Q9XIR8:Q9SV88,0.010343248955905437,0
Q0WQN9:Q9FX77,0.17677928507328033,0
Q9FFA0:B3H7H3,0.0012403633445501328,0
O80607:Q8L7G0,0.0019185772398486733,0
Q8RWE1:Q8LGS1,0.0018045768374577165,0
Q9C9H0:Q9LSE2,0.0018395850202068686,0
F4IK97:D3K0M2,0.001261176192201674,0
P0C0B0:Q1PE70,0.0014739475445821881,0
Q9LF53:Q4PSE2,0.1492757648229599,0
Q6DBN3:Q9SK33,0.0010610016761347651,0
F4IIL3:Q1ECQ5,0.0015441766008734703,0
A0A1P8B017:Q9SJZ3,0.002067042514681816,0
F4J7P7:Q9FII6,0.0015802237903699279,0
Q9LYC9:Q64FQ2,0.010728482156991959,0
Q9SH31:Q8GWP4,0.005457569379359484,0
Q39079:F4KI29,0.004292718134820461,0
Q9LTX4:Q9SR35,0.0019943020306527615,0
Q8LPH6:Q9FNP4,0.007258810102939606,0
A8MQL5:Q08891,0.0013401322066783905,0
F4JG23:Q9STV4,0.0017217416316270828,0
O80667:O04492,0.002013132208958268,0
Q9LXQ5:Q9LF27,0.001404254580847919,0
Q56YG0:A0A1P8ARQ1,0.0015520986635237932,0
Q8W4R7:A0A1P8ANL4,0.0016792610986158252,0
A0A1I9LPY5:Q8L9S0,0.37647998332977295,0
Q9STS3:F4JGK7,0.03308762237429619,0
Q9SK33:A0A1I9LSM5,0.0006096516735851765,0
Q9LND4:Q84K72,0.08458962291479111,0
A0A1P8BDM7:Q9FXA3,0.002639669692143798,0
A0A1P8BBA6:Q9CAD5,0.0012414405355229974,0
Q8VZB2:O80634,0.04086722061038017,0
A0A1P8AW98:O49668,0.003567676991224289,0
F4J480:Q8VYG5,0.02011774107813835,0
Q5Q0C3:Q570C0,0.001000208081677556,0
Q1PE70:A0MFS9,0.0007727815536782146,0
Q84UU4:Q9M282,0.0006939152954146266,0
P56788:Q9LI85,0.0012962695909664035,0
Q8L981:Q9FHW2,0.011220919899642467,0
P43298:Q9FYL8,0.008782091550529003,0
A0A1P8B2W3:Q9LJL8,0.0008110171183943748,0
F4JDR1:A0A1P8B3C0,0.001389706856571138,0
A0JQ00:Q9LP03,0.008107558824121952,0
O80885:F4JRF6,0.0019769647624343634,0
Q9FJ82:Q06AN9,0.026340395212173462,0
Q8LFB8:B3H6K5,0.012499530799686909,0
Q9FJK3:Q9XI27,0.006475935224443674,0
F4JTD2:Q8L9N1,0.005467821843922138,0
Q9C6K4:Q9SFU5,0.0022554572205990553,0
Q9FLI3:F4IS76,0.0024356343783438206,0
Q94AQ4:Q9LV56,0.0009070226806215942,0
Q94BZ7:O23177,0.021337559446692467,0
P59467:Q9FMZ4,0.18330983817577362,0
Q8VZP4:A0A1P8AQV4,0.0005949156475253403,0
F4JF14:Q6NQJ6,0.0430668368935585,0
Q9LK18:Q9LV43,0.0008555527892895043,0
F4HTT8:Q9FKQ9,0.003321737051010132,0
O64640:Q9M2E4,0.00470219599083066,0
Q9SYK0:A8MQH9,0.0006864123861305416,0
Q8GY50:Q8GY50,0.9753532409667969,0
A0A1R7T3B3:Q9LXH7,0.0011760466732084751,0
B3H614:A0A1P8ANK5,0.0011271085822954774,0
Q9C567:Q9C892,0.0012767838779836893,0
Q8VZS2:O48963,0.001039552385918796,0
Q9C737:Q2V4C3,0.0006932682008482516,0
A0A1P8B013:Q94AG2,0.001086610951460898,0
Q9LZI7:Q9ZQL1,0.0025330919306725264,0
Q9LKG8:F4JH53,0.11435502767562866,0
Q5S502:A0A1P8BAW7,0.005892690271139145,0
A0A1P8BC48:Q9C7J3,0.0011700693285092711,0
F4JUA6:Q9SMP0,0.002119419164955616,0
Q1H5B1:Q8RXY0,0.0042981901206076145,0
Q8W4L5:Q9M875,0.003874073503538966,0
Q9SAK2:Q9LUA7,0.002350875176489353,0
Q5HZ03:Q9M0X0,0.00954672321677208,0
A0A1P8B760:Q94K76,0.0014805420069023967,0
B4F7R9:Q9M169,0.003099511144682765,0
A0A178VBJ0:Q9LZ00,0.021779729053378105,0
Q9M9B3:Q9C502,0.001187051529996097,0
Q9LNF4:Q9FHN2,0.0016110293800011277,0
P92513:Q8LBB7,0.0007077978807501495,0
Q9M8M1:P25859,0.001411439385265112,0
Q9CAM7:O23085,0.05156382545828819,0
O48788:Q9C9F0,0.003244137391448021,0
F4ICX5:Q9ZQC6,0.0016218476230278611,0
Q949X1:Q9SKH2,0.0014223121106624603,0
Q94K73:A8MQX5,0.0008029774762690067,0
B3H6P5:A0A384L7B9,0.002523123985156417,0
O81127:F4I458,0.21313419938087463,0
O23262:A0A1P8AYJ3,0.0008058108505792916,0
A0A1I9LMG4:P49107,0.0006651444709859788,0
Q8VXX3:Q5Q0I0,0.0009115207358263433,0
Q9FYK0:Q9FMS0,0.025296395644545555,0
Q500Z7:A0A1P8B453,0.016868142411112785,0
Q9FN68:Q9C975,0.0008391769952140749,0
Q8L908:Q9MAM1,0.0030133079271763563,0
Q9ZUX0:Q9LY82,0.07113375514745712,0
Q96251:Q0WSF1,0.2295670360326767,0
Q9FLS9:F4J6A1,0.1809142380952835,0
Q9FK30:Q500W7,0.02345860004425049,0
Q9SRD8:A0A1I9LTE5,0.0007596092182211578,0
Q9LQ12:Q0WVU7,0.003923280630260706,0
A0A1P8AW47:Q9FL63,0.002481810748577118,0
P0DKG5:Q9M1Q4,0.12228715419769287,0
Q8GYP3:A0A1P8APW5,0.000753852364141494,0
Q8GYP6:F4JJN9,0.013110495172441006,0
Q93Y07:B3H641,0.0030708692502230406,0
F4IG46:Q8VYC9,0.007074605207890272,0
B3H4U3:Q9LXU0,0.0036328397691249847,0
F4J5D3:B3H506,0.0096229063346982,0
Q8S9K3:O65436,0.001187805668450892,0
Q9LVC4:F4I540,0.0012800421100109816,0
Q8RUD6:Q9FZ19,0.011095847934484482,0
Q8VYF0:A0A1P8B3C2,0.0008608035859651864,0
F4IWK7:A0A1P8B415,0.0023087032604962587,0
Q4PT11:Q9LK18,0.0017061930848285556,0
O22683:Q8GYJ3,0.04623641446232796,0
F4HSB6:F4IAF4,0.0009040750446729362,0
Q9C5J8:A0A178VUV0,0.0021421972196549177,0
F4KDK1:F4IB55,0.001113428152166307,0
F4J8D9:Q6NQA0,0.0010578465880826116,0
Q9S829:B9DGD6,0.0049156309105455875,0
F4K3K4:Q8VYI6,0.0005889322492294014,0
Q1G3V0:Q0WPZ7,0.0011168874334543943,0
A0A1I9LQG9:O04254,0.0019149061990901828,0
Q9LX93:Q1G363,0.001988104311749339,0
Q2PGG3:Q3E8B0,0.0008167093619704247,0
Q9ZUM9:Q0WP36,0.004531991668045521,0
P92937:O65554,0.9701055884361267,0
Q93Z91:A0A1P8ASK0,0.002090001944452524,0
A0A178UJ48:Q94A68,0.016801288351416588,0
Q9M843:Q8GW46,0.0007950291037559509,0
Q9STY2:Q9SV75,0.0010270929196849465,0
F4HS08:F4JBG1,0.0023574933875352144,0
Q9M8T8:F4IA30,0.0008756602182984352,0
F4JUF8:A0A1P8B013,0.0007830418762750924,0
O23100:Q9SU89,0.005222742445766926,0
A0A1P8B3I7:F4JML6,0.007171540055423975,0
Q9FXC9:B3H5A4,0.013835163787007332,0
Q8W4F1:O49687,0.0018391618505120277,0
Q9C9X5:Q84JH9,0.0028514438308775425,0
Q8L403:F4JG23,0.0008992620860226452,0
Q9FXE2:F4HXR7,0.0012048520147800446,0
F4K588:Q1PE51,0.004746708553284407,0
O80634:F4IR55,0.002116891322657466,0
Q5E915:F4K5P3,0.0012029946083202958,0
Q9SWH4:A0A1I9LN21,0.0024470388889312744,0
Q3E8Z8:Q8L8U9,0.002916107652708888,0
Q9M237:Q9C664,0.004628017079085112,0
Q9FFZ2:Q9SX45,0.27084386348724365,0
F4JZH9:Q9M2K8,0.016572492197155952,0
F4I9P7:Q9FJ10,0.13762572407722473,0
Q9SZZ8:Q9SZI2,0.04045933485031128,0
Q9SCU5:O22244,0.005791418254375458,0
Q9ZVC7:Q9FH24,0.0012060896260663867,0
F4HSD5:Q9LFD5,0.00726362457498908,0
Q9SMZ2:Q84VG7,0.004841112997382879,0
B3H612:Q9LK19,0.0009435067186132073,0
Q9C803:B3H784,0.0007592134061269462,0
Q9T0K3:Q84VV3,0.0007371845422312617,0
F4JML6:Q8L9R7,0.00398515397682786,0
Q2V3Z5:Q9M843,0.0011662243632599711,0
Q94AH2:O65665,0.011511675082147121,0
F4HS13:O23077,0.00292150373570621,0
Q944Q0:Q39162,0.061371564865112305,0
A0A1P8ASS6:Q94BN0,0.0010836573783308268,0
P27900:Q8GUN5,0.15098927915096283,0
Q9SJZ3:F4JWA1,0.0035643831361085176,0
Q8RWC9:Q9LTT3,0.01684432663023472,0
Q9FMG8:Q944R2,0.0011418611975386739,0
Q93Z27:Q9LUA9,0.0008726552478037775,0
Q9FYE2:Q8RXK3,0.00281217391602695,0
Q9FYM0:Q1G3F1,0.0008020891691558063,0
Q9CAL3:F4HQ84,0.016709282994270325,0
F4I861:Q9FML2,0.029601216316223145,0
A0A178WNP1:A0A1P8AM23,0.0024002206046134233,0
Q0V7V2:Q6ID72,0.0011144845047965646,0
Q8L8L9:B3H7N2,0.002582590328529477,0
Q9S9X6:O49545,0.0020459264051169157,0
Q9ZQP5:Q9LT56,0.0034421049058437347,0
Q9FV49:P09468,0.057344745844602585,0
A0A1P8ASK0:F4K9G7,0.0012359254760667682,0
A0A1P8BAW7:Q9SQZ9,0.03252711892127991,0
O23051:Q9XI36,0.0023460767697542906,0
F4K7J0:Q08AA8,0.009173722006380558,0
Q9FRL5:Q9LNC9,0.038884129375219345,0
P29381:Q9M2Q2,0.038322385400533676,0
Q9SII1:Q949V6,0.0026872141752392054,0
O49403:Q9C564,0.005628861021250486,0
F4J1T4:Q9LTS6,0.0015815276419743896,0
Q9LXV0:Q9ZU92,0.0018387067830190063,0
F4HUW0:Q06738,0.004648255649954081,0
Q9FGZ5:F4HU51,0.0024559085723012686,0
Q9FGY9:F4KHE3,0.011310982517898083,0
Q38955:Q5XVA8,0.0034899150487035513,0
Q9FH00:F4HVS6,0.0011759846238419414,0
O81057:Q9FYL2,0.005340580828487873,0
A0A1I9LMV6:Q8VYQ7,0.013107064180076122,0
A0A1P8B6G5:Q9XFD1,0.0015897162957116961,0
Q9SZV3:Q9SN67,0.0007969184080138803,0
O64399:F4JGI3,0.0012717220233753324,0
O23177:O04005,0.0015690397704020143,0
P94024:A0A1I9LSB3,0.0006831697537563741,0
Q94JT5:Q9SJG5,0.001329320715740323,0
Q9FGF1:Q67ZU1,0.0028834547847509384,0
Q9SKH8:Q9SUC5,0.0010823433985933661,0
Q9SHZ9:Q9LXK2,0.0016511075664311647,0
Q8VYP6:Q9FFK1,0.008105983957648277,0
Q8L726:F4HSD5,0.00258369417861104,0
Q9LF24:Q9SJM3,0.001469563809223473,0
Q6NL02:Q9C9Y8,0.006986871361732483,0
Q8GY60:Q8GXC7,0.0027747817803174257,0
F4HWL4:Q949N7,0.0010600812966004014,0
Q8RW90:O82394,0.0009221666841767728,0
O04017:O22932,0.03908727690577507,0
A0A1I9LNE1:Q9S6Z9,0.0009333882480859756,0
Q9LV99:Q3ECY3,0.0007496445905417204,0
F4JYE8:F4K725,0.005218950565904379,0
Q1G322:Q9LY49,0.0031341772992163897,0
Q9LU85:Q9C7K7,0.000813694205135107,0
Q5XET4:P93287,0.0010616815416142344,0
Q5XV83:Q9SB92,0.0006267966236919165,0
B3H5S0:F4KCZ1,0.001312936656177044,0
F4JK43:Q6NPM7,0.0007260841666720808,0
Q3E8G0:O80920,0.0005603843601420522,0
Q8GT78:Q04613,0.0009786483133211732,0
Q8L8U9:Q8RWN2,0.001054907450452447,0
P59263:Q56YY9,0.003906246041879058,0
Q9SR00:Q9ZPX0,0.014987952075898647,0
A0A178V0E5:Q680L3,0.0009939185110852122,0
Q9ZUB5:Q9LHI5,0.0044791982509195805,0
Q9M876:B9DFZ2,0.038508541882038116,0
Q9CAG1:Q9M0W4,0.2521556317806244,0
F4I1S7:Q9FRI1,0.004377237521111965,0
Q9SF52:F4HVJ3,0.002584585454314947,0
F4HYR6:Q9SCP4,0.0016040358459576964,0
Q9LMM6:Q8L7L1,0.012082192115485668,0
Q76FS5:A0A1P8BCC2,0.0014788178959861398,0
F4IVN9:A0A1P8AQU8,0.00052020134171471,0
Q9LV70:A0MFL4,0.003482602536678314,0
Q8GYH1:Q39022,0.020731275901198387,0
Q9SGI7:F4K2D7,0.0008779481286183,0
Q9LPJ7:Q05763,0.003066111821681261,0
F4HYB6:P34791,0.0006642583757638931,0
Q8GYP8:F4JK43,0.0008361926302313805,0
Q58FY6:F4KI88,0.0015159054892137647,0
A0A1P8AZD4:Q9FN68,0.010873240418732166,0
Q94BN0:Q1G3M2,0.0014596451073884964,0
Q9S9M7:F4ICB5,0.025244925171136856,0
F4K5P6:Q9SCT7,0.003537213895469904,0
Q9SN67:A0A1P8B188,0.0020110371988266706,0
Q9SIW1:F4JU69,0.006175636313855648,0
F4HVJ3:O22920,0.01768605038523674,0
Q9LJZ4:Q9FZG2,0.0659412294626236,0
P57681:Q9FM73,0.0011224379995837808,0
Q9FGW6:A0A1P8BF06,0.0005864187842234969,0
Q9LYH4:Q8L925,0.0007364967023022473,0
Q9FML9:A0A1P8AQA9,0.0021140919998288155,0
Q9C6C7:Q8LFL5,0.0013209948083385825,0
Q9STR4:Q9LPR9,0.0014216967392712831,0
Q9FMZ4:P56788,0.000853268604259938,0
A8MQ92:Q9LFV5,0.0018364799907431006,0
Q500W7:Q9M4T3,0.0009621642529964447,0
Q9M8T3:F4HZ54,0.001314259017817676,0
O64470:Q9SAD9,0.003803758416324854,0
A0A1P8B801:Q9SSD6,0.0019841224420815706,0
Q9SJJ0:Q9LV38,0.0014729133108630776,0
O22813:Q0IGK1,0.004719880409538746,0
Q9M0W4:Q8W4L5,0.06762723624706268,0
Q9M2N5:Q9M2C9,0.008841005153954029,0
B3H5I6:F4J368,0.000595534685999155,0
Q9SB50:Q3E9I4,0.002746828133240342,0
Q9SL91:B3DNP3,0.004445006139576435,0
Q8LAP6:Q94JV0,0.001431915326975286,0
F4JYQ8:F4JJC8,0.0007828783127479255,0
Q8VZK2:Q9LDF5,0.0036860411055386066,0
Q9LRJ4:Q84VW6,0.0030002070125192404,0
F4HQX1:A8MQR5,0.001733848126605153,0
Q9C507:Q07356,0.013214205391705036,0
Q94K71:O48713,0.0023943514097481966,0
Q93ZY7:Q9ZQQ9,0.008365440182387829,0
Q9ZRT1:P0DH85,0.020749783143401146,0
Q9SSM2:Q66GP4,0.0037786108441650867,0
Q8LGE9:D2WL32,0.0028485998045653105,0
Q8RWB1:Q9LUP4,0.008763347752392292,0
Q945P1:Q9LXU9,0.0127810537815094,0
Q940U6:Q9LM78,0.010109893046319485,0
P93005:Q9FMD5,0.011975706554949284,0
Q05762:Q9M907,0.15012173354625702,0
Q9STT1:A0JQ78,0.002684321952983737,0
Q9SU91:Q9LJW1,0.0008211826207116246,0
Q3EC19:Q3E8Z8,0.0007574921473860741,0
Q0WR81:Q8RWT4,0.001093815197236836,0
B3H5T1:F4I4X9,0.0007613548659719527,0
F4HZI8:C0LGL4,0.0015216574538499117,0
Q8GXC7:Q9SSW0,0.23239822685718536,0
Q8RY81:Q9SUQ3,0.002880912972614169,0
Q2L6T1:Q8GWG7,0.0008316300227306783,0
Q9FHD1:Q9FI57,0.0007141224923543632,0
Q682U6:Q5XUX8,0.0007255966193042696,0
Q9LZR5:Q8GWA7,0.003313325112685561,0
Q9FNB9:Q9FMK7,0.0029958419036120176,0
Q05763:F4KBY0,0.009911059401929379,0
Q9SM23:Q94CE4,0.002614492317661643,0
A0A1R7T3C4:Q93ZG7,0.003286027116701007,0
A0A1P8B6C9:O49397,0.0008977527031674981,0
Q9C995:Q6NPM5,0.001272669993340969,0
Q5XUX8:F4I499,0.0008453939226455986,0
Q6NNK6:B9DFU2,0.009640298783779144,0
Q94EW8:Q9LYQ8,0.010129573754966259,0
F4IZ80:Q3EDD5,0.0010927580296993256,0
F4HT07:Q9FG97,0.0006939926533959806,0
Q9LK61:Q9SIV0,0.004589348565787077,0
Q9SW40:Q9LV27,0.0035595514345914125,0
Q9C8D1:Q9LVC4,0.014543116092681885,0
Q0WRE7:A0A178V0W2,0.0006864131428301334,0
A0A384KZU0:Q9FMY4,0.0010308445198461413,0
Q1G3U1:Q9SH60,0.0007125874399207532,0
F4I9I6:Q9LMQ2,0.0015787844313308597,0
Q8LAA7:P82643,0.0006730075110681355,0
Q9LRM4:Q9LYB9,0.0016542141092941165,0
Q9SCX9:Q9FJV9,0.0013842739863321185,0
F4JCM3:Q9XIR8,0.0008663206244818866,0
Q9SIS2:Q9LIJ0,0.0011106828460469842,0
Q9SIB4:Q9C9X5,0.000815120933111757,0
A0A1P8B630:Q9M0H9,0.0005914461798965931,0
Q9LTF2:A0A1P8BAT6,0.0027632464189082384,0
Q93ZZ7:Q945M9,0.0008058082312345505,0
Q8VZG1:Q9SHX3,0.000796303793322295,0
Q3E870:Q9M8T8,0.000699702010024339,0
Q9SN85:B3H4V9,0.0008421555394306779,0
Q6NPP7:Q9FJ32,0.0950024351477623,0
A0A1I9LPE3:A0A1I9LLJ2,0.0010217754170298576,0
Q9LJW1:P92554,0.0005799260106869042,0
F4K5P3:Q8H1S7,0.0008189530926756561,0
Q93VJ4:F4HT43,0.001980961300432682,0
A8MQ79:Q9LT09,0.0006580956978723407,0
A0A1P8ANB8:F4JN00,0.0009001139551401138,0
Q9LXV9:Q9SSS6,0.002311529591679573,0
Q9FX66:Q9LDI9,0.015738803893327713,0
A0A1I9LN21:Q9MAN1,0.08139567822217941,0
Q5W9E7:Q4VNZ6,0.0013536888873204589,0
Q8VZN1:Q8LKS5,0.0008390680886805058,0
Q8GYD9:Q9ZW89,0.2008780986070633,0
Q9FHA7:Q9LZ82,0.038753923028707504,0
A0A1P8AQT9:P10798,0.001322564552538097,0
Q9C5U8:F4I6B2,0.002669877139851451,0
Q9SKM7:Q9LEZ3,0.002454198896884918,0
Q0WPR6:F4HT02,0.001353492378257215,0
Q9STG3:A0A1P8ASY8,0.0011554250959306955,0
F4JXW9:O04587,0.03708662465214729,0
Q2V346:Q3E880,0.0008421472157351673,0
Q9FHF5:Q8GXM1,0.0008390530128963292,0
Q9FGV1:Q9SHJ6,0.007432933896780014,0
Q9FFC9:A0A1P8BGB6,0.001442554290406406,0
F4HWK0:Q9SK49,0.0010235635563731194,0
Q9M026:Q9SV72,0.003072811057791114,0
Q9FJV0:Q9FKF5,0.002935571363195777,0
Q8H0U5:Q84WV9,0.035196781158447266,0
Q1G390:F4J551,0.0065960632637143135,0
Q67XV2:Q8W4F3,0.2680743336677551,0
Q9C778:Q9SYF1,0.04020185396075249,0
Q682P6:Q8LE26,0.0014721340266987681,0
Q9SAB5:Q9C9W9,0.09521964192390442,0
Q9T075:Q3E870,0.002823884366080165,0
Q94AB5:A0A1P8BDM7,0.001236995798535645,0
A0A1P8BDE8:Q9ZNT7,0.015085619874298573,0
Q8L467:Q8L493,0.002690724330022931,0
Q9FGW2:Q9FME4,0.0007293566013686359,0
Q8GYD2:Q9LNW3,0.01089076604694128,0
Q9SHV5:Q9LYM3,0.003995331469923258,0
Q0WR08:Q9XI46,0.0009516822174191475,0
Q8S8Q0:Q38832,0.0009345440194010735,0
Q9C942:A0A1P8B3M4,0.002823983086273074,0
Q9SF38:Q8LGI3,0.07947997003793716,0
Q94AD8:Q0WRE7,0.0009649276616983116,0
F4HPM6:Q9SVX5,0.006880407687276602,0
Q9C9Y6:Q8L8M9,0.0010474298615008593,0
O82595:O81515,0.005704653915017843,0
Q8RXC0:Q9ZT17,0.017481254413723946,0
Q9M8W6:O04027,0.10120830684900284,0
Q9MAN1:Q8RWC9,0.04457629844546318,0
O81915:Q9LZE0,0.02699904516339302,0
Q94KL5:Q8S8P6,0.0038178847171366215,0
Q93V58:P46897,0.008828394114971161,0
B3H7A9:Q42381,0.002816563006490469,0
Q94C40:Q8LG89,0.0013896640157327056,0
C0SV91:Q8RWG5,0.0006619879859499633,0
B3H4X6:Q1G3X9,0.044680580496788025,0
O80575:Q9C7X2,0.003740596352145076,0
F4I4F2:P56784,0.0029912195168435574,0
B3H7D8:Q9FKQ8,0.0022032330743968487,0
A7UL74:Q9C8F8,0.005707577336579561,0
Q94CC1:A0A1P8B9Z0,0.010195991024374962,0
Q8LPL5:Q9SCR0,0.2237018197774887,0
A0A1P8B6C7:Q9C6T2,0.001425413298420608,0
Q67Y01:Q93ZM9,0.0015021006111055613,0
Q5BPP4:Q9STR4,0.0015392889035865664,0
Q9LW63:Q9SHZ9,0.006798678543418646,0
Q9M8M7:Q9SHQ9,0.001242752536199987,0
Q0WPG1:Q9XIQ9,0.0021128165535628796,0
F4I3E6:F4JT39,0.004370816983282566,0
Q9SKI0:Q56XJ7,0.0007748521747998893,0
Q84JE8:Q8VY27,0.001216173986904323,0
C0LGL4:Q94K97,0.002143117133527994,0
Q9LQF0:Q9LK52,0.0019078338518738747,0
A0A178W3G2:Q9ST43,0.002275904407724738,0
Q9LW84:O82190,0.005933229811489582,0
A0A1P8AZP7:F4I1S7,0.010030216537415981,0
Q9LYQ9:Q1PEU3,0.00927315279841423,0
A0A1P8B1G7:F4IUG1,0.0009360858239233494,0
Q1G3Q4:Q9C9A0,0.010725890286266804,0
Q8LF89:F4K329,0.0054437690414488316,0
Q94A98:Q42377,0.004303836729377508,0
P0CAX9:Q6DYC0,0.0010458173928782344,0
P82795:Q9LR74,0.005328796338289976,0
F4K5V9:Q9SKH1,0.0008561533177271485,0
F4K723:O64560,0.0008501296979375184,0
Q8LPR9:F4IQY1,0.002023935317993164,0
Q9LF88:Q2V3W5,0.0007575097260996699,0
F4I6U7:Q9SKB2,0.0012736002681776881,0
Q9XHZ8:Q0WR94,0.0009167205425910652,0
Q8LE92:F4KCL7,0.0013130608713254333,0
Q9FKT5:Q9LE02,0.051544398069381714,0
A0A1P8BCC3:Q9C636,0.0014208558714017272,0
O82503:Q9FGS3,0.003488830989226699,0
Q9SAI2:B3H4G1,0.0026306367944926023,0
O49518:Q9C6Z4,0.0007501868531107903,0
Q94JM3:Q8GWP1,0.008766119368374348,0
Q8GW85:Q9LSB2,0.004283737391233444,0
Q9LT31:O24410,0.004194952547550201,0
A0A1I9LM80:Q9LSQ2,0.0015826408052816987,0
A0A178UG69:Q8LB54,0.2801841199398041,0
Q9SFB3:Q9M0Y6,0.003977432381361723,0
Q9FWZ3:Q56YQ1,0.0021175870206207037,0
A0A1P8AWW1:Q3ECM9,0.0007188078016042709,0
F4J0D0:F4IIA9,0.0011217116843909025,0
Q9FLF7:F4KI39,0.021681388840079308,0
A0A1P8AUL6:Q38957,0.0010763459140434861,0
O81864:Q9T0G1,0.02026706002652645,0
Q9SUI5:Q8LE92,0.0010312091326341033,0
Q8RYC6:F4J7V3,0.0031363689340651035,0
Q9M2E4:F4IP00,0.0006287494907155633,0
P93293:P92562,0.0019134670728817582,0
F4HTY0:Q9C7M2,0.011797212064266205,0
Q7XA63:Q9S7P4,0.0010089747374877334,0
Q9ZQA3:O81000,0.002155587775632739,0
Q4VNZ6:F4KAV2,0.0009275018237531185,0
Q9LTJ0:P0C0B0,0.05683380365371704,0
Q9LSK7:Q8LCH5,0.008447862230241299,0
Q9LMQ2:Q9FXA9,0.03129784017801285,0
Q93ZB0:B3H6G9,0.0006788467289879918,0
P82778:Q9SI15,0.0054035671055316925,0
Q9LS04:Q9LZP4,0.001265302998945117,0
O50055:Q9FIV5,0.0026632610242813826,0
Q9ZU88:P93024,0.013228650204837322,0
Q9FIX5:A0A178UN96,0.0010113841854035854,0
Q9AR07:Q8VY26,0.003147649113088846,0
Q9FM80:Q9SJG6,0.1995452642440796,0
Q9FKA0:Q93ZZ7,0.0014662561006844044,0
Q9SHG6:Q9FKU2,0.0020357072353363037,0
Q9ASV6:Q9LYV3,0.18856453895568848,0
O82533:F4I9X5,0.0036443115677684546,0
Q84J91:F4IXJ7,0.004059986211359501,0
Q9LZ97:Q6NLR2,0.017489507794380188,0
F4JGI3:F4K975,0.0007942146039567888,0
Q84WL4:Q9SFF7,0.008137357421219349,0
Q9S7I7:F4J8R4,0.0031894580461084843,0
Q9STX2:A0A1P8AQ67,0.0009911698289215565,0
B3H7G8:O50055,0.0012915016850456595,0
F4K4X2:A0A1P8BER7,0.0006076330901123583,0
F4HPS6:Q9LZ86,0.0010791802778840065,0
Q9MAA7:Q7XHI9,0.006310476455837488,0
A0A1I9LNH2:F4IZ03,0.0007546650595031679,0
Q9LR67:Q9ZVK9,0.0008861772948876023,0
Q9FNA9:Q564K3,0.002077593235298991,0
Q9LT48:Q5HZ48,0.001091741374693811,0
F4J7G5:F4IUT4,0.00115426373668015,0
A0A1P8BD86:F4ITL6,0.0010210912441834807,0
Q8LFK2:Q9FLC1,0.0011546885361894965,0
Q8GYT1:O23035,0.0008244888740591705,0
Q9SIT7:Q96253,0.013431607745587826,0
F4JUM8:F4HSA3,0.0016578063368797302,0
Q9C790:A0A1P8B9B9,0.009558694437146187,0
Q9ZU97:O80742,0.09819994121789932,0
F4I5G3:Q8L4N1,0.0037095327861607075,0
F4IS76:F4I9P7,0.010187405161559582,0
Q56YN3:Q8RWE1,0.003947993274778128,0
F4JPQ4:A0A2H1ZE93,0.0025166289415210485,0
Q9M038:Q8GXT3,0.0023848689161241055,0
Q93Y08:F4J2T9,0.009885425679385662,0
Q8VYI5:A0A1P8AXB7,0.001721888780593872,0
Q94B35:P62090,0.24168677628040314,0
B3H4T5:Q9LS86,0.0008687806548550725,0
Q9FRI1:Q9LI86,0.001579149509780109,0
Q9FG51:Q6R053,0.03439042717218399,0
Q9LJX2:Q0WT24,0.0006744677084498107,0
O64584:Q33884,0.001057053916156292,0
A0A178W169:Q9SHG6,0.017319446429610252,0
B3H6B4:Q9LNU6,0.0008410608279518783,0
Q9SIW5:F4JA50,0.00218247645534575,0
F4I6L0:Q9SB36,0.025372374802827835,0
O82197:Q9LZR4,0.0031146418768912554,0
B9DFZ2:Q8GY88,0.00720230070874095,0
Q9SIE1:Q9C7F0,0.040722209960222244,0
P92566:Q1PF74,0.0005984709714539349,0
O81515:Q682U6,0.002708307234570384,0
O82328:Q8VXZ0,0.0009114981512539089,0
Q9MA93:Q9LJN0,0.004310602322220802,0
O80800:Q9LES3,0.013614845462143421,0
Q5XV54:Q9FPW6,0.0024286452680826187,0
F4JEV5:Q9LVM2,0.0008261866751126945,0
Q9ZQC8:B6EUC0,0.0010363489855080843,0
Q8RWG0:B3H4E1,0.0010043804068118334,0
Q9SB36:B3H7J0,0.00230896077118814,0
Q8L5Z7:Q9FI09,0.0011727598030120134,0
A0A178WGK2:Q8GY60,0.007501070387661457,0
Q0WVN5:O22951,0.0020810544956475496,0
Q9M9Z2:B3H612,0.0005940791452303529,0
F4JN00:Q9LM14,0.0015281196683645248,0
Q9LZV9:Q8H113,0.001098515698686242,0
O80958:Q93VJ4,0.012227590195834637,0
B3H4B7:Q9SUS3,0.005131627898663282,0
Q9M128:Q9C702,0.0065594944171607494,0
Q8GWW7:A0A1P8B6A7,0.0012107740622013807,0
Q3E6S9:Q9LXU6,0.0011844802647829056,0
Q8LGU6:F4J3N4,0.015424161218106747,0
Q9M4T3:Q9LW12,0.012488702312111855,0
O82248:F4KD71,0.0015213297447189689,0
Q9ZR13:Q941L2,0.0021821651607751846,0
A0A178VQ59:F4I9V0,0.0038019472267478704,0
Q9SND3:F4I9I5,0.000922746432479471,0
Q9LXP6:F4IVN9,0.015878940001130104,0
P36428:Q42384,0.007313720881938934,0
Q9LK19:Q9LYH4,0.0009585345396772027,0
F4IQY1:Q9LQI6,0.0013157333014532924,0
Q94AJ9:Q8GY61,0.0037845217157155275,0
Q2V371:Q8S9M3,0.0013928875559940934,0
Q8L5Z0:B3H432,0.001149720512330532,0
A0A1P8BFS0:F4K6Y8,0.0010947056580334902,0
Q8GY84:Q9FLM1,0.005643820855766535,0
Q42384:Q9FHF5,0.0020702171605080366,0
F4JCN4:Q9FGR7,0.00210403255186975,0
Q9FPW6:F4IT83,0.0023765082005411386,0
Q9FG05:Q8LAA6,0.0007359677110798657,0
O81000:Q8GXI9,0.00769774941727519,0
F4I350:Q8H112,0.014202365651726723,0
Q9FNY4:Q8L844,0.05396081134676933,0
F4JVF4:A0A178V5Q1,0.0007306134211830795,0
P93046:F4HWF9,0.0011868448927998543,0
Q8GXY9:F4J1T4,0.0014176216209307313,0
Q9LZ47:O49660,0.0008410221198573709,0
A0A178VI87:Q8GW44,0.0021583486814051867,0
F4JEQ6:O23071,0.0014954950893297791,0
Q9LYX2:Q9ZUK9,0.0007828624220564961,0
Q9M907:Q9M8Z7,0.025122109800577164,0
O81047:Q8H1R4,0.051419585943222046,0
Q8VYP8:P92535,0.002239959081634879,0
Q9C7Z2:Q9FYE3,0.00216624210588634,0
F4JGI4:F4J917,0.0006654206663370132,0
P0DKI6:Q0V7X4,0.04523671790957451,0
O22846:F4I3I2,0.0006966072833165526,0
P56798:Q940F4,0.0013079222990199924,0
Q6NPF4:Q6NQM0,0.004671849310398102,0
O82381:A0A1I9LT34,0.0007202012347988784,0
A0A1P8APR3:Q9LUS3,0.0006010661018081009,0
A0A1P8APD7:F4I4Q3,0.0006331447511911392,0
A0A1P8B9R8:B3H5E6,0.004253366030752659,0
Q8L9R0:Q9FI44,0.00871539581567049,0
Q9STP8:F4IY04,0.0018079187721014023,0
Q3E880:Q940G5,0.0012023472227156162,0
O23369:Q9FN84,0.001817759359255433,0
A0A1I9LNB6:F4KE50,0.0015404234873130918,0
Q9SSM3:Q9FHL9,0.006473943591117859,0
Q9LX31:Q9LZR5,0.013247719965875149,0
O49586:F4ISV4,0.002625423716381192,0
O22951:Q8LFL8,0.05976687744259834,0
Q6DUW7:Q94CC1,0.0025100281927734613,0
Q5HZ48:F4IIZ8,0.0030409926548600197,0
A0A1P8AMV0:Q8GWP5,0.013022974133491516,0
Q9LUP4:Q9FM80,0.002313159639015794,0
Q9XI76:Q9LKI5,0.001383598311804235,0
Q8GY11:A0A1P8B2V3,0.0006548636010847986,0
P56774:Q9LT23,0.0018221011850982904,0
O64698:Q9FF62,0.003960797097533941,0
O82813:Q9CAW3,0.000815054343547672,0
A0A178V266:Q9C995,0.0010215213987976313,0
Q8L760:Q9FKN0,0.0007760799489915371,0
Q1JPM3:A0A178VYP6,0.004969920497387648,0
Q8LA53:Q0V7S1,0.023907264694571495,0
Q9M1Y0:Q9FL96,0.0017125321319326758,0
A0JQ78:B3H7C4,0.002322787418961525,0
Q9SUR9:B3H7H1,0.10624738782644272,0
A0A1P8B4T0:Q9LRM4,0.0010657000821083784,0
Q9LF68:A0A1P8BAY9,0.0005692545673809946,0
B3H6J5:F4HVW5,0.0009802806889638305,0
O48963:Q84TK1,0.0055071404203772545,0
Q9SFY8:C0SV91,0.0008833063184283674,0
Q9ZPS7:Q9FFF1,0.0011993575608357787,0
Q1G3Q5:P38418,0.00224650208838284,0
Q9SVW2:F4ILE1,0.0039897495880723,0
Q9ZQR5:B3H6N4,0.001091010170057416,0
Q8GZ75:Q9FLL3,0.0028027098160237074,0
Q9M282:Q9LS60,0.0006027148920111358,0
Q6X7J5:Q0IGM1,0.0007445536903105676,0
Q9SU67:Q9SYH1,0.009803972207009792,0
Q9S7P4:F4ICX5,0.0011649178341031075,0
Q9FH32:Q8L7H8,0.002124614315107465,0
Q9XII5:A0A1P8AQK1,0.0013117770431563258,0
B3H5A4:Q93YN4,0.0010607917793095112,0
Q9FI84:Q9SZ51,0.06073998287320137,0
Q9C749:Q93YU6,0.007127339486032724,0
Q9M7T0:Q9FY46,0.005181802902370691,0
O65436:F4J8U4,0.0007307814667001367,0
Q9LY96:Q9LV88,0.003231240203604102,0
Q9M9U2:O80450,0.0946647897362709,0
Q9M1Q4:A0A1P8BF81,0.015880219638347626,0
O22932:Q8LEU9,0.023176521062850952,0
F4JW44:P82795,0.003275108290836215,0
A0A1R7T3I3:Q8L475,0.004821520298719406,0
F4JGU2:Q6DSU0,0.0007932627922855318,0
F4IV34:B3H711,0.0008950395858846605,0
F4HPL1:A0A1P8AVR2,0.0006086219218559563,0
Q84WK0:F4IEX1,0.002630583243444562,0
Q9LJL6:Q9SW23,0.0009408171172253788,0
F4K8J4:Q9ASZ4,0.009438332170248032,0
Q9LDY2:P11574,0.29884129762649536,0
Q9C584:O64903,0.003654672997072339,0
Q9SYP2:Q9M128,0.0037321143317967653,0
Q8L7U4:Q9M1Y0,0.03673531860113144,0
Q04614:Q9T0E5,0.001565613434650004,0
O04204:Q9C5V6,0.832553505897522,0
Q9LZQ2:O81323,0.0021120996680110693,0
P82773:A0A178WKP3,0.0017427867278456688,0
F4IUX9:Q9LTZ9,0.0011935512302443385,0
Q9M0X8:Q96329,0.004568958189338446,0
Q9LF97:Q9LM93,0.022545723244547844,0
Q9SVG9:F4HQX1,0.0019602084066718817,0
Q8GWV0:P82731,0.0009010840440168977,0
Q9FKQ6:Q9SSS0,0.0012829785700887442,0
O80624:Q3C1C7,0.0007513183518312871,0
Q9CA27:O82533,0.008523755706846714,0
A0A1P8BA81:Q9LJF6,0.005513935815542936,0
F4J139:Q9SSM3,0.0031129613053053617,0
F4I806:Q9CAY6,0.021066823974251747,0
F4JY92:A0A1P8B760,0.0008031599572859704,0
Q9FH86:Q9FYR2,0.0008092144853435457,0
O48704:Q9FE54,0.06932202726602554,0
Q3E7C8:A0A1P8B4M2,0.0008154846145771444,0
Q93ZN4:B3H6B4,0.000561901309993118,0
O81315:Q9FHY7,0.0009955953573808074,0
Q9FL63:B3H4R3,0.0011781034991145134,0
Q9LX56:Q1G322,0.026938272640109062,0
Q9LMK5:Q9SKM0,0.001129019190557301,0
Q9LMT1:B3H6X1,0.0007319417200051248,0
Q9LUJ5:Q9T077,0.005832819268107414,0
Q8GZ85:Q39193,0.00602674437686801,0
F4IK40:Q9SH55,0.0008813801105134189,0
Q9LF60:Q9M292,0.1008172407746315,0
F4J551:Q0WUZ1,0.0022694224026054144,0
Q9C7X2:Q6DUW7,0.000840483873616904,0
A0A178WK49:A0A1P8BH47,0.0007140049710869789,0
O80742:Q9M0K4,0.0038876316975802183,0
Q9FZF2:Q8W481,0.0028155536856502295,0
Q940G5:P36428,0.0053985342383384705,0
Q9ZUT5:A0A1P8AP43,0.1532783955335617,0
Q8S8I4:Q84LH8,0.07914773374795914,0
Q9C9F0:Q8L908,0.0010356454877182841,0
O49730:F4I8H8,0.02407764457166195,0
Q1G3U5:Q9SUZ4,0.0023778981994837523,0
F4K4U5:F4J1W7,0.0007846711087040603,0
Q949U5:Q9M051,0.006948760244995356,0
A0A1P8AXB7:Q58G10,0.001159578445367515,0
Q9SKB3:Q84JF7,0.0029009010177105665,0
F4J6A1:A0A1I9LNE1,0.0007274876115843654,0
Q84JG5:Q9LVD0,0.3774779736995697,0
Q9SAC5:Q56XV8,0.00708022341132164,0
Q9FHG7:Q8H133,0.01497191097587347,0
F4JP79:Q9LZ97,0.0015787165611982346,0
O64482:Q8H7F6,0.0064024790190160275,0
Q29Q74:Q94AD8,0.004773630294948816,0
Q8RWN2:Q84JE8,0.0008263573399744928,0
Q9ZUU2:Q9SRP6,0.011768855154514313,0
A8MQP2:Q9FG51,0.00706724775955081,0
O23337:Q93WA2,0.0010235398076474667,0
Q9S9T8:O82328,0.04418015480041504,0
Q8RYE9:Q8LFK2,0.001976461848244071,0
Q6AWV7:A0A178UFM8,0.0007690064376220107,0
B3H4Q0:A0A1P8AW70,0.0007797921425662935,0
Q9SR01:Q9LQ83,0.007199095096439123,0
Q94ID2:Q9FNR0,0.001485298853367567,0
Q9FF72:A0A178VMH7,0.0006717618089169264,0
Q9FMX2:O23369,0.0013589711161330342,0
Q9C6I7:Q5XV31,0.0037597455084323883,0
Q2V3K2:Q9LRV2,0.0007687429897487164,0
F4K739:Q9FGN8,0.027681786566972733,0
Q9ZT42:Q9M054,0.0022401625756174326,0
B3H711:F4JNI7,0.0009288518922403455,0
Q05466:Q9SVD1,0.00463769119232893,0
Q8W489:A0A1P8ATQ1,0.0008917400846257806,0
Q9ZWB4:Q9SW80,0.0012376265367493033,0
Q9SYF1:Q6NPL8,0.00714648375287652,0
F4I9E1:Q9SJJ0,0.0006151660345494747,0
Q9FV53:Q9M384,0.056704964488744736,0
B3H6V9:F4JS55,0.0006699296645820141,0
Q8W4F3:Q9T034,0.7814087867736816,0
Q9LUJ7:Q9ZQR5,0.004479566588997841,0
Q9C6U2:Q9LZC3,0.0010659978725016117,0
Q9FMQ1:Q9M223,0.011569184251129627,0
Q9FUA4:Q93ZY7,0.009921777062118053,0
F4J379:Q9LT47,0.0013010575203225017,0
B9DFS6:A0A1P8B801,0.004259705077856779,0
Q9FJ10:Q9LHH3,0.0009419121197424829,0
Q9FI66:Q9SFB3,0.0009557398152537644,0
Q42545:Q9SIW5,0.06136750057339668,0
Q9FIX3:Q2V452,0.061031412333250046,0
Q94C26:Q9FMV0,0.000821848982013762,0
Q84TK4:Q9ZUV6,0.0005666838842444122,0
Q9CAE8:Q56FQ1,0.001512660994194448,0
Q9SL50:A0A1P8APR3,0.0006026050541549921,0
Q1PDW9:Q9ZR12,0.0022066347301006317,0
Q9FG81:P93836,0.007246506400406361,0
Q9LXK5:Q08733,0.0006312374025583267,0
F4HU58:Q9SM23,0.000955988303758204,0
Q9LT25:F4HP85,0.0025640062522143126,0
F4INA9:Q8GY11,0.0062146722339093685,0
Q8L844:Q8L8C2,0.009342247620224953,0
Q9FE54:Q949R4,0.0010667387396097183,0
A0A1P8B144:Q9FF72,0.0006773796048946679,0
F4I5Q2:Q8LA14,0.0009733064216561615,0
Q9C6Z3:Q9ZUE1,0.0008141530561260879,0
O81836:Q9FFJ3,0.0030118755530565977,0
Q940A6:A1L4Y1,0.006730941124260426,0
Q6DSU0:Q9LUU5,0.0009832674404606223,0
Q64FQ2:Q84TH8,0.0035694953985512257,0
F4ITL6:Q8GYS0,0.0008461726829409599,0
Q9SCT7:Q9ZU35,0.0007475707679986954,0
Q3C1C7:Q9LV52,0.0007183886482380331,0
A0A1P8BG62:Q9M367,0.0010564250405877829,0
F4IEL6:Q8LPG1,0.0015489092329517007,0
A0A1P8BF70:A0A1I9LNG9,0.0007570238667540252,0
Q38885:F4IK97,0.0018020879942923784,0
Q8VY77:O23235,0.005659827031195164,0
Q9LF66:A0A1P8BB71,0.0010088811395689845,0
Q2V4B2:Q9C763,0.001184399239718914,0
Q9M338:Q9SZE0,0.001585656777024269,0
F4JQT4:Q94AQ9,0.0008939083782024682,0
A8MQD8:Q67ZB6,0.0052383639849722385,0
A1L4V7:Q9ZPR0,0.08359440416097641,0
Q9FJY1:Q9XIK5,0.0025253850035369396,0
Q1PE51:F4HTT8,0.0010972056770697236,0
F4J412:F4HZ96,0.0007825909997336566,0
Q84MC1:Q9SCX9,0.007729108911007643,0
A0A1P8ASY8:A8MQJ3,0.0006580129847861826,0
Q9XIM6:F4JCI4,0.0006490897503681481,0
A0A1P8BB71:Q9LW57,0.0007981541566550732,0
Q8RWU5:B9DF92,0.01342269778251648,0
A0A1P8AQV4:Q9SUX0,0.000578949402552098,0
Q3ECY3:Q8VZ40,0.0005846495041623712,0
Q08298:Q9SJ21,0.00179579749237746,0
Q67XG0:Q3E7C8,0.003238918026909232,0
Q9LXR9:Q9LXJ0,0.006144138053059578,0
Q945S8:Q9FKH1,0.12586772441864014,0
A0A1I9LLX4:Q9FFI9,0.000692587171215564,0
Q9SK09:Q9FKZ0,0.005265229847282171,0
Q6DYE3:F4JVV4,0.04354752227663994,0
Q94F39:Q9FK47,0.008726033382117748,0
Q8S8I9:Q9SUW4,0.0007487031980417669,0
Q9LU43:Q94AJ9,0.0029898732900619507,0
Q6DSU2:Q9FNY4,0.00675859535112977,0
A0A1I9LN10:B3H4F7,0.0006608511321246624,0
Q58FY7:Q9LX93,0.0018877171678468585,0
Q9FFR5:Q9M995,0.012521407566964626,0
Q9SR35:Q9LSB8,0.0010362716857343912,0
Q9SH17:Q8RU59,0.0027985316701233387,0
A8MQW1:Q9SVZ9,0.0021601226180791855,0
Q94K88:Q9LR67,0.013934570364654064,0
Q9SIZ6:Q9M0W9,0.0011559358099475503,0
Q8L7M3:Q9ZVC7,0.000890960160177201,0
Q5S4W1:Q2V483,0.001469379523769021,0
Q56XV8:A0A1P8B502,0.008067435584962368,0
O48526:B3H6I2,0.0006805529119446874,0
Q7Y220:Q9STS3,0.007049438543617725,0
Q9ZW89:Q67Y99,0.0037452615797519684,0
Q8H181:Q9SJW7,0.010199245996773243,0
B9DGD6:F4KIU0,0.0005945775774307549,0
Q9SMN5:B9UY99,0.0009568898822180927,0
Q9LTC3:Q04614,0.0010206791339442134,0
Q8RXG5:A7XGN8,0.001781012280844152,0
Q9LJF5:Q9LUN9,0.0013092814479023218,0
Q94A68:O65684,0.0011098020477220416,0
Q9CAJ0:Q9LXW1,0.0020445091649889946,0
A0A1P8AYB0:O65382,0.0056920419447124004,0
Q2V4J2:Q9FH32,0.0007470254204235971,0
O22908:Q1EBV6,0.007123395800590515,0
B3H4F7:Q94AW8,0.001011797459796071,0
Q8GYS0:Q9LSF1,0.007411022670567036,0
Q8L7A9:A0A178WK49,0.001978096319362521,0
P92561:Q9LM24,0.0006259071524254978,0
P92556:Q9XI19,0.000645519990939647,0
C0LGN7:Q8L5Z0,0.003195353550836444,0
Q8GUT5:Q9SGI7,0.003745694411918521,0
Q9SGH5:P94024,0.003719388274475932,0
A0A1I9LSB3:Q9FMI8,0.0008084463770501316,0
Q9LMA8:Q94F04,0.0037943727802485228,0
Q949N7:O22264,0.005465667229145765,0
O49698:Q9AT60,0.002868937561288476,0
Q945M9:B3H5B2,0.0009354273206554353,0
Q9M903:A0A178WGK2,0.010101254098117352,0
Q9M051:F4I5Q2,0.0011731403646990657,0
A0A1P8APW5:Q9LEY9,0.0007562620448879898,0
A0A1P8AS86:F4JG50,0.022249286994338036,0
Q9SVW3:Q9ZVI7,0.0022973164450377226,0
F4JWA1:Q9LF68,0.0023207177873700857,0
Q9FX44:Q700C7,0.003272363683208823,0
Q9FGN8:Q76FS5,0.001913018524646759,0
B7ZWR6:Q8VY77,0.1314564049243927,0
Q9LYM3:Q9C5J6,0.0013194935163483024,0
B3H5R2:A0A1P8B6C9,0.0006521651521325111,0
P32068:Q67XI5,0.011039226315915585,0
Q9FZK5:F4K9D7,0.00200637336820364,0
Q9C9A2:P56774,0.03244056552648544,0
Q9ZNV9:Q9FZH9,0.0011168391210958362,0
Q9SLB8:Q9FI66,0.0009069150546565652,0
O49160:Q6NL24,0.0032490429002791643,0
Q9LUQ8:Q9FW50,0.0023297325242310762,0
Q8GWY0:B3H4Z7,0.0073518529534339905,0
A0A1P8B6A7:Q9LSW0,0.0017526980955153704,0
Q94AV5:Q8GYD2,0.005082979332655668,0
Q9LUC1:Q8S9J2,0.02333707921206951,0
Q9FHT6:Q9S732,0.027184953913092613,0
Q9ZQ60:Q9XHZ8,0.2405546009540558,0
Q3ECM9:F4HRC0,0.0009840968996286392,0
Q9ZQ68:Q93YN6,0.0010203972924500704,0
F4HRI2:Q8LPR9,0.01041887141764164,0
Q9FUR2:Q9T028,0.002168618608266115,0
Q94K97:Q7PC79,0.08754649013280869,0
Q9SV97:P27900,0.002240522298961878,0
Q9ZUE9:A0A1P8BAC6,0.0006344358553178608,0
Q9M670:Q6DSU2,0.00328337331302464,0
Q1G3V9:Q5XVC1,0.0010541636729612947,0
Q8LAV5:Q570R7,0.09581940621137619,0
Q9C6V3:Q6NPF4,0.00288128643296659,0
A0A1P8BER7:Q9FJ80,0.0006482011522166431,0
Q9LXL7:Q84VQ1,0.0012118606828153133,0
Q8GZB4:Q9FHI6,0.0015955067938193679,0
A0A1P8B0Q6:Q9LFG1,0.0007482836372219026,0
F4HZB9:F4HQU0,0.0007722183945588768,0
O23278:O81740,0.01716693304479122,0
Q9ZSK1:Q9SZK4,0.15522274374961853,0
Q8S898:Q9M1Z3,0.07751283794641495,0
Q9CA36:O24629,0.003741782857105136,0
Q9M0H9:Q9FFY4,0.0008378966012969613,0
Q9FFL3:Q9LXA8,0.0011876019416376948,0
Q9LEY9:F4HYH6,0.070087730884552,0
O04587:Q9FKV1,0.0010458456818014383,0
Q9ZUK9:Q9LEW7,0.0035243798047304153,0
Q8LGS1:Q9FHB5,0.04535660147666931,0
Q9SIV0:O82197,0.011631762608885765,0
A0A1P8B830:Q6IDB0,0.004669480957090855,0
Q9LSW4:B3H5I9,0.012584999203681946,0
A0A1R7T3J3:Q9ZQA3,0.0006307646981440485,0
Q63Z96:Q8LPR8,0.007602220866829157,0
Q9FJA2:F4K9Y3,0.001388742821291089,0
F4J4N3:Q948R9,0.00186414725612849,0
Q6DUW6:O80607,0.0007944154785946012,0
Q8VY26:F4I386,0.000937275995966047,0
Q8L7G1:P82726,0.000794920779298991,0
F4JNI7:O82503,0.0010669908951967955,0
Q84WV9:Q2V3J1,0.0011381575604900718,0
P92559:A0A1P8AUJ8,0.0006794126238673925,0
Q9M9E2:Q05466,0.007740963250398636,0
Q9LVS0:Q0WVN5,0.000921358005143702,0
P82726:F4IRZ1,0.0010058223269879818,0
Q1PEE4:A0A1P8AZN3,0.0014723886270076036,0
A0A1P8AM75:Q9SKU6,0.0012009380152449012,0
Q9LZ00:Q9FVW6,0.002169280080124736,0
A0A1P8B5H9:Q9FI84,0.0007374978740699589,0
O81801:F4I431,0.0006832624785602093,0
Q9M2U6:Q42606,0.0012458448763936758,0
Q8GWC9:F4K6A1,0.0006011814111843705,0
Q8S8K8:F4IZ80,0.0011990285711362958,0
A0A178VQ73:P0DKG5,0.0691932886838913,0
Q00958:Q9SS48,0.0011537012178450823,0
Q9SZF7:Q3EC92,0.0019688063766807318,0
P56782:P55826,0.008109373040497303,0
Q9S750:Q9SMZ2,0.05249447748064995,0
Q56XR0:Q9LSZ5,0.01552517432719469,0
O49653:Q9FFG5,0.011889235116541386,0
Q1G3U3:Q8VYD2,0.001037988462485373,0
Q56FQ1:O48719,0.0016637841472402215,0
Q9SYG4:Q7Y211,0.020486675202846527,0
Q9ZQQ9:Q9XI76,0.0014716554433107376,0
Q7X6Y7:F4JY74,0.0015543802874162793,0
Q8L705:Q8H0V1,0.010762079618871212,0
P56779:Q9LEU7,0.011369242332875729,0
Q39021:P92526,0.01407255232334137,0
Q9C8F8:B3H5R2,0.0008286178344860673,0
Q3EBM5:Q5XVK9,0.0011377515038475394,0
Q9SV75:Q9FYC3,0.0013165312120690942,0
Q9FJ55:F4JYW4,0.0008189266663976014,0
Q9FFG6:A0A1P8B017,0.000741951575037092,0
F4IG63:Q9STG1,0.0011558685218915343,0
Q500W8:Q1G3U3,0.002376133343204856,0
Q8RXE7:Q9LY96,0.008600850589573383,0
Q9FLS0:Q56YJ7,0.0007477301405742764,0
Q9ZPX0:O81057,0.008907142095267773,0
Q39023:Q9FXD3,0.18000158667564392,0
Q9STM6:P32746,0.022933287546038628,0
Q9FHB5:Q2PGG3,0.002070771995931864,0
B3H428:F4JYP3,0.001634774380363524,0
Q9FGB0:Q9XF04,0.002737080678343773,0
O23683:Q8W2F3,0.002153008943423629,0
B3H6F7:A0A1I9LP79,0.018836086615920067,0
F4IPV3:O04590,0.0012439184356480837,0
P46601:Q8GZ43,0.1920996755361557,0
Q3EDB7:Q2V3Y5,0.000956545234657824,0
Q6NQA0:Q9FJY1,0.00125295075122267,0
F4JUQ2:Q9ZUM9,0.0015849892515689135,0
F4I9X5:Q9ZW84,0.0008150168578140438,0
F4JU08:Q2V3K2,0.001110801356844604,0
Q9LS86:Q9SCZ0,0.0025088656693696976,0
Q9SRS6:O82302,0.00789392925798893,0
Q9SV54:Q8GY13,0.003404240356758237,0
F4JCI4:A0A1P8B1C5,0.0006724572158418596,0
Q9LK55:Q9M7T0,0.0014295950531959534,0
Q3ED38:Q9XIA0,0.04507819935679436,0
Q8RWW1:Q9FK30,0.006700100842863321,0
A0A1I9LPV1:Q9LK61,0.20415611565113068,0
A8MQH9:Q2V2W8,0.014329775236546993,0
O04719:F4JSC0,0.017944520339369774,0
Q9SV30:Q9M0X8,0.10934775322675705,0
Q0WPQ2:Q8H0Z9,0.0010632758494466543,0
Q8GXB7:Q0V7S5,0.011636202223598957,0
Q9SHS2:Q9FYK6,0.003256623400375247,0
Q8RYD3:Q8H1G0,0.16711784899234772,0
Q8S9J2:Q9FI94,0.28242361545562744,0
Q93ZG7:Q8GZ75,0.26037031412124634,0
Q9M811:Q0WNX3,0.009105918928980827,0
Q9ZQ78:Q9SND3,0.001310064923018217,0
Q9LUI0:Q5HZ00,0.0016551250591874123,0
Q9C932:Q5Q0C3,0.0019703125581145287,0
Q06738:Q0WPQ2,0.033363375812768936,0
Q9SSW0:Q9LFG4,0.04393929988145828,0
Q9LS71:Q9S745,0.001178386970423162,0
O23384:A0A1I9LQ53,0.0014180660946294665,0
Q9C969:Q8L705,0.00645847013220191,0
Q5MK24:F4J139,0.0009668341954238713,0
F4JBC7:Q9C6Z3,0.034339286386966705,0
Q9LTE4:A0A1P8BGI7,0.0010204474674537778,0
Q9SAF1:Q9SD80,0.012432164512574673,0
F4I4Q3:A0A1P8B4S5,0.0006591618875972927,0
F4I7Y6:Q9FHD1,0.038891833275556564,0
Q9LK89:Q8GY63,0.001429023570381105,0
Q9SJH6:P92523,0.0013303686864674091,0
F4KFD1:Q9FGW6,0.0030294570606201887,0
Q8S8P6:Q9LSS7,0.02877139113843441,0
Q9FDX6:Q9XID2,0.001043821102939546,0
A0A178VYP6:B3H635,0.0008565768948756158,0
Q8VZ73:Q8VWG7,0.007196372840553522,0
Q9LM92:Q8W494,0.42709770798683167,0
P59231:Q1G390,0.0008297939202748239,0
Q9C763:Q9LSI4,0.003016937291249633,0
Q9LXH7:F4I7Y9,0.0063130417838692665,0
P93755:Q9SK71,0.02482721023261547,0
A0A1I9LLL5:A0A178W3G2,0.0016355166444554925,0
B3H5I9:Q9M9C8,0.012033279053866863,0
A0A1P8AQP2:Q9LFL7,0.027591867372393608,0
Q6NLU6:F4J8D9,0.0008580035646446049,0
Q94AD1:Q9LUA3,0.007468634285032749,0
Q0WQF4:Q9FLU6,0.003660803660750389,0
Q9C926:Q9SJ73,0.004853298421949148,0
Q8L8C2:O65687,0.02667193114757538,0
Q4PSS8:Q8W207,0.021093172952532768,0
Q9FM91:F4K6C3,0.00308436993509531,0
Q9FF17:Q9C567,0.002334330230951309,0
F4I9V0:Q9SPI1,0.10318212956190109,0
Q8VXX4:Q9M7X9,0.055901046842336655,0
Q9M9Y4:O64760,0.07807327806949615,0
Q9CA40:Q9SZA2,0.0016611041501164436,0
Q8W4S5:Q9STG3,0.004374566953629255,0
Q9XIA0:Q9CA36,0.01110454834997654,0
Q8LE51:Q9ZU32,0.004146535415202379,0
Q2V4C3:Q570M0,0.0060114143416285515,0
Q9LP03:Q8VZN1,0.0013529073912650347,0
Q9CAA8:F4IFM3,0.003576959716156125,0
Q9LP80:Q9FNZ5,0.02268267050385475,0
Q9LZC3:B3H4E0,0.011960173957049847,0
Q9LZ08:O23262,0.0007886372623033822,0
O04350:Q67Y04,0.002831016667187214,0
F4IQ29:F4HWD5,0.01057157851755619,0
Q9CAD5:Q9M9E2,0.013708262704312801,0
Q940A2:Q9FH86,0.002196019282564521,0
Q9FKV1:B9DFS6,0.023900767788290977,0
F4IZ00:Q94JL3,0.001961767440661788,0
Q9ASQ2:Q52K84,0.0018983128247782588,0
Q8LFL5:F4IMA4,0.0008562601287849247,0
Q941B2:O64640,0.0018115707207471132,0
Q3ECR5:Q9LIA2,0.005259735509753227,0
F4KD49:Q9SGH5,0.0018277656054124236,0
Q8VYD9:B3H7J2,0.0025062409695237875,0
Q9LW77:O80366,0.012469078414142132,0
D3K0M2:Q8RWC8,0.026520872488617897,0
F4J917:B2GVM8,0.0014233533293008804,0
Q9M2N7:Q9SCK4,0.0007028096006251872,0
Q9XF04:O81445,0.002110137138515711,0
Q9FM73:Q9LM13,0.0007128060678951442,0
Q9LF70:Q2L6T1,0.0008174125105142593,0
Q8GWA7:Q9LS48,0.02347557805478573,0
Q9LMN5:Q9LP80,0.006932620890438557,0
Q8H103:Q94A33,0.05891426280140877,0
Q8L9S0:Q9LXR9,0.001941707800142467,0
F4I7W1:F4I350,0.0038705840706825256,0
Q84VW6:Q9LXL7,0.0011557372054085135,0
F4J1T5:Q58FT9,0.0008615644765086472,0
Q8H113:O64649,0.0017885420238599181,0
Q5PP39:Q9C9Z0,0.0028546114917844534,0
F4K9D7:A0A1P8BDN2,0.0015612029237672687,0
Q9FZ97:F4I9E1,0.000707397994119674,0
O64757:A0A1P8AM75,0.0010995258344337344,0
A0A1P8B531:O80884,0.0007232024217955768,0
A0A178UA35:A0A1P8BB23,0.002209009602665901,0
Q8LAA0:A0A384LJI7,0.09615772217512131,0
Q84TD6:Q84UU9,0.007307153195142746,0
Q8W3M3:P56778,0.0055008577182888985,0
Q2V397:Q8VZ65,0.00103884341660887,0
Q9C5J6:Q9XEC1,0.0023662883322685957,0
Q8H1F8:Q9MAA7,0.0018821265548467636,0
Q39237:F4JXC7,0.06909878551959991,0
Q9FUY2:A0A1I9LM80,0.0021121862810105085,0
Q17TI5:F4IFT7,0.0011169862700626254,0
Q9LYQ8:Q9ZQ78,0.014757625758647919,0
Q9FKP0:O81627,0.17169752717018127,0
O49436:Q9FN79,0.004875087644904852,0
B3H5W4:B3H7D8,0.0017867423593997955,0
B3H506:P49177,0.017125682905316353,0
O49668:P93284,0.0006222427473403513,0
P56801:Q8RX60,0.0021884485613554716,0
Q9FMR0:Q9SZV3,0.0030223012436181307,0
Q9FN35:Q9SYK1,0.012298199348151684,0
Q8RXT5:Q9SV63,0.006374369841068983,0
P92964:Q9LTX4,0.002510946011170745,0
Q9SI15:Q9LNE6,0.038214486092329025,0
Q8L6X8:Q8GW83,0.0005868774023838341,0
Q9M9C5:Q3ED93,0.00579607579857111,0
Q8H0V1:Q9T0B1,0.002676411299034953,0
B3H4V9:Q9M8M7,0.000617789279203862,0
O22798:B3H5S0,0.005659122951328754,0
F4I8F9:Q9FLS0,0.007525053806602955,0
F4K742:F4HVZ5,0.31027457118034363,0
P92535:Q8RXY1,0.20943713188171387,0
F4IP00:Q56Y42,0.0006765335565432906,0
A0A1P8ATQ1:A0A1I9LLX4,0.0007384737837128341,0
Q9SZN1:Q5MK24,0.005685695447027683,0
P54609:F4JC91,0.021943867206573486,0
Q8L5W8:B3H555,0.0020273574627935886,0
F4JXP4:Q9ZQZ9,0.0009256238117814064,0
F4I5I4:O64757,0.002136077731847763,0
Q38893:F4JM51,0.030221933498978615,0
Q9FIW6:Q5BPV4,0.0019574668258428574,0
A0A1P8B048:O49653,0.018412571400403976,0
A0A1P8B2D2:Q9C7G9,0.0007118356297723949,0
O65387:A0A178UA90,0.0008375807665288448,0
Q84JF5:Q8L6Z7,0.011644648388028145,0
Q39193:O80438,0.29805299639701843,0
Q3EC92:Q9LUD6,0.0018231042195111513,0
Q9SIC3:Q94JT5,0.0016375668346881866,0
Q6DYC0:Q9LUB4,0.0008468423038721085,0
Q9SZA2:Q3EDB7,0.0009492008830420673,0
Q9LVC3:Q56XR0,0.005303362384438515,0
Q6NLU2:Q8LDS4,0.014956026338040829,0
Q9T077:Q9FGB0,0.0010986261768266559,0
Q9FMC8:B3H6V9,0.002866626251488924,0
Q6IDA8:Q39023,0.07245656102895737,0
Q8H1R4:Q9M0G0,0.002975605195388198,0
Q8LEE9:Q9FZK5,0.0020704802591353655,0
Q9M7Z1:F4I9I6,0.0009077608701772988,0
Q9XFR5:O80608,0.007122774608433247,0
O82266:P19172,0.0013572883326560259,0
Q9LQF2:Q9FYE2,0.001518863718956709,0
Q00IB6:Q9FJ70,0.017552880570292473,0
F4IGH3:A0A1I9LT65,0.0024013109505176544,0
Q9SLH3:Q9SII1,0.005471884738653898,0
Q9M0W9:Q9LK55,0.0021706472616642714,0
Q9LVG8:Q9M038,0.0010488827247172594,0
Q948J9:P93755,0.0014403949026018381,0
Q9LYL9:Q39021,0.13875143229961395,0
Q7X659:Q8GXP1,0.5116094946861267,0
Q9STV4:Q9FNL4,0.11831808090209961,0
Q9M1F6:Q93ZR3,0.02051510289311409,0
Q9LKI5:Q00958,0.012381617911159992,0
Q9LFG1:Q94K88,0.0014274601126089692,0
A2RVQ5:Q84WM1,0.0010027241660282016,0
Q9C950:F4JV80,0.016607312485575676,0
O81025:O64482,0.0013831192627549171,0
Q67Y99:Q8GYT8,0.001256125164218247,0
Q7G8T1:Q9LS90,0.007814607582986355,0
Q9M875:Q39262,0.0013846080983057618,0
Q9C7G4:Q9LM58,0.09669128805398941,0
Q5BPR6:Q9FFA7,0.008485410362482071,0
F4IRZ1:Q8VYH0,0.0015656277537345886,0
F4IIE7:Q9FZ97,0.0005788160488009453,0
Q8LF20:Q9XFR5,0.11035183817148209,0
F4I6Q0:Q8LPH6,0.0015342741971835494,0
Q9SI57:A0A178VQ73,0.0008965514716692269,0
Q9FGT1:Q9ZW35,0.24125955998897552,0
A0A1P8B415:Q8VZ73,0.0011713671265169978,0
Q9C8Z9:Q9FUY2,0.0029277808498591185,0
Q9FJI2:A0A178UGU3,0.0012897843262180686,0
Q9LRR3:Q39024,0.0027410127222537994,0
Q9SUS3:Q9ZR37,0.10028503090143204,0
P0C899:Q9M1F6,0.007405581418424845,0
P83291:Q9FZI8,0.1624060720205307,0
Q1ECQ5:Q0WQM7,0.0013611334143206477,0
Q9SIJ3:P32068,0.0016020027687773108,0
Q38898:A0A1P8BFS0,0.0014522215351462364,0
Q8LBJ0:Q3EC43,0.0012871513608843088,0
Q9LY03:P59467,0.0022899059113115072,0
A0A1P8BHB4:Q5BPG8,0.001298226648941636,0
Q9M2C9:F4HTY0,0.022793138399720192,0
Q9FGF6:A8MRM4,0.004924124106764793,0
P35632:P92937,0.10492356866598129,0
Q9M1Z3:Q9SJZ6,0.038577113300561905,0
Q9SAD9:A0A1I9LLL5,0.0031593700405210257,0
Q1G3B3:P93300,0.0007403764175251126,0
F4J5F9:O23684,0.00076761917443946,0
Q9FJS3:Q9FJ95,0.001710738055408001,0
Q9FKU2:Q3E9D5,0.0010387514485046268,0
Q9FDX9:O49518,0.001847964944317937,0
Q0V845:Q9FN33,0.017355233430862427,0
Q8S8G6:Q9ZVM3,0.03404006361961365,0
Q9LVV3:A0A1P8AXS6,0.0018453324446454644,0
Q6NKN2:Q8GXY9,0.0011793350568041205,0
Q39230:Q9M1V3,0.021835310384631157,0
F4JNB3:Q9M8L4,0.0008585996110923588,0
Q9M9C8:O81836,0.00435304781422019,0
Q9FI46:Q9M7Z1,0.0033285224344581366,0
F4IZ03:F4JUA6,0.0008966773748397827,0
Q9C8M9:F4IWK7,0.006529759615659714,0
Q9FW50:Q9LF66,0.0009144828072749078,0
Q9LNE6:A4FVP6,0.020655665546655655,0
A0A178UA90:Q84JN2,0.009123648516833782,0
F4K1B1:Q9C9A2,0.005222716368734837,0
Q0WL44:Q9C6I7,0.0014824168756604195,0
A0A1R7T3I9:Q9FIX3,0.0010838656453415751,0
Q3EDK7:O49292,0.0025629785377532244,0
A0A1P8B2N5:F4I7W1,0.0008984915912151337,0
Q9CAW4:F4J379,0.0017837468767538667,0
Q8LG95:O80624,0.00453632278367877,0
B3H4R7:A0A178VU28,0.0056598191149532795,0
A0A1P8AYX9:Q8H0W0,0.0009745106217451394,0
Q9LV52:Q9LUI0,0.01770586520433426,0
Q9FHY1:Q9M591,0.002327479189261794,0
Q9LZP9:F4IG63,0.008537085726857185,0
Q9FIZ1:Q0WQG8,0.0718078538775444,0
Q9FHA2:F4JG98,0.007188104093074799,0
Q9LUB4:Q0WPG1,0.0007717269472777843,0
Q8VY08:Q66GN9,0.09696082025766373,0
Q8GXT3:Q9CAN3,0.09264230728149414,0
Q8GX93:Q9S9X6,0.0018053286476060748,0
Q9LE56:A0A1P8AYX9,0.0008977936813607812,0
F4J7V3:Q9LQF2,0.001787459710612893,0
Q56YY9:Q3EBP7,0.0015690373256802559,0
Q9M358:Q9SY75,0.009933896362781525,0
A0A1P8B2C8:Q42381,0.0065510692074894905,0
Q9FF69:Q39140,0.0016550973523408175,0
Q84RE5:Q0WR81,0.003396272659301758,0
Q9SI75:Q9FM91,0.015796879306435585,0
O65687:A0A1P8AWW1,0.001149465562775731,0
Q9LPE9:O81051,0.0011390902800485492,0
Q56WD9:B3H7D1,0.0047345953062176704,0
F4KDK1:A0A1P8AXS6,0.004388071596622467,0
Q9ASQ2:F4HTE0,0.008472885005176067,0
Q8VYC9:Q9SPE5,0.05760392174124718,0
Q8S8N4:Q9STY2,0.001090239966288209,0
Q9LJ72:Q949N7,0.0017984219593927264,0
Q9LFM4:Q9SG92,0.07050011307001114,0
Q9LDE2:O82812,0.0016016662120819092,0
F4JCN4:F4J631,0.0009375956142321229,0
Q9SRX7:Q9CAL1,0.0032190431375056505,0
F4K6N3:O22783,0.003892466425895691,0
Q9CAL3:Q7Y220,0.0035431236028671265,0
F4JR37:Q9LFD5,0.008028320968151093,0
Q940A6:Q9LD83,0.0009266342967748642,0
Q8H1F6:Q94C26,0.0009028358617797494,0
Q9FYL3:A0A1P8B2J0,0.0011831237934529781,0
Q9FE67:Q9SVX5,0.5033606886863708,0
Q8L8C2:P46014,0.0018416623352095485,0
Q9LF68:O64517,0.0029893540777266026,0
Q9LX31:O22182,0.002422058256343007,0
Q4PSS8:P21238,0.0038031123112887144,0
F4K383:Q9LJN0,0.0010117400670424104,0
Q8GY60:P82795,0.0008829524158500135,0
F4KDS0:O49484,0.014878136105835438,0
F4IY04:Q9SKB2,0.0016477684257552028,0
Q8GXV6:Q8S8Q0,0.0009673951426520944,0
Q84LH8:Q8LBZ4,0.0076825120486319065,0
Q9ZVB6:A0A1P8B5H9,0.0006598979234695435,0
Q5XVK9:A0A1P8AMV0,0.0055899424478411674,0
F4KI29:Q9T0B1,0.007596378214657307,0
B3H555:Q9MA39,0.01886502467095852,0
F4HPL1:Q9ASV6,0.0008603275055065751,0
Q9ZPR0:Q8LGE0,0.013141182251274586,0
Q9C569:Q682G3,0.02665727213025093,0
A0A1P8AR64:A0A1P8ANL4,0.0007029466214589775,0
Q9SGR2:P93822,0.003036723006516695,0
Q9S9T8:Q8GY46,0.03182706981897354,0
F2Q9V5:O64560,0.0011839212384074926,0
Q9LYD3:A0A178UN96,0.0013517785118892789,0
Q8GYT4:Q0WPQ2,0.0025483642239123583,0
A0A1P8B3M4:P22953,0.19553421437740326,0
B4F7R9:Q9LRR3,0.0019183587282896042,0
Q9LR74:Q8L8C2,0.002303662244230509,0
Q56YG0:Q9SFG3,0.0009850043570622802,0
Q8GXB7:Q9SJ20,0.12274270504713058,0
F4I458:Q9M995,0.0031755033414810896,0
Q9ZRA2:Q9M338,0.05643973872065544,0
F4I7E0:Q8VZB2,0.001017411588691175,0
Q9LEZ3:Q9LTB9,0.003910971339792013,0
Q9SKT0:Q9LW59,0.02668101154267788,0
F4IZC5:F4KCL7,0.00820903666317463,0
Q9SK09:Q9LE02,0.0017309662653133273,0
P42776:Q8VWK4,0.347042977809906,0
Q9M190:Q9M0C2,0.0012239697389304638,0
Q9SIN9:O23077,0.0016437469748780131,0
O23177:Q8LE26,0.0006552105187438428,0
Q9C683:F4JZA0,0.0018172480631619692,0
F4IB55:F4IT95,0.002008558250963688,0
Q1PE51:O64866,0.006989409681409597,0
Q3EBI7:B3H4V9,0.0007704325253143907,0
Q9LXK2:F4JCI4,0.0009561410988681018,0
A0A1P8BH56:Q9LHH3,0.001698894426226616,0
Q6NQM0:A0A1I9LQL9,0.0007581241661682725,0
Q9SUD8:A0A1P8BG62,0.0007972537423484027,0
A0A1P8BHB4:Q9SLH3,0.010935226455330849,0
Q9LH43:B3H5D1,0.0020889395382255316,0
Q8L6Z7:Q9S7H1,0.0724262148141861,0
Q2V3Y5:Q9LV88,0.0009243913227692246,0
B3H7D1:Q9FM73,0.0008840466034598649,0
Q9FW50:O49586,0.0009914286201819777,0
Q9LRJ4:Q9S7X6,0.0036879777908325195,0
C5H8J1:A0A1P8AN89,0.002486549085006118,0
Q9XEC1:Q9FGY9,0.01803399622440338,0
Q9FG23:F4IEX1,0.0018567917868494987,0
Q9SNB8:Q2PGG3,0.005313842091709375,0
Q9SJZ6:Q8L936,0.004153090063482523,0
A0A178V0E5:F4KIL1,0.0009045977494679391,0
Q8GY84:A0A1I9LNH2,0.005227388348430395,0
Q9FMS0:B3H6V9,0.0017235104460269213,0
Q39054:Q93VB2,0.0035300746094435453,0
Q9LM58:Q9LZW4,0.06599525362253189,0
P92937:Q9SF37,0.30160608887672424,0
F4IIL3:Q5S4W1,0.002253176411613822,0
F4JYE9:O82162,0.029663607478141785,0
Q9LF70:Q9LNT9,0.015951113775372505,0
Q9SJN2:Q8VYF9,0.015544506721198559,0
A0A1P8B9Z0:Q9FV71,0.0027767138089984655,0
Q8L7W2:Q0WSU0,0.005147040821611881,0
Q9SPG1:A0A1P8B531,0.0007915349560789764,0
O80396:B3H432,0.0009866104228422046,0
Q9SSS0:Q94CB5,0.001884622499346733,0
Q94CC1:Q9FXE2,0.0064344764687120914,0
Q0V7V2:Q9LFK7,0.0010819276794791222,0
Q8LCN5:F4ITP1,0.0017474305350333452,0
Q9SCZ5:A0A1P8B188,0.011720404028892517,0
Q9SH31:Q9FGW6,0.0008002372342161834,0
Q9M876:Q08733,0.0021951363887637854,0
A0A1P8B8B4:Q9SV06,0.07352771610021591,0
P0DKI6:Q8LGG0,0.15941062569618225,0
F4JJF6:Q9SRS6,0.0045865438878536224,0
Q9C763:Q9SYP2,0.001983754336833954,0
Q3EDB7:F4IZC5,0.0011937919771298766,0
Q8LAW2:Q8L7G1,0.04174245148897171,0
Q9M9C8:B9DFS6,0.0084236990660429,0
Q9SK49:Q9ZU35,0.001494028721936047,0
Q9LTX4:Q949U5,0.07902302592992783,0
Q9LSI4:Q9M128,0.1823081374168396,0
Q9STH7:Q9ZVB6,0.02405167929828167,0
Q9FZ06:P94111,0.0013272668002173305,0
F4IBY8:Q9SLA6,0.015725791454315186,0
Q9SK69:Q9SSS6,0.004128691740334034,0
Q9LEU5:P33077,0.02697460725903511,0
Q9T034:Q9LRM4,0.0014537506503984332,0
F4I4Q3:Q9SU67,0.002765494165942073,0
Q9C9H0:Q9FIX3,0.0011629381915554404,0
Q9SUR9:Q9C6C7,0.003421513130888343,0
O22182:Q9SRS1,0.00296510336920619,0
O81315:Q6NL24,0.000990036758594215,0
Q9M169:F4KGE8,0.0012313849292695522,0
Q9SCP4:Q9FZ97,0.0014833426102995872,0
F4HSA3:Q9C932,0.004357222467660904,0
Q9FG97:F4JQS2,0.0008055606740526855,0
Q9M811:F4KHE3,0.0031868733931332827,0
O80958:Q8GWP1,0.02912386693060398,0
Q3EC23:Q9C8Z9,0.0007938832277432084,0
B3H4Z7:Q9FKN0,0.002624067012220621,0
Q6DBD5:O81047,0.008547377772629261,0
Q9FFK1:Q8GXP1,0.7886006236076355,0
Q9LIA2:Q9XI57,0.0018714083125814795,0
Q9S9U2:Q3EAQ8,0.0013734821695834398,0
O48719:Q8L604,0.0017774341395124793,0
Q500W8:Q940P8,0.4277687072753906,0
Q8GUN5:Q5PP39,0.0024090749211609364,0
A0A1I9LNH8:O04254,0.0006619152845814824,0
Q9M7Z1:O82248,0.00322086364030838,0
Q67Y99:Q9LZ47,0.0027217098977416754,0
A0A1P8BF06:F4K1B1,0.0007291724323295057,0
Q9SZN7:Q8GXF0,0.0060986485332250595,0
Q56XV8:F4IXT2,0.06219444423913956,0
F4IJ77:Q9LTX4,0.015509994700551033,0
Q9SZF7:Q9LV95,0.0020626129116863012,0
Q9STX2:Q39010,0.03981762006878853,0
O80624:O48713,0.006260195281356573,0
F4K739:Q9LE56,0.0020521299447864294,0
Q0V7X4:Q9LK89,0.0030794793274253607,0
Q38898:A8MQL5,0.0008756552706472576,0
Q93ZI5:A0A1I9LN10,0.0007480050553567708,0
Q9XHZ8:A0A1R7T3I3,0.0267872903496027,0
Q42479:O48852,0.00446798512712121,0
Q9LS61:Q84TK4,0.0006030046497471631,0
Q7XBQ8:Q9C703,0.006669773254543543,0
Q8GXH5:F4IJF2,0.000648339104373008,0
Q9LYF4:F4IUB8,0.0010910442797467113,0
Q9LNC9:Q9ZQA3,0.0009586846572346985,0
F4JXC7:F4J328,0.001567594357766211,0
Q948J9:Q94AQ8,0.0027235031593590975,0
Q9M8L3:Q3EC92,0.0032034353353083134,0
Q570Y0:F4HYC8,0.0007082604570314288,0
Q9SKA2:Q681K7,0.07305233925580978,0
Q9LM78:Q9FK47,0.003481268184259534,0
Q9C572:A0A178VQ59,0.0010567281860858202,0
Q8RXU6:Q93VH6,0.00762499263510108,0
O49627:Q8S9M4,0.042375773191452026,0
F4IIE7:A0A1I9LRZ5,0.0005912957130931318,0
Q38824:Q5YDB6,0.010633348487317562,0
Q9SI63:A0A1R7T3I9,0.000976638519205153,0
A0A1P8BAT6:Q8GXV6,0.0008076140657067299,0
Q9C9W9:Q9FDW0,0.052230026572942734,0
Q9CA40:F4JAZ8,0.0042451717890799046,0
Q1G3Z3:Q3EC23,0.0006902629393152893,0
Q8GZ43:A0A1P8AUY5,0.0006527907098643482,0
Q8LPH6:Q8S8H2,0.0006797727546654642,0
Q9FX76:Q9STP8,0.010589341633021832,0
Q9LK19:F4I4Q3,0.0009448250639252365,0
F4HPM6:F4JYE9,0.001904727192595601,0
P92561:Q9LZI7,0.0006449221400544047,0
Q9M1X5:Q9LRN8,0.004308756440877914,0
Q8VY62:Q8VY77,0.0015140126924961805,0
Q9SUC5:Q8GXB7,0.11029364168643951,0
Q9FX58:Q9LEZ3,0.0019271265482529998,0
Q8S8Q0:F4JNI7,0.0006931562093086541,0
A0A2H1ZEC0:Q9LVW2,0.019438104704022408,0
Q9MA50:Q7X6Y7,0.0037498220335692167,0
Q8GWF2:Q9FZ99,0.009482795372605324,0
Q9LZA7:Q9LPE9,0.0013441743794828653,0
Q9STE8:Q9M0H9,0.0022459733299911022,0
F4KCU5:Q8GY88,0.002540756016969681,0
Q9LUJ5:F4I9I5,0.0006754106725566089,0
F4JHF7:Q2V3K1,0.0007813919219188392,0
Q9SKW7:Q6NMD4,0.006528028752654791,0
Q9LV43:A0A1I9LSM5,0.0010043279035016894,0
Q8GWC9:O04017,0.0016777152195572853,0
Q3EDD5:Q8LBB7,0.0010738450801,0
A0A1P8B6C9:Q9FMS0,0.0014995288802310824,0
Q9S9X6:Q9LT09,0.003038964234292507,0
Q9SV06:Q9LV52,0.08802657574415207,0
O81864:Q9FJ10,0.0011458474909886718,0
Q9C7K7:Q8LPI7,0.006503186654299498,0
Q9S7U7:Q39083,0.0014990082709118724,0
Q9ZUE1:A0A178WNP1,0.0006712232134304941,0
A0A1P8BG62:Q9LXV1,0.0006403113366104662,0
P92523:Q9LW29,0.0037925459910184145,0
Q6DYD0:Q9LDF5,0.004675257485359907,0
Q9STK5:Q9LP37,0.23370078206062317,0
Q9SHZ9:O82533,0.0029917783103883266,0
Q9LIL5:Q84WL4,0.002167964354157448,0
Q9FYC3:Q6NQJ6,0.0020624601747840643,0
Q8RX36:A0A1P8B6C9,0.0008261617622338235,0
Q94FT2:B3H4E1,0.0008176492410711944,0
A0A178WNP1:Q1G379,0.0010070311836898327,0
Q9SJ47:Q9C892,0.0006577447056770325,0
Q0WRE7:P27323,0.011887850239872932,0
Q9ZUK9:Q9FF72,0.0007522085797972977,0
P93283:Q9M8M1,0.0006035703117959201,0
P0DH85:O49292,0.0023019067011773586,0
Q9FXA9:P0CG07,0.001439346233382821,0
Q93VT9:Q9SYH1,0.004246193449944258,0
Q71N54:F4KI29,0.009596364572644234,0
F4JPQ4:Q1H5B1,0.0012013019295409322,0
Q3EC62:F4HQX1,0.0006069258670322597,0
P0DKG4:F4J7G5,0.00309632602147758,0
Q42512:F4J2T9,0.03898369148373604,0
Q2V397:Q9LU05,0.0012447976041585207,0
Q9M670:Q39103,0.005663766525685787,0
Q9LYQ8:Q93V43,0.01710757426917553,0
B3H721:A0A1I9LT67,0.0007615663926117122,0
Q9SD80:Q9C7N3,0.006734923925250769,0
F4JVF4:F4JTE7,0.0010004000505432487,0
F4HWL4:Q9ZQC8,0.001884442986920476,0
Q9SCT7:A0A1P8B9R8,0.009394395165145397,0
P32068:Q8GW83,0.0007315808907151222,0
F4I7Y6:Q9FH32,0.020336035639047623,0
Q8GWP4:Q0WMN5,0.0033338770736008883,0
Q6E2A4:Q9FE67,0.04307686910033226,0
Q8GYL4:D5K228,0.0016018751775845885,0
Q8LGU6:P82773,0.0014786593383178115,0
Q9LMT2:Q1G3M2,0.0022868849337100983,0
Q9LY82:Q05466,0.0014329523546621203,0
O49553:Q9C5X8,0.020935410633683205,0
Q9LZP9:Q9LUB4,0.0006479350849986076,0
Q8GYP4:Q9LN01,0.0012889219215139747,0
Q8H7F6:F4JVB8,0.006783671677112579,0
Q9FTA3:Q9M349,0.0015248875133693218,0
A8MS81:O24606,0.0019727847538888454,0
Q9FXA3:F4KG91,0.002253770362585783,0
Q9LYE2:Q9LJ72,0.02293264865875244,0
P82735:Q8H1G0,0.0008984379819594324,0
Q1G322:O65628,0.004177187569439411,0
Q9LYC9:Q9SKH8,0.0008476352668367326,0
F4I9U3:Q84LH8,0.002117545111104846,0
Q0WRX7:Q9LEU5,0.0014278271701186895,0
Q9SCK5:Q1G3Q9,0.0025534038431942463,0
Q9C778:Q9FYF9,0.004729331471025944,0
Q8LAA0:P32746,0.003823640290647745,0
Q93WE4:A6QR85,0.015108400955796242,0
A2RVN2:O81821,0.022035984322428703,0
O23683:Q0WVW7,0.001830465393140912,0
Q8L925:Q8GXW1,0.007773955352604389,0
Q9M0X8:Q9C875,0.0015687095001339912,0
B3H711:Q9LFI4,0.0007268156623467803,0
Q96329:Q39262,0.001328595564700663,0
Q9LUK1:Q9CA36,0.05697643756866455,0
Q0WWE3:O64733,0.024623563513159752,0
Q9FME3:Q84RK2,0.0018555697752162814,0
F4IVN9:F4HYA7,0.0008003357797861099,0
Q9FIX5:Q8L5Z0,0.01630166731774807,0
Q8LBB7:Q5Q0C3,0.0018748593283817172,0
Q39023:Q9LP80,0.1689349263906479,0
Q8LFK2:Q9SZN1,0.029233116656541824,0
Q8LCH5:A0A1P8BCA0,0.28977686166763306,0
Q8LG56:Q9ZUE9,0.042894426733255386,0
O80480:Q9FJ67,0.002366940723732114,0
O65924:Q38822,0.00939873792231083,0
A0A1P8AP43:Q3EC43,0.0008181497687473893,0
Q9LK79:F4IYB7,0.0007904136436991394,0
F4IJR9:Q9M875,0.0010320782894268632,0
F4IK97:P62090,0.054585304111242294,0
A0A1I9LLN7:O82302,0.0012996572768315673,0
Q8H1G0:Q94BZ7,0.014507027342915535,0
Q9SZK4:A4IJ41,0.06681475043296814,0
Q9FI44:F4JUM8,0.0018082017777487636,0
Q8GXT3:F4J412,0.0020968453027307987,0
A8MQ92:Q9SYK0,0.0013276600511744618,0
D2WL32:A0A1P8AXI7,0.0016805854393169284,0
Q9FYF8:B9DF92,0.0032476955093443394,0
Q9FJ49:Q9SGI7,0.0013473060680553317,0
F4J480:Q9C580,0.0015757348155602813,0
P0CAY4:Q04613,0.0007991736638359725,0
A0A1I9LTE5:Q9SN61,0.01866128481924534,0
A0A1P8BDE8:F4HS08,0.0012785736471414566,0
O80943:Q9LV43,0.0017467644065618515,0
Q1G3V9:Q9T0A4,0.0007797446451149881,0
Q9S826:A0A1P8B830,0.0010450974805280566,0
Q8GW43:Q8S8G6,0.011248252354562283,0
F4J311:Q1G3U1,0.0006769404863007367,0
Q9STG3:Q9MAP3,0.0012565419310703874,0
F4J1T4:Q9FZ06,0.005940485745668411,0
F4HQ84:A2RVJ6,0.001483488129451871,0
Q9FL02:Q3EDD5,0.0013377442955970764,0
Q8GZA4:A0A1P8B7F5,0.03882000967860222,0
Q8W234:Q8GZA4,0.0027058515697717667,0
Q9ZU97:Q9SD25,0.011471763253211975,0
O04204:A0JQ78,0.24722246825695038,0
F4KAV2:Q9ZUV6,0.003906428813934326,0
Q1PE70:Q9LTJ0,0.0037709565367549658,0
Q94K21:A0A1I9LT34,0.0006218072958290577,0
F4I3E6:A0A1P8BAT6,0.003466780995950103,0
P22953:A0A1P8BBB8,0.0017771192360669374,0
A8MQN4:Q6NME7,0.002485521137714386,0
Q9SJY3:Q84JF5,0.0008454981143586338,0
Q9LTD4:Q9SHL7,0.013146437704563141,0
O23384:Q9XFR5,0.0009382141870446503,0
Q9LQ12:Q8RY81,0.009380761533975601,0
B3H4L2:O65680,0.014895481057465076,0
Q9CA46:F4IV34,0.0022200793027877808,0
Q9FGF6:Q9C6Z4,0.0010107331909239292,0
Q9FUR2:F4JKZ9,0.004104232881218195,0
A0A1P8BBA6:Q3ECY3,0.000730820931494236,0
Q9LZW4:Q7X659,0.4062775671482086,0
Q949U5:F4I9E1,0.0019599602092057467,0
Q5PNU3:Q9FYL8,0.004579181782901287,0
Q9LM14:P29381,0.002129551023244858,0
Q9LN01:Q9FGD6,0.003735827747732401,0
Q9CA92:Q9SVG9,0.004847048316150904,0
Q9FMX2:Q9AR07,0.001370016485452652,0
Q941L2:F4HV48,0.0013478583423420787,0
Q5XUX8:Q9ZUB5,0.001446410664357245,0
F4HWF9:Q9SKH1,0.0008316297316923738,0
Q39162:Q9CA16,0.0012083541369065642,0
P28185:F4JC91,0.004777079913765192,0
Q9M8L4:Q94AQ4,0.0007753589889034629,0
Q66GP9:P82778,0.0006990904803387821,0
F4K1C7:A0A1P8AYB0,0.01889270544052124,0
Q8GWE6:Q9XIP7,0.007820059545338154,0
Q9SYG4:Q9LN16,0.019721319898962975,0
Q0WR81:Q9SGR2,0.0018314255867153406,0
A0A1P8B531:F4J480,0.0007832559058442712,0
Q9FMR0:Q6NPF4,0.0019024553475901484,0
Q9FKA0:Q93ZN5,0.004539158195257187,0
A0A1P8AZP7:P93755,0.003450472606346011,0
Q8L8L9:O49420,0.0019737014081329107,0
Q9C717:Q9LKI5,0.0015066004125401378,0
Q8LEP7:Q8H1R4,0.002517704851925373,0
B3H5W4:B3H6X1,0.000753307540435344,0
Q9SRQ3:O81323,0.01595677062869072,0
Q9M8W9:Q2V4J2,0.0011528339236974716,0
A0A1P8BCC2:Q5E911,0.008761649020016193,0
Q8VYD9:Q9C8L4,0.0035304054617881775,0
Q84JE8:Q9XI36,0.08683212101459503,0
A0A384LJI7:Q9SWI1,0.0024341889657080173,0
Q8H0W0:Q8RX60,0.0024338781367987394,0
P09468:Q9FHL9,0.3945111930370331,0
Q5W9E7:Q9LQP3,0.001508994959294796,0
Q0WQQ1:Q9SHY1,0.002691936446353793,0
F4J1R8:Q7PC79,0.001319031580351293,0
O49436:Q8W4C1,0.02951914444565773,0
A0A1I9LT34:Q8W4C3,0.0007635380607098341,0
P43288:F4IA60,0.05002007633447647,0
O49397:Q6DUW6,0.0010075320024043322,0
Q8RXG5:Q9FMX2,0.0010619802633300424,0
F4JWQ4:Q5BPV4,0.028793437406420708,0
A0A1P8B3Y4:Q1G3U3,0.0007719122222624719,0
Q9LJF5:Q9FJ82,0.024860594421625137,0
A0A1I9LN10:Q8GW63,0.0017577225808054209,0
Q9ZV87:Q9LY82,0.08572673052549362,0
Q8LPR9:Q9FG97,0.0036717623006552458,0
Q9LYH4:Q9C507,0.0010218893876299262,0
F4JRF6:Q94F04,0.011006740853190422,0
Q1G363:Q93ZN4,0.0039544361643493176,0
Q9ZVT0:F4HU58,0.0019376773852854967,0
O64837:Q2V3J1,0.0010822071926668286,0
F4I431:Q9FF62,0.001007719780318439,0
Q1G3F1:F4HT02,0.0007019569166004658,0
Q38833:Q3E870,0.03528245911002159,0
P92534:Q8GY06,0.0009354897192679346,0
Q9FHK4:Q9C8D1,0.002870253985747695,0
Q9XFB0:Q9FKQ9,0.0020409654825925827,0
A0A1P8AXS6:F4HYC5,0.000851040065754205,0
Q8W4L5:Q9ZU32,0.010642576031386852,0
Q9FN84:Q9SIJ3,0.0015820252010598779,0
Q570M0:A0A1I9LMG4,0.0007914085290394723,0
Q9LXW1:Q944K3,0.012803039513528347,0
Q0WQM7:Q9LSS7,0.0069605521857738495,0
O48713:Q9LUK1,0.058436233550310135,0
Q8W420:A0A1P8BHB4,0.0011347298277541995,0
O22164:F4J320,0.0007712215301580727,0
Q9ATB4:Q9ZQI9,0.0332183912396431,0
Q9FNY4:Q8GYJ3,0.19210194051265717,0
Q7XJJ7:Q9ZPY1,0.016982918605208397,0
F4KHE3:A0A1P8AQK1,0.0019010909600183368,0
Q0WPR6:Q9ZR12,0.007921390235424042,0
Q9SMP0:O65387,0.001813331851735711,0
Q9FGP9:A0A1P8B502,0.0014399513602256775,0
F4JHJ3:Q6DBD5,0.0007752868696115911,0
P0C2G1:Q8LAA7,0.0014716185396537185,0
Q9ZQP1:Q8GY13,0.006163372192531824,0
Q9SU34:Q9FGW7,0.0013411453692242503,0
A0A1P8B2J0:Q9SIW1,0.002328453352674842,0
F4I8C2:Q8RY65,0.0036047480534762144,0
O49715:Q9FIV5,0.026522336527705193,0
Q94F39:Q8H0Z9,0.09802881628274918,0
Q5HZ03:O81916,0.007998252287507057,0
Q0WNZ8:F4KD71,0.0009428164339624345,0
Q9SX99:Q9SZ58,0.0009474342805333436,0
Q8H112:Q8S9K3,0.0018674705643206835,0
P29517:Q9ZUM9,0.01450080331414938,0
Q9XID1:F4IIE7,0.000555979204364121,0
O65665:Q9S9P1,0.00518484553322196,0
Q9LK89:O49383,0.0026023448444902897,0
O80535:Q56XJ7,0.0007566897547803819,0
P0CG07:O80568,0.0007903302903287113,0
Q58FT9:B7ZWR6,0.01639140211045742,0
Q9LXU6:Q3ECU8,0.0008151715737767518,0
Q3C1C7:Q9LU28,0.0007283675367943943,0
Q8RWB1:Q9ZW36,0.5912589430809021,0
A0MFS5:O04643,0.0011526277521625161,0
B3H4F7:Q0PCS3,0.0008090686169452965,0
F4JZH9:Q9S763,0.08934280276298523,0
A0A1P8B453:Q56WD9,0.001532212132588029,0
Q9LP80:A0A1P8BAW7,0.002266540890559554,0
Q5HZ54:Q0WNX3,0.1920613795518875,0
Q9M0I1:O23278,0.0026932936161756516,0
F4J5G5:A0A1P8AUL6,0.0008025282877497375,0
F4I386:Q9LSK8,0.0016954158199951053,0
Q9LV56:Q8L925,0.0009545531356707215,0
F4HQX1:Q9XI46,0.007020958699285984,0
B3H5A4:Q8GXT3,0.007662771735340357,0
Q9SVH7:F4JRF6,0.04068097844719887,0
O81127:B3H7D8,0.2804977595806122,0
Q9C843:Q9M8Z7,0.008635342121124268,0
Q39266:Q9M9Q6,0.00226220628246665,0
Q6NPF4:F4K725,0.23248569667339325,0
Q6NKS4:A0A1P8B7R0,0.0007949412101879716,0
F4J921:Q9LF97,0.0017533500213176012,0
A0A1P8B7F5:Q84K72,0.03847536817193031,0
Q9LXA8:Q9LTS8,0.0021393452771008015,0
Q9FFF1:Q9LT48,0.010571305640041828,0
Q9FPQ8:Q9C664,0.004421931691467762,0
Q9FDX9:Q9LVA2,0.003546951338648796,0
F4K719:Q9FW50,0.0007922814111225307,0
Q3E9I4:Q9M190,0.011398191563785076,0
Q9SGI7:F4HZH7,0.0052284314297139645,0
Q38957:Q949R9,0.0015880592400208116,0
Q940H5:F4HU51,0.0008336659520864487,0
Q9T0B1:Q9XGZ2,0.001429994241334498,0
O22908:Q9FME0,0.002781833289191127,0
Q9FKB0:P93046,0.0030322407837957144,0
Q9C640:Q9LX56,0.004987806547433138,0
Q9LHL7:F4IQY1,0.0015665547689422965,0
F4HZ96:A8MQ92,0.001548416679725051,0
Q9FG51:Q9C6K3,0.03288364037871361,0
Q1H5E9:Q9LS48,0.029126590117812157,0
Q3E8Z8:B3H4L2,0.002791960258036852,0
Q8LE26:Q9C926,0.0012949489755555987,0
C0Z2L5:Q39162,0.42591333389282227,0
Q9CAK6:Q9SZ42,0.0029551053885370493,0
Q9SV96:Q9M907,0.8750787973403931,0
Q67XT7:Q93YN4,0.0016933263977989554,0
Q9LZP8:F4KEP6,0.06472326815128326,0
Q9SGH5:Q2V3Z5,0.001974700717255473,0
Q9FRR8:O04211,0.003990636672824621,0
Q84WL4:Q9LS01,0.0013824821216985583,0
Q9AR07:Q8LEP7,0.001152023090980947,0
Q9LEW7:Q38850,0.015816593542695045,0
Q9FZI8:F4J917,0.0009099716553464532,0
A0A178VQ59:Q9C567,0.0027874987572431564,0
Q9LF46:F4JXW9,0.213595911860466,0
F4IP00:F4J7V3,0.0006928738439455628,0
Q93ZE3:Q8L7R2,0.003595316782593727,0
Q9FJ55:A0A1P8AXA3,0.0016394973499700427,0
O23278:F4K719,0.002246314426884055,0
Q9M9U2:Q1PFW4,0.0006799313123337924,0
F4HVS6:Q9FKM4,0.005568147171288729,0
A0A1P8AWH6:Q9M7T0,0.0007359766750596464,0
Q9LVD3:F4J5D3,0.04024147614836693,0
Q9M0D8:B3H6I2,0.0007269137422554195,0
Q8LG89:Q9M026,0.0014248582301661372,0
Q8GW83:Q9C717,0.0005812518647871912,0
F4HYA7:Q9SV55,0.03232042118906975,0
F4HS78:F4K383,0.007485100068151951,0
Q9M349:A0A1P8AP43,0.011024716310203075,0
Q8RWM7:F4I458,0.004075625445693731,0
O64640:O80535,0.0009930662345141172,0
F4JKW0:Q8GX93,0.05126635357737541,0
B9DHT4:P59467,0.0026600887067615986,0
Q9M367:Q39147,0.004724828992038965,0
P82795:A0A1P8BGB6,0.0006722132093273103,0
Q9ASV6:Q9XHZ8,0.005419635213911533,0
Q9FLM1:Q9ZWS9,0.04894812032580376,0
Q9M338:Q9MA50,0.013173885643482208,0
Q1G3U1:Q8GYL7,0.0007723724702373147,0
Q9C6Z4:Q9SJM3,0.0013259615516290069,0
Q9C926:Q2V346,0.0006053301622159779,0
Q8VYI6:Q9M2Q2,0.0006055292906239629,0
Q39021:Q94AH2,0.6451436281204224,0
A0A1R7T3C3:F4IQK5,0.0008721070480532944,0
A0A1P8BAW7:A0A1I9LSB3,0.0005820106598548591,0
P34791:F4ISV4,0.0053910561837255955,0
Q9M3F7:B3H5T1,0.009215835481882095,0
A0A1P8AW76:Q9SSC6,0.025234563276171684,0
Q0PCS3:Q94FT2,0.003621656447649002,0
Q9S9T4:Q9C8L8,0.0018371694022789598,0
O49195:F4HPL1,0.0008053056080825627,0
Q9LN63:Q9LM46,0.31430792808532715,0
Q42384:Q9FGR7,0.07480575144290924,0
Q9SKH8:Q8RWG0,0.0007030736887827516,0
Q9T0K3:Q9SKU6,0.00251008034683764,0
A0A178UXI0:Q8RXH2,0.0541590116918087,0
Q9LTH4:Q5HZ48,0.001637175097130239,0
Q9FL56:F4K6X0,0.006198012735694647,0
Q9SU67:Q9LTC3,0.011007281951606274,0
Q9SKU6:Q84JV2,0.0010988869471475482,0
Q8L6X8:O49711,0.006236572749912739,0
Q9LU00:B3H7A6,0.0011199876898899674,0
Q9C6V3:Q8LG95,0.007949977181851864,0
F4ISQ7:F4JDL5,0.002245479030534625,0
Q9LW63:A0A1P8B0Q4,0.0009504551417194307,0
Q33884:Q9LFV5,0.0006902787717990577,0
A0A1P8BA81:F4JUF8,0.002974966773763299,0
F4K1B1:Q9CA93,0.0011100833071395755,0
F4KHM4:Q9LFG4,0.003848745720461011,0
Q8L908:Q9LXS2,0.0007857432938180864,0
Q9SUW4:Q8LBA6,0.4458234906196594,0
Q6DYE3:Q9LSZ8,0.008728203363716602,0
Q9LZR4:F4HVJ3,0.004272310063242912,0
A0A178WK49:Q9SZI2,0.01276690699160099,0
F4KIT4:Q9LXU6,0.0007986258715391159,0
Q9FMV7:A0A1I9LQA9,0.0006182601791806519,0
Q94BZ5:Q9LK61,0.0026258807629346848,0
Q8GW63:B3H4E0,0.02117745205760002,0
A0A1P8B2D2:Q1EBV4,0.00061886350158602,0
Q8S8H2:B3H4L6,0.0006192714208737016,0
Q7X6Y7:Q8RWB1,0.0905701294541359,0
O04005:A0A1P8AS86,0.008907739073038101,0
A0A1P8B1D7:Q8VYZ1,0.0036473458167165518,0
Q9C8K7:F4K2D7,0.0028378728311508894,0
Q9LW53:A0A1I9LMX5,0.07988855987787247,0
Q94AX4:Q9FME3,0.002052407478913665,0
Q9FHI6:Q8LAA0,0.015973012894392014,0
O80568:Q9FI57,0.0007737008272670209,0
Q9CAI2:Q9SI75,0.0015401061391457915,0
Q9LUC1:Q9FLF7,0.8665522933006287,0
Q9LTS6:Q9STE8,0.0030882288701832294,0
F4IV24:Q9FXF4,0.0013489167904481292,0
Q2V4J2:P28147,0.004761849530041218,0
Q9C737:F4K1D3,0.0022258285898715258,0
Q94ID2:Q9FZ92,0.012367147020995617,0
Q08AA8:A0JQ00,0.004843544214963913,0
Q58G10:O22951,0.0017614010721445084,0
Q8L7R2:O49715,0.0015069054206833243,0
A0A1P8ANB8:F4K627,0.04676379635930061,0
Q9LUF3:Q3ED38,0.01210746169090271,0
Q8L951:Q96251,0.0006330118631012738,0
P93836:Q9CA40,0.007982132956385612,0
Q9LK61:Q8LCH9,0.00721702678129077,0
F4JQT4:Q9FFJ3,0.0008794437162578106,0
Q9SYK0:Q9LXK2,0.0018212497234344482,0
Q9FGP1:F4KGT2,0.0019074261654168367,0
Q9ZPV4:Q9FYF8,0.1350092887878418,0
Q3EBZ0:Q9SK49,0.0030598649755120277,0
Q84TG1:F4JUQ2,0.003129074349999428,0
O64760:Q9LPR9,0.006663917098194361,0
Q8W3M3:F4HPY3,0.0018549122614786029,0
F4K725:Q8VZ15,0.175271138548851,0
Q1JPM3:Q9LSQ2,0.0024956343695521355,0
Q9LSS7:F4JS55,0.0010677878744900227,0
F4KBU9:Q9FYE2,0.0009043655591085553,0
Q9ZQA3:O82197,0.0020735894795507193,0
Q84R17:F4K3K4,0.0011498602107167244,0
Q9LZE0:Q9SJW0,0.0008363837259821594,0
Q9SVH3:A0A1P8BGC5,0.0007903798832558095,0
F4IDU9:Q7XBQ8,0.0006389378686435521,0
Q9LSE2:Q8LA53,0.007294339127838612,0
Q9SVQ3:O64565,0.0013165129348635674,0
Q9STY2:Q9LM92,0.0017158311093226075,0
Q9FKQ6:O23006,0.0010415156139060855,0
Q9LVC4:A0A1P8AQP2,0.0074975453317165375,0
A0A178W169:F4JRI9,0.000857074570376426,0
Q9LZI2:Q38833,0.09020493924617767,0
Q6NPM7:Q38885,0.23536311089992523,0
B9DF92:Q6DBQ2,0.001381295151077211,0
P24100:A0A1P8B1G7,0.01815652847290039,0
Q8L4S3:Q9LV81,0.0016960855573415756,0
Q9T0G1:A0A1P8AXU1,0.004099010024219751,0
Q9SM23:Q45GQ7,0.002186521189287305,0
Q8LBZ4:Q0WVK7,0.002874338533729315,0
Q9LPN6:Q9SV11,0.0033949166536331177,0
P56788:A0A1I9LQG9,0.0018871987704187632,0
Q9LIJ0:F4HWD5,0.0019802830647677183,0
Q9C803:F4J4N3,0.000981526100076735,0
Q8L8U9:Q1G3B3,0.0006114306161180139,0
Q93V58:Q9LK19,0.058965303003787994,0
Q680L3:Q9C584,0.0017693685367703438,0
F4IXJ0:Q9LRV2,0.0029401464853435755,0
B3H5T1:Q9M0I1,0.0014030201127752662,0
Q8RWN2:Q8LB33,0.000810784287750721,0
Q9SAF1:F4HP86,0.0037373395171016455,0
Q9SB92:Q6NPM5,0.0009456757688894868,0
Q9LMM6:Q93Y22,0.37990328669548035,0
A0A1P8AWW1:Q9FJ66,0.0006600403576157987,0
Q0WPQ2:P56774,0.02622235380113125,0
Q8GX93:F4JR37,0.0013917472679167986,0
P0DN93:F4JEV5,0.006763467099517584,0
Q3EB24:A0A1I9LPV1,0.0006802690913900733,0
Q9SLJ2:Q9FFS7,0.004775508772581816,0
A8MQJ3:Q5XUX8,0.0006278273649513721,0
F4K9G7:Q8GYT8,0.0016304859891533852,0
Q94AQ4:Q67Y04,0.004307418595999479,0
O65517:F4IQ29,0.0017334435833618045,0
F4I5A5:F4JWB9,0.05070134997367859,0
Q9LHH3:Q9M122,0.0010755772236734629,0
Q3ECR5:Q9SUR9,0.005089443176984787,0
P55217:Q9T077,0.008297374472022057,0
A0A178WGK2:Q3C1C7,0.0008648721850477159,0
Q9FL48:Q8VY27,0.007044517435133457,0
Q949R9:Q9LZP4,0.003188822418451309,0
O49518:A0A1P8B3M4,0.0007241902640089393,0
B3H7G8:Q0WWX4,0.0015381883131340146,0
Q8VWG7:Q8L844,0.030505433678627014,0
Q1JPP8:Q9FMV0,0.005210622679442167,0
Q9FGR7:Q9LIQ9,0.013839662075042725,0
Q9LJ51:F4J1W7,0.0007029646076261997,0
F4J368:Q9C9U0,0.001309239654801786,0
Q9FFE4:Q08AA8,0.010541650466620922,0
Q9LK52:Q9FFY5,0.002864810172468424,0
P93284:F4JJ97,0.0007472478901036084,0
Q9SYH1:Q9SU72,0.004671786911785603,0
Q9C7G4:A4VCL9,0.0008783528464846313,0
Q84JF5:Q9FKP0,0.01894032396376133,0
F4K7X9:A0A1P8ARQ1,0.0008011534227989614,0
Q9C6V2:A0A1P8AXB7,0.0010148430010303855,0
Q9ST43:Q6NLQ4,0.0012477420968934894,0
C0LGK4:Q9LUJ5,0.004481927957385778,0
Q9M9E2:Q8GWE6,0.06743469089269638,0
F4J8U4:Q9XIN3,0.0011960441479459405,0
Q9SDS8:P93287,0.0009651025757193565,0
B3DNP3:Q9LUC7,0.0010185883147642016,0
Q1PEE4:Q9SKM7,0.0010696342214941978,0
A0A178UA35:F4KCH4,0.005740645341575146,0
A0A1P8ANT6:F4JGK7,0.0021439874544739723,0
Q9STR4:Q9LH43,0.001889659441076219,0
Q84JN2:Q1JPP8,0.0026109982281923294,0
Q9T0B9:Q8RXD3,0.02133907936513424,0
Q08298:F4HSB6,0.001949076191522181,0
Q9ZW35:P40228,0.43845072388648987,0
F4J1W7:Q8L7W2,0.0006160925258882344,0
Q9SHQ9:Q39266,0.23000840842723846,0
Q8L726:Q39214,0.0013275117380544543,0
Q2V3K2:Q94A98,0.0006397480610758066,0
A0A1P8BFS0:Q949X1,0.0012127765221521258,0
Q93WB2:F4J8Y4,0.0007882732897996902,0
A0A1I9LLL5:Q9C9C0,0.0018407900352030993,0
Q9ZQL1:F4I431,0.0007650349289178848,0
Q1G3Z4:Q9LI85,0.000822911155410111,0
Q9ZUU7:Q84RJ7,0.007282712962478399,0
Q9LUI0:Q8RWC9,0.015703609213232994,0
Q9FX77:P93024,0.2516680061817169,0
Q9M0W9:Q9LXB4,0.00458675529807806,0
F4JP79:F4JVA4,0.04982994124293327,0
Q9M0C5:A0A1I9LQ53,0.0011922166449949145,0
O82261:Q9M0K4,0.006839919835329056,0
Q9C7X6:P0DKG5,0.023156022652983665,0
Q8L403:F4HZB9,0.0009166920790448785,0
Q9SPI1:B3H721,0.1532774269580841,0
Q9C5V6:F4IMA4,0.047932397574186325,0
Q93ZY7:Q8VYI5,0.0018822085112333298,0
Q9CA16:Q8VWG7,0.0026580337435007095,0
Q8LEE9:O03982,0.03106430545449257,0
Q9LUJ7:Q9C555,0.001934930682182312,0
A0A1R7T3J3:Q9SW23,0.0007504650275222957,0
A0A1P8AQT9:Q9SJZ3,0.00752187380567193,0
Q39253:Q9MAM1,0.003351860912516713,0
O82659:Q9S745,0.006942767184227705,0
B9DHA4:Q9CAJ1,0.003135374281555414,0
B3H5M8:Q8LPN5,0.001969893928617239,0
Q84WV9:Q9LXJ3,0.0017513142665848136,0
Q9LS60:O49668,0.0012275532353669405,0
O81821:P93300,0.0014878230867907405,0
Q9SUS3:A0A1P8AQU8,0.009203793480992317,0
O22877:Q6E2A4,0.002130927052348852,0
F4K4M9:Q93WA2,0.0024043431039899588,0
O23627:P92564,0.0037879322189837694,0
Q9FIG9:A0A1P8BA81,0.30814453959465027,0
Q9LNC4:A0A1P8B017,0.002234585816040635,0
O64733:Q9SEZ6,0.009162018075585365,0
Q9LW84:P34791,0.24160169064998627,0
Q8S8N3:Q9SIS2,0.0012026956537738442,0
P69834:B3H434,0.0007466535898856819,0
Q9LVC3:Q5XEN5,0.002866193652153015,0
Q9C932:P69834,0.006078679114580154,0
O82503:Q9XFH9,0.004202611278742552,0
A0A178VYP6:A0A1R7T3C4,0.0008040437824092805,0
Q9LV95:F4I562,0.012388338334858418,0
A0A1P8B449:Q9CAR0,0.000854869547765702,0
A0A1P8BEG6:O49687,0.00942532904446125,0
Q9FI49:F4IJR9,0.0017413942841812968,0
Q9LEY9:Q9C950,0.47213736176490784,0
Q8LPN5:Q67Y03,0.000914122152607888,0
Q9C8Z9:Q1H5D2,0.0018440186977386475,0
Q93VR9:B9DHA4,0.008158298209309578,0
Q5BPP4:Q6NLU6,0.0014934990322217345,0
Q8LFA9:A0A1P8B8Y5,0.0009323290432803333,0
Q9SJJ5:Q8L467,0.012081390246748924,0
F4IYB7:Q9FFE4,0.0036392502952367067,0
Q8L6Y1:Q8LGI3,0.1153140589594841,0
Q9M0H9:Q8GYQ5,0.0058141849003732204,0
A0A1P8ANS8:F4KEN8,0.002625515451654792,0
O23100:F4KBY0,0.0015683250967413187,0
F4IA30:A0A178VU28,0.001834611059166491,0
Q9LV38:Q9SCZ5,0.0022221121471375227,0
Q700C7:A0A2H1ZE93,0.0011962674325332046,0
Q9M026:Q3ECP9,0.0011418098583817482,0
A0A1I9LMX5:Q9LVC4,0.014354181475937366,0
A0A1I9LTC6:O64470,0.0009937698487192392,0
Q9C5C4:F4JGI4,0.0008757718023844063,0
Q949V6:A0A1P8B4S5,0.0012763977283611894,0
Q8GT78:O64627,0.0008224150515161455,0
Q8H133:Q4PSP2,0.017892582342028618,0
Q8GXC7:A0A1P8AY68,0.0007983524701558053,0
Q94KI8:F4IUG1,0.0010828726226463914,0
O22244:Q56YJ7,0.000643806648440659,0
Q96251:Q9LUR0,0.003536586184054613,0
Q8RU07:F4I4F2,0.010922634042799473,0
P40228:F4IH25,0.47875291109085083,0
F4IEB6:Q9FI49,0.0013745183823630214,0
A0A1I9LM80:Q9SVW0,0.0016931627178564668,0
Q9FGS4:O22920,0.0008220054442062974,0
F4I9E1:F4IED7,0.0006053926190361381,0
A8MQW1:Q94CC1,0.000834086153190583,0
Q9SSF8:Q8LD28,0.002407403662800789,0
Q9FIX8:P82643,0.0008706866065040231,0
B3H617:Q1G3Q4,0.0012935888953506947,0
Q56XU4:A7XGN8,0.017547396942973137,0
Q9T0E5:Q9M1X5,0.0816577598452568,0
F4I4E1:Q9FN68,0.04594462737441063,0
A0A1I9LQG9:F4IIL7,0.001611781888641417,0
Q9M8T3:Q9SJH6,0.0010030519915744662,0
Q9SND6:Q9ZPX0,0.027552003040909767,0
F4IS76:A0A178WKP3,0.07369329035282135,0
A0A1P8BGB6:F4J139,0.000613055017311126,0
Q9XIR8:Q3EB24,0.0009025369072332978,0
Q8VYU4:Q9SIA7,0.008972969837486744,0
Q9C924:Q9M0W9,0.0020303542260080576,0
O22287:Q9SR09,0.048695262521505356,0
O81740:Q8RXE7,0.010570161044597626,0
Q9SJW7:A0A178UA35,0.04721390828490257,0
Q9C6U2:B3H4V4,0.0009060248848982155,0
Q9SGT0:Q9SD80,0.004803976509720087,0
Q9LQT8:F4IY04,0.0088736517354846,0
Q9C5W0:B9DHT4,0.0017668750369921327,0
O65684:Q8H112,0.0006441195728257298,0
F4K5V9:Q9XF04,0.0010564218973740935,0
O50055:Q39066,0.0010132193565368652,0
A0A1P8AVR2:Q9SUC5,0.0018579688621684909,0
Q9SN61:A1A6I1,0.001249126740731299,0
O82320:Q9FDX6,0.0020390816498547792,0
Q9ZSK1:Q9SJE2,0.0359557680785656,0
A2RVJ6:Q682P6,0.00065574113978073,0
Q9SN93:Q9C8K7,0.0013705302262678742,0
O80339:Q1G401,0.002437419956550002,0
Q9SHY1:Q9M274,0.14020995795726776,0
Q84UU9:A0A1I9LRC5,0.0013052317081019282,0
F4HV48:Q9ZVT0,0.0009399060509167612,0
Q8S8E8:Q9FL87,0.0012769108870998025,0
Q9FHB5:A0A1P8BB71,0.0021582324989140034,0
Q8LGG0:Q9CAQ2,0.006745863240212202,0
F4JKZ9:A0A1P8BF81,0.0031530652195215225,0
Q7XA71:P48002,0.0010489969281479716,0
F4JUL3:Q9SBJ1,0.0018310543382540345,0
Q8VZR0:B3H711,0.0007310129003599286,0
A0A1P8B1L8:A0A1I9LQ30,0.001324828015640378,0
Q9SKB2:Q5BPR6,0.0010458453325554729,0
Q9SI15:Q9FKU2,0.001851735869422555,0
Q08891:Q9SHZ9,0.0011869817972183228,0
Q9FWZ3:Q9M2N5,0.022184181958436966,0
F4HU58:Q9FUR2,0.003387800185009837,0
Q8L8Y3:A0A1I9LLL5,0.0025411073584109545,0
Q9FKP0:Q7XHI9,0.001303572440519929,0
P0DN98:Q7FRS8,0.001402753172442317,0
F4IGH3:Q9LZA6,0.013246754184365273,0
Q8GYQ5:Q8H133,0.2340724915266037,0
Q9FNP4:Q9FK30,0.0029343212954699993,0
Q96261:C0LGN2,0.02953064814209938,0
Q9SVG9:Q5HZ03,0.004259101115167141,0
Q9LUU5:Q500W7,0.0007957944762893021,0
F4IMQ0:O80920,0.0007371213869191706,0
Q8LPR8:Q9FNZ5,0.010859853588044643,0
Q8GWP1:Q9LTY8,0.0008091036579571664,0
Q9M9Y4:C0SV91,0.002886353526264429,0
Q8L760:Q66GJ0,0.0006034830003045499,0
Q9FZF2:F4JZH9,0.02164904773235321,0
F4K2H9:Q93ZM6,0.00468134880065918,0
Q9LX56:Q9LS61,0.011501817964017391,0
Q9LMA8:Q84W04,0.0036767430137842894,0
Q689D6:Q9C569,0.003162859473377466,0
F4IEL6:Q84WV9,0.0016125874826684594,0
Q84JK2:O64640,0.005972026381641626,0
Q9LUR0:F4JG23,0.0009585455409251153,0
B3H506:Q8VYD9,0.001609637401998043,0
Q9SAU9:Q6DYD0,0.0011054425267502666,0
A0A178VQ73:Q9SY57,0.0011831093579530716,0
Q9LF40:Q8VZB1,0.000553331570699811,0
F4IZ80:Q9LXX5,0.0011676313588395715,0
Q9FH21:Q9LNF4,0.001587275299243629,0
O48721:Q9FFA0,0.002794296480715275,0
Q9SUN6:O23522,0.0041684857569634914,0
Q9SCR0:O24617,0.005849126260727644,0
F4KAD6:O49160,0.019346976652741432,0
A0A1P8ATM2:Q9SJG7,0.0005542173166759312,0
Q9LXU0:Q8RWT4,0.0007381713367067277,0
Q9FE22:Q2V369,0.0011141913710162044,0
F4IY34:Q2V3Y5,0.0011986183235421777,0
A0A1I9LQ30:F4IGH3,0.0007461567292921245,0
Q8RW95:O64855,0.002254409482702613,0
Q84JV2:P46601,0.0011109550250694156,0
Q9C9X5:Q9LT25,0.003148495452478528,0
Q93WA2:Q8S944,0.019609367474913597,0
Q9LZX2:Q9FMQ1,0.011351768858730793,0
F4IEX1:Q9FI66,0.001010968699119985,0
Q9SZG4:Q9C5W3,0.002568830968812108,0
B3H6K1:Q9LZA7,0.0035788274835795164,0
Q9LV52:Q9ZUE1,0.0010160624515265226,0
Q9SF52:Q9LSP1,0.0028172198217362165,0
Q8GYL7:O48915,0.0008349820272997022,0
Q1PDV2:Q8W497,0.33329978585243225,0
Q9SVB7:Q9SCR0,0.008912011049687862,0
A7XGN8:Q944R2,0.012523236684501171,0
O49711:Q9LNW3,0.004155173432081938,0
Q9SN12:F4I8Q1,0.01725972630083561,0
A1L4Y4:Q9FFA7,0.006633784621953964,0
Q9ZVK9:Q93V58,0.0009634440648369491,0
Q9FZH9:Q67Y99,0.0013058510376140475,0
Q9ZU35:F4JV80,0.002606153255328536,0
Q9FL96:Q84TH4,0.012796527706086636,0
Q45GG6:Q9FH21,0.0013574380427598953,0
F4JG03:Q42512,0.052385758608579636,0
Q9LI85:Q9FYL3,0.0012252589222043753,0
Q9FMQ1:Q9FNL4,0.006462480872869492,0
Q2V483:Q8VYU4,0.0007805193308740854,0
F4JSJ6:Q9FXA3,0.0012671230360865593,0
Q0V7S5:A0A1P8AZD4,0.021322060376405716,0
Q9MAN1:Q9T028,0.00643303943797946,0
Q9LZV9:Q94BN0,0.0023352564312517643,0
P82643:Q9SQY8,0.0015828236937522888,0
F4KFD1:Q56YQ1,0.0009721992537379265,0
Q9M051:Q9M0Y6,0.04331247881054878,0
Q94AI6:O48529,0.008188039064407349,0
Q9C502:A0A1P8AW47,0.016249649226665497,0
B3H6B4:Q84VW6,0.0015924646286293864,0
Q9C7Z2:Q9MAI5,0.002674070419743657,0
Q6NM39:Q94AV5,0.001321934163570404,0
F4I6L0:Q93ZV7,0.07996932417154312,0
Q8VYP6:Q9FE22,0.0011504439171403646,0
A0A1P8ASS6:O04663,0.051418203860521317,0
Q52K84:F4J3N4,0.009612569585442543,0
A0A1P8AW81:Q94A68,0.022770673036575317,0
F4HXR7:A0A384L7B9,0.0017871469026431441,0
F4IBB2:Q8L8Y3,0.004286182578653097,0
A0A1R7T3I9:F4IAF4,0.0009107598452828825,0
Q9LU86:Q9T0B9,0.043914396315813065,0
F4J5D3:Q8L940,0.07830224186182022,0
F4JML6:Q9S6Z9,0.022168532013893127,0
Q94AB5:F4JHJ3,0.0007738344720564783,0
Q94JL3:Q5BPG9,0.016437320038676262,0
F4HU51:Q9FNP4,0.0031963686924427748,0
C0LGN2:F4HWG0,0.006312535144388676,0
Q9FV53:A8MRE7,0.0005762922810390592,0
Q94CB5:Q8GXI9,0.002158676041290164,0
F4KA19:Q8W4R7,0.002909659640863538,0
Q9FI66:Q9LF66,0.0010476185707375407,0
Q9SN25:Q9LJW1,0.0006518462323583663,0
F4HZ54:Q9SUZ4,0.001144351321272552,0
Q9LN10:Q9FYE0,0.0023427584674209356,0
Q9SJA6:Q8LCH5,0.17551909387111664,0
A0A1P8BDN2:Q9SN25,0.0007612712797708809,0
F4JTE7:Q43309,0.026751993224024773,0
Q8LFL8:Q9SFU5,0.012783232145011425,0
Q9FYK6:Q9M1N8,0.032553400844335556,0
O82533:Q08298,0.0026016603223979473,0
Q9M038:Q0V7X4,0.0024393093772232533,0
Q9M2Q2:Q9FWS4,0.0019179823575541377,0
Q3EDK6:A0A1P8B6G5,0.0017500361427664757,0
A0A1P8B1C5:P55217,0.0007368062506429851,0
Q9LP03:Q9FH16,0.03125445917248726,0
Q9LRM4:F4I7Y9,0.002906205365434289,0
O65499:Q940G5,0.0014547008322551847,0
Q9S7H1:O81627,0.792353630065918,0
Q45GQ7:Q9FKH1,0.010196293704211712,0
Q9LQF0:Q2L6T1,0.0010032578138634562,0
F4KDY1:F4HVW5,0.0019239828689023852,0
Q2V328:P92937,0.002040347084403038,0
Q3E9N1:Q680Q4,0.015356763266026974,0
Q5BPR6:A8MQR5,0.0006385416490957141,0
F4JGI4:Q9XIA6,0.000718969211447984,0
F4I562:P37107,0.07367482036352158,0
F4KCZ1:Q94KI8,0.0013349419459700584,0
P27202:Q9FMU2,0.020434213802218437,0
Q67ZU1:F4IBV1,0.03945870324969292,0
Q681K7:F4J3S1,0.0009910938097164035,0
Q9C9U0:P56784,0.00188076205085963,0
Q2HIV3:Q9SU34,0.002272212179377675,0
Q9LUC7:F4JT86,0.0015485677868127823,0
A0A1I9LP79:O65514,0.0071019455790519714,0
A0A1I9LRZ5:Q9CAT6,0.0006017392734065652,0
F4HPD5:A0A1I9LT08,0.000618952268268913,0
Q9LVV3:Q9T069,0.006164167542010546,0
Q9LEU7:Q67XV2,0.10986717790365219,0
Q9C771:Q9SJQ4,0.0018032294465228915,0
Q9S9P1:Q8VXY9,0.0027008873876184225,0
F4IR54:P0CC32,0.0011661447351798415,0
Q9M0K4:Q8W2F3,0.045528460294008255,0
Q9LX24:Q1PFS7,0.0011158448178321123,0
Q9LFD5:P55826,0.4402979016304016,0
Q9SV88:Q6E297,0.002198908943682909,0
Q9SG92:O65155,0.004199207294732332,0
F4JWA1:F4HP85,0.002868613228201866,0
Q8GY06:Q9SFY8,0.006813754327595234,0
Q9ZV49:Q67ZU1,0.01010915357619524,0
F4I954:Q8L7G0,0.001894399174489081,0
F4IUG1:O81001,0.00145056308247149,0
Q6NL24:Q2UVJ5,0.0033804147969931364,0
Q8LC03:Q9T070,0.001283896155655384,0
F4HYB6:Q9FUY2,0.0006789477774873376,0
Q0WR66:Q3E7C8,0.002413841662928462,0
F4K4U5:F4I4X9,0.0009880681755021214,0
F4K9Y3:O49518,0.0007088835700415075,0
Q9FMG8:Q9FN33,0.0009828995680436492,0
O48890:Q0WP36,0.0018351160688325763,0
Q9SAC4:Q06738,0.0034016587305814028,0
Q8LDV4:Q8S898,0.05479208379983902,0
Q9ZQC6:Q9LTY9,0.0010665626032277942,0
Q8S8I9:Q9LTD4,0.001240773475728929,0
Q58CM8:Q9CAW3,0.0024037945549935102,0
F4JFY6:P28186,0.0010251268977299333,0
Q56FQ1:Q9LUC1,0.00796324759721756,0
Q9C9T4:Q9LQ83,0.001831860514357686,0
F4HYH6:Q8S9M3,0.0011016037315130234,0
Q3E6N7:Q96261,0.0031031868420541286,0
Q9SJT8:Q56Y42,0.0023179419804364443,0
Q8W4E1:Q9C5C5,0.007644945289939642,0
Q9ZW36:Q33884,0.0009226305410265923,0
Q93WD7:Q9T0G1,0.040403712540864944,0
Q39147:Q9SJV5,0.001481482875533402,0
B3H614:P46600,0.0008288593962788582,0
Q5E915:Q9S9T8,0.0016622372204437852,0
Q8S8K8:Q9LPD9,0.0021803886629641056,0
F4KGT2:A0A1P8AYB6,0.0008967327303253114,0
F4JUF8:Q9STG3,0.0013585489941760898,0
Q9SHX3:F4HUW0,0.0005652827094309032,0
Q2V3K1:Q9FXD3,0.0010565182892605662,0
P19172:F4IP06,0.0014338152250275016,0
A0A1I9LRC5:F4J8R4,0.0008120482671074569,0
Q9LF66:Q9FJY1,0.0008391875890083611,0
Q9FMZ3:Q9FX44,0.002592707984149456,0
Q0WUB8:Q84K44,0.001522793434560299,0
Q6R053:Q0WVU0,0.007740697357803583,0
Q9M591:Q8RWZ1,0.003356365952640772,0
Q9SKH2:O82319,0.0027483615558594465,0
Q9M2D8:Q8RXU6,0.004358913283795118,0
A0A1P8ASK0:Q9ZRA2,0.000863131252117455,0
Q8VY77:Q93Y08,0.10740118473768234,0
Q94AV5:Q9SGH5,0.002412120345979929,0
O82381:Q0WQM7,0.0019391935784369707,0
Q8GWS7:O80438,0.033358871936798096,0
O65382:Q9LMC0,0.003991309087723494,0
Q9LV99:Q570M0,0.0036149669904261827,0
Q9XFH9:A0A1P8BD86,0.0038723298348486423,0
F4IFF3:Q941B2,0.0011405603727325797,0
Q9C507:Q39204,0.029316624626517296,0
Q56YT7:O80337,0.003873528679832816,0
Q9LHI5:Q9LXV0,0.020564550533890724,0
B3H5U2:Q9S829,0.035690635442733765,0
Q8GY72:Q9SGT0,0.001963299699127674,0
Q945S8:Q9LYH4,0.0011769890552386642,0
F4J8D9:Q9SL70,0.0010304906172677875,0
Q56YY9:F4HTT8,0.0007364015327766538,0
A0A1P8AUR6:Q9C778,0.0016235146904364228,0
Q8GW17:Q9SJA6,0.17497555911540985,0
F4K6Y8:Q9CAL3,0.003053904278203845,0
Q9LX86:Q8GWA7,0.001355325453914702,0
Q9SAK2:Q9M367,0.0031364390160888433,0
Q1G401:Q9C9Z0,0.0011770037235692143,0
Q8RXK3:Q9FJA2,0.30661508440971375,0
O81915:A0A1P8B280,0.0009465595940127969,0
F4INA9:F4IA30,0.004883707966655493,0
A0A1P8BGG8:Q56YT7,0.001793645671568811,0
Q8GYE8:Q9FT52,0.0047656395472586155,0
Q9SHG6:Q9SLB8,0.002851693658158183,0
Q9FE54:Q9SWH4,0.005137750878930092,0
Q8GXR6:F4K6C3,0.0019647718872874975,0
P93732:Q9SS48,0.2852890193462372,0
F4KE63:Q9C9A0,0.008019753731787205,0
Q3ED38:F4JCN4,0.004993346519768238,0
Q0WR08:Q4VP08,0.0005924486904405057,0
Q3E9D7:Q38893,0.05178455635905266,0
F4JU69:Q9MAI8,0.0009905291954055429,0
Q5YDB6:Q8GWG6,0.008102352730929852,0
Q9C584:Q9LMA8,0.05469713360071182,0
Q6AWW0:A0A1P8B9B9,0.0015425669262185693,0
F4J8S5:F4I540,0.0008713461575098336,0
Q9M292:Q9LR67,0.002606059657409787,0
Q93ZM6:Q8RWM7,0.04273638129234314,0
P26288:Q0WMY5,0.002652664901688695,0
A0A1P8B7P2:A0A178VQ73,0.0007083753007464111,0
Q8VZ40:Q9SCX9,0.002489622449502349,0
Q9SIT3:Q9ZVK9,0.0006334625650197268,0
Q9MAP3:Q2V3K2,0.0006909111398272216,0
Q8RWZ1:F4ILE1,0.0311195757240057,0
Q9SVD1:P28185,0.01720363460481167,0
Q9FL87:A0A1P8B5I4,0.0006490919622592628,0
O80742:A0A1P8BB23,0.0007575023919343948,0
Q84X24:Q9LYD3,0.0026399760972708464,0
A0A1I9LPW0:Q56XV8,0.0010527432896196842,0
A0A1P8B048:Q9XIH1,0.002217245055362582,0
O64399:A0A1P8B6C7,0.002234144601970911,0
Q9SJ60:P0CAY4,0.004474773071706295,0
Q39230:Q9FHY7,0.0015245479298755527,0
Q9FIR9:Q9SV88,0.0026604176964610815,0
Q9LXP6:O23071,0.0015854183584451675,0
A0A1P8AUJ8:Q9T055,0.0005627070786431432,0
Q4PSE2:F4J687,0.010479050688445568,0
Q9M357:F4JG03,0.003806219669058919,0
F4J306:Q9M0D8,0.0010949888965114951,0
Q9SUC0:Q8RY12,0.005299270618706942,0
Q39191:Q9LTH4,0.021383067592978477,0
Q8L3Z8:Q4F883,0.00233838870190084,0
Q94K97:Q9FTA3,0.0022439048625528812,0
Q8LEU9:A0A1P8B735,0.0008624312467873096,0
F4HWT6:Q9ZQ78,0.0010438550962135196,0
Q5S4X7:Q6R053,0.002133613219484687,0
Q9C6K3:F4KI39,0.001656235777772963,0
Q9FNR0:Q9LUI0,0.002056475728750229,0
Q8GWV0:F4I350,0.0022730384953320026,0
B3H7H8:Q9S7I7,0.000582512526307255,0
Q8H1F8:Q9SWE5,0.023828040808439255,0
O22932:A0A1P8AQV4,0.0009198977495543659,0
Q9SGS1:Q9M2C9,0.0009407582110725343,0
Q9ZW84:Q9C688,0.0012575284345075488,0
F4K064:Q9ZP54,0.06562834978103638,0
F4JZA0:Q8GZ81,0.0010776878334581852,0
P56782:Q84WM1,0.0012186607345938683,0
Q9FHA2:Q9LSI7,0.12771202623844147,0
A0A1P8BER7:P56788,0.0007534950855188072,0
F4JYQ8:Q9LQZ5,0.0034668080043047667,0
Q94BZ7:Q41916,0.004129229579120874,0
Q1H5B2:F4HSA3,0.0013160473899915814,0
Q8L7F9:F4IP00,0.000726095458958298,0
F4JN00:O22793,0.0012029189383611083,0
Q0WNP3:Q9LKZ3,0.051719583570957184,0
A0A1I9LT67:Q9LIB5,0.0009903559694066644,0
F4ISV4:Q1G390,0.001021500793285668,0
F4JWB9:Q9FKC5,0.003533894196152687,0
P52420:Q9SKL6,0.004594224970787764,0
Q9SUI5:O82266,0.0046125310473144054,0
O49292:F4IPV3,0.0016189776360988617,0
Q0WPG1:Q9LFM4,0.0015812594210729003,0
Q9SN85:Q9FHS0,0.02245740406215191,0
F4JBC7:Q9S9U2,0.001143334317021072,0
P56798:O23647,0.008007392287254333,0
Q9FGS3:F2Q9V5,0.0010181850520893931,0
F4IFM3:Q9C942,0.006720638368278742,0
F4JM51:Q3E9D7,0.0018330644816160202,0
A0A1P8BD86:Q8GWG7,0.0023094178177416325,0
Q6NPP7:F4KE50,0.0009613474830985069,0
Q9FX35:F4JH53,0.004118239041417837,0
Q9SFX3:Q8GW42,0.006679882295429707,0
Q8S9M4:Q9XI27,0.007440134882926941,0
P92564:O80958,0.0034822248853743076,0
Q9SFY8:Q9FII6,0.0010044918162748218,0
Q8LPR5:Q8VZS2,0.0009795617079362273,0
Q9FII6:Q9LZ82,0.009462334215641022,0
Q9FYL5:A0A1P8B144,0.0017191574443131685,0
Q9C8M9:Q9SSM2,0.06389293074607849,0
Q9CAW4:Q9SN67,0.005612922832369804,0
Q9LZ08:Q9LSZ4,0.0016541889635846019,0
Q8L940:Q9C763,0.00876076053828001,0
B3H6F7:Q9LXP6,0.01010436937212944,0
A0A1P8AUY5:Q39253,0.0006524876225739717,0
F4JH53:A0A1P8BBX7,0.004094004165381193,0
Q9ZQ60:Q2V397,0.0009026965126395226,0
Q9CAY6:F4IR54,0.002697446383535862,0
Q8LB54:Q9FIR9,0.0030988380312919617,0
Q9XI27:F4IIL3,0.0008350245770998299,0
Q8RXC0:Q9LNE6,0.002090846886858344,0
Q9LW12:Q6NM16,0.0024936003610491753,0
Q9LTF2:Q9S9X7,0.0013686649035662413,0
O04590:Q66GN9,0.008234480395913124,0
O80961:Q9C7Z2,0.0016849605599418283,0
B3H612:Q9M0W4,0.0013393181143328547,0
Q9T028:Q9FIK6,0.0012213507434353232,0
Q9S746:Q9SJV6,0.0007894408190622926,0
Q9C688:F4KGY6,0.07097553461790085,0
Q9LM93:F4I9V0,0.014384791254997253,0
Q1PDW9:Q6AWW7,0.0011081587290391326,0
Q05466:O64688,0.004190860781818628,0
Q9ZWA2:Q8GY89,0.04380340129137039,0
F4IIZ8:Q9FFF1,0.003986159339547157,0
Q9C4Z6:Q9FKA9,0.12799887359142303,0
Q9SSM3:Q9LQS7,0.0016531739383935928,0
A0A1P8B1G7:Q9M169,0.0007461462519131601,0
Q5Q0D0:A0A1P8BC48,0.000693516805768013,0
Q9FF13:Q9LIL5,0.027481714263558388,0
B3H563:Q66GP4,0.0007972942548803985,0
Q9XI20:O82503,0.006414137315005064,0
Q9SVW0:F4HQ89,0.0012819956755265594,0
Q8LF89:Q5XV40,0.001883172313682735,0
Q8VZ15:Q8GZ75,0.0663648173213005,0
P93300:Q9XI76,0.0006533106206916273,0
Q9FYL2:A8MQW1,0.003409007331356406,0
Q9FIK6:Q8H7F6,0.006127126049250364,0
F4K6X0:Q9LHP2,0.01910664141178131,0
Q941L3:F4KII1,0.0038136921357363462,0
F4IV34:Q9SFV3,0.0009839594131335616,0
O81515:Q9LVC0,0.003097010776400566,0
Q9S9V1:Q8L726,0.0007562973769381642,0
Q9FJA3:Q9FN15,0.0012236946495249867,0
Q9SYL9:Q9LQF2,0.004543658811599016,0
Q9LNF4:Q8GW85,0.002052243100479245,0
Q9FJ66:F4IEB6,0.0014907183358445764,0
Q9LR11:O23235,0.0011104003060609102,0
Q9MAI5:Q9LF46,0.020091772079467773,0
Q9SB51:Q9LSF1,0.006150516681373119,0
Q3EBP7:P0C0B0,0.0009424066520296037,0
Q64FQ2:A0A1P8AWK7,0.0011278491001576185,0
Q08733:Q9STG1,0.002517127199098468,0
Q9LT89:Q9SFT8,0.0007111766026355326,0
F4I5I4:Q8RWE7,0.0006347292801365256,0
Q8GXG1:Q9SSM3,0.0015366480220109224,0
Q9FYL8:Q94AJ9,0.017530640587210655,0
F4HWK0:Q9C995,0.002554407110437751,0
F4JNB3:F4IFF3,0.0009086430072784424,0
Q9ZQ78:Q9M8T3,0.0008432975155301392,0
Q9M1Q4:Q1G3L5,0.0031505220104008913,0
Q8W4F1:Q9LYM3,0.0013023588107898831,0
Q8VXX3:A0A1R7T3B3,0.02856127731502056,0
P29382:Q9C8M9,0.1430850476026535,0
B3H5J5:B3H7C4,0.020373214036226273,0
O49730:Q9M054,0.0015651393914595246,0
P27323:Q9SD33,0.5602097511291504,0
P57681:Q8L5W8,0.002672263653948903,0
Q9SYF1:Q0WUZ1,0.03598163276910782,0
A0A1P8AW86:P93004,0.0009496218408457935,0
Q8LA14:Q9SKI1,0.0016663847491145134,0
A0A1P8B415:Q1G3X9,0.0029334877617657185,0
A0A1P8BAY9:Q9C6V3,0.0007308103959076107,0
A0A1I9LMU1:Q9LNC9,0.002110797679051757,0
F4IXJ7:Q9ZUM0,0.031687524169683456,0
O81000:Q9FH00,0.0007443784270435572,0
Q9CAQ2:Q9FGB0,0.014196726493537426,0
Q42440:Q9FK86,0.0007215745863504708,0
A0A1P8ANA9:F4ITL6,0.0007626151782460511,0
Q8RWG5:Q6ICW8,0.0016923453658819199,0
Q9ZPH4:Q93VH1,0.0292088333517313,0
Q1H5B1:O48720,0.001848328858613968,0
O23624:Q9ASZ4,0.01852000132203102,0
Q9FLI3:Q9SH31,0.0017235631821677089,0
Q941I2:O49660,0.0006999924080446362,0
Q2V369:Q9FHC2,0.000623500847723335,0
A0A1P8AZN3:Q9ZQ60,0.00409327307716012,0
Q2V371:Q9SAU9,0.0009948955848813057,0
Q9LUE5:C5H8J1,0.002472825348377228,0
Q9FYE3:Q6NPF8,0.0008087940514087677,0
Q9LS86:Q8LFL8,0.09657227993011475,0
B3H6J5:Q9FJV9,0.008685662411153316,0
Q9M995:Q9SZZ8,0.0064086951315402985,0
Q9LVW2:Q5XET4,0.008776768110692501,0
Q9SYA7:Q9LW63,0.0010351950768381357,0
A0A1P8B6A7:Q9SSP4,0.0008870046003721654,0
Q8L5Z7:F4HWF9,0.009869531728327274,0
F4JJ97:Q8S8N4,0.0009111138060688972,0
Q8GXY9:O49653,0.0010492283618077636,0
P57751:B3H4X6,0.004667480941861868,0
A0A1P8B0Q6:O04202,0.0015684723621234298,0
Q9SVH8:Q9C636,0.0005643296171911061,0
Q9M073:Q8LA14,0.0033011098857969046,0
B3H4U3:A0A1I9LPY5,0.040548745542764664,0
Q9FFZ2:Q5S502,0.0008432241156697273,0
Q6NME7:B3H779,0.002778623951599002,0
O48852:F4HWK0,0.001984664937481284,0
Q9FUA4:Q9FIK6,0.001424090820364654,0
Q9M2C9:O82328,0.004275186453014612,0
Q9LFD5:Q9SZ42,0.10870642960071564,0
Q9FXE2:Q9SV30,0.002382618375122547,0
Q8LGS1:Q8W4S5,0.05777444317936897,0
Q8LE51:A0A178WKP3,0.049377139657735825,0
Q8LAW2:Q94K61,0.022639796137809753,0
Q9SMN5:Q9LM14,0.0012770687462761998,0
F4HVJ3:Q9SN51,0.0012612082064151764,0
Q9LSI7:Q93VQ6,0.001316039590165019,0
Q39230:Q9ZQ36,0.0029700903687626123,0
Q8H181:Q0WVN5,0.0007927051046863198,0
A0A1P8B6C9:F4KEN8,0.0009571752743795514,0
Q8GY89:A0A1P8AWH6,0.0007112217135727406,0
Q9LTS6:Q67Z52,0.006629391107708216,0
Q93ZI5:Q9ZVI2,0.0006997973541729152,0
Q9FFE4:Q67XI5,0.002368608955293894,0
Q9FG85:A0A178W3G2,0.004679917823523283,0
Q9STM6:Q9STR4,0.00283273053355515,0
Q9SCP4:A0A1P8B3J6,0.005101661663502455,0
O48720:F4I4F2,0.023277467116713524,0
Q9FV71:F4HUW0,0.010947066359221935,0
A0A1I9LT34:P34791,0.0009578161989338696,0
A0A1P8AY68:F2Q9V5,0.0013741495786234736,0
Q9LMY5:Q9LU68,0.0017127286409959197,0
O80961:A0A1I9LLN7,0.0035063959658145905,0
Q0WNZ8:Q9CA54,0.015346184372901917,0
P92556:O49660,0.000578476523514837,0
F4JDS7:Q8GXE9,0.000814282160717994,0
F4IYK3:Q3ED38,0.07839413732290268,0
F4IST2:A0A1I9LPE3,0.001733432407490909,0
Q9FNL4:Q9LMN1,0.009098917245864868,0
O23569:Q9M338,0.6669839024543762,0
B9UY99:Q9SKM7,0.0016080653294920921,0
Q8S8E3:Q9LHK9,0.0021943137980997562,0
A0A1P8B9B9:Q84W04,0.008532524108886719,0
P92518:F4J551,0.0010619011009112,0
A0A1P8BHB4:F4KAD6,0.0006538701127283275,0
Q9LFM4:Q9FGR7,0.00431797606870532,0
Q9FV49:C0LGK4,0.008826102130115032,0
A0A1P8AZP7:O22433,0.004018800333142281,0
A0JQ12:Q9SV63,0.0021288376301527023,0
Q2V346:Q8VYP6,0.0007090044091455638,0
F4IWK7:O22683,0.03153146430850029,0
Q9SGI7:Q93VC7,0.01486279722303152,0
F4I5Q5:Q9SV54,0.0033564239274710417,0
A0A1P8B0G6:Q940R4,0.0011084538418799639,0
Q9LZV9:Q8L638,0.0015765484422445297,0
Q9LXR9:Q9SN15,0.0013992668827995658,0
Q9T070:Q2V4J2,0.0007957853376865387,0
Q9M2D8:Q501D5,0.0035016853362321854,0
Q949R4:Q8VZS2,0.0006757880910299718,0
Q94K91:Q8VYH0,0.0019940079655498266,0
B3H7H8:Q3E7C8,0.0006836281390860677,0
A0A1P8AM23:O80667,0.1294017732143402,0
Q0WNX3:Q9SR09,0.026005137711763382,0
A0A1P8B5H9:Q9FME4,0.0007256464450620115,0
Q9C9N6:Q9LE02,0.0015618668403476477,0
Q9SCK5:Q9M122,0.0018136993749067187,0
C0LGN2:Q9FV71,0.0027769801672548056,0
A0A1P8AYJ3:Q9ZUU2,0.0008097353274933994,0
Q9SN85:Q6NLU2,0.03615843877196312,0
Q9SI57:A8MQP2,0.008360671810805798,0
Q9SRS6:Q9SV75,0.00455456180498004,0
O64820:A0A384L1W6,0.0028116062749177217,0
Q9ZWC0:Q8GYS0,0.005696180742233992,0
Q9SU91:Q8LB54,0.003221687627956271,0
Q8H0U5:Q9S763,0.023474624380469322,0
A0A178UG69:Q8GWG6,0.001242856145836413,0
F4JEQ6:F4HU58,0.0008621981251053512,0
Q9CA93:Q9FH16,0.009698783978819847,0
Q9SLH0:O49619,0.007542741484940052,0
Q9SF38:Q9XFB0,0.0021113883703947067,0
F4I6U7:P0CAY4,0.0008609310025349259,0
Q2V3H0:F4I386,0.0011275621363893151,0
A0A1P8AWX3:Q9C9U0,0.0009385049343109131,0
F4KIL1:P46416,0.009825940243899822,0
Q9LEZ3:Q9LPR9,0.0019428484374657273,0
Q8RWG0:O04719,0.0017457995563745499,0
Q8LGE0:P93009,0.08122813701629639,0
F4HQX1:Q9C717,0.003700530156493187,0
Q8RWM7:Q9FYE2,0.00118550518527627,0
O49403:Q9FFJ9,0.08720195293426514,0
Q689D6:Q9LZI7,0.0035965347196906805,0
F4K8I3:Q8GYI3,0.0006953211850486696,0
Q9SJA6:O82320,0.0027906105387955904,0
Q1G3L1:O04254,0.18131259083747864,0
Q94CJ5:Q9M2N7,0.15839309990406036,0
Q9LSK8:Q9ZR13,0.005941101815551519,0
Q9LSB2:Q96251,0.0013639269163832068,0
Q9LPW6:Q8VZB1,0.002135006245225668,0
F4I9I6:Q8GYQ5,0.05534520745277405,0
Q9C749:Q84WK2,0.003130319295451045,0
Q9FIX5:Q8VYP8,0.0015451180515810847,0
Q93VJ4:Q940F4,0.0009427782497368753,0
F4JGK7:Q9LMQ2,0.0011870245216414332,0
Q8H113:Q9LNC9,0.0023795778397470713,0
Q8S8T8:Q8RW95,0.001338426023721695,0
Q9C519:Q9SN25,0.002935649361461401,0
O81323:Q9LM46,0.35179704427719116,0
Q1H5B1:Q84JK2,0.009675643406808376,0
O23077:Q9C6K4,0.0770224779844284,0
Q9FDX9:Q8LFA9,0.0008978493860922754,0
Q9SJ73:Q9S9T4,0.002294625621289015,0
Q9FL02:Q9FGW2,0.0008314591250382364,0
F4KHE3:A8MQR5,0.0008225377532653511,0
Q8LEP7:Q9FMQ2,0.01086933072656393,0
F4K9Y3:O65517,0.011478711850941181,0
A0A1P8AYB0:Q9C7X2,0.002118566306307912,0
Q9FFS3:Q9SRE6,0.0011061903787776828,0
Q9C6T2:Q9LF27,0.3632069230079651,0
Q941I2:Q8L940,0.001445508562028408,0
Q9LS46:Q6IDA8,0.0014444815460592508,0
F4HYA7:A0A1P8AYX9,0.0009163100621663034,0
Q94BZ7:Q8LEE9,0.0030801452230662107,0
Q6E297:Q93Y07,0.010386303067207336,0
A0A1P8BF61:A8MS81,0.004885340575128794,0
Q949X1:O04492,0.015368429012596607,0
Q0WWE3:Q9SH17,0.0010485714301466942,0
Q9SJG7:Q9LPW6,0.0010614972561597824,0
Q9LYH4:Q1G3Z4,0.0007517384365200996,0
O65436:Q9C555,0.0037560404743999243,0
O80575:F4JUQ2,0.003712897887453437,0
Q9LZI4:F4I9I6,0.001648605801165104,0
Q949N7:Q9SK69,0.005024538841098547,0
Q8RWB1:Q9FHC2,0.10805127769708633,0
Q93V58:F4JDR1,0.0021505074109882116,0
Q5S502:Q9FJN6,0.01878478191792965,0
Q9SCR0:Q9LUR0,0.055509746074676514,0
P62090:Q6DSU0,0.01784895546734333,0
Q7XBQ8:Q9FG51,0.0046255928464233875,0
Q94C40:Q8LG95,0.007967140525579453,0
Q6ICW8:F4HRI2,0.0509183369576931,0
Q9LJN0:Q8W4F3,0.44190454483032227,0
Q9SJW7:F4HVZ5,0.008746701292693615,0
Q5BPV4:Q1PF16,0.017090167850255966,0
Q9C9N3:A0A1P8AZ61,0.0006582505884580314,0
C0LGK4:F4K5V9,0.0017949655884876847,0
Q6NLU2:A0A1P8B760,0.005715097766369581,0
Q9T0J4:Q0IGM1,0.000719938485417515,0
Q94CB5:Q9CA73,0.0014641808811575174,0
Q9LZD1:Q9FYR2,0.0017573632067069411,0
F4J7V3:O81025,0.0033363662660121918,0
P0DKG5:O65387,0.0015147094381973147,0
Q8VZT6:Q9FH86,0.0011882706312462687,0
Q9FJL3:Q9LSN5,0.02363589219748974,0
Q9LHH3:Q9SIV0,0.0020523681305348873,0
F4JZU2:P92534,0.001376418280415237,0
Q8RXY0:Q9FV53,0.010803441517055035,0
Q9CAW3:Q29Q18,0.0016382038593292236,0
Q9C969:Q84TD6,0.05941858887672424,0
O80943:Q84WM1,0.004941470921039581,0
Q9T0B1:Q1G371,0.005051806569099426,0
P33077:Q9XI76,0.00232135783880949,0
O82503:P55217,0.013223722577095032,0
Q9FJH9:Q9FF54,0.000846392591483891,0
Q9FX34:Q9SJG6,0.010020936839282513,0
Q93ZN4:Q9T0A3,0.0008850332233123481,0
Q9ZUU7:Q9M9G7,0.026022303849458694,0
Q1PF16:F4K9D7,0.0013579102233052254,0
Q9LIQ9:F4HZ96,0.00239576306194067,0
O64517:Q42606,0.008399324491620064,0
Q9C9W9:A0A1P8B7P2,0.000745703000575304,0
A0A1P8BC60:Q9M054,0.0006837088731117547,0
Q39024:Q9M292,0.1071900948882103,0
Q8GWA7:O82266,0.01277473010122776,0
Q9FJV9:Q9S9X6,0.013690087012946606,0
Q9C5C4:A0A1P8BH47,0.0009185202652588487,0
Q9SRE6:Q9LMM5,0.20085635781288147,0
A0A1P8AS86:Q8VYN3,0.0060370671562850475,0
Q0WQG8:Q9FKA9,0.0007102061645127833,0
Q8GYS0:Q9STT1,0.005914874840527773,0
B9DF92:Q9S829,0.003016122616827488,0
Q3ECR5:Q9LUA3,0.015675364062190056,0
Q9LPD9:P56788,0.0009926378261297941,0
Q9SV54:Q9MAI5,0.02054520510137081,0
Q9SSW0:Q93YQ0,0.004706768784672022,0
P0DO23:Q9FJL3,0.18025492131710052,0
Q9SJG5:Q5UBY2,0.0007457744213752449,0
Q570C0:Q9LK79,0.0032696083653718233,0
Q9FGJ3:Q93Y22,0.12995734810829163,0
Q9M8T3:Q0WQA4,0.001472008298151195,0
Q9LQS7:Q9LK19,0.00642351945862174,0
O80603:Q37001,0.003708506003022194,0
F4KCZ1:Q8S8E8,0.013090277090668678,0
Q3ECY3:O24617,0.0008051511249504983,0
Q84WV9:F4IT95,0.0016095780301839113,0
Q9FHF5:A0A1P8BBB8,0.0007744957110844553,0
Q9FMR0:Q6E297,0.0010620845714583993,0
F4ID24:Q58G10,0.002105985302478075,0
Q94C26:Q08891,0.0012450263602659106,0
O64640:Q67Y04,0.0012704916298389435,0
Q8S9J2:Q8LFB8,0.0018447664333507419,0
O49698:Q9XGZ2,0.004453480709344149,0
Q8GXC7:O82197,0.011455738916993141,0
Q9SYP2:Q0WV78,0.0061225551180541515,0
B3H5T1:Q9SFX3,0.01772007904946804,0
Q9CAP2:O80480,0.004205693490803242,0
Q39238:Q9CAN3,0.010489935986697674,0
B3H797:Q9SJ29,0.0023740201722830534,0
Q9M0C5:B3H713,0.0016604893608018756,0
Q9LT31:A0A1P8B5H9,0.0010848896345123649,0
Q9C9U0:Q93ZN4,0.005992006044834852,0
Q8S8E8:Q56Y42,0.0013713504886254668,0
Q940Q3:A0A1P8B5I4,0.0007620402029715478,0
Q1H5D2:O49292,0.012630204670131207,0
Q9FYE3:A0A1I9LTJ3,0.0033783160615712404,0
Q9SJN2:Q8H0W0,0.023922454565763474,0
Q1PEE4:B3H4V4,0.0011352874571457505,0
F4IIL3:O80535,0.005587356630712748,0
Q93ZN3:P17839,0.002824576571583748,0
Q9FGW2:Q9LHP2,0.0013034781441092491,0
O22244:B3H6U9,0.0006906986236572266,0
O64562:Q9FNR0,0.003632548963651061,0
Q9C507:O23384,0.008797168731689453,0
Q96251:Q9SZG4,0.002959043951705098,0
Q9M282:Q9FHZ7,0.000595235382206738,0
Q9LZ97:Q94AG2,0.11870887130498886,0
Q9SN67:F4JR37,0.0019515507156029344,0
Q9FFU3:F4HWK0,0.019689781591296196,0
Q9SUZ4:O80470,0.0011350013082847,0
Q8LBN4:Q8LE51,0.009246411733329296,0
Q00IB6:O64470,0.015335405245423317,0
Q9LMK5:A0A1I9LT28,0.0019623134285211563,0
Q3E918:Q9T0A4,0.000700869073625654,0
Q9SYA7:Q9C6V2,0.0008133387309499085,0
P0C7Q8:Q9S7H5,0.007991255261003971,0
Q9FM80:Q9M843,0.0006567978416569531,0
Q9FZK5:Q9SVW0,0.0013323234161362052,0
Q9SU34:Q9FLD3,0.005515490658581257,0
Q84WL4:Q9SW80,0.000971395056694746,0
B3H434:Q8L5Z0,0.000753740023355931,0
Q9LVM2:P46014,0.004578720778226852,0
O23006:O64733,0.0009898024145513773,0
Q9FHI6:Q8LCH5,0.01129626389592886,0
Q9S829:F4JWB9,0.002652230905368924,0
Q9LZE2:Q2V483,0.002522110939025879,0
Q9M1X2:Q9C9A0,0.0029263230971992016,0
Q45GG6:Q2V323,0.001121646724641323,0
Q9M0G0:A0A1P8AXA3,0.000709276064299047,0
Q1PET7:Q93ZM9,0.0017961784033104777,0
Q9SVH8:A0A1P8APR3,0.0006022992893122137,0
Q8LGG0:Q8GW27,0.003853981150314212,0
Q9LTT3:Q1G3X9,0.045939620584249496,0
Q9LDI9:O22152,0.005450215190649033,0
O04005:A0A1P8BFS0,0.0020875760819762945,0
F4JZZ1:Q9C790,0.012818731367588043,0
O48704:Q39191,0.024895397946238518,0
Q8L844:Q2V4C3,0.0011171352816745639,0
F4JNI7:Q9C9W9,0.0014659734442830086,0
F4K719:Q9FFG6,0.0007219640538096428,0
B3H4R7:Q8RXG5,0.001935874461196363,0
B3H555:Q1G390,0.0008538986439816654,0
Q9LS90:Q8VXZ0,0.0011442190734669566,0
Q9ZT42:Q3EC43,0.0022795689292252064,0
Q9SPI1:Q9SKB2,0.03845221921801567,0
F4K4M9:Q9S9T8,0.011047706007957458,0
Q9LYM3:Q4VP08,0.0007233197684399784,0
F4JVA4:F4HRC0,0.00904838740825653,0
Q8VY16:Q9ZQC8,0.00349035463295877,0
Q7X6Y7:Q9M9C8,0.02661452256143093,0
O80885:Q8VZB2,0.2653634250164032,0
Q500W8:F4JXP4,0.0010987065033987164,0
Q39233:Q9LX28,0.0009206388494931161,0
O04294:Q9FGP1,0.0013578339712694287,0
Q29Q74:Q1G3L1,0.20910969376564026,0
Q8LGE9:Q9FI57,0.0007369084632955492,0
Q3ECM9:Q500W7,0.001036101602949202,0
Q9C788:Q9LZ86,0.0031423282343894243,0
F4IJR9:F4JZH9,0.00103052391204983,0
A0A1I9LRZ5:F4J687,0.0020101224072277546,0
B3H635:Q9ZQ60,0.001179668353870511,0
Q9STS7:Q5S502,0.0011335972230881453,0
Q8LCN1:Q9SK53,0.0032654900569468737,0
Q8RW90:F4HVW5,0.0017021064413711429,0
Q8LB54:Q94AJ9,0.027711892500519753,0
P46014:Q9SH31,0.0022121767979115248,0
F4IMA4:Q9LV99,0.0010311243822798133,0
Q9XI19:Q8RX36,0.04905814677476883,0
A0A1P8APR3:Q8GZ75,0.000593355973251164,0
Q940R4:A0A1P8AQP2,0.007352200336754322,0
P56801:O81057,0.0029302455950528383,0
Q9LF27:O82812,0.14045356214046478,0
Q9FII6:O49653,0.007572815753519535,0
P93755:Q9LP80,0.02267170324921608,0
Q93YN4:A0A1I9LT67,0.0006062317406758666,0
Q570R7:Q9C8L6,0.02121528796851635,0
Q9SUM3:Q9SJJ0,0.004119107965379953,0
Q9SK69:Q9LSS7,0.1339416801929474,0
Q9STR4:Q9MA50,0.005606275051832199,0
C0LGM1:B3H6P5,0.0017496355576440692,0
A0A1P8B5I4:Q8GYP4,0.0007556797354482114,0
F4JM51:F4J0D0,0.021916834637522697,0
O81051:Q9ASQ2,0.005040905438363552,0
Q67ZU1:Q9LT48,0.0023508556187152863,0
Q9M0X0:Q3EBI7,0.026242224499583244,0
Q9LST3:Q9SRP6,0.0022142899688333273,0
Q8GY11:Q9STG3,0.0018121622269973159,0
Q94BN0:B3H4U3,0.00214231014251709,0
F4JGI4:O22287,0.000974968948867172,0
Q39227:F4ITL6,0.002764679491519928,0
Q93ZM9:O48721,0.0025761586148291826,0
F4JC91:Q9LTV9,0.005255125463008881,0
B3H7C4:P26288,0.002780019771307707,0
Q9LUU5:Q9FG97,0.0024206105154007673,0
Q94C53:Q9M9C5,0.008560883812606335,0
Q9XFD1:Q9ZR37,0.09240056574344635,0
Q5XVB7:Q93VH1,0.0011497499654069543,0
Q56WD9:Q8L7M3,0.0060234977863729,0
Q2UVJ5:Q9SIS2,0.001096781576052308,0
Q9LEW7:Q9ZWB4,0.0027957467827945948,0
Q8GXR6:Q1G3V9,0.0014136884128674865,0
F4I1S7:Q949R9,0.0029411029536277056,0
Q94AX3:Q9SYH1,0.0018460600404068828,0
P0DN98:F4K1C7,0.0010403163032606244,0
Q9SKI1:Q9MAP3,0.00121019734069705,0
Q3C1C7:O80961,0.0022564497776329517,0
A0A1P8AQU8:F4IAF4,0.0006525323260575533,0
Q9CAL3:Q9SIZ6,0.007384404540061951,0
O80535:Q8L981,0.008557786233723164,0
Q4VNZ6:Q84WV9,0.0030860069673508406,0
F4KAV2:Q8W234,0.0021650372073054314,0
Q9M2R3:Q9CAA4,0.0018661186331883073,0
Q9SK39:Q9C749,0.009137011133134365,0
A8MS81:Q9SIW1,0.0016848224913701415,0
Q66GP9:O64837,0.001980060478672385,0
Q8W3M6:Q9LDF5,0.09265055507421494,0
Q9SIV0:Q9S9X7,0.001229223795235157,0
Q9ASQ2:O64560,0.07881384342908859,0
Q38832:Q9SJZ3,0.008066961541771889,0
Q9S7M2:A0A1P8BAC6,0.0011787923285737634,0
F4IS76:Q8VZ95,0.003773115575313568,0
Q9LV38:Q5XV94,0.002181464107707143,0
Q93V43:F4K2R6,0.010332737118005753,0
A0A178W7H0:F4K0T3,0.0009779370157048106,0
F4IG63:Q8LGG0,0.014595630578696728,0
Q8GWK1:Q9T075,0.005784452427178621,0
Q9LFE3:Q9LJF5,0.0013684924924746156,0
Q9LQ74:Q945P2,0.001141682849265635,0
Q9LVG8:Q3MV14,0.004369227681308985,0
Q9SYL9:A0A178UN96,0.0008596667903475463,0
A0A1I9LLN7:Q9LK55,0.0016824625199660659,0
F4HTT8:Q9FJ70,0.001729578129015863,0
Q9LMT2:Q9C8D1,0.009709573350846767,0
A1L4Y1:Q8LBB7,0.05366133525967598,0
Q58FY7:Q9ZW84,0.002541037043556571,0
O49292:Q9SGT0,0.0011517588282003999,0
A0A384L1W6:Q9SII1,0.0008938063983805478,0
B3H4V4:Q9FF13,0.0033216681331396103,0
O80568:Q9M903,0.012495092116296291,0
P92534:Q2V4I9,0.0005801615188829601,0
Q8GY84:Q93ZB0,0.0015150411054491997,0
Q04613:Q93ZE3,0.0019883238710463047,0
F4JGU2:A0A1I9LQ53,0.000989806721918285,0
Q9SMZ2:P0DKG4,0.003240023273974657,0
Q8L493:F4K739,0.005842519458383322,0
Q93YQ0:A0A1P8AXR7,0.0009101535542868078,0
Q8L5W8:O23684,0.0018472468946129084,0
Q8L475:Q9FM73,0.0006763475830666721,0
F4IP00:P49177,0.0012188715627416968,0
F4JN77:Q9LV43,0.0026229340583086014,0
Q9LXP4:Q9FF62,0.04282502457499504,0
F4KIT4:A0JQ12,0.002037999453023076,0
Q41220:Q8LBN4,0.0016654381761327386,0
A0A1I9LTE5:P59231,0.009354832582175732,0
Q9FGR7:Q9C9N6,0.0031358078122138977,0
Q9FK30:Q17TI5,0.0021473176311701536,0
Q9C717:Q39266,0.009855508804321289,0
Q42381:O23157,0.004902973305433989,0
B3H4Z7:A0A178W7H0,0.0010416994336992502,0
Q1PF74:B3H7H1,0.024342689663171768,0
F4HPF4:Q9M9Y4,0.013834110461175442,0
F4I5G3:Q6NPF8,0.0009465259499847889,0
Q84WK2:Q9SV72,0.0027696103788912296,0
F4HTE0:Q06738,0.005900051444768906,0
Q9SH31:Q8W109,0.001437483006156981,0
F4J1T4:Q2V452,0.027515489608049393,0
Q93XM6:Q9FGR2,0.008606918156147003,0
Q9M0I1:Q9M358,0.054477471858263016,0
O49608:Q8GYP8,0.1210395097732544,0
Q1G3V0:O48852,0.004157473798841238,0
F4JX46:Q9FMR0,0.0017083522398024797,0
Q6NNH0:Q9LUK1,0.04628927633166313,0
Q9SV11:Q9LW77,0.02349330298602581,0
Q9ZVC7:Q9T0B1,0.0008544567972421646,0
Q9XHZ8:Q9ST43,0.00960745383054018,0
Q0WRE7:Q58FT9,0.0007768804207444191,0
Q9FF72:F4JNB3,0.0006520602619275451,0
Q9SRS1:Q5S4X7,0.0008142894366756082,0
Q9SHJ6:F4I9P7,0.006653414107859135,0
Q56YT7:Q9LF60,0.0014336338499560952,0
Q94F04:Q9SZV3,0.007507120259106159,0
Q6ID72:Q94BZ5,0.0013920111814513803,0
Q0WVN5:Q9LZQ2,0.0009561443002894521,0
O49730:B3H6N4,0.0007102644303813577,0
Q8LBA6:Q9FJ82,0.04783893749117851,0
F4I3C6:C0LGN2,0.0014851422747597098,0
Q9LZP9:Q5XVB7,0.0011327778920531273,0
Q8LA53:Q9LF70,0.003504709107801318,0
Q05762:O23247,0.13754750788211823,0
Q9SU72:A0A384L363,0.001219753990881145,0
Q8S8P6:Q8GWK1,0.006416193675249815,0
Q8W4E1:A0A178V0E5,0.006120012141764164,0
A0A1P8AWH6:F4HQ84,0.001078051165677607,0
Q9SSP4:P43297,0.0013842008775100112,0
P43292:A0A1P8BDE8,0.0020349856931716204,0
Q2V2S7:Q9SUX0,0.0007262015715241432,0
Q9AT60:Q9SFG3,0.0010203341953456402,0
F4IJ77:Q94A68,0.008905492722988129,0
Q9M8M1:Q2V328,0.0006258378271013498,0
F4K725:Q9S7H1,0.11387224495410919,0
Q9LJW1:O82760,0.0005802232772111893,0
A0A1P8B630:Q9SYG4,0.000798025808762759,0
A8MQH8:A1L4Y4,0.003126694355159998,0
Q9FL63:Q2L6T1,0.009972604922950268,0
A0A1I9LSP4:O65514,0.0025883950293064117,0
Q94AW8:Q9M7X9,0.4065670669078827,0
F4JUM8:Q8GWY0,0.0030754453036934137,0
Q5XVA8:Q84J91,0.001038874383084476,0
Q9C6V3:Q8L475,0.0021254143211990595,0
Q9LJF6:Q67XT7,0.0010856620501726866,0
Q9LT09:Q9C6C7,0.0025340979918837547,0
Q9SB36:Q9FYL5,0.02573402039706707,0
B3H7J2:Q8GWP5,0.0012907767668366432,0
Q67YT8:Q9SRX7,0.0018578799208626151,0
Q67XG0:Q9C9H0,0.0013935111928731203,0
Q9FKU2:Q9SYQ0,0.0017048486042767763,0
A0A1P8AR64:Q9M8L3,0.0012750168098136783,0
O50039:O80513,0.003041098592802882,0
Q8LA14:Q9FGV1,0.01171357836574316,0
Q9SCX9:Q9FLN8,0.09467324614524841,0
Q9C7N3:F4IY04,0.006797818932682276,0
A0A1P8AXU1:Q9ZUN8,0.007748199161142111,0
Q9ZQ36:Q9LUQ8,0.014263786375522614,0
Q9C6Z4:A0A1P8BHB4,0.0007828734815120697,0
O22951:F4HTY0,0.06791462749242783,0
F4I7E0:Q9LNT9,0.0026826809626072645,0
Q9FE54:Q9SPE5,0.004990210756659508,0
Q8H0W0:Q9T0J6,0.019358260557055473,0
Q3E7C8:A0A1P8B3Y4,0.0009313261252827942,0
Q9LRQ0:O48915,0.0007388702360913157,0
Q9CAR0:Q8LG05,0.041861798614263535,0
F4HT43:Q9ZUV6,0.0019546542316675186,0
Q8LFL8:Q9M223,0.7831364274024963,0
Q9FN79:Q9LV21,0.007481397595256567,0
Q9ZPS7:B3H7N2,0.0007729320786893368,0
Q9LZ47:Q3S4A7,0.0012930947123095393,0
Q67ZB6:Q9SVB7,0.0021500922739505768,0
F4K329:P59263,0.30404677987098694,0
Q9C8Q4:Q9SK39,0.0013863251078873873,0
P92561:Q8H1Z0,0.0005900341784581542,0
Q9LQQ2:Q9SFV3,0.0024862901773303747,0
Q9FJV0:F4JUF8,0.0031892687547951937,0
B3H4V9:Q9FRI1,0.0007894029840826988,0
Q9LXV2:A0A1P8BF78,0.0011407540878280997,0
Q9ZNV9:Q9LUE5,0.0012287109857425094,0
Q9LQ12:Q93XM6,0.0032374218571931124,0
Q8RWC9:Q6NQM0,0.013179588131606579,0
F4K7X9:B3H4Q0,0.0007764518959447742,0
Q8LAP6:Q9FJA3,0.0006918107392266393,0
Q9LW12:Q9SZG2,0.00535384239628911,0
B3H5I6:Q8VYG5,0.0008025962742976844,0
O22161:Q9M4T3,0.029732733964920044,0
Q8LG05:F4JF14,0.013909048400819302,0
Q9C741:Q8GXB7,0.005116190295666456,0
F4I4E1:F4ICB5,0.10411639511585236,0
Q9ZT84:F4J4N3,0.005421502515673637,0
Q9LUI0:F4I8F9,0.002259663073346019,0
Q9FG97:Q9LVE9,0.0011449934681877494,0
A0A1I9LSC0:Q56YN3,0.0021985648199915886,0
P54609:Q67YR4,0.05285969004034996,0
Q8GW17:O80450,0.035292915999889374,0
O64565:A0A2H1ZEC0,0.0010678060352802277,0
Q8VYP6:Q9S9P1,0.00735333701595664,0
Q9LYB8:Q9STX2,0.0008688067900948226,0
Q9C8D1:Q9C9R6,0.008631477132439613,0
F4I7Y6:Q8GYP6,0.07082433998584747,0
Q8GWP4:Q9M237,0.0014452118193730712,0
Q945S8:Q9LIJ9,0.006857653614133596,0
F4I6H7:A0A1P8BF81,0.0013057600008323789,0
Q3EDK6:F4J956,0.008001997135579586,0
Q9SLB8:O50039,0.002268451265990734,0
Q9FK86:Q9LK61,0.0008438689983449876,0
Q9LS04:Q9LZE2,0.01673613302409649,0
Q9LUQ8:A0A1I9LTE5,0.009110316634178162,0
Q9LK65:P19172,0.0016073578735813498,0
Q9FIK6:Q9FN50,0.0016735581448301673,0
Q9LKZ3:Q9SB51,0.03335249051451683,0
Q8GYP3:Q9FMB4,0.021813243627548218,0
Q9ZR09:Q8GUT5,0.008088533766567707,0
Q9SJ29:F4JHF7,0.0009659294155426323,0
O04643:Q6NNK6,0.0007798622827976942,0
Q9SM23:Q9LIA2,0.00475253164768219,0
Q9LTY9:O48713,0.0009872036753222346,0
Q9LF70:Q9SJL5,0.0007070424035191536,0
Q8GY72:A0A1I9LPY5,0.1272551268339157,0
Q9CA46:A0A178WNP1,0.0009911541128531098,0
Q9M0X1:Q9XIK5,0.01674439013004303,0
Q8GWY0:Q8W4F1,0.00074286776361987,0
O82813:Q9M012,0.0010783885372802615,0
Q9C924:Q8RWG5,0.0033356600906699896,0
Q8VZS2:Q94AP0,0.0006146602681837976,0
P43298:F4J1R8,0.0027260729111731052,0
Q9C5X8:Q9SKH8,0.0021087219938635826,0
Q8S8Q0:Q8LGS1,0.0009413901716470718,0
F4I0Z2:Q9FLS0,0.001106406794860959,0
F4IEX1:O82162,0.003036092733964324,0
Q8W207:Q9C8L8,0.0009313439368270338,0
Q5XVD2:P35632,0.0015549469972029328,0
Q9C8T5:O64785,0.0042923022992908955,0
Q0WSU0:O80800,0.649693489074707,0
Q9LXP6:P27900,0.0019144838443025947,0
Q8LCN5:A0A1P8BH56,0.009253445081412792,0
Q9SJJ5:Q9SYP2,0.009948109276592731,0
Q94AG2:F4JKW0,0.009298336692154408,0
O49397:A0A1P8B4K5,0.006872252561151981,0
B3H5R2:O49687,0.0010206556180492043,0
B9DFU2:A0A1I9LSZ8,0.0020751438569277525,0
B3H7D8:F4IG63,0.009219114668667316,0
Q2V3K2:A0A1P8AZP7,0.0006349286413751543,0
P92964:Q94C26,0.001270467764697969,0
Q9S826:A0A1I9LT75,0.045278649777173996,0
Q8GW93:Q9FIX3,0.001873904257081449,0
Q945Q5:Q9FIZ1,0.001954213483259082,0
Q9LNF4:F4I6H7,0.0013027116656303406,0
Q9M2H7:Q9FE54,0.0009868646739050746,0
Q9FML9:Q94K71,0.0007989153382368386,0
Q8GX25:Q9FNP4,0.0021864157170057297,0
Q94B35:F4I806,0.014692801050841808,0
Q9M9H3:Q9LTX4,0.027402177453041077,0
A0A1P8B2C8:Q9M0X8,0.002096926560625434,0
Q9M358:Q9SYF1,0.12027551978826523,0
Q8L981:F4JML6,0.007484551053494215,0
Q9LRJ4:Q9FHA7,0.8447019457817078,0
O23051:A0A1I9LQG9,0.0017473831539973617,0
Q9LNC9:F4JWT7,0.004580297973006964,0
F4J7P7:Q9FJ08,0.0005937088862992823,0
Q9XIK5:Q9LZ82,0.009434393607079983,0
Q8RYD3:O65628,0.0055335587821900845,0
F4J368:O04587,0.0006898536230437458,0
Q0WPQ2:Q1G363,0.0023503312841057777,0
Q38829:F4J8U4,0.0007607206935063004,0
F4K5P3:F4I7W1,0.0009323703125119209,0
O65554:A0A1P8B0Q6,0.0006624577799811959,0
Q8VYF0:Q9SKI0,0.0013456522719934583,0
Q9T075:O81627,0.08745545148849487,0
Q9SN61:Q84JG5,0.03070063889026642,0
Q0V7S1:Q9SUM3,0.007534510921686888,0
Q9ZU92:Q0WNZ8,0.0019195255590602756,0
Q9ZR13:F4J7V3,0.0018515188712626696,0
F4JLQ2:F4HT02,0.0015385212609544396,0
Q6IDB0:Q8GW93,0.0013818866573274136,0
Q9LV70:A0A1P8B453,0.0006501473835669458,0
B3H4X6:Q9XID2,0.0008997509139589965,0
Q9ZNX9:Q29Q74,0.0013923710212111473,0
Q9LYL9:Q93WB3,0.0016997497295960784,0
Q8W4C3:F4JQS2,0.0012012996012344956,0
Q8RWG5:Q9FE25,0.0014798935735598207,0
Q9CA54:A0A1P8B1G7,0.0031489599496126175,0
A0A1P8B7F5:O65499,0.005238429177552462,0
Q8GY13:O04643,0.0015935901319608092,0
Q9FI44:Q9FN15,0.2129984349012375,0
A0A384LJI7:Q3EC23,0.0007688332698307931,0
Q9SX99:Q9ZPH4,0.0007568712462671101,0
Q9LMM6:Q9LSW0,0.01311555691063404,0
Q9LJZ4:O49195,0.0009673534077592194,0
Q9SSM3:Q9SZF7,0.008745020255446434,0
Q9LUA7:Q9SU89,0.0025571445003151894,0
Q0WUB8:O65554,0.002097695367410779,0
Q9M357:Q9XED8,0.002864351263269782,0
A2RVP7:Q9FFY5,0.0008591084042564034,0
F4JVB8:O22919,0.002151409862563014,0
B3H6I2:F4HVJ3,0.0007209548493847251,0
Q9SVG9:O24629,0.0042881048284471035,0
Q9LZP4:A0A1P8BB71,0.0008920761756598949,0
P56755:Q1G3U1,0.0009088514489121735,0
F4J631:F4I8Q1,0.025991082191467285,0
B3H4U3:Q9LF88,0.008692181669175625,0
F4JHJ3:Q9LXA8,0.0007657193928025663,0
Q9M0Q0:F4JT86,0.0015451433137059212,0
Q9ZPH4:Q9SCZ5,0.0011908557498827577,0
Q9FME4:Q9LTX0,0.011502369306981564,0
Q9M1F6:Q9M9Z2,0.000990981818176806,0
Q8LPL5:Q9SK09,0.006062848959118128,0
Q94CC1:Q9SKT0,0.0021446715109050274,0
O81057:Q8GYM2,0.014417803846299648,0
Q9SK09:Q9LRM4,0.0012114184210076928,0
Q9LQZ5:Q9XF57,0.13278403878211975,0
A8MQL5:Q9LM93,0.004235612228512764,0
Q1EBV4:A0A1P8AXB7,0.0014262328622862697,0
Q9SCU7:Q9SKI5,0.002110113622620702,0
Q9SB60:F4JTD2,0.01916617713868618,0
F4HV48:Q9FKQ8,0.006510451436042786,0
F4HRI2:O64565,0.0009872207883745432,0
Q6NMH5:A6QR85,0.005151043180376291,0
F4I6Q0:P93755,0.0014297851594164968,0
Q9ZSJ6:Q9SGS2,0.0008371094590984285,0
A0A1P8AVN5:Q9FJI2,0.0007459843764081597,0
P21238:Q93YV6,0.0962032601237297,0
Q8W3M3:F4JAZ8,0.003700472181662917,0
Q9M2N5:F4ID12,0.0023213629610836506,0
P0C899:Q9ZQH3,0.04333735257387161,0
Q1PDW1:F4IIL7,0.0018157132435590029,0
F4IIL7:Q0WR08,0.0007892512949183583,0
Q84WK0:Q96524,0.010839538648724556,0
Q8S9K3:Q9FNZ5,0.01813051477074623,0
Q8L5Z0:Q8GW32,0.009171949699521065,0
Q940G5:Q9LZC3,0.013624954037368298,0
Q9FN84:Q9C5W3,0.007758375257253647,0
A0A1P8ANT6:Q5PNU3,0.013787698931992054,0
B3H4E1:F4IZC5,0.001500604790635407,0
Q8GXH5:Q1G3L5,0.023214956745505333,0
Q8GWF2:A0A1P8AXU1,0.001452433760277927,0
Q43309:Q9FMP0,0.001061191433109343,0
Q9LV56:F4JT39,0.0008173742680810392,0
Q67XT7:Q3EDG5,0.0009097158326767385,0
Q1G3U3:Q8H1G0,0.001421919441781938,0
Q9SHG6:Q9SI42,0.005685942713171244,0
Q94K73:A0A384KZU0,0.000956739007961005,0
Q9FFX0:F4JUL3,0.000849392730742693,0
Q9LJF5:A0A1P8AM75,0.001237949007190764,0
Q9LXS2:F4JZZ1,0.0015892572700977325,0
Q9SL50:O81740,0.002828719327226281,0
Q6NME7:O80568,0.0015742125688120723,0
Q9SCT7:Q9FN33,0.0010896882740780711,0
F4HWK0:Q1PEN6,0.001070648431777954,0
Q9FMS4:B3H797,0.0015078454744070768,0
Q94F39:Q9ZQR5,0.0014457801589742303,0
Q9FIX3:Q9CAW3,0.0016965700779110193,0
Q9LV99:Q56YT7,0.008523352444171906,0
Q9LFG4:A0A178V5Q1,0.0008578155538998544,0
Q56YJ7:Q9FL02,0.000704458449035883,0
O49160:F4J412,0.010023178532719612,0
Q2V3C1:Q9M7T0,0.002077243523672223,0
P82782:B3H7H3,0.0008705571526661515,0
Q9LF34:Q949M9,0.0018956296844407916,0
F4IFT7:Q8LF20,0.0027016899548470974,0
P43297:Q8L7H8,0.001183470943942666,0
F4HQ89:Q9C969,0.009021244011819363,0
F4JDR1:B3H5J5,0.001943003386259079,0
Q9FLM1:F4J131,0.0009336679358966649,0
F4ITP1:Q9FHF5,0.004566592629998922,0
F4JU08:B3H635,0.003352851141244173,0
Q9FZ06:Q9SVZ0,0.02898690663278103,0
Q9LX31:Q9M9B3,0.0016354505205526948,0
A0A1P8ARQ1:P93822,0.0012131197145208716,0
O80607:Q9FMS4,0.002294195583090186,0
Q94AQ8:O81788,0.003533707931637764,0
Q9LYV3:P94102,0.07718377560377121,0
A0A1P8ANB8:Q570Y0,0.0009258298086933792,0
Q9LSI4:Q9ZVT0,0.010984471067786217,0
Q9FHY7:Q39079,0.02727772668004036,0
F4HP86:F4IFF3,0.00132262974511832,0
F4JPQ4:Q9ZV49,0.008032336831092834,0
Q9SN15:F4IV13,0.002782542025670409,0
A0A1P8B760:Q9M1F6,0.0008305023657158017,0
A0A178V5Q1:Q9FFS7,0.000720231793820858,0
Q9SUN6:Q9S7I7,0.000790734775364399,0
Q3E8B0:Q9SH60,0.001791076734662056,0
O80742:Q0V845,0.004250093828886747,0
Q8L7G1:Q8GWE6,0.024372568354010582,0
Q9LU86:F4JV80,0.019606927409768105,0
F4KBY0:Q9LTJ0,0.003577437251806259,0
Q0WQM7:Q9LSK7,0.031152402982115746,0
Q1PDL6:Q9LR67,0.008114775642752647,0
A0A1I9LMG4:Q9ZVF4,0.0008117358083836734,0
Q39066:Q0WP36,0.0018960390007123351,0
Q9LZ59:P92556,0.0006899984437040985,0
F4HQ84:O23071,0.0018699814099818468,0
F4JYE8:A0A178UXI0,0.0023141696583479643,0
F4KE63:Q3EB28,0.0013690473278984427,0
F4J480:Q0WUZ1,0.0015539590967819095,0
F4ID96:Q9LD83,0.0008089094772003591,0
Q9SIN9:Q8GYJ3,0.001189995789900422,0
Q94ID2:F4ICX5,0.013695048168301582,0
Q9C664:Q9ZWA2,0.010852299630641937,0
Q0WQQ1:Q1JPM3,0.0015916562406346202,0
A0A1P8BAW7:O22264,0.0021874590311199427,0
Q9SVW0:Q0V7V2,0.0009271439048461616,0
P92566:B3H5S0,0.0007355245179496706,0
Q2V371:Q9FI46,0.0009679677896201611,0
Q9LMC0:Q9SKH2,0.0022259880788624287,0
Q7Y211:A0A1P8AN89,0.001477908226661384,0
Q9FYB1:Q9LW53,0.0061461590230464935,0
Q76FS5:Q6DUW7,0.0011425900738686323,0
A0A1P8AP72:Q9FKN0,0.0013876640005037189,0
Q9FPW6:C5H8J1,0.004104601684957743,0
A0A178WK49:Q9C800,0.0010015331208705902,0
P93005:F4J921,0.00112910196185112,0
B3H7H3:Q94AQ8,0.0011532355565577745,0
Q0WP36:O22230,0.00126353045925498,0
Q8GW42:Q1PE51,0.0011947017628699541,0
Q0WVW4:Q9FKB0,0.37085872888565063,0
Q9LNW3:B3H6K1,0.0014875809429213405,0
Q66GP4:P41151,0.036347225308418274,0
Q66GQ1:Q9SAI2,0.005361413583159447,0
O64903:F4IV24,0.006487460341304541,0
Q9SPG1:A0A1P8AW76,0.007470122072845697,0
Q56Y42:Q9LV91,0.25130748748779297,0
Q9M0Y6:Q9LXJ3,0.0006282773683778942,0
Q9FI84:Q8GXM1,0.0006603652727790177,0
Q9SHV7:O82319,0.013957256451249123,0
Q07356:Q0WR66,0.0012457628035917878,0
F4IY34:A0A1I9LNB6,0.0010317625710740685,0
Q84JG2:Q8S8R6,0.007203526329249144,0
Q570Y0:Q949R4,0.0007351475651375949,0
Q9CA16:F4JLQ2,0.0044245789758861065,0
Q9XIR8:Q9SJY3,0.0023628745693713427,0
O64717:Q8GXG1,0.0010669780895113945,0
Q9FZI8:A0A1P8BDM7,0.0008716648444533348,0
Q9FHB5:Q9LUJ5,0.020660147070884705,0
P82778:Q39103,0.0007653083303011954,0
Q8GYP8:Q8L7U4,0.02585083246231079,0
B3H646:F4I5I4,0.0006592075224034488,0
Q3EBP7:Q948J9,0.0008313950966112316,0
Q9FDW0:Q5HZ03,0.004768537823110819,0
Q7Y220:A0A1P8AW86,0.0008284043869934976,0
F4JYN2:Q9SIW5,0.02150067873299122,0
A0A1I9LMB9:Q84RK2,0.001509404624812305,0
A0A1P8ANA9:F4JVF4,0.0008068833849392831,0
Q9M9Y4:Q9LTB9,0.018632477149367332,0
Q8GXP7:Q9C7T4,0.0019485870143398643,0
Q9STN5:Q3ECQ1,0.0007242744322866201,0
Q8GY46:B3H7D8,0.02684740535914898,0
Q9C9Y8:Q8RXY1,0.005266034044325352,0
Q9FH00:Q0WSF1,0.000848210125695914,0
O03982:O64757,0.007104650139808655,0
F4IZ80:Q9SY00,0.0033939871937036514,0
Q0WVW7:F4J1T4,0.0012243175879120827,0
F4HVW5:Q94KL5,0.0009658406488597393,0
Q9LM48:Q9LUD6,0.003279329976066947,0
F4IRZ1:Q9SGI7,0.0014084046706557274,0
Q9SU89:A0A1I9LNG9,0.000670335371978581,0
Q9SJH2:Q949U5,0.009599159471690655,0
Q9FYC3:Q93Z27,0.0012971481774002314,0
Q9LR67:Q9FL87,0.007334038149565458,0
Q56XM9:Q9SF89,0.002792946295812726,0
Q9SHZ9:Q9SY57,0.002942978171631694,0
Q9FMJ4:B9DHT4,0.007114678621292114,0
Q6NPL0:Q8VY27,0.002005799673497677,0
Q8GYH1:F4KE50,0.0006524615455418825,0
A0A1I9LT28:Q9SZT0,0.004090627655386925,0
Q8GT78:F4JU08,0.003240100806578994,0
B2GVM8:Q9FIT2,0.0011135638924315572,0
Q9FL51:Q8RXY0,0.0019407281652092934,0
Q9SAK0:F4IJ77,0.013555529527366161,0
A0A1I9LQW3:Q9LUS3,0.0011027997825294733,0
B6EUC0:Q9SK71,0.007935717701911926,0
F4HWD5:B3H646,0.0010534013854339719,0
Q8GZB4:Q8GWA7,0.000941276375669986,0
Q94EW8:Q9SJT8,0.002360287355259061,0
Q9LER7:Q9C519,0.0019321999279782176,0
B3H6U9:Q6NMC1,0.0008259445312432945,0
F4K6N3:Q9LZ08,0.002205675235018134,0
Q9ST43:Q9LQT8,0.0060195098631083965,0
Q9C569:Q8L7L1,0.006419034209102392,0
O48719:Q9LXU6,0.0010914341546595097,0
Q9LF88:Q9C7N3,0.07387863099575043,0
Q2V4J2:B3H5A4,0.0008071949705481529,0
Q9FUR2:Q8GXP7,0.0018217902397736907,0
Q9C8K7:Q5XVC1,0.0015160784823819995,0
F4IEL6:A0A1P8B2V3,0.0006234878092072904,0
O82328:B6EUC0,0.0011239507002756,0
F4K315:Q9FX58,0.0010079662315547466,0
Q8L7L1:Q9FI94,0.0064959838055074215,0
O23627:Q9LV81,0.0025875880382955074,0
Q9FPQ8:Q94C40,0.004158418159931898,0
P82538:F4KCZ1,0.0027745726983994246,0
Q1PEU3:Q6ID72,0.00426076864823699,0
O22783:B3H4F7,0.001030620071105659,0
Q9FUY2:Q0WT61,0.0020122744608670473,0
Q94AQ9:F4KEP6,0.0016555291367694736,0
O82381:Q9SFG6,0.0012849423801526427,0
Q9LF40:F4IP06,0.0006988498498685658,0
A0A1P8AUL6:A0A1I9LNA3,0.0007838651654310524,0
F4JU69:Q9M0Y6,0.0008925801375880837,0
Q9SW40:O81001,0.0006592225981876254,0
Q9SGS1:F4JN00,0.000705714279320091,0
Q8GYD2:Q7XHI9,0.005748359486460686,0
Q2V3X3:A0A1P8AZN3,0.0007698549889028072,0
Q0PCS3:Q9FE67,0.00835738331079483,0
Q9FT52:Q9FXF4,0.008811909705400467,0
O64560:Q9C636,0.0010540325893089175,0
P0CB19:O23051,0.001428615185432136,0
O04203:B9UY99,0.000681514386087656,0
Q6NPL8:Q84K47,0.0007126316777430475,0
Q9SZA2:Q9LDD5,0.00169551488943398,0
Q9XIM6:F4HT07,0.0007473817095160484,0
Q45GQ7:Q941I2,0.0011441720416769385,0
Q8GXV6:Q9FNB9,0.0271582193672657,0
Q9C690:Q8LAW2,0.015226909890770912,0
B3H7N2:A0A1P8B1D7,0.001968448283150792,0
Q84TK1:A0A1I9LRR3,0.005445786751806736,0
Q9LMQ2:Q9C7G4,0.0028174445033073425,0
Q00958:Q9FI02,0.00096196832600981,0
F4I4X9:Q29Q81,0.0008935585501603782,0
Q9C9Z0:Q9M1X2,0.0013584591215476394,0
F4J5F9:Q9T0L6,0.0011472447076812387,0
F4KEP6:Q8H112,0.002483191667124629,0
Q9M3F7:P62090,0.11798343807458878,0
F4J917:Q0WQF4,0.0055951401591300964,0
Q0WR08:F4I5G3,0.0006395966047421098,0
A0A1P8B801:F4K9G7,0.0014860588125884533,0
Q8LFL5:F4IR55,0.0018657727632671595,0
A0A1P8B188:Q9SVW3,0.0023901904933154583,0
Q9LT48:A0A1P8B9R8,0.0010093551827594638,0
F4I5Q2:Q38957,0.0006904209149070084,0
Q683D4:O65382,0.0025779602583497763,0
Q681K7:Q8L9R0,0.000734164088498801,0
B0F9L4:Q9SIT3,0.017825167626142502,0
P22953:Q9LXQ5,0.00177010556217283,0
Q9SPL2:Q8LG89,0.0020459394436329603,0
C0LGN7:Q9MAA7,0.0011721727205440402,0
Q9ZPR0:Q9SSS0,0.002441786229610443,0
Q8LB33:Q9FFR5,0.010334680788218975,0
Q9LPC8:Q9FWZ3,0.0018568526720628142,0
Q9LS61:Q9LJX2,0.0006952225230634212,0
Q9FRR8:A0A1P8BAY9,0.0006584303337149322,0
Q9C995:Q9LND4,0.004053711425513029,0
Q67YR4:Q9ZT17,0.03181502968072891,0
Q9LS60:Q84TK4,0.0006876994739286602,0
O48529:Q9LYE2,0.002688382985070348,0
Q9LYB9:Q8GYP3,0.03439190983772278,0
P36428:O48788,0.004159819334745407,0
Q8L4S3:Q8L925,0.00806712917983532,0
Q1G3V9:Q94A33,0.0008018841035664082,0
F4I540:Q9SV55,0.0021779926028102636,0
Q9SR09:Q9LF66,0.001340071321465075,0
A0A1P8AN89:Q38961,0.0016853325068950653,0
F4HYB6:B3H4E0,0.000610881601460278,0
Q84JP1:Q9SR00,0.010171192698180676,0
Q9SBJ1:F4J6A1,0.44395682215690613,0
F4HZH7:Q9SAC5,0.3704555928707123,0
Q8LE26:Q6PV67,0.006283028516918421,0
O04202:Q1ECQ5,0.07925080507993698,0
O81127:Q945S8,0.12813182175159454,0
Q9FHG7:Q9SCT7,0.002364958403632045,0
Q9FJ67:A0A178V0W2,0.0007254437659867108,0
Q9C7X2:Q9SKY8,0.022293364629149437,0
Q9FK45:F4IT83,0.0014105690643191338,0
Q9ZRT1:P82538,0.0033639557659626007,0
Q9C6V2:Q8VY16,0.0014541071141138673,0
Q9SX26:O64640,0.001308141858316958,0
Q8GXI9:Q4V399,0.003936611115932465,0
Q9LZ86:Q9LTT3,0.0024778430815786123,0
Q9M843:F4IS76,0.0007293112576007843,0
Q3EB28:Q7X659,0.1123930960893631,0
Q58G10:F4JMX1,0.0022151514422148466,0
Q3E9V5:F4JXC7,0.0005657322471961379,0
Q9ZT17:A0A1I9LPV1,0.0022179270163178444,0
Q8GYT1:Q9SJI7,0.0014778287149965763,0
B3H5J5:Q2V369,0.0010267803445458412,0
Q9ZVF4:F4K4M9,0.002234330866485834,0
Q9LE02:Q66GP4,0.006491615902632475,0
P92550:Q9CAP2,0.002705381950363517,0
P82735:P92564,0.0009180656052194536,0
Q9SJE2:F4K742,0.005928381346166134,0
O23247:O64698,0.03102361224591732,0
F4JGI3:Q8W420,0.0012474326649680734,0
P27202:O64399,0.001896424568258226,0
A0A1I9LRC5:Q9CAY6,0.0007046654936857522,0
Q5XV40:Q9LUC1,0.0029030516743659973,0
Q0WPG1:Q6DR69,0.0015008841874077916,0
Q9FLL3:Q0WVK7,0.4817984998226166,0
Q9C7G9:A0MFL4,0.0015856724930927157,0
F4IXJ0:Q5XVD2,0.012707431800663471,0
Q94JT5:Q9M8L4,0.05085126310586929,0
A0A1P8AMV0:Q1G3M8,0.0009645834797993302,0
Q9STE8:Q8GXF0,0.009378204122185707,0
Q9LVD0:F4IMA4,0.005986369680613279,0
Q39021:Q6DST9,0.034804459661245346,0
Q3ECP9:Q9M0W4,0.0012471511727198958,0
A0A1P8BAC6:Q58FY7,0.0006770281470380723,0
Q9STS3:A0A1I9LSP4,0.018582990393042564,0
Q9C7Z2:Q1G3F1,0.0006310822791419923,0
Q9FT92:Q9SLB8,0.007829184643924236,0
B3H4T5:Q94CB5,0.0008154750685207546,0
Q9XIA0:Q9LVD3,0.01826731488108635,0
F4J412:Q9SZZ8,0.0007178694941103458,0
Q0IGM1:F4JI85,0.0009832627838477492,0
A0A1P8AQK1:Q9C7Z2,0.0011830686125904322,0
F4IV34:Q9LUN9,0.001076276763342321,0
Q9LZ82:Q94C95,0.1687377244234085,0
Q9LM58:O48529,0.0046829953789711,0
Q9LYE2:Q8VXX4,0.05329735204577446,0
Q9CAJ0:Q9FGM9,0.010170613415539265,0
Q1G3U1:O82503,0.0010991801973432302,0
Q9FXA3:F4IEX1,0.001886158250272274,0
Q9FRI1:Q8VZG1,0.009969772771000862,0
Q9FF17:Q8GYH1,0.028646741062402725,0
O23384:Q05762,0.00914368312805891,0
F4K975:Q9SIC3,0.0012947184732183814,0
P93316:Q9FRS4,0.0010684930020943284,0
O48915:A0A1P8AQK1,0.0009441926958970726,0
Q9SGS2:Q9SAD0,0.001484657172113657,0
Q9SJW0:A0A1P8AT89,0.0024209327530115843,0
A0A1P8AWK7:A0A1P8BBZ0,0.001181917148642242,0
Q1G3F1:F4KD49,0.0020891947206109762,0
A0A1P8BGI7:F4KIT4,0.004020930267870426,0
Q9FN50:F4I9U3,0.005044430028647184,0
Q9LP37:Q39010,0.0170749481767416,0
Q9S9T8:Q9M591,0.0037112690042704344,0
Q9LUB4:Q67XK9,0.0006862127338536084,0
Q8RXT5:Q7G8T1,0.036218706518411636,0
A0A1P8B4M2:O23085,0.0009515535202808678,0
Q7XJK8:Q9XIM6,0.0012659498024731874,0
Q93ZN5:Q9CAQ2,0.017939496785402298,0
P92526:Q9LVV3,0.0014222472673282027,0
Q949U5:O23177,0.0008593524107709527,0
O23071:Q945P1,0.003880454692989588,0
Q8S8K8:Q9FG85,0.002513318555429578,0
A0A1I9LN10:Q9SV88,0.0019331936491653323,0
Q9MA50:F4I526,0.030546188354492188,0
Q9M0D8:Q9C8Q1,0.0010281713912263513,0
Q8S8I4:Q9LF53,0.07166974246501923,0
Q9LH43:A8MRE7,0.0009536260622553527,0
A0A1P8BAJ1:Q8L8Y3,0.0028768524061888456,0
Q9FMV7:Q949X1,0.0014040941605344415,0
A8MQJ3:Q9C942,0.0009659403003752232,0
F4ICS6:Q9ZVC7,0.0009328042506240308,0
O49711:O65691,0.0010528190759941936,0
Q9LW53:B7ZWR6,0.0021866613533347845,0
Q1G371:Q9SMN5,0.0013392944820225239,0
Q9C778:Q5BPG8,0.0024356250651180744,0
Q8GY88:Q9LV97,0.0008111245115287602,0
Q3E9I4:A0A1P8BBX7,0.011053422465920448,0
F4HWF9:O23647,0.002383823273703456,0
Q67Y04:Q84UU4,0.0013679926050826907,0
Q8W4F3:Q39237,0.013401145115494728,0
Q9LUN9:Q9LYC9,0.02280164323747158,0
Q9LF68:O81472,0.0010756523115560412,0
F4IG46:B3H6G9,0.0030004261061549187,0
Q9FIG9:Q84K51,0.001300955773331225,0
Q9XIQ9:Q9SHZ9,0.009684465825557709,0
O24629:P11574,0.030477672815322876,0
Q67Y03:F4K315,0.0012197420001029968,0
Q9FJN6:A0A1P8B3C0,0.0016486261738464236,0
Q7XA63:F4JRP8,0.0017048020381480455,0
A0JQ16:Q9S7U7,0.004201225005090237,0
Q93ZB0:Q8VWK4,0.0013707441976293921,0
Q9M9Z2:O65155,0.0013271006755530834,0
Q9S7P4:F4ID96,0.0007375073619186878,0
