pair_id,pred_score,true_label
P17070:P35686,0.6067333817481995,1
Q69KL9:Q6YW54,0.002650513546541333,1
P0C443:Q0DJ33,0.010563707910478115,1
Q0DJ33:Q6Z9A3,0.015233931131660938,1
Q69JN7:Q8W0F9,0.3173181414604187,1
Q2RBG8:Q852Q1,0.025107918307185173,1
Q84T78:Q851S2,0.004857741296291351,1
Q75KU4:Q75L42,0.16942961513996124,1
Q0JDK9:Q84PB8,0.0016860340256243944,1
Q10CN6:Q75G93,0.5699025392532349,1
A3AD08:Q5VNJ0,0.002582838525995612,1
Q10PT0:Q852Q1,0.013628124259412289,1
Q6EP66:Q6EP66,0.9895424246788025,1
Q18PR9:Q852Q1,0.23226909339427948,1
Q943E6:Q943Q3,0.9924293756484985,1
Q0JKF5:Q84T78,0.00550459697842598,1
Q84P95:Q9FXT4,0.028232688084244728,1
Q2QY04:Q8RZZ3,0.4488169252872467,1
Q0DEB8:Q5ZD06,0.02012554742395878,1
O82143:Q6ETL3,0.001744791748933494,1
Q94LR3:Q9AQW1,0.0009469824144616723,1
Q75KU4:Q9LGV5,0.16491807997226715,1
Q0J466:Q6Q9I2,0.9906657338142395,1
Q0JL44:Q84PC5,0.004642152227461338,1
Q6ZKC0:Q84PB4,0.1250789910554886,1
A3AD08:Q6Z2L1,0.01855548284947872,1
Q10CF3:Q53RM0,0.29192623496055603,1
Q0JCK5:Q10RP0,0.7406665086746216,1
Q6Z345:Q84PB5,0.0010455999290570617,1
Q0DJ33:Q8S6N5,0.003911997657269239,1
Q8LN25:Q9LIW7,0.0012712972238659859,1
Q53RM0:Q7XAL3,0.708835780620575,1
P12085:Q0DJ33,0.022180678322911263,1
Q0DJ33:Q0J8A4,0.15755720436573029,1
Q84PA3:Q84PD3,0.001362281502224505,1
Q0DJV6:Q6Z437,0.5942573547363281,1
Q0DJ33:Q2QTC2,0.00944779347628355,1
Q6YW54:Q84T78,0.0008732778951525688,1
Q2QNJ8:Q5Z8Y9,0.004993083421140909,1
Q10D98:Q6YZ49,0.11214525997638702,1
Q0J8A4:Q6K5G8,0.9918943643569946,1
Q06967:Q06967,0.9817478060722351,1
Q0DJ33:Q67WR2,0.023753929883241653,1
Q0DJ33:Q53RM0,0.03522425517439842,1
Q2R4A0:Q2R5L7,0.20285479724407196,1
A6N077:Q10EF8,0.5897899866104126,1
B8AN76:Q5NBQ0,0.005474932491779327,1
Q10J20:Q8W0E4,0.06149814650416374,1
Q6K3E0:Q9LI00,0.07955300062894821,1
Q0E476:Q8S1G9,0.0035077526699751616,1
Q10D98:Q852Q1,0.11383755505084991,1
B7E321:Q2R2W2,0.09842181205749512,1
Q652G7:Q9ZQW8,0.9854950308799744,1
Q10CF3:Q10D98,0.32946258783340454,1
Q0JM17:Q10N90,0.9902939200401306,1
Q6ZKC0:Q93WI9,0.2915543019771576,1
Q84PC4:Q8LN25,0.0010540703078731894,1
Q7XI96:Q84J55,0.2483617067337036,1
Q2RBG8:Q2RBG8,0.9096918106079102,1
Q0DJ33:Q6AV34,0.01453347783535719,1
Q84PC5:Q84PD9,0.01858506165444851,1
Q0DIT6:Q6YW54,0.002709175692871213,1
Q10CF3:Q9LI00,0.04837248474359512,1
Q6L545:Q7G7J6,0.027988363057374954,1
Q6ZFU6:Q6ZFU6,0.9933635592460632,1
Q60F23:Q9SXG8,0.005265565123409033,1
P93431:Q6ZKC0,0.3227546513080597,1
A3AD08:B9G4B3,0.11662755161523819,1
Q6H436:Q6H436,0.986532986164093,1
P14614:Q84PD3,0.010916760191321373,1
Q10J20:Q69Y99,0.017087271437048912,1
P0C5B2:Q10CQ1,0.9739736914634705,1
Q0DJ33:Q0JJS8,0.006890596356242895,1
Q10M74:Q67UK2,0.03424715995788574,1
Q2RB31:Q7XR00,0.004531822632998228,1
Q33BE1:Q6K9C3,0.9918851852416992,1
Q2RB94:Q852Q1,0.33193621039390564,1
P07728:Q84PD3,0.015741847455501556,1
P14656:Q8S7W1,0.0024973477702587843,1
Q0JL44:Q6K439,0.023315517231822014,1
Q10CF3:Q852Q1,0.5851095914840698,1
Q10CQ1:Q9XJ66,0.9783749580383301,1
Q5JK84:Q6YW54,0.008890370838344097,1
P37832:Q0DJ33,0.03174581006169319,1
Q2QQD9:Q7XBR2,0.41471344232559204,1
Q6H545:Q6H545,0.9881219863891602,1
Q40680:Q9ZRI7,0.49001970887184143,1
Q6H852:Q9LSU3,0.9900519251823425,1
Q06967:Q84PD5,0.19103020429611206,1
Q6YYW3:Q6YYW3,0.9927817583084106,1
Q0E476:Q10SR3,0.11593311280012131,1
Q6H6T1:Q84P71,0.03601114824414253,1
Q0D6M1:Q6Z6G6,0.1574259251356125,1
Q0JBH9:Q942J6,0.004119297955185175,1
Q3HRP0:Q9LGV5,0.10606113821268082,1
Q0D8Z1:Q10E61,0.19090630114078522,1
A3AD08:Q5VPH3,0.002108606044203043,1
Q6H6T1:Q9AUW2,0.03355247899889946,1
Q5VRY1:Q6Z6L5,0.9911460876464844,1
Q0DWG8:Q2QQD9,0.327756404876709,1
O82143:Q7XW88,0.00725304102525115,1
Q0DJ33:Q6F2U9,0.010540097951889038,1
Q5J4W4:Q7XXS4,0.18610303103923798,1
Q10CF3:Q8W0E4,0.06694038212299347,1
Q6K9C3:Q6YW54,0.0022723411675542593,1
Q851Y9:Q8LMR3,0.03002854622900486,1
C7IZ16:Q5U9F2,0.9810144305229187,1
Q84PA9:Q8LN25,0.010598988272249699,1
P0C355:Q0DJ33,0.060366082936525345,1
B9FSH5:Q0DJ33,0.004773300141096115,1
Q6K8Z1:Q84J55,0.29359492659568787,1
Q0IQF7:Q6ER85,0.002277728170156479,1
Q6Z345:Q84PB6,0.012793788686394691,1
Q0E476:Q7X9A8,0.9680714011192322,1
Q0D541:Q6Z437,0.8809110522270203,1
Q10D98:Q2QWJ9,0.02264043129980564,1
Q7XQY5:Q8S0Q9,0.07447594404220581,1
Q2QQD9:Q33BE1,0.09506625682115555,1
Q6H4V8:Q9ZQW8,0.014778057113289833,1
Q0J466:Q40704,0.9849748611450195,1
Q0DJ33:Q7XUW5,0.03300221636891365,1
Q2QX01:Q943E6,0.30268070101737976,1
Q7F7I7:Q7X8P2,0.25724050402641296,1
P25776:Q6Z437,0.2960660457611084,1
Q6YWQ2:Q84T78,0.002981859492138028,1
Q10N20:Q69Y99,0.3506793677806854,1
Q84PB1:Q9FXT4,0.006195350084453821,1
Q6Z437:Q84P58,0.389853298664093,1
Q0DJ33:Q6Z4A7,0.008664107881486416,1
Q84PA4:Q8LNI5,0.11326668411493301,1
Q53RM0:Q7XQN4,0.01690000854432583,1
Q2R1M8:Q652G7,0.9879481196403503,1
Q2RB94:Q69W36,0.7319895625114441,1
Q6ER94:Q7XKD0,0.36876899003982544,1
Q84J55:Q84P73,0.6376420259475708,1
Q84PD2:Q9AY63,0.004648228641599417,1
Q75M01:Q75M01,0.9743008613586426,1
Q84P93:Q8LNI5,0.02654005028307438,1
Q6ZKC0:Q84PC0,0.005436487961560488,1
O64464:Q7XXS4,0.014271445572376251,1
Q0DEB8:Q7XTE8,0.20470865070819855,1
Q651E8:Q7G6D7,0.05503930523991585,1
Q6K9A2:Q9SSX0,0.004059873055666685,1
Q0JBQ0:Q5VRV7,0.032380975782871246,1
A3AD08:Q6Z437,0.22009603679180145,1
Q6EUP4:Q8S7W1,0.1953454315662384,1
Q2QZ01:Q6Z7V3,0.9859833717346191,1
Q0DJ33:Q7XPL2,0.007754277437925339,1
Q6H6T1:Q84P90,0.0395180881023407,1
Q40682:Q84PD6,0.0661533921957016,1
Q7X6B6:Q851Y7,0.0013586595887318254,1
Q6H7A7:Q7X8R5,0.05896073579788208,1
Q5ZD06:Q6K6Z3,0.15363936126232147,1
Q2QWJ9:Q8W0F9,0.013252082280814648,1
Q40682:Q9ZRI7,0.4993515908718109,1
Q6Z730:Q6Z730,0.9808079600334167,1
Q7XPV9:Q7XPV9,0.9908266067504883,1
Q10CF3:Q8W0F9,0.11626753956079483,1
Q0DJ33:Q8H8T0,0.016560079529881477,1
A3AD08:Q6ER85,0.011849867179989815,1
P07728:Q7F2P0,0.004410787485539913,1
Q6K8J4:Q9SXG8,0.004063595551997423,1
Q2QWJ9:Q2QWJ9,0.981074333190918,1
B9G2C8:Q0DWG8,0.9718940854072571,1
Q3HRP0:Q6H7U5,0.03583598881959915,1
Q69Y99:Q9LGE6,0.3622922897338867,1
Q5ZCD9:Q6YW54,0.004718833602964878,1
Q2QYP1:Q2QYP1,0.9026266932487488,1
A3AD08:A3AD08,0.9570034146308899,1
Q0E476:Q2QQD9,0.003604202065616846,1
Q688X1:Q69W36,0.5689916014671326,1
Q67X79:Q6K4K9,0.8315445184707642,1
O82451:Q0DJ33,0.020234351977705956,1
Q0DJ33:Q6Z382,0.14508871734142303,1
Q40704:Q9SAR1,0.9867040514945984,1
P0C389:Q0DJ33,0.020107463002204895,1
Q2QYD2:Q7XR00,0.004493515472859144,1
Q0DJ33:Q6Z2T6,0.05532662943005562,1
Q7XXS4:Q8H3E5,0.002916305558755994,1
Q2R2W2:Q69IL4,0.16110888123512268,1
Q40702:Q944S9,0.9723241925239563,1
Q67VA4:Q6L5B1,0.037342749536037445,1
Q0J466:Q5K4R0,0.9428805708885193,1
Q0DJ33:Q2R1U4,0.018016623333096504,1
Q2QQD9:Q6K7E9,0.07185656577348709,1
Q0E476:Q67W29,0.004773284774273634,1
Q6H7U5:Q75KU4,0.04654510319232941,1
Q2QY04:Q9FXT4,0.012669972144067287,1
Q0E476:Q6ETX0,0.9774927496910095,1
Q0J2C6:Q851Z6,0.4624921381473541,1
Q336R3:Q7XU27,0.5215781927108765,1
Q0JLP9:Q75V57,0.07848923653364182,1
Q0E2S4:Q10L32,0.36675748229026794,1
Q0JBQ0:Q5VRY1,0.08324296772480011,1
Q9LGU6:Q9LGU6,0.9807623028755188,1
Q5QNB8:Q7XI96,0.0749458521604538,1
Q84PD4:Q84PD8,0.0024390274193137884,1
Q0DJ33:Q5Z974,0.0922945961356163,1
Q2R0Q1:Q8RZX9,0.11766403168439865,1
Q65WT5:Q69UI8,0.9607598185539246,1
A3AD08:Q851Y7,0.0011103589786216617,1
B9G9X3:Q10S67,0.47276678681373596,1
Q0J466:Q10CQ1,0.9906978607177734,1
Q0DEB8:Q10CQ1,0.9885406494140625,1
A0A0P0WL76:Q7XUV4,0.15893319249153137,1
Q3HRP2:Q9LGV5,0.21168683469295502,1
Q0DJ33:Q0JM17,0.012171365320682526,1
Q2QWJ9:Q7XXS4,0.0026211857330054045,1
Q6YU05:Q8LQQ2,0.020337067544460297,1
Q2R1D5:Q7XI96,0.01971525326371193,1
Q10CF3:Q7XXS4,0.052815165370702744,1
Q6EU39:Q9XJ66,0.9795383810997009,1
Q2QY33:Q6ZJR6,0.9485670924186707,1
Q6ER94:Q70G58,0.5922444462776184,1
Q84PB7:Q8S7W1,0.0028015924617648125,1
Q5VRZ6:Q84PD3,0.011859826743602753,1
Q7XKR9:Q944S9,0.059395816177129745,1
Q5Z859:Q7XPY2,0.03297572582960129,1
Q2RBG8:Q7XDC8,0.036648768931627274,1
Q5Z8L1:Q65XV7,0.9452183842658997,1
Q69WI0:Q7XHZ0,0.014381694607436657,1
P0C5B2:Q6EU39,0.9844784736633301,1
Q7XHQ8:Q7XHQ8,0.9820963144302368,1
Q5Z8Y9:Q5Z8Y9,0.9891557693481445,1
A3AD08:Q5VS59,0.0007446028757840395,1
A3AD08:Q69XL1,0.0030096364207565784,1
Q84J63:Q9FXT4,0.0014243802288547158,1
Q0JM17:Q652G7,0.9849528670310974,1
Q0JHF1:Q6AVM5,0.9771310687065125,1
Q40677:Q6ZKC0,0.051166798919439316,1
Q0DJ33:Q10P60,0.03300882875919342,1
A3C4S4:Q0DJ33,0.03802978992462158,1
Q0JCT1:Q6L4L4,0.24268822371959686,1
P40392:Q0JL44,0.4488901197910309,1
Q6L506:Q6ZKC0,0.10195614397525787,1
Q10C73:Q7XXS4,0.01168410386890173,1
A6N077:Q9ZWR4,0.0017900476232171059,1
Q10D98:Q6AV18,0.03049520030617714,1
Q8W0F9:Q8W0F9,0.9863079190254211,1
Q6ZIX2:Q84PC4,0.3730659484863281,1
Q06967:Q6ZDF3,0.2742302119731903,1
A3AD08:Q10HD0,0.0037958496250212193,1
Q40704:Q84P62,0.024829139932990074,1
P93431:Q0DJ33,0.011509648524224758,1
Q6Z437:Q84P96,0.27012380957603455,1
Q0JL44:Q84PA0,0.585442066192627,1
Q6H6T1:Q84P66,0.14068956673145294,1
H2KWD9:Q9ZQW8,0.973881721496582,1
Q6EU39:Q7XUN2,0.9934362769126892,1
Q0E4Q5:Q10CF3,0.033147748559713364,1
Q84PC4:Q84PD3,0.001844800659455359,1
Q6H6T1:Q84P64,0.03149459883570671,1
Q4W8D0:Q4W8D0,0.9935343861579895,1
Q84PB7:Q8LN25,0.0025295105297118425,1
Q84PD3:Q8S7W1,0.0016874180873855948,1
A3CAL5:Q4W8D0,0.03191728889942169,1
Q10BA8:Q6H6T1,0.5015419125556946,1
Q0D8Z1:Q6Z9X3,0.01854664646089077,1
B9GC17:Q7F0R1,0.09386520832777023,1
Q0JBH9:Q84P79,0.003217620076611638,1
Q6H7J5:Q6YZ49,0.9573931097984314,1
Q6K4N0:Q6YW54,0.0035846855025738478,1
Q0DJ33:Q84Q77,0.0682276040315628,1
Q06967:Q84P65,0.33277276158332825,1
Q651E8:Q65WV2,0.41554537415504456,1
Q6Z437:Q84PB0,0.8797287940979004,1
Q84PD0:Q9FXT4,0.09642061591148376,1
Q2RB59:Q8H2X8,0.5810452699661255,1
P93411:Q53RM0,0.29040461778640747,1
Q852Q1:Q8L5K0,0.060557056218385696,1
Q33DK1:Q7XM13,0.033188413828611374,1
Q6Z4K6:Q7XHQ8,0.0534934401512146,1
Q5Z8L1:Q9SDK9,0.35391199588775635,1
Q6K8R6:Q6K8R6,0.984581470489502,1
Q7XHZ0:Q8H7Y6,0.6129671931266785,1
Q6H7A7:Q9LST9,0.09468907117843628,1
Q84PD3:Q9LIX1,0.002624500310048461,1
Q0E476:Q2QY04,0.0028142225928604603,1
Q84Q72:Q943E6,0.9929611086845398,1
P28757:Q7XTY9,0.6926746368408203,1
Q10D98:Q6L4F8,0.511120617389679,1
Q84J54:Q8LN25,0.07862947881221771,1
Q6YW54:Q9ZQW8,0.0011465750867500901,1
Q5JK24:Q5JK24,0.9909481406211853,1
Q10CF3:Q69IL4,0.23686467111110687,1
Q0DKY4:Q9LGU6,0.9696958661079407,1
P12330:Q652K1,0.10831921547651291,1
Q0E4Q5:Q2R2L6,0.003876263275742531,1
Q06967:Q69IL4,0.16823206841945648,1
Q6PL11:Q7G6D7,0.1435258686542511,1
Q6H6T1:Q9ZRI7,0.09137123078107834,1
P20698:Q7F2P0,0.0013056679163128138,1
Q2QYF3:Q75I13,0.5516769289970398,1
P41095:Q69UI8,0.9569383859634399,1
P0C477:Q0DJ33,0.00196329178288579,1
Q0JM17:Q0JM17,0.9911584854125977,1
Q6ZKC0:Q84P83,0.07167669385671616,1
Q84P97:Q9FXT4,0.0048743365332484245,1
Q6H7H9:Q9FXT4,0.01726870983839035,1
Q6EU39:Q6Q9I2,0.9912625551223755,1
Q0JL44:Q10D34,0.030817244201898575,1
P46265:Q0DJ33,0.030653104186058044,1
Q2R2W2:Q2R2W2,0.9841116070747375,1
Q7XXR8:Q851Y9,0.003908535931259394,1
Q0DJ33:Q75I93,0.0050114719197154045,1
Q8LR62:Q8LR62,0.9884954690933228,1
Q0DJ33:Q6L506,0.05193575099110603,1
Q6AV18:Q6YZ89,0.003520427970215678,1
Q0DWG8:Q10D98,0.006605921778827906,1
Q0E2S4:Q84P58,0.3385580778121948,1
Q10CQ1:Q9SAR1,0.9904075860977173,1
Q0JM17:Q5JK84,0.9912668466567993,1
Q5W6S3:Q5Z8Y9,0.03198244050145149,1
P93438:Q9LGU6,0.9602369666099548,1
Q0DEB8:Q6EU39,0.9919927716255188,1
Q5VRY1:Q6EUK0,0.1402779072523117,1
Q2R2W2:Q7XI96,0.17290659248828888,1
Q10D98:Q9LST9,0.005043921526521444,1
Q0DJ33:Q2QX01,0.005720861256122589,1
Q40680:Q5Z627,0.5106353759765625,1
Q6H7J5:Q9SDK9,0.7506280541419983,1
Q0JBH9:Q6AVV1,0.004951616749167442,1
Q6EUP4:Q6EUP4,0.9762358069419861,1
Q10CQ1:Q7XUJ5,0.0241395290941,1
P49030:Q7XHQ8,0.04076222702860832,1
Q6EU39:Q6Z6W2,0.9548064470291138,1
Q0DJ33:Q84TA3,0.03411499410867691,1
Q0DEB8:Q2QW53,0.9861335158348083,1
Q33BE1:Q6YW54,0.00401739776134491,1
Q0DJ33:Q75W16,0.010175657458603382,1
Q2R4A0:Q339M7,0.0029815437737852335,1
A6N077:A6N077,0.986182689666748,1
P0DKK8:Q2QQD9,0.11450685560703278,1
O82143:Q6ZD28,0.018202396109700203,1
Q0DJ33:Q6K2E8,0.02934959903359413,1
Q7XXS4:Q852Q1,0.07555150240659714,1
Q0JBH9:Q84P81,0.015901295468211174,1
Q6YX88:Q6ZA50,0.9279775619506836,1
P0C5B2:Q9XJ60,0.9919576644897461,1
Q84P60:Q84PD5,0.019203027710318565,1
P0C5B2:Q0J466,0.9832367300987244,1
Q40687:Q6YXX9,0.03077409230172634,1
Q0DJ33:Q53PC7,0.17857137322425842,1
Q10KN8:Q8W0F9,0.04032577574253082,1
Q6ZIX2:Q84P88,0.0008778837509453297,1
P49661:Q0JL44,0.3484672009944916,1
Q655G7:Q6YU05,0.17934980988502502,1
P0DKK8:Q5JKR7,0.20975928008556366,1
Q67U94:Q7XHZ0,0.9186925292015076,1
Q0DJ33:Q6ATS0,0.028683174401521683,1
Q0JM17:Q6YW54,0.00936509482562542,1
Q0JD14:Q6ASR0,0.15183961391448975,1
Q10CQ1:Q5K4R0,0.9080864787101746,1
Q65WV2:Q6PL11,0.6201648712158203,1
Q6ZKI8:Q84PD2,0.001420502900145948,1
Q7XI96:Q7XTE8,0.202806755900383,1
A3AD08:O64464,0.00321644963696599,1
Q65WT5:Q9LI00,0.00833689421415329,1
Q0DN94:Q7F2P0,0.000880069681443274,1
Q651Z5:Q7XTE8,0.10017228126525879,1
O82143:Q5Z6I4,0.6734417080879211,1
C7IZ16:Q2RBG8,0.0024336876813322306,1
Q5VNJ0:Q6ZIQ1,0.054716791957616806,1
Q84P63:Q84PD5,0.01424609124660492,1
Q9FE01:Q9FE01,0.988158643245697,1
O24230:Q0JDK9,0.0014920016983523965,1
Q0JBH9:Q84P80,0.004539248999208212,1
Q40682:Q5Z627,0.500176191329956,1
Q7X873:Q7XXS4,0.03731826692819595,1
Q5SN75:Q75V57,0.031967893242836,1
Q6EUP4:Q7XI96,0.18373319506645203,1
A3AAZ0:Q6H500,0.973737359046936,1
Q5VRY1:Q5VRY1,0.9900932312011719,1
Q06967:Q6EUP4,0.978009819984436,1
Q6K1R5:Q6ZL81,0.01797635667026043,1
Q0D4T4:Q6EU39,0.9910038113594055,1
Q0DJ33:Q6ATY4,0.023854315280914307,1
A2ZX50:Q5ZCV2,0.009437629953026772,1
Q5SNJ5:Q9SXG8,0.003884982317686081,1
Q7XHX2:Q7XXS4,0.007015992887318134,1
Q2QNM4:Q2QQD9,0.4735178053379059,1
Q10CX4:Q10CX4,0.9899530410766602,1
A3AD08:Q7XAM7,0.009917727671563625,1
O82143:Q2R1M8,0.8072283864021301,1
Q10D98:Q942Z3,0.01131065096706152,1
Q0J2C6:Q0J2C6,0.9926249384880066,1
Q2QYP1:Q2RBG8,0.9042200446128845,1
Q84PC8:Q9AQW1,0.0013899427140131593,1
A3AD08:Q33BE1,0.03452228009700775,1
P28752:Q0DJ33,0.05899994447827339,1
Q10CF3:Q6K2T1,0.1539679318666458,1
Q6K5Q1:Q7XI55,0.08497614413499832,1
P0C314:Q0DJ33,0.005411394406110048,1
Q2QQD9:Q6ESJ0,0.029616037383675575,1
Q5VRY1:Q9LST9,0.03349551558494568,1
Q06967:Q84P68,0.09472205489873886,1
Q2QQD9:Q2QWJ9,0.002652954077348113,1
Q2QW53:Q9SAR1,0.989625096321106,1
P14614:Q8RZX9,0.01112742256373167,1
Q0DJA0:Q53PC7,0.9107639193534851,1
Q2R4A0:Q7F0H8,0.004080339800566435,1
P46466:Q0DJ33,0.07126202434301376,1
Q0JBH9:Q0JL44,0.03617803007364273,1
Q6EU39:Q9SAR1,0.9927700161933899,1
P14323:Q84PD3,0.009334461763501167,1
Q10S58:Q5Z6F5,0.003137407125905156,1
A3AD08:P49030,0.0033375367056578398,1
Q9LST9:Q9LSU3,0.8450973629951477,1
Q9LI00:Q9LI00,0.9919174313545227,1
P12151:Q0DJ33,0.00267737521789968,1
Q8RZX9:Q94LW0,0.01738741062581539,1
Q84PB2:Q84PD9,0.013416014611721039,1
Q10R21:Q7XHQ8,0.044810857623815536,1
O80416:Q5VS84,0.3821254372596741,1
P0C500:Q0DJ33,0.01767685078084469,1
Q0DJ33:Q6H874,0.01156227383762598,1
A3AD08:Q852Q1,0.08873845636844635,1
Q40682:Q6YW46,0.48910361528396606,1
Q6K2E1:Q8LNZ3,0.9919830560684204,1
Q06967:Q2R2W2,0.9842693209648132,1
Q69UI8:Q6H764,0.9624487161636353,1
Q0E0H1:Q7XDT2,0.03175806999206543,1
Q7XN53:Q84PD5,0.004799820017069578,1
Q0E476:Q10S35,0.001974867656826973,1
P25778:Q84PD6,0.010747147724032402,1
Q10Q71:Q10Q71,0.9909799695014954,1
Q0JBH9:Q5WAB3,0.17969775199890137,1
Q84P69:Q8RZX9,0.0020067309960722923,1
Q0JBQ0:Q6K8R6,0.055603720247745514,1
Q06967:Q84J55,0.9856066107749939,1
Q06967:Q7XI96,0.19298504292964935,1
Q0DBD3:Q6YW46,0.4770734906196594,1
Q6Z6M4:Q7XXS4,0.13250084221363068,1
Q84P89:Q944S9,0.013113309629261494,1
Q3HRP2:Q6H7U5,0.0845685824751854,1
Q7XXS4:Q7XXS4,0.9939869046211243,1
Q6F388:Q6H6Q7,0.8675920367240906,1
Q0JDK9:Q8W0H5,0.07930765300989151,1
A3AD08:Q67UQ4,0.000928451307117939,1
A6N077:Q07661,0.9905279278755188,1
Q0DEB8:Q0J466,0.9921272397041321,1
Q852Q1:Q8W0F9,0.018194405362010002,1
Q0JL44:Q84P99,0.03377942368388176,1
Q0JBH9:Q6AVA8,0.013716858811676502,1
Q6Z437:Q7XPY2,0.03090677596628666,1
Q6ZKC0:Q84PC1,0.145228311419487,1
Q0E476:Q6H500,0.9765176773071289,1
A4PBL4:Q8GT06,0.14878548681735992,1
B9FSH5:Q10KN8,0.0019556381739676,1
Q69Y99:Q7X8P2,0.08932817727327347,1
Q10PZ9:Q6EU39,0.9926662445068359,1
Q10LL5:Q6YW54,0.00308396783657372,1
Q2RB59:Q75I13,0.5957012176513672,1
Q10CF3:Q10MW3,0.050027113407850266,1
Q67X81:Q6Z7V3,0.9891821146011353,1
Q0DJ33:Q84VG0,0.08508193492889404,1
A3AD08:Q2RBC6,0.0012876292457804084,1
A3AAZ0:Q7X9A8,0.9738819003105164,1
Q2QQD9:Q7F0H8,0.0050192237831652164,1
P07728:Q9AQW1,0.016090769320726395,1
Q10CF3:Q943E6,0.1224633976817131,1
Q0JM17:Q2QZ01,0.9892162680625916,1
Q2QLT8:Q65XH8,0.7326847314834595,1
A3AD08:Q2R8T2,0.10652189701795578,1
Q10N20:Q2RB94,0.5446838736534119,1
Q0DJ33:Q40687,0.18894414603710175,1
Q7GBF7:Q7GBF7,0.9936747550964355,1
Q0DJ33:Q2R8Z5,0.028117751702666283,1
Q0JBH9:Q5Z8V8,0.007578629534691572,1
Q10D98:Q10N20,0.5548359751701355,1
Q6ZKC0:Q943W1,0.1760210245847702,1
Q6Z6M4:Q7XHQ8,0.0026028945576399565,1
Q10D98:Q2QNM4,0.09142779558897018,1
P48494:P48494,0.9886816143989563,1
O82118:Q7X9A8,0.2765006124973297,1
Q2R1M8:Q7XHQ8,0.05923977121710777,1
Q2QQD9:Q6Z437,0.35541942715644836,1
Q7XP52:Q852Q1,0.10962940752506256,1
Q0DJ33:Q7F9I1,0.088438019156456,1
Q10CF3:Q6YX88,0.47735467553138733,1
P14323:Q9FXT4,0.013043656945228577,1
B9G2C8:Q69T30,0.981397807598114,1
Q5JK84:Q5JK84,0.9910217523574829,1
P49027:Q8L5K0,0.03355444222688675,1
Q33BE1:Q5ZCD9,0.9917053580284119,1
P27777:Q0DJ33,0.08590502291917801,1
P15280:Q0DJ33,0.016167467460036278,1
A3AD08:Q2QWJ9,0.04542326182126999,1
Q10CQ1:Q6EU39,0.9915963411331177,1
Q10MW3:Q9LGL5,0.990449845790863,1
Q5Z9J0:Q6K7E6,0.11973576992750168,1
Q0DJ33:Q10MJ1,0.004367260728031397,1
Q10CQ1:Q10PZ9,0.9901105165481567,1
Q5VNJ0:Q75I90,0.04930552467703819,1
Q0JBH9:Q84P76,0.023510104045271873,1
Q2QNJ8:Q2QQS1,0.6621047854423523,1
Q2R8T2:Q69IL4,0.9832254648208618,1
Q5ZD36:Q8S7W1,0.0036337417550385,1
O64422:Q0JHF8,0.8297426104545593,1
Q6K6Q0:Q6K6Q0,0.8475203514099121,1
P27777:Q943E6,0.9928584098815918,1
Q71VM4:Q8S7W1,0.03162098303437233,1
Q6K9U2:Q9SDK9,0.7262460589408875,1
Q84PA2:Q84PD3,0.008928980678319931,1
H2KWD9:Q5J4W4,0.3893011510372162,1
Q2QX01:Q7X6B6,0.002538371132686734,1
Q10CQ1:Q2QW53,0.971912682056427,1
Q40687:Q75WU1,0.03697555512189865,1
Q0JBH9:Q5KQN5,0.002695938339456916,1
A3AD08:Q2R1M8,0.17155633866786957,1
Q8W0F9:Q942Z3,0.010514992289245129,1
Q3HRP0:Q75L42,0.10947491973638535,1
Q5K4R0:Q6EU39,0.9283772706985474,1
Q0J466:Q6EU39,0.9926573038101196,1
Q10MW8:Q7F7I7,0.7096098065376282,1
Q8LNZ3:Q8LNZ3,0.9928879737854004,1
P20698:Q84PD2,0.0009408678743056953,1
Q0D4T4:Q0J466,0.9898619055747986,1
Q84Q77:Q943E6,0.9930675625801086,1
Q0J466:Q10PZ9,0.9928461909294128,1
Q5ZC86:Q5ZC86,0.988746166229248,1
Q0E4Q5:Q0E4Q5,0.9890764355659485,1
A3AD08:Q6YWQ2,0.001985932234674692,1
P0C2Z3:Q0DJ33,0.003978760447353125,1
Q8LNI5:Q9AUR3,0.0732877179980278,1
B9FJG3:Q0DJ33,0.021418854594230652,1
Q0J466:Q2QW53,0.9891855120658875,1
Q2RBC6:Q4W8D0,0.01536870002746582,1
P07728:Q06967,0.056325074285268784,1
Q2QYF3:Q8H2X8,0.5503268837928772,1
A3AAZ0:Q6ETX0,0.9737992286682129,1
Q10CF3:Q5VRY1,0.07316161692142487,1
Q84J55:Q84JG3,0.008085737004876137,1
Q2R4A0:Q5VRY1,0.025105997920036316,1
A3AD08:Q7XHX9,0.00819687731564045,1
Q75LD8:Q7XXS4,0.09527617692947388,1
Q6ZKC0:Q7XI96,0.21398361027240753,1
Q0E476:Q6YW54,0.0008885891293175519,1
Q0E476:Q2QWZ1,0.0036117483396083117,1
Q6H7T1:Q7EYP9,0.5798326134681702,1
P14614:Q84PD4,0.08666800707578659,1
B7F6S9:Q18PR9,0.027972513809800148,1
Q6ZKC0:Q84PB8,0.1374567598104477,1
Q6YW54:Q6YW54,0.5907760858535767,1
Q7XGS4:Q9FXT4,0.005193803925067186,1
Q0JL44:Q33BD7,0.0059304130263626575,1
B6RRX3:Q9AWX3,0.0032315568532794714,1
Q84PC5:Q8LNI5,0.016095822677016258,1
Q7XHZ0:Q84MN7,0.6620392203330994,1
Q10CH5:Q689G9,0.008873273618519306,1
Q10S58:Q8W0E4,0.909667432308197,1
Q5VNJ0:Q7XXS4,0.004489731043577194,1
Q653Z6:Q84P90,0.06420227885246277,1
Q53RM0:Q9ZST1,0.21265339851379395,1
Q84P94:Q8S7W1,0.0014867490390315652,1
Q5VNW0:Q6ZKC0,0.1379680633544922,1
Q0D8Z1:Q7GD79,0.24439707398414612,1
Q10CQ1:Q7XUN2,0.9912465214729309,1
Q6Q9I2:Q84P84,0.0042878263629972935,1
Q10D98:Q10KN8,0.2960110604763031,1
P29545:Q40682,0.9886913299560547,1
Q84P59:Q9AQW1,0.005707150790840387,1
Q0DJ33:Q6ZD89,0.012090097181499004,1
Q6H6T1:Q6YW46,0.0808984562754631,1
O64437:Q8LI69,0.15592138469219208,1
Q0D541:Q0D541,0.9886760115623474,1
Q5ZEM1:Q5ZEM1,0.9813238382339478,1
A3AD08:Q852K3,0.012282791547477245,1
Q0DJ33:Q2QLY4,0.04360855743288994,1
A3AD08:Q0DG05,0.0009597251191735268,1
P49027:Q10D98,0.46250462532043457,1
Q7X8P2:Q9FWC4,0.05525188520550728,1
Q84T78:Q8GVY2,0.0032010176219046116,1
A3AD08:Q7XQY5,0.0028933719731867313,1
P49210:Q0DJ33,0.007305048406124115,1
Q10HD0:Q652G7,0.020395098254084587,1
Q8GVH7:Q9AQW1,0.007364821620285511,1
Q0DEB8:Q7XUN2,0.9920727014541626,1
Q5SMK6:Q5VRM0,0.021346835419535637,1
Q0DJ33:Q8H852,0.16144566237926483,1
Q0DJ33:Q6K5G8,0.1359623521566391,1
Q9SNQ2:Q9SNQ2,0.9928922653198242,1
Q0DJ33:Q6ESI7,0.005560064222663641,1
Q5JKR7:Q69UI8,0.18894875049591064,1
Q10MW3:Q10MW3,0.9923149347305298,1
P29545:Q40680,0.9894697070121765,1
Q84PD2:Q8S7W1,0.0027051172219216824,1
Q2QW53:Q6EU39,0.9892840385437012,1
Q6K6Z3:Q84PD0,0.05835522338747978,1
Q6Z345:Q84PB7,0.004687927197664976,1
Q9FXT8:Q9LGE3,0.16262118518352509,1
Q10PZ9:Q6Q9I2,0.9894148111343384,1
Q5VRY1:Q6K7E9,0.972406804561615,1
Q10CF3:Q8L5K0,0.07505664974451065,1
Q0DJ33:Q7FB12,0.004616886842995882,1
Q0DJ33:Q0J8M2,0.030812520533800125,1
Q7G7J6:Q852L0,0.36504438519477844,1
Q84JR0:Q944S9,0.006832046899944544,1
Q70G58:Q7XKD0,0.8819271922111511,1
Q0JBH9:Q84P82,0.0010670643532648683,1
Q2QQD9:Q9LST6,0.051196884363889694,1
Q7XXS4:Q9LST9,0.005769172217696905,1
P12331:Q652K1,0.11992032825946808,1
Q84PD3:Q9AVE6,0.0013574596960097551,1
Q6Z6M4:Q7EYP9,0.04662221297621727,1
O82143:Q40742,0.6767230033874512,1
Q6ZKC0:Q8S6N3,0.0194802675396204,1
Q69Y99:Q69Y99,0.9900346994400024,1
Q06967:Q9AQW1,0.633476197719574,1
Q2QQD9:Q7XZG6,0.0011440704111009836,1
Q6ZKC0:Q84P77,0.333594411611557,1
Q6YVX9:Q9LGV5,0.008661438710987568,0
Q67W82:Q6Z5I0,0.27558618783950806,0
Q53NR8:Q6ES52,0.03850334510207176,0
Q6Z2L1:Q8S0G4,0.005199200939387083,0
Q75GX9:Q6Z715,0.00807944219559431,0
B8YEK4:Q7XT97,0.12230434268712997,0
Q6ZJR6:Q8LH82,0.0033800185192376375,0
Q0IZS0:Q8H063,0.0018342504044994712,0
Q6Z9U7:Q84PD6,0.07804600149393082,0
Q339D2:Q6L4D4,0.014411387033760548,0
Q5Z818:B9FDB8,0.0009789610048756003,0
Q2RBP2:Q10K98,0.02711517922580242,0
Q5ZD08:Q65XK7,0.0013514127349480987,0
Q2R1U8:Q5Z402,0.015517562627792358,0
Q0JB88:C0LT23,0.03576544672250748,0
Q6ZIK5:Q84QC0,0.002524392446503043,0
Q2RAK2:Q7F0R1,0.08565209060907364,0
Q8S9S4:Q69S81,0.019686410203576088,0
Q2QY53:Q2RBC6,0.052981819957494736,0
Q10M29:B9GC17,0.008423044346272945,0
Q6K5P9:Q6K537,0.0012437772238627076,0
Q7XKC5:Q6ZHA3,0.13511864840984344,0
Q75M35:P51823,0.01713373325765133,0
E3VXF2:Q2R224,0.0015317857032641768,0
Q5W7C6:Q8GU82,0.0266849584877491,0
Q84T92:Q9LD61,0.011640689335763454,0
Q7XTB2:Q84UP7,0.00787111185491085,0
Q7F8R0:Q84YK8,0.0150291221216321,0
Q6L4L4:Q10N21,0.11511671543121338,0
A3AVP1:Q0J3Y7,0.004994637798517942,0
Q7XR02:Q109B0,0.04194512590765953,0
Q5QLR2:Q6K968,0.00982258003205061,0
Q69VE0:Q7XUG1,0.005272674839943647,0
Q67UX0:Q6YUS3,0.012219320051372051,0
A3CAL5:Q0DDE3,0.06086329370737076,0
Q7XQA6:Q5SMI4,0.004107268527150154,0
Q8S2A7:Q6L4N4,0.013335242867469788,0
Q6YTW6:Q0JKZ0,0.003647043602541089,0
Q10F25:Q0DZ85,0.0009304480627179146,0
Q8GU83:Q6K4V2,0.0021533360704779625,0
A3C5A7:Q5ZCC5,0.04148420691490173,0
Q5ZD81:Q5ZA21,0.004153457935899496,0
Q6EU49:Q9FRF9,0.005196788813918829,0
Q336T5:Q5VNW0,0.0014853380853310227,0
Q0J716:Q8H569,0.0042745196260511875,0
Q8LI34:P12149,0.25509458780288696,0
P0DO10:P14717,0.001262438832782209,0
B8YIE8:Q10Q26,0.011951304040849209,0
Q5SMI4:Q7XBS0,0.0039638374000787735,0
Q0JKM9:Q10EF8,0.010971302166581154,0
Q7XPZ4:Q6ZFR0,0.06814900785684586,0
Q0JA81:B6F107,0.007983192801475525,0
Q75LX9:B9EYD3,0.001248474814929068,0
A1YTM8:Q6Z528,0.0018269451102241874,0
P0DO02:Q5NAN5,0.0172647163271904,0
Q8RZB5:P12180,0.0033433698117733,0
Q8S1X8:Q75LX7,0.001827783533371985,0
Q10G40:Q69XV0,0.002763069001957774,0
Q7XKK6:Q0DWQ7,0.004808309022337198,0
Q67UU0:P0C519,0.02415974996984005,0
Q10KX8:Q6EPF0,0.06915745884180069,0
Q69UP6:Q2QN26,0.3625123202800751,0
Q0DWH7:Q94JE1,0.005934646353125572,0
Q0J709:Q8S5M8,0.011309104040265083,0
Q2R0D1:Q8W0E4,0.0010667713358998299,0
Q0JEB7:Q7X8B5,0.001591175445355475,0
Q6YX89:Q9SE42,0.1778336763381958,0
Q657C0:Q7EXZ2,0.08737029880285263,0
Q75LR7:Q8H5F8,0.042161643505096436,0
Q10Q71:P52712,0.07025911659002304,0
Q10J20:O82766,0.004501886200159788,0
Q6Z965:Q5JMM1,0.0026700247544795275,0
Q9FVZ9:Q688X9,0.0033500678837299347,0
Q7Y0W5:Q7G6Z5,0.0009043843601830304,0
Q6H641:P51431,0.2975233793258667,0
Q5W7C3:Q5NBM8,0.024474047124385834,0
Q84T08:Q0DJR9,0.0553128607571125,0
Q8LNU5:Q0J716,0.00451501552015543,0
Q6K965:Q10MX3,0.005336123052984476,0
Q53KW9:Q84J63,0.002919805934652686,0
Q69SP5:Q7F8Q9,0.31272968649864197,0
Q0D3B6:Q2R1J3,0.006795131601393223,0
Q6K8S5:Q7X7A4,0.46321144700050354,0
Q84PA4:Q8LR09,0.038173723965883255,0
Q69VR7:Q7GBF8,0.012316382490098476,0
P49398:Q948T6,0.030594361945986748,0
Q40682:Q7XR02,0.0023356666788458824,0
Q84VA7:Q6YZY5,0.0015132251428440213,0
Q8S0Q9:Q6AVI0,0.0052065132185816765,0
Q0DY59:Q6AVD0,0.005182334221899509,0
Q7XFU9:Q8W3F9,0.006509600672870874,0
B5UBC1:A3BH85,0.025706632062792778,0
Q2R3P9:Q84SC3,0.0014610979706048965,0
A0A0P0VI36:Q7XDB8,0.1268572062253952,0
Q10R54:Q8RU31,0.0014880293747410178,0
Q6ZBF6:Q8H7Y8,0.011151304468512535,0
Q8L4E9:Q7XU29,0.007292610593140125,0
Q0J705:P93844,0.04865941405296326,0
A3A8W2:Q7G764,0.003175171557813883,0
Q941Z0:B9FK36,0.022227061912417412,0
Q8RZX9:Q8LI34,0.5567116141319275,0
Q2QZF2:Q9SDI4,0.0031886992510408163,0
Q84PB8:Q852N2,0.052402473986148834,0
P0C319:Q2QN36,0.0024615207221359015,0
Q8S0Q9:Q2RB59,0.003965720068663359,0
Q9FYN7:Q94J16,0.0155970873311162,0
Q84QC0:Q10PQ9,0.0011424195254221559,0
Q5JMH0:Q7FAZ2,0.0010608582524582744,0
A3BLC3:Q0JBP5,0.18294042348861694,0
Q5VNW0:Q6YWF1,0.001911683939397335,0
Q67WE2:Q4PR42,0.009305820800364017,0
Q6Z256:A2CIR5,0.03168400749564171,0
Q4PR52:Q8LIL0,0.0026197570841759443,0
Q69U49:Q9AUR7,0.0009838113328441978,0
Q0DAS9:Q0ILZ7,0.0012271200539544225,0
Q67WJ8:Q69KN0,0.0015050576766952872,0
Q75LJ3:Q6YZW0,0.0020300503820180893,0
O64464:Q2QTY2,0.005008887033909559,0
Q6K4T4:Q0IY07,0.0015259669162333012,0
Q6EX42:Q9ST27,0.013928772881627083,0
Q2R352:Q5N829,0.003454481950029731,0
Q53LY0:Q0DWQ7,0.03792692348361015,0
Q5QM27:Q10RE5,0.0018529841909185052,0
Q851G4:Q653F4,0.001576877199113369,0
Q336R9:Q0JBY9,0.0027783005498349667,0
Q5W6S3:Q69VG1,0.0407528355717659,0
Q10EF5:Q0JAD9,0.06839942932128906,0
P0C401:Q10KN8,0.002404632046818733,0
Q6ZL43:B9FDT1,0.027283256873488426,0
P29250:Q5Z627,0.18557487428188324,0
Q8LI34:Q8S9S4,0.02538684569299221,0
Q0JA81:Q10PR4,0.0019112512236461043,0
Q6ETL3:P0DO10,0.0010932694422081113,0
Q0IRB0:Q2QM00,0.0015222970396280289,0
Q8S985:Q5JK84,0.08668601512908936,0
Q84Z01:Q6Z8M8,0.0011140275746583939,0
Q8H5F8:Q9AQW1,0.009138134308159351,0
Q8LT05:Q688X1,0.02419414184987545,0
Q0IZZ8:P0C367,0.015465542674064636,0
Q5NBI2:Q6Z541,0.22722740471363068,0
Q2R3P9:Q6K2E8,0.0018098410218954086,0
A2ZNT5:Q94GL5,0.0021924786269664764,0
A0A0P0WFC8:Q7XKA8,0.03886864334344864,0
Q0JL73:Q7G4P2,0.021244436502456665,0
Q943F3:Q6Z4G3,0.012413187883794308,0
P0C451:Q9AV39,0.0008904600399546325,0
Q75H81:Q6Z345,0.0038436141330748796,0
Q6K953:Q9AYE4,0.040522392839193344,0
P0C389:Q5N892,0.08084853738546371,0
Q5NTH4:Q8W5R1,0.021795645356178284,0
Q53Q32:Q2R0L2,0.010377963073551655,0
Q84SL0:Q2R435,0.013577130623161793,0
Q10DU0:Q8H6G7,0.0056410254910588264,0
Q6ZKV8:Q5MBR5,0.005532965529710054,0
Q60EA5:Q7XGM6,0.0010537414345890284,0
Q0JNI9:Q658I5,0.0024719496723264456,0
Q7XLX6:Q9XJ61,0.0012463935418054461,0
Q0D3N0:Q942X4,0.0017738525057211518,0
Q9FVZ7:Q7F0Q2,0.04650649428367615,0
Q6H545:Q9SDK9,0.004824915435165167,0
Q0DH40:Q6ZGP8,0.007721300702542067,0
Q6ETK3:Q33BI9,0.0039515141397714615,0
B9F2U5:Q8H8V7,0.07845679670572281,0
Q6ERS4:Q2RB33,0.09435967355966568,0
Q6Z6M4:Q67UK9,0.010646567679941654,0
Q0J7E4:P24626,0.02449748106300831,0
Q10R47:Q9LST6,0.0017578642582520843,0
Q10QE9:Q6Z6W2,0.003023754106834531,0
Q53M52:Q7F1K9,0.008509345352649689,0
Q6L8F7:Q8H594,0.0034447491634637117,0
Q336X9:Q5VQL1,0.6978973746299744,0
Q6YYA3:Q10M80,0.0007456233142875135,0
Q8S059:Q94CV1,0.004506801255047321,0
Q84ZN6:Q84M85,0.018293270841240883,0
Q5Z5S6:Q651A1,0.0017010942101478577,0
Q6YYW5:Q0JHF8,0.0021212815772742033,0
Q6ZLA7:Q7XR62,0.02403700165450573,0
Q10GX0:Q851L5,0.0027511529624462128,0
Q6K471:Q5N9A1,0.12956972420215607,0
Q9LL45:Q69Y99,0.014483774080872536,0
Q852K3:A0A0P0XL10,0.00089720991672948,0
P12192:Q53M11,0.010669788345694542,0
Q10QE9:Q69XV9,0.001030388637445867,0
Q2R0J4:Q6H6C3,0.007738553918898106,0
A3A8W2:B9FMJ3,0.008309253491461277,0
Q5JK20:Q8S233,0.0015176857123151422,0
P0CE66:Q75KA9,0.002766316058114171,0
O04226:Q40682,0.13723060488700867,0
Q69V23:Q9FYP9,0.004564955364912748,0
Q2QM96:Q75LU5,0.0024849099572747946,0
Q0IZQ3:B9FDE0,0.0023325856309384108,0
Q6AT32:Q10KN4,0.0013330065412446856,0
Q10KN4:Q84T78,0.0020235006231814623,0
Q9LGE3:Q0DJH7,0.002444551093503833,0
Q5NAI7:Q8LQ92,0.004792077001184225,0
Q8H2V6:Q7XK12,0.004296545404940844,0
Q5CCK3:Q9AUR3,0.0013470100238919258,0
Q9LGR0:Q0DR28,0.13344775140285492,0
Q2RB94:Q75I93,0.002618202241137624,0
Q7XUC5:Q7PC76,0.0028142735827714205,0
Q6ZH85:Q0JJ01,0.014231379143893719,0
Q5JJY5:Q6ZH92,0.0005740630440413952,0
Q851C7:Q10CE8,0.006457829382270575,0
Q7F9I1:Q10M18,0.20872700214385986,0
Q0IV63:P0DO02,0.0467890202999115,0
Q9SXP2:Q53Q70,0.04090164229273796,0
Q10PZ4:Q6Z829,0.242915078997612,0
Q2QP53:Q7XDY9,0.001954375533387065,0
Q67UK2:Q0DBU3,0.19348423182964325,0
Q6K972:Q2R4J4,0.21103881299495697,0
Q0DLD3:B7F8P5,0.002581957494840026,0
A3B9A0:Q9FW70,0.018076999112963676,0
Q10D38:Q84TV4,0.010957165621221066,0
Q657W3:Q7XLC6,0.021842895075678825,0
Q9ASJ1:Q6L4L4,0.2607901096343994,0
Q0DAE8:Q7XFU9,0.014471732079982758,0
Q7F8Q9:P0C587,0.002133747562766075,0
Q10PP8:Q6YX89,0.00427494291216135,0
Q0DY81:Q8W855,0.002209113910794258,0
Q2QZ14:Q9ZST1,0.0028670530300587416,0
Q6K3D8:Q5VP70,0.00367735861800611,0
Q53NK6:Q84MN7,0.04734367877244949,0
B9FDB8:Q5VPH3,0.09537696093320847,0
Q2QXY1:Q8W250,0.3404679298400879,0
Q6K687:A3CG83,0.001738151884637773,0
Q0D5R2:Q851S8,0.0012610791018232703,0
Q652A8:Q5W7C3,0.0014854340115562081,0
Q84UP7:Q75W16,0.0018437061225995421,0
Q8RYJ9:Q942X0,0.006976003292948008,0
Q5N9W4:Q8LIY8,0.011480485089123249,0
Q6ZD89:Q2QM00,0.0407063327729702,0
A4LBC0:Q8W855,0.005004468839615583,0
P0C340:Q84PB6,0.05929069593548775,0
Q5N794:Q852M2,0.0008991148206405342,0
Q1WM15:B6DMK2,0.006793370936065912,0
Q4PR53:Q655X0,0.0013079311465844512,0
Q6AVG6:Q7F1X5,0.061960794031620026,0
Q0JCT1:Q851R2,0.03167281299829483,0
Q8GU84:Q851W5,0.002120628720149398,0
Q6K953:Q0JB88,0.04303598031401634,0
Q10DV5:Q7XQ83,0.0009798564715310931,0
Q5SML4:Q0J9V5,0.006152470130473375,0
Q2R076:Q84T65,0.0012881996808573604,0
Q2QMT2:Q8H6G9,0.0017153669614344835,0
Q10A77:Q8RV06,0.10241714864969254,0
Q7XUR3:P25776,0.010414513759315014,0
Q4PR43:Q8H7Y8,0.005864438600838184,0
Q2QWW7:Q75I75,0.0017797183245420456,0
Q0JCC3:Q7XPZ4,0.0018453160300850868,0
P42211:Q69SP5,0.08020658791065216,0
Q7XSZ4:P0C2Z0,0.1480337381362915,0
Q9LG41:Q943F3,0.0020160775166004896,0
Q6YXX9:Q0DFG8,0.0017270714743062854,0
Q7XSN9:Q6K1U4,0.00895643513649702,0
Q2RA93:Q94DH3,0.002353167859837413,0
Q7G4P2:P61042,0.06847938150167465,0
Q7XRV1:Q8S0Q9,0.0020042636897414923,0
P0DKK6:Q2QZ14,0.0694616287946701,0
Q69TI0:Q6Z2M9,0.022491326555609703,0
Q2QXJ2:Q5JLP4,0.02298060804605484,0
Q6EP58:Q2QN26,0.000998973730020225,0
A2ZRY8:B9FK36,0.0008314214646816254,0
Q60F23:B9G5Y5,0.000999751384370029,0
Q94DB8:Q7XSV4,0.0036361010279506445,0
Q10NQ9:Q2RB28,0.0035133331548422575,0
Q0IQA5:Q8W0E4,0.0024752719327807426,0
Q0E4J6:Q10NX8,0.0020080150570720434,0
Q7XKU5:Q75LJ4,0.0015408132458105683,0
Q8S3R1:Q0JG75,0.06681234389543533,0
Q0DIV0:Q6L5G1,0.00861602183431387,0
Q2TQ34:Q6F388,0.21004822850227356,0
Q8H021:Q10LJ2,0.009263594634830952,0
Q0J0N4:Q9XHX0,0.06341835111379623,0
Q69V23:Q6ZHC8,0.0030932335648685694,0
Q652Q0:Q7EZW6,0.0017284996574744582,0
Q7FAZ2:Q10CN6,0.0041866423562169075,0
Q5ZC83:Q6Z8D0,0.0051742116920650005,0
Q10AZ7:A0A0P0WFC8,0.015761634334921837,0
Q7XI55:Q6AWX7,0.0023943947162479162,0
Q7XKS9:Q0DAK7,0.000668936874717474,0
Q6K4N0:Q6Z4H0,0.11826962232589722,0
Q7XSS9:Q10BT5,0.5541764497756958,0
Q10MG9:Q7XHX2,0.0009696726920083165,0
Q7X7L3:Q10LL4,0.0501103512942791,0
P0C0L1:Q6H612,0.142445906996727,0
Q0DJC7:Q10Q62,0.006716839503496885,0
P0DH89:Q653U3,0.6655856966972351,0
Q7XU31:Q84ZA1,0.0015392079949378967,0
B9G5N1:Q37066,0.0007101151277311146,0
Q53NF7:Q0E3L5,0.05367180332541466,0
O65091:Q10Q71,0.016029363498091698,0
Q2R8L1:Q10M73,0.0050613596104085445,0
Q5SMI4:Q2R0D1,0.0007024104706943035,0
B9FUF9:Q8RYJ8,0.03381485119462013,0
Q6L5F6:Q2R8P2,0.001127477502450347,0
Q2QWK1:Q5VNW5,0.005462535656988621,0
Q8GSL4:Q8LQ74,0.06515172123908997,0
Q5Z8Y9:Q10B79,0.0016604018164798617,0
C7AU21:Q0IQF7,0.0020478907972574234,0
Q2QY37:Q7FMW4,0.02374352142214775,0
Q6ET36:Q6EUK0,0.005769500974565744,0
Q7XTC7:Q6H6N5,0.004234110936522484,0
Q67V78:Q9LIW7,0.0026026053819805384,0
Q8H5F8:Q6YZF3,0.0012739109806716442,0
Q6YY75:Q6I5B2,0.002711218548938632,0
Q5SN53:B7F845,0.0517326183617115,0
Q7XQ45:Q69T94,0.010002167895436287,0
Q6K2E8:Q6K968,0.06622076034545898,0
Q7Y1Z1:Q0DJS1,0.00103326968383044,0
Q2QQ32:Q5Z8V8,0.0022638407535851,0
Q94LW0:Q9XGY5,0.14905153214931488,0
Q7XSJ6:Q6Z9C8,0.508072018623352,0
Q0DGD7:Q7F613,0.002794805681332946,0
Q6Z5P2:Q5SMM6,0.008499599061906338,0
B9FXT3:Q10PP8,0.005837420467287302,0
Q6Z9D2:Q32759,0.0013705926248803735,0
Q6AT26:Q0JR25,0.0018092812970280647,0
Q851L5:Q6Z2T9,0.039455853402614594,0
Q84UL5:Q7XSK2,0.0025039324536919594,0
Q8LN25:Q69VG1,0.14095067977905273,0
Q6Z2L1:Q6YW48,0.07259374111890793,0
Q6ZIK7:Q84MH1,0.0030830437317490578,0
Q69K55:Q5N7W3,0.012056821957230568,0
Q9SLX0:Q8S6P9,0.03329900652170181,0
Q650U0:B7F958,0.002731551881879568,0
Q0D7I3:Q5QNI1,0.013200628571212292,0
Q69S43:Q8H3Q1,0.18411222100257874,0
Q8H569:Q6ZB90,0.0009936550632119179,0
Q69IM9:Q6Z3L4,0.0014365651877596974,0
Q5N7A3:P0C579,0.007306872401386499,0
Q6Z4T3:Q5ZCK5,0.008646512404084206,0
Q6ZD89:Q94LW0,0.007506094872951508,0
Q2RBG8:B9G300,0.004066356457769871,0
Q0JAD9:Q0J7P4,0.01861138455569744,0
Q10CX4:F7J0M4,0.002933165989816189,0
Q9FTT3:Q8GVY2,0.001589312800206244,0
Q84P66:P46465,0.12124177068471909,0
Q7XR84:Q9LWN0,0.06138566881418228,0
Q6Z058:Q7XHQ8,0.4331009089946747,0
A9UGV6:Q10MH8,0.002407037653028965,0
Q8LQ68:Q6K8D9,0.04751158878207207,0
Q0DK16:Q69XQ6,0.002535022795200348,0
Q68Y49:Q7XU31,0.003164835274219513,0
Q7XQN1:P0DO27,0.001077788881957531,0
Q7XHQ8:Q2R3P9,0.0068910750560462475,0
Q10SU5:Q10N34,0.004297527484595776,0
Q10N21:Q75LH6,0.016732459887862206,0
Q69XV0:Q5Z8V9,0.01895085535943508,0
A3BV82:Q0J2L7,0.0013141424860805273,0
Q5Z5R4:Q8SAY0,0.0031140742357820272,0
Q65XA0:Q65XV8,0.05883044749498367,0
Q7XPR1:Q6H7U2,0.07085534930229187,0
Q7XTJ3:Q8LH59,0.005112444516271353,0
Q657W3:Q7Y0F6,0.0033701383508741856,0
Q6K3D8:A7LFZ6,0.0017725586658343673,0
Q6Z232:Q8H398,0.04148843511939049,0
Q0D9S3:P0C380,0.0009174632141366601,0
Q7Y0Y6:Q76FS3,0.24441216886043549,0
Q84T94:Q67WJ8,0.010422191582620144,0
Q75GK0:Q84QU8,0.0013183431001380086,0
Q0DV66:Q2QT65,0.004407180473208427,0
Q7X7N3:P17784,0.0019920035265386105,0
A3B0Y1:P0C5B3,0.19198158383369446,0
Q7XPE8:Q7XSQ9,0.002434551017358899,0
O04985:Q40677,0.006191707216203213,0
Q53NI2:Q9FTT3,0.0012382855638861656,0
Q84T08:Q2QZ86,0.001235354458913207,0
A0A0P0VIP0:Q0JGY1,0.007989625446498394,0
Q8S151:Q5VQP7,0.0013997697969898582,0
Q6Z2Z4:Q0JJV1,0.02266412042081356,0
Q6ZK57:Q943W1,0.01326762605458498,0
Q0JMH0:Q6IEQ7,0.03344808891415596,0
Q8H5N9:Q84P76,0.028007281944155693,0
Q6Z6T2:P0C328,0.0010816319845616817,0
Q6H677:Q651X6,0.0010763611644506454,0
Q8H2V6:Q5Z856,0.04947587847709656,0
Q6ZAG3:P37832,0.5242085456848145,0
Q2QWJ9:Q69T99,0.001561623066663742,0
Q75KW7:Q0DJA0,0.008353011682629585,0
Q7XKI7:Q69TU6,0.01242891326546669,0
Q5NB83:Q0DN94,0.0007373376283794641,0
Q7Y0F6:Q8H991,0.008612283505499363,0
A3ACF3:Q6L597,0.0013299594866111875,0
Q84P79:Q84MS3,0.0021155632566660643,0
Q6Z0Q9:Q84NQ7,0.01361086405813694,0
Q0DLD3:Q6AT25,0.006903624627739191,0
Q94JI5:Q10SY2,0.0007013714639469981,0
Q2QYR5:Q0JJ01,0.011381498537957668,0
Q6YVY6:Q5Z6K9,0.0013513786252588034,0
Q2QQ99:Q2QZ01,0.00556847034022212,0
Q5Z5R7:Q0INT0,0.008523407392203808,0
Q852K6:A9UGV7,0.004009223077446222,0
Q6L5I5:Q6K5F8,0.01846194826066494,0
Q7XUP6:Q8LT07,0.0015765130519866943,0
Q5QM06:Q0JMV4,0.0024745867121964693,0
Q689G9:Q0E3C8,0.003293380606919527,0
P0C129:Q8W3M0,0.18909171223640442,0
Q7EYV7:Q10SY9,0.0014103371649980545,0
Q6K6K7:Q6K669,0.2573328912258148,0
P07730:Q6ZIK5,0.00582226924598217,0
Q40682:Q7F2L3,0.01895877718925476,0
Q10QP3:Q7XD99,0.0021259377244859934,0
Q6Z965:Q6AUG0,0.005889901891350746,0
Q7F7I7:Q84KJ3,0.10239259153604507,0
Q6K3T2:P27934,0.004541268106549978,0
Q8S1D9:Q7XI41,0.018393686041235924,0
P0DO09:Q6AWX7,0.0014898505760356784,0
Q9ZST1:Q0JD14,0.005594856571406126,0
Q84SC3:Q6YV88,0.015584327280521393,0
Q0DWF2:Q10PC5,0.18490023910999298,0
Q6K4V3:Q7X8Z8,0.0027817084919661283,0
Q7XXN5:Q7F731,0.015206287615001202,0
Q0JKZ0:Q69Q02,0.007841776125133038,0
Q69V36:Q655V4,0.3552471399307251,0
Q2HWH1:Q5ZEF1,0.0062408740632236,0
Q6ZC03:Q75W16,0.005923592485487461,0
Q2QNE8:A0A0P0VG31,0.0050185970030725,0
Q7XQU7:Q10SR3,0.020614780485630035,0
Q53NF7:Q7F239,0.004910995252430439,0
Q2R4J4:P0C500,0.026530403643846512,0
Q852N2:Q688Y7,0.041356246918439865,0
Q0DZT4:Q69T30,0.0025810867082327604,0
Q7FB12:Q6Z1Y7,0.0008309822878800333,0
P0DKK9:Q69SG5,0.005940593313425779,0
Q0J5F8:Q6ATV4,0.0008223713375627995,0
Q7PC80:Q84P95,0.002114183036610484,0
Q5Z6K9:Q10ND7,0.002372361021116376,0
Q10S70:Q0JJE3,0.0008218379807658494,0
Q0E459:Q6K3R9,0.03051614761352539,0
Q6Z058:Q653Z6,0.6859285235404968,0
P93771:Q10P83,0.0015563246561214328,0
Q94GF1:Q7Y0Y6,0.11356222629547119,0
Q7XIW5:Q9SE42,0.06812211126089096,0
Q7XE35:Q0J954,0.002713337540626526,0
Q7X6B6:Q5N9W4,0.0018868998158723116,0
Q84P60:B9G2A8,0.0018914968241006136,0
Q6Z4N4:Q941W1,0.003745393129065633,0
Q84QY3:Q7XEY9,0.018186122179031372,0
Q7XTG7:Q69U54,0.0028583575040102005,0
Q652J4:Q10M12,0.07099840044975281,0
Q7XU38:Q94LR4,0.002143189311027527,0
Q5N8X6:Q9SLX0,0.0038641542196273804,0
Q851L5:Q2QS13,0.5668215155601501,0
Q7Y183:Q0JEF7,0.0013041083002462983,0
Q6L8G1:Q75LV5,0.001696684630587697,0
Q69R21:Q9FRA7,0.0022471726406365633,0
Q10CE7:F1SZ42,0.0018039761343970895,0
Q0DFC9:Q6K9C3,0.0060396273620426655,0
Q69TB1:Q40687,0.014143425039947033,0
Q5ZCD9:Q9ZWR4,0.0013704868033528328,0
Q6ZIQ1:B6RGY0,0.14260157942771912,0
Q339K6:Q6H612,0.0008284549112431705,0
Q651Z7:Q10EL1,0.03646811470389366,0
Q2R8Z5:Q5VNK1,0.007793685887008905,0
Q339K6:Q8GVP6,0.0020368078257888556,0
Q5ZCV2:Q10PR4,0.026387637481093407,0
Q7XKU5:Q56UD0,0.011410124599933624,0
Q8H5T6:Q4JHE0,0.0019932009745389223,0
Q6ETQ7:Q7XE35,0.006455731578171253,0
Q5JK39:Q5ZD36,0.01154265832155943,0
Q7EZ44:Q652Q0,0.001123059424571693,0
Q84J63:Q943Q3,0.0018343282863497734,0
Q1WM15:Q7XZG6,0.0006868366617709398,0
Q2HWG0:B9FDR3,0.02047591656446457,0
Q6EUG4:Q6YXT7,0.002550087869167328,0
Q6Z808:Q6Z1J6,0.009455201216042042,0
Q9AS33:Q6H7H9,0.1074230894446373,0
Q5VR89:Q10PI6,0.002840020228177309,0
Q6K8S7:Q0IQF7,0.0010334410471841693,0
Q6ZIK0:Q6AVT2,0.13071797788143158,0
P0C524:Q10GP0,0.0011362687218934298,0
B9FJ61:Q5SMI4,0.0029884823597967625,0
Q5JNB5:Q67J15,0.00411527743563056,0
Q6Z4G8:Q6AVI8,0.007637932896614075,0
Q2R0L0:Q84PB8,0.00324254110455513,0
Q84PW3:Q0J0G1,0.009311209432780743,0
Q6AUC6:Q6Z1J6,0.010264637880027294,0
Q36996:Q5JLA7,0.0006065549678169191,0
Q7XAK4:E3VXF2,0.004478002432733774,0
P28520:Q6K638,0.0028823453467339277,0
Q0JP99:B9FHH2,0.011123557575047016,0
Q5JM04:B9FHH2,0.0034453594125807285,0
Q0DIT2:Q652Z7,0.00372059247456491,0
Q9LGV5:Q10LZ1,0.030242258682847023,0
Q5NA06:Q9SMB1,0.004287636838853359,0
Q6Z8P4:A0A0P0VIP0,0.0036192431580275297,0
P0CH34:Q5JNB5,0.7559627294540405,0
Q75K78:Q8H3C8,0.020954633131623268,0
Q7XT40:Q0JFH7,0.001708151656202972,0
Q10PV9:Q6H849,0.022277599200606346,0
Q6K8J4:Q6H7U3,0.0025709867477416992,0
Q10Q07:Q6AST1,0.005388453137129545,0
Q6YW62:Q10F03,0.002016777638345957,0
Q2QN26:Q65XH8,0.6227741241455078,0
Q75LJ3:Q6I570,0.0016609113663434982,0
Q6Z2K1:Q84PC8,0.0009395297965966165,0
Q6L5B5:Q75KA9,0.0019153784960508347,0
Q5JLR7:Q6YYW5,0.0007566199055872858,0
W0RYD3:Q75GE8,0.0021907947957515717,0
Q6YV23:Q0INW1,0.0039022122509777546,0
Q2R0D2:P25778,0.0017591193318367004,0
Q7F7I7:Q0JGZ6,0.00838207732886076,0
Q5QNB8:Q5ZC82,0.023608440533280373,0
Q5TKP8:Q0JKD0,0.11112765222787857,0
Q10FF9:Q8H594,0.17219936847686768,0
Q6F334:Q5TKD8,0.010999332182109356,0
Q0DJ99:B9FHF3,0.13286706805229187,0
Q5WMW5:Q7F9W2,0.0010870828991755843,0
Q5Z6X0:Q942N7,0.06294771283864975,0
Q5NA06:Q851M9,0.004330439493060112,0
Q2QS13:Q8GVF9,0.21087253093719482,0
Q850K7:Q33E23,0.0011043032864108682,0
Q7XUN2:Q2QPW2,0.22175125777721405,0
Q7XNY1:Q69TF4,0.0012102766195312142,0
Q6H6Q7:Q67WJ2,0.04231983795762062,0
Q84JR0:Q6X4A2,0.3046114444732666,0
Q8H398:Q6Z784,0.9024731516838074,0
A9XMT5:Q652Q8,0.0018246155232191086,0
Q0IQN6:Q852K5,0.002606893889605999,0
B9EUM5:Q653N3,0.07270395755767822,0
Q8LGZ9:Q0JQS5,0.02436760440468788,0
P46465:Q9XE33,0.4744076430797577,0
B9FJG3:Q10KY3,0.004109642002731562,0
Q2HWG4:Q942D4,0.000920656428206712,0
Q0DR28:Q75GT3,0.12548290193080902,0
Q6ASS2:Q657C0,0.003811783390119672,0
Q10S93:Q2R222,0.002326769521459937,0
Q7XSB2:Q69XM6,0.004187900107353926,0
Q946J4:Q53M11,0.01899895630776882,0
Q7XA61:Q6AT10,0.0016349500510841608,0
Q6K4T4:O82117,0.04434993490576744,0
Q7XN12:Q6EU10,0.005943241063505411,0
Q0JKD0:O64437,0.10774584114551544,0
Q8W3D9:Q6Z4G8,0.0026412121951580048,0
Q6PL11:Q0PVB3,0.009495094418525696,0
Q6EPN8:P0C524,0.22413194179534912,0
O04433:Q5NAT8,0.004051306284964085,0
Q8H398:Q8H329,0.000991894630715251,0
Q10S72:Q6H4G3,0.03471897542476654,0
Q8W0A1:A3AWH5,0.001483621308580041,0
P0C361:Q9LRE5,0.17787137627601624,0
Q7F8R0:Q7XU29,0.005240268539637327,0
Q0J8Q3:Q64M78,0.003121754853054881,0
P0C485:Q6EX42,0.0009794021025300026,0
Q6Z6M4:Q84P99,0.0025303030852228403,0
Q8LR86:Q6Z2L5,0.0015179160982370377,0
Q2QXP0:Q8S6N3,0.0014035605126991868,0
Q53MB8:P52712,0.010378328152000904,0
Q69P80:Q2QN36,0.0030325613915920258,0
Q0DJ94:Q5JK35,0.0020381093490868807,0
Q69KN0:P0C491,0.04023388400673866,0
Q0JP62:Q8L481,0.0007216549129225314,0
Q0JDM4:Q851M9,0.0013796193525195122,0
Q10NY2:Q7XPE8,0.007437584456056356,0
Q0DM51:Q60EC2,0.0018735427875071764,0
Q65X71:Q655G7,0.0038183678407222033,0
Q0IQK9:Q0JD42,0.17487022280693054,0
Q6ETX0:Q6YTW6,0.005699758883565664,0
Q0JFH7:Q6Z7W3,0.003064849181100726,0
Q75KR1:Q69L87,0.005543199833482504,0
B9F1L8:Q7XPL3,0.0008010889287106693,0
Q2RB28:Q8S0J7,0.002103381557390094,0
Q7GBF8:Q0JF21,0.0026327965315431356,0
P31924:Q94I55,0.04153061658143997,0
B9G2C8:Q941T9,0.2330523580312729,0
Q2QNJ8:Q7XTJ3,0.01495333667844534,0
Q2QVG9:Q0JGK4,0.08463385701179504,0
Q8H339:B7F845,0.02278423123061657,0
Q10LF7:Q7XIF5,0.0012425360037013888,0
P0DKK6:Q2RAQ5,0.0029522296972572803,0
Q6ATJ8:Q6Z6W2,0.008817301131784916,0
Q0JR55:Q33DK1,0.0010222478304058313,0
B9GC17:Q84M47,0.0018398225074633956,0
Q5VRG3:Q7XX84,0.004009537398815155,0
B9FMX4:Q5MBR3,0.0015083183534443378,0
Q8W0K2:Q9FWU1,0.001309819403104484,0
P0C128:Q948L5,0.0199707243591547,0
Q75HQ3:P0C413,0.005804426968097687,0
Q0IWM5:Q6K9T0,0.0019607737194746733,0
Q7XV13:Q10QS7,0.017449727281928062,0
A3BN26:P48494,0.2025669664144516,0
Q9LGE3:Q6AUF3,0.09241440147161484,0
Q84MH1:Q8RZQ8,0.000916273333132267,0
O64437:Q10AJ5,0.32939109206199646,0
Q7EZW6:Q5NAZ7,0.004460970871150494,0
Q75KA9:Q6H7U5,0.004121273290365934,0
Q6H6M5:Q5ZD36,0.0009747641161084175,0
Q10AZ7:Q6AUG0,0.006690901704132557,0
Q5Z8V9:Q5SNN4,0.013862282037734985,0
Q6K431:Q7Y0B9,0.03599334508180618,0
Q94DD4:Q8GSL4,0.001160658779554069,0
Q0DKY4:Q69RJ0,0.1687510758638382,0
P0C370:Q43011,0.003940579015761614,0
Q40636:Q8S985,0.007721918169409037,0
P0C127:Q0JDC5,0.0026864856481552124,0
Q5N941:Q7XSK0,0.003637084737420082,0
Q33AH8:P61042,0.0029213062953203917,0
Q0E0C6:Q5KTQ9,0.01313956081867218,0
Q8LIL0:Q6H545,0.018073370680212975,0
Q0IRB0:Q5Z5S6,0.08185183256864548,0
Q10JI3:Q84UL5,0.0064794826321303844,0
Q84PB0:Q0D3I7,0.03295120224356651,0
Q10CT5:Q0DTM7,0.07544144988059998,0
Q5N8Z0:Q7XU31,0.0023448453284800053,0
Q5SMU7:Q2QYW1,0.022269781678915024,0
Q0D744:Q9XHX0,0.0031656024511903524,0
Q5JLS2:Q10MB4,0.1987019032239914,0
D5A7J3:B7EA73,0.002578937215730548,0
Q6L5F6:Q942D6,0.001972319558262825,0
Q7XR80:Q8LQH4,0.018059322610497475,0
Q6H4V8:P0C5C6,0.006360909435898066,0
Q2QXJ0:Q40731,0.0035889202263206244,0
Q6K8E7:B6RGY0,0.023804107680916786,0
Q6ZCF0:Q75GB1,0.006491715554147959,0
Q8S2E5:Q0JNK6,0.020497707650065422,0
Q4W8D0:Q33BD7,0.0056747919879853725,0
Q5NAY4:Q9AR38,0.13809756934642792,0
Q852A1:Q8H8C7,0.013415015302598476,0
Q6Z8K4:Q6Z7V2,0.027085578069090843,0
Q7XPL2:A3B6V0,0.0038981535471975803,0
Q5ZBH5:Q0J466,0.178209587931633,0
Q9ZQW8:Q5KS50,0.0020584536250680685,0
Q337C0:Q84Z01,0.0010675647063180804,0
Q6ERS0:Q8RV06,0.004882644861936569,0
Q0IU52:Q75LX7,0.002417402109131217,0
Q0DUI8:Q84JH5,0.2552656829357147,0
Q9AUR7:Q2RAV0,0.029278403148055077,0
Q0IMG5:A3BUD2,0.0026301105972379446,0
Q69WI0:Q2R2D5,0.003284783335402608,0
Q69RI8:Q9LGU7,0.0007049317937344313,0
Q7XQQ2:Q6Z3A8,0.020110338926315308,0
A3A463:Q75GT2,0.0015581408515572548,0
Q2QMN7:Q5VRM7,0.04621812328696251,0
Q6K4T4:Q7XRH8,0.02151755802333355,0
Q6K687:Q6YZZ2,0.0015322569524869323,0
Q7XPE8:Q5VRH4,0.013311633840203285,0
Q5Z980:A3A8Q4,0.00269054202362895,0
Q6K4N0:Q6ATJ8,0.7082886099815369,0
Q7XE35:Q5JLY8,0.0016289595514535904,0
Q6EP66:Q651X6,0.003940018825232983,0
Q7XWU3:Q06967,0.015151130966842175,0
F7J0M4:Q9LL45,0.001703712739981711,0
P0C0M3:Q69W36,0.007510030176490545,0
Q6K508:P49661,0.015132173895835876,0
Q6Z4K6:Q2QT65,0.6532389521598816,0
Q0D3D2:Q8H038,0.003349343780428171,0
Q6H4D6:Q941Y8,0.010345212183892727,0
Q6ZIK7:Q5JMM1,0.06938568502664566,0
Q42993:Q2QZJ8,0.012500313110649586,0
Q6Z256:Q0JEQ2,0.04217008873820305,0
Q69K55:Q7F2P0,0.04797574132680893,0
P0C579:Q10S66,0.002849492710083723,0
Q7Y021:Q75W16,0.03774773329496384,0
Q6L4H4:Q6YZE8,0.01858718879520893,0
B9FDT1:Q5N870,0.004601940046995878,0
Q67WJ8:Q7F8R0,0.002451901091262698,0
Q6EUH7:Q2QM96,0.011181604117155075,0
Q68Y49:Q10Q26,0.023762080818414688,0
Q7XTT4:Q42465,0.00236632046289742,0
B9FL70:Q5Z8T8,0.0030145279597491026,0
B9FS74:P0C524,0.005929998587816954,0
Q6ER21:Q7G737,0.06321801245212555,0
Q10LI8:Q05JG2,0.0014194246614351869,0
Q6H6C3:Q2QNS6,0.023206666111946106,0
Q5JK39:Q7XEY9,0.0021631033159792423,0
Q5W6S3:Q9LWN0,0.2475774735212326,0
Q9AV81:Q9AV47,0.341224730014801,0
Q7XSV4:Q7XMK8,0.2904064357280731,0
Q6Z2T3:Q6F2U9,0.0020008867140859365,0
Q6VAM4:Q6K1Z6,0.02675718069076538,0
Q7F613:Q8S230,0.0039957123808562756,0
Q0J349:A0A0P0XL10,0.0007317991694435477,0
Q8H063:Q6YZI0,0.0029705259948968887,0
Q8GRL4:Q0JG98,0.026643771678209305,0
Q01401:Q2R0L0,0.0591445229947567,0
Q7XU31:Q7XPY1,0.0010220318799838424,0
Q6ZF86:Q2KNB9,0.14856508374214172,0
Q6F4F5:Q8S0Q9,0.001976563362404704,0
Q6YU88:Q6Z7W3,0.0007568707806058228,0
Q6K8R6:Q2QQD9,0.05803978443145752,0
Q6ZLA3:Q6ASY2,0.0012004005257040262,0
P56724:Q7XTE8,0.1429780274629593,0
Q657W3:B9G4M9,0.0010249041952192783,0
Q5VR89:P25765,0.0036567174829542637,0
Q6Z7F4:Q60EW9,0.0033750508446246386,0
Q9FTU1:Q7G794,0.06393259018659592,0
Q84NC2:Q10HD0,0.008331147022545338,0
Q2QQS5:Q2QMT7,0.33998751640319824,0
Q6K7S7:Q851Y7,0.015959128737449646,0
P0DKK0:Q851F9,0.06240621954202652,0
Q0JKV1:Q5Z5A8,0.003573804395273328,0
Q7XII4:Q7X7C4,0.0022434613201767206,0
Q9FWU1:Q5ZCK5,0.0021961310412734747,0
P35683:Q0DNU1,0.33189254999160767,0
B6RGY0:Q43011,0.004731269553303719,0
Q67UL3:Q69KJ0,0.003831172361969948,0
B9GCH9:Q10E64,0.020129261538386345,0
Q6AUV1:Q2R0L0,0.009144092909991741,0
Q6H668:Q9LJ04,0.008293768391013145,0
Q7XDT2:Q53MH8,0.30383893847465515,0
Q6EUK7:Q9LGU6,0.06696202605962753,0
Q0DZT4:O64437,0.019778497517108917,0
Q4PR44:Q6ETK9,0.0020599872805178165,0
Q69JW2:Q851W4,0.1437794268131256,0
Q6K309:Q2R3K5,0.0014927706215530634,0
A1YTM8:Q338G6,0.0037303988356143236,0
Q2QQJ5:Q688Y7,0.003470649942755699,0
Q0JH50:Q2QQR2,0.012963666580617428,0
Q4PR43:Q7G7C7,0.0020149387419223785,0
P0C434:Q0DST9,0.013339250348508358,0
Q7XV05:Q2R3F5,0.017506157979369164,0
P0CH34:Q9SSX0,0.16023282706737518,0
P93844:Q0JPT4,0.004307940136641264,0
Q5QN13:Q0E1D7,0.001098024076782167,0
Q9LGU7:Q7XS69,0.0029754943680018187,0
Q5ZA21:P0C370,0.004587552044540644,0
Q0DLD3:Q9FUD1,0.06333138793706894,0
P12139:Q94E49,0.00457126135006547,0
Q0D4J7:P0C290,0.005805849563330412,0
Q10GM3:Q5SMM8,0.021587317809462547,0
Q7G8Y3:Q2R482,0.6298962831497192,0
Q84JH5:Q7Y0W5,0.007126507814973593,0
Q6Z2J3:Q6AT12,0.029118388891220093,0
Q942A1:Q0DZ85,0.001158430241048336,0
P20907:Q5N863,0.0023878104984760284,0
Q651Z5:Q6Z1Y7,0.0009294023038819432,0
Q0J9V3:Q7XEZ1,0.22307561337947845,0
Q6L5F6:Q7XSJ6,0.0017748706741258502,0
A1A699:Q10MC0,0.004783368203788996,0
Q42971:Q7X7E9,0.05053985118865967,0
Q84P64:Q5QNI1,0.0029876655898988247,0
Q8H7Y8:Q942Z3,0.18241696059703827,0
Q5VMQ5:Q84PD3,0.0015908597270026803,0
B9FAF3:Q0D7I3,0.007681889925152063,0
Q9LWM4:Q6F353,0.3929530680179596,0
Q6ATS0:Q6H6E6,0.005494707264006138,0
Q5Z8S0:Q5N6V8,0.0028094917070120573,0
Q6K9G1:P0C509,0.0020297772716730833,0
Q6H612:Q10RK1,0.0012890836223959923,0
Q7XX84:Q655X8,0.003130929311737418,0
Q6YW46:Q0IMV4,0.1386595368385315,0
Q8S3Q9:Q10QA5,0.001410609926097095,0
Q53JG7:Q8RYK0,0.0025561098009347916,0
Q7XQT2:Q7EYP9,0.015019292011857033,0
A2ZVI7:Q7XI75,0.03759924694895744,0
Q6EP66:Q851L5,0.16285887360572815,0
Q942J6:Q2RBS4,0.10738716274499893,0
Q8RU95:Q7XR83,0.11164126545190811,0
Q6K9C3:Q0DLD3,0.3140818476676941,0
Q6H764:P0DKK0,0.17139683663845062,0
Q6J1A5:Q5K5B6,0.0022199060767889023,0
Q8S1Z0:Q84PD0,0.019114995375275612,0
Q10QH3:Q67X45,0.0027148372028023005,0
Q7XWS7:P0DO09,0.003048751037567854,0
Q7XQ45:Q6YZZ2,0.04620881751179695,0
Q8LIY8:Q10PQ9,0.0036133266985416412,0
Q7DNA1:A6BLW4,0.0459519661962986,0
Q67J17:Q32766,0.0007737143896520138,0
Q10SX7:Q10GM3,0.009330738335847855,0
Q8LMR2:Q84ZT0,0.0054526180028915405,0
Q4PR52:A3A2W2,0.0020605716854333878,0
Q0J8A4:Q84TX2,0.007445437368005514,0
Q851V1:Q6K4T4,0.03572380542755127,0
Q2R482:Q8LQH4,0.08974391222000122,0
Q5QM06:Q109G2,0.05502631142735481,0
P0DKK7:A3ANB5,0.08792901039123535,0
Q7XTK3:Q7XKS9,0.0009653972811065614,0
Q6Z256:Q94DD4,0.0015543500194326043,0
Q5QMZ9:Q5VRI5,0.0063248202204704285,0
P0C0L1:Q2KNB4,0.025384491309523582,0
P07730:Q6F4N5,0.02775084413588047,0
Q5VRH9:Q75LU8,0.003903487464413047,0
Q6Z3A8:Q0E0I1,0.02547219768166542,0
B9F1C0:Q10Q80,0.002142248209565878,0
Q8S9S4:Q8W0A1,0.04121769592165947,0
Q75LX9:Q0J952,0.02279498241841793,0
Q2R185:Q10S32,0.001195502351038158,0
Q7FA29:B8YIE8,0.0013173697516322136,0
Q7XQR9:P0C325,0.00660687405616045,0
Q7XI14:P12149,0.015747735276818275,0
Q7F0Q2:Q7XKK6,0.0020252305548638105,0
Q8LLP5:Q5SMM6,0.016889428719878197,0
Q2R4Z5:Q6K881,0.018544448539614677,0
Q653B6:Q6ZJD3,0.005769901908934116,0
Q0JNL7:Q5Z5B2,0.1359994262456894,0
Q10RP4:P31674,0.0036794438492506742,0
Q0DM51:Q0DZ85,0.005514064338058233,0
Q6Z2J3:Q6Z6T2,0.001566956751048565,0
Q6H7E4:Q6ATG6,0.016101941466331482,0
Q5Z8P0:Q7XSK2,0.004271914716809988,0
Q8GRI8:Q7XHQ8,0.02930259145796299,0
Q5QM84:K4PW38,0.0024330613669008017,0
Q7X996:Q84J55,0.8297430872917175,0
B7F8P5:Q65XV8,0.11069104820489883,0
Q8LR50:Q654M1,0.13116048276424408,0
O82766:Q9ZTP5,0.04878927394747734,0
Q8H936:Q7XV97,0.26171424984931946,0
Q10L32:P50156,0.0030731551814824343,0
Q6ZH94:Q58G87,0.013319741003215313,0
Q7X923:Q6EQG2,0.031218159943819046,0
Q8H3C9:Q943F3,0.0012664607493206859,0
Q94LU9:Q7XQQ1,0.002690057037398219,0
Q6YSJ5:Q69TF4,0.0036645554937422276,0
Q9AS33:Q2QWJ9,0.005857456009835005,0
D5A7J3:P0C380,0.001194670214317739,0
Q84PB1:B6RGY0,0.005506681278347969,0
Q2QM00:Q10HC9,0.007770258467644453,0
Q84SN3:Q0IZQ2,0.1649215668439865,0
Q851R2:Q7XUN6,0.0019078772747889161,0
Q7XUW5:Q65XH8,0.44621869921684265,0
Q9XJ54:Q6K8S1,0.024548977613449097,0
Q6ZJ08:Q67TP9,0.08746503293514252,0
Q0J952:P40978,0.1693752557039261,0
Q6ZA27:Q53NF0,0.002303036628291011,0
Q10PC5:Q5VS72,0.013770339079201221,0
Q0JB89:A3CAL5,0.0437273271381855,0
A3AZ89:Q7F8T6,0.0034165449906140566,0
Q942D6:Q0DXB1,0.0072782039642333984,0
Q6ZKC0:Q5VR07,0.16073131561279297,0
Q10R47:Q75LJ4,0.01358009036630392,0
Q5SN75:Q7XT40,0.0016287387115880847,0
Q7XLC6:P0C579,0.0013626132858917117,0
Q6ZJ91:Q652V8,0.0024049971252679825,0
Q7EZ57:P0C477,0.0017211642116308212,0
Q7XTV3:Q6K548,0.0010132355382665992,0
Q0DDF6:B9F166,0.001596665009856224,0
Q5N941:Q0IWM5,0.003988917917013168,0
Q10I26:P38385,0.11293534189462662,0
Q7X7A4:Q9AY63,0.04020242393016815,0
Q2QZ14:Q0E2Z7,0.0020346695091575384,0
Q10AZ4:Q9LST6,0.17441415786743164,0
Q10K98:Q7XFK2,0.0016325929900631309,0
Q5Z8P0:Q943L2,0.011074741370975971,0
P0C413:Q7XPW8,0.03694428876042366,0
Q6Z2T6:Q5Z880,0.0651058778166771,0
Q64MA1:P0C0M3,0.0012352225603535771,0
Q8LHA8:Q7F1X5,0.005623676348477602,0
Q2QYR5:Q0IQK9,0.010238462127745152,0
Q5NBN9:Q9FYP9,0.03632071614265442,0
Q0JA29:P14614,0.034916799515485764,0
Q0JHP8:B9EUM5,0.002833294915035367,0
Q0E2Y1:Q9LHZ7,0.024036573246121407,0
Q0J8R9:P52712,0.004211514722555876,0
O82427:Q851R5,0.02006135880947113,0
Q6EU49:Q2QXY1,0.04046203941106796,0
Q0DHE3:Q8H2J9,0.005879975855350494,0
Q6YVX4:Q7XFK2,0.018189605325460434,0
Q7EYP9:Q4JL76,0.04957588016986847,0
Q10JI3:B9FAF3,0.03409639745950699,0
Q0J090:P31110,0.005304137244820595,0
Q7FAY6:B7EJ91,0.001897728885523975,0
Q0IQB6:Q10MJ1,0.003950479906052351,0
Q9LST7:Q2R1D5,0.16632674634456635,0
Q7XAQ6:Q0ILQ6,0.004008627496659756,0
P15280:Q69JN6,0.003100369591265917,0
Q69R21:Q0JP11,0.0020976667292416096,0
Q94JJ4:Q10QA5,0.017322346568107605,0
Q7XUN2:Q6K9N1,0.2595709264278412,0
Q0DG35:P0C0X5,0.0014958912506699562,0
Q10S65:Q5CCK3,0.010704799555242062,0
Q53JY8:B9FS33,0.006085841916501522,0
Q948L0:P93431,0.0020310021936893463,0
P17814:Q0JPT5,0.004128993954509497,0
Q6L5H6:Q10K62,0.0022731025237590075,0
Q5ZC87:Q0JPT4,0.001039188471622765,0
Q5VRM0:Q5KQN0,0.0021814710926264524,0
A3BH91:Q0J3L4,0.0038153398782014847,0
Q6H612:Q6L4H4,0.0016415286809206009,0
Q10F39:Q2R4Z8,0.020247800275683403,0
Q0D6M1:Q0J7T6,0.0015974851557984948,0
P0C482:Q5W6G0,0.002226072596386075,0
Q5VRM7:Q7EZ44,0.0013668691972270608,0
Q7XPY2:Q2R1M8,0.0111443055793643,0
Q657X6:A3ABE1,0.014510758221149445,0
Q5NAZ7:Q7G6D7,0.0031646450515836477,0
Q2R222:Q5NAN5,0.003829456167295575,0
Q9AWM8:A0A0P0WGX7,0.09422505646944046,0
Q0JKT4:Q8H0B6,0.12583298981189728,0
Q652Q1:P94029,0.032403137534856796,0
Q2RBJ2:Q2QWT4,0.03447655588388443,0
Q5JMR9:Q7G4P2,0.02263634465634823,0
Q10K98:Q8RZ40,0.0010928487172350287,0
Q6ZKL8:Q84R36,0.01268588937819004,0
Q9LGH4:Q75HV0,0.011487359181046486,0
Q7X8P2:Q10D00,0.024802010506391525,0
Q69XM6:Q69XJ0,0.015650685876607895,0
P0C032:Q69TH6,0.009628071449697018,0
Q69T21:Q6L8F7,0.002005768707022071,0
Q7XU27:Q0DGD7,0.0011516258819028735,0
Q67V61:Q9FXM3,0.17493373155593872,0
Q5N800:Q655V5,0.0033023550640791655,0
Q7XSS9:Q7XDH8,0.06726469844579697,0
Q9LWV3:Q10K62,0.004785311874002218,0
Q53PC7:Q0INT0,0.33025625348091125,0
P0C343:Q5N808,0.003495292505249381,0
Q75L84:Q84PB6,0.01014851313084364,0
Q67UE8:B7F8N7,0.01291937381029129,0
Q43007:Q2R712,0.06277443468570709,0
Q7X7L3:Q5Z5A8,0.04503375291824341,0
Q7XZZ3:Q0D4Z6,0.0020311311818659306,0
Q0DLG0:Q75GX9,0.012907597236335278,0
Q5N942:P24626,0.009281458333134651,0
Q8S151:P0C322,0.004186613950878382,0
Q6AT10:Q0JG99,0.007215672638267279,0
Q2QPW1:B9F1L8,0.004210572689771652,0
Q53PP5:Q7X6J9,0.0012739856028929353,0
Q6Z2J3:Q6YZI0,0.010062118992209435,0
Q7F0H8:Q69R21,0.002251054858788848,0
Q6Z2M9:Q8H3C7,0.003552932059392333,0
Q943I6:Q5VN19,0.03153953701257706,0
Q7XTJ3:Q0DZP5,0.025085439905524254,0
Q6YT00:Q943I6,0.04355284571647644,0
O24210:Q6Z1Z3,0.0014144396409392357,0
Q6EN42:Q94IB1,0.0016322687733918428,0
O24174:Q0DGS1,0.0031148726120591164,0
Q5VP70:P41345,0.006519479211419821,0
Q6K8X6:Q0E3C8,0.008082973770797253,0
Q6K4T4:Q5VMJ3,0.06628101319074631,0
Q6Z6G6:Q5VS72,0.26588520407676697,0
O04433:Q6H8D5,0.20613670349121094,0
Q33E23:Q8H3A7,0.021877368912100792,0
Q0JJ05:Q6PS57,0.00994169246405363,0
Q109B0:Q9FRF9,0.005898854695260525,0
Q75G46:P12194,0.0033519684802740812,0
Q2QYW5:Q0DZE0,0.00648506497964263,0
Q0DHJ5:Q0J035,0.08776380121707916,0
Q7XI55:Q6YW51,0.0012046436313539743,0
C7J0A2:Q6Z4T5,0.11228569597005844,0
Q2RBJ4:Q6H4V8,0.007752163801342249,0
Q6Z5M0:Q5VP70,0.00136523914989084,0
Q10QS9:Q53NK6,0.2657754421234131,0
Q2QSR8:Q5N9A1,0.024615952745079994,0
B9G193:Q6H3Z6,0.0007760406588204205,0
A0A0P0WFC8:Q6AWY2,0.051679838448762894,0
Q7XLR1:Q43594,0.0023259453009814024,0
Q0E3V2:Q8H3C7,0.0009626892278902233,0
Q9AS36:Q9FXM3,0.7521538138389587,0
Q8W0A1:Q6YV23,0.0050287931226193905,0
Q6ZCZ2:Q6Z232,0.005163871683180332,0
P93771:Q0JJD1,0.016898533329367638,0
Q0DAS9:Q6K8R6,0.044505298137664795,0
Q6K687:Q84MN0,0.01185428723692894,0
P0C2Y4:Q5NA06,0.008074617013335228,0
Q6Z234:Q2QNG7,0.22601793706417084,0
Q69XQ6:Q0E088,0.006597261410206556,0
Q652N5:Q94FT8,0.0012410810450091958,0
Q7XEY9:Q67X79,0.3815300762653351,0
Q852K5:Q6ZD28,0.0023499696981161833,0
Q7XHR2:Q67W82,0.005757894366979599,0
Q10B98:Q10PT0,0.004523128736764193,0
Q5N7W4:Q6K2E8,0.025869136676192284,0
Q5Z9N5:Q01882,0.04989434406161308,0
Q652N5:Q69L99,0.01250677090138197,0
Q338B9:Q2RBC6,0.015130633488297462,0
Q69JW3:Q6Z0E2,0.0029279913287609816,0
Q0DBU5:Q40731,0.21478596329689026,0
Q9FUD1:Q8S2G4,0.002721786266192794,0
Q32766:C7J0A2,0.0008079527178779244,0
Q6EQX3:Q69QB8,0.00323662837035954,0
Q6ZK48:Q2QYR1,0.44546937942504883,0
Q6ES10:Q7Y0B9,0.04258502647280693,0
Q2QR07:P0C325,0.004640370607376099,0
Q7XIV8:Q6Z7F4,0.0013430294347926974,0
Q6K6S5:Q84LK7,0.0009911981178447604,0
P0C524:Q5W6M3,0.0259544737637043,0
Q2QMH2:Q852A1,0.001980018336325884,0
Q2RAR6:Q9FWK4,0.04052285477519035,0
P0C290:Q7FMW4,0.0021083231549710035,0
Q5KQI6:Q0JNR2,0.0009874746901914477,0
Q0J951:Q7XSK2,0.00204214989207685,0
Q67UC7:Q6ZKC0,0.015582531690597534,0
Q18PR9:Q10PV9,0.021698681637644768,0
Q84P96:Q6ZGL4,0.01411368977278471,0
Q40682:Q84J54,0.021234307438135147,0
Q7XKR9:Q7G6Z5,0.0013390214880928397,0
Q0D4J7:Q53MB8,0.0021944392938166857,0
Q5NBI2:Q5JN07,0.010647582821547985,0
Q5N8X6:Q8H021,0.08559518307447433,0
Q6YWP9:B9G5Y5,0.0039330520667135715,0
Q10S66:Q2R2T4,0.0014064389979466796,0
Q75L42:Q0JA82,0.0043840184807777405,0
P0C2Y7:Q8VXB1,0.019749045372009277,0
Q69J40:Q7XPM8,0.09468313306570053,0
Q5JNT2:Q5ZAJ0,0.002998929936438799,0
Q94JF3:P0C0X5,0.002376649295911193,0
Q6K2T1:Q8H395,0.007610519882291555,0
Q6Z5I0:Q65XL5,0.0030814262572675943,0
Q2R4Z8:Q76I22,0.2812555134296417,0
Q7XUF4:Q9LD61,0.10773836821317673,0
Q6K215:Q0E3V2,0.0009492034441791475,0
Q7XQQ2:Q10P01,0.006297130137681961,0
Q0DKE8:Q67UI2,0.0025759595446288586,0
Q8S625:Q5Z8S0,0.004354657605290413,0
Q58G87:Q2RBJ6,0.21365265548229218,0
Q53NK6:Q6K508,0.002621985971927643,0
Q7XUF4:Q3HRP1,0.05003754049539566,0
Q6K7E6:Q69UI2,0.10756263881921768,0
Q6YW62:Q7XUW4,0.005544768180698156,0
Q654B3:Q6ZL42,0.12394676357507706,0
Q9AV23:Q0DZE0,0.0078300004824996,0
A2ZRY8:Q6AVI0,0.010279103182256222,0
Q53N87:Q7XLX6,0.0008484981954097748,0
Q2QS71:Q7XPE8,0.015046033076941967,0
P42211:Q6IVC3,0.0025264343712478876,0
Q60EY1:Q75GA5,0.0024284659884870052,0
Q84PB3:Q10LF7,0.33389076590538025,0
Q5Z678:Q2R2Z0,0.01624150387942791,0
Q7XCA7:Q2QW55,0.0011246312642470002,0
Q7XWK5:P0C290,0.004025992006063461,0
Q5Z6F5:Q9SDK9,0.0012396815000101924,0
Q56UD0:Q6K2M1,0.0027581271715462208,0
A3AGM4:Q6ZJM9,0.0698503628373146,0
A3AD08:P28520,0.0019938345067203045,0
Q94LR4:Q0JF58,0.011368376202881336,0
P0C506:P0C5A4,0.049528565257787704,0
Q8L4E7:Q0E0Y3,0.05304152891039848,0
Q9AR88:P40392,0.004962674807757139,0
Q53Q70:Q6YY75,0.014597952365875244,0
Q75G84:Q10RB4,0.0030300405342131853,0
Q2R3Y1:Q0DN94,0.002049590926617384,0
Q2QYH7:Q5ZEM1,0.004469399806112051,0
Q0DEC8:Q0JKX1,0.008048780262470245,0
Q5NAY7:Q8LH59,0.0025551465805619955,0
Q5Z9N5:Q10MN6,0.003522405168041587,0
Q7XDQ7:P0C031,0.9602908492088318,0
Q75IR6:Q6Z2T9,0.0009934124536812305,0
Q5Z6F5:Q69R21,0.002670110436156392,0
Q5Z8K3:Q6YSJ5,0.04554101079702377,0
Q7XUV2:Q75WU1,0.04812916740775108,0
A2ZP58:P94029,0.008755511604249477,0
Q7XN53:Q6K8E7,0.03811836242675781,0
Q8S628:Q0JDA2,0.0021733592730015516,0
P41344:Q0E1Z0,0.006992629263550043,0
Q851M9:P0C506,0.002299051033332944,0
Q0JDM4:Q6ATV4,0.002791266655549407,0
P0C0X5:Q8W3M0,0.0037844907492399216,0
Q6ZL43:Q67UQ4,0.006970100104808807,0
Q5VS45:Q8H7S7,0.0013608578592538834,0
Q10HL3:Q336X9,0.028415435925126076,0
B9F1L8:Q10QL5,0.0012711894232779741,0
Q851X7:Q0JH50,0.026456112042069435,0
Q8H383:Q84ZD2,0.021067388355731964,0
Q8H8C7:Q5ZBH5,0.0016830824315547943,0
Q2QMT2:Q6ERE5,0.002054129261523485,0
Q9AV88:Q5N800,0.03238949924707413,0
Q5N7B4:Q2R483,0.029359230771660805,0
Q7XXL2:Q84J55,0.02794044092297554,0
Q6H7T1:Q0J930,0.07358413189649582,0
Q5ZAY0:B9F655,0.002226070500910282,0
Q0DDI1:Q2QUS0,0.004902351181954145,0
Q7GD79:P17814,0.017566461116075516,0
Q84QC0:Q69NF5,0.014751303009688854,0
Q6EUP4:Q10S83,0.3101978302001953,0
Q84LK7:Q7XPL2,0.005284227430820465,0
Q2QY04:Q0DC45,0.0016957659972831607,0
Q9FU27:Q6YW64,0.014653435908257961,0
B9F4Q9:Q75G87,0.001626164885237813,0
Q6Z2M9:Q8H7S7,0.005597798619419336,0
Q0E2Y1:Q0DBS1,0.02874721959233284,0
Q10JL1:Q6EP49,0.003349591512233019,0
G9LZD7:Q2RB31,0.008328542113304138,0
Q7XKV5:Q10JI3,0.002744426717981696,0
Q10LP5:Q653S3,0.023786431178450584,0
Q7XNX6:Q5ZC83,0.23166191577911377,0
Q9XE33:Q6Z6W2,0.33387187123298645,0
Q60EQ4:Q0DDI1,0.031563837081193924,0
P0C380:Q6Z869,0.012953939847648144,0
Q7XS74:Q6YS30,0.2081955522298813,0
Q84ZA1:Q5W6F1,0.006772846914827824,0
Q9FTY0:P53683,0.026331616565585136,0
Q53NR8:Q0DY81,0.018511110916733742,0
Q6Z2U5:Q43007,0.007782579865306616,0
Q6EN45:Q6H6P0,0.006019874010235071,0
Q8H6G8:P18566,0.0014403911773115396,0
Q5SMI4:Q69S43,0.002390315057709813,0
Q7X7V2:Q7G768,0.004898836370557547,0
Q6Z7F4:P56724,0.009411000646650791,0
Q01882:Q84Q77,0.003749663708731532,0
Q8VXB5:Q5N9W4,0.0027567234355956316,0
Q8W3M0:Q5Z859,0.39577433466911316,0
Q69P88:Q6ZIK7,0.0028202307876199484,0
Q7XC57:Q10J20,0.0066781663335859776,0
Q9LST6:Q5VNW5,0.014069989323616028,0
Q7XKQ8:Q8GU85,0.07824254035949707,0
Q0JPT4:Q0JJ01,0.024471288546919823,0
Q6H6D2:A3BDI8,0.012614398263394833,0
Q8S2G4:Q7G8Y5,0.028988808393478394,0
Q9XJ54:Q6K9C3,0.004776732064783573,0
Q10QP3:Q5N6V0,0.03242095559835434,0
Q8GVY2:P93422,0.041300561279058456,0
Q2R0W8:Q0DJR9,0.016701510176062584,0
Q0JA75:Q6K9G3,0.001386704738251865,0
Q10N79:Q6K508,0.004790760576725006,0
O65091:Q6ZAL2,0.0034635935444384813,0
Q6H6Q7:Q6L589,0.021871859207749367,0
Q2QXR8:Q5NAZ9,0.001651609898544848,0
Q0J705:Q8LQX2,0.03834989294409752,0
Q65XH8:Q0J8J8,0.0537077896296978,0
Q6I570:Q6L5C4,0.0019851054530590773,0
Q7XN11:Q0DWA9,0.015268600545823574,0
Q7FAZ0:Q8H7Y6,0.002639051992446184,0
Q8LM92:Q0JFH7,0.07311754673719406,0
Q6YZI0:Q0JKD0,0.07987230271100998,0
Q650T9:Q40677,0.07611885666847229,0
Q2QNC3:Q6H668,0.0008850625599734485,0
Q6L5F7:Q8LQM5,0.01851937174797058,0
Q94JI5:Q67VW6,0.0019009084207937121,0
Q5QMZ9:Q84NJ4,0.009009194560348988,0
Q7XWP3:Q6AVV1,0.009685872122645378,0
P35682:Q8H016,0.3230036199092865,0
Q69X58:Q84ZA1,0.0104372538626194,0
Q69TW5:Q7XXS4,0.06845032423734665,0
Q33AH8:Q6AVI8,0.005705255549401045,0
P17784:B9F676,0.5454411506652832,0
Q8LI30:Q5QLR5,0.0010325131006538868,0
Q6H7M1:Q6K3B1,0.09494329988956451,0
Q0D9S3:Q7F731,0.0018219024641439319,0
Q0DC45:Q84PC8,0.012056018225848675,0
P53682:Q7XKF4,0.00663018086925149,0
Q84P81:Q5VN19,0.4166264533996582,0
Q8LQ68:B1Q3J6,0.0013910549459978938,0
Q6ZDQ1:Q6ZBS8,0.002276904881000519,0
Q7Y0C8:Q0JAD9,0.0015375701477751136,0
Q7Y1V5:Q10KN7,0.0019080996280536056,0
Q5Z6B6:O04986,0.0035389370750635862,0
Q84NP7:Q0DAS9,0.00233035278506577,0
Q0JI49:Q0DJY3,0.00134572375100106,0
Q8GU89:Q10Q47,0.003484101966023445,0
Q338X7:Q2R041,0.0023237455170601606,0
Q8LIY0:Q2R4Z4,0.024947358295321465,0
Q6ZH45:B8YEK4,0.0031674334313720465,0
P49030:Q8LJA9,0.03727596998214722,0
A3ABE1:Q2QMT2,0.021512536332011223,0
Q0DDI1:Q5JM82,0.001985750859603286,0
B9FCV3:Q5JN63,0.010992764495313168,0
Q5K4R0:Q2R637,0.0061046970076859,0
Q2R9X2:Q7Y1E6,0.004836494568735361,0
Q10SM2:Q6EUH7,0.0016963332891464233,0
Q5ZD81:Q5JM57,0.0010256044333800673,0
Q7XBW5:Q75HZ9,0.11977257579565048,0
Q7XRH8:Q6K537,0.0014089440228417516,0
Q5VQG4:Q6H628,0.007124293129891157,0
Q657X6:Q6Z312,0.008279144763946533,0
Q10CN6:Q0DKP3,0.010952024720609188,0
Q9LWN0:Q93VB5,0.45792731642723083,0
Q7DNA1:Q7XL73,0.04348517954349518,0
Q7XBR2:Q9ST27,0.02764136902987957,0
Q336X9:Q10CQ8,0.08884230256080627,0
Q7GDL5:O80416,0.7086777687072754,0
Q2QW44:Q5JNT2,0.00341884046792984,0
Q5Z627:Q5JNT2,0.020509270951151848,0
Q7XUF4:Q948T6,0.15041609108448029,0
A3BKF2:Q0D5R2,0.0029629389755427837,0
Q8W2X5:Q6Z4T3,0.014351951889693737,0
Q5ZBY9:Q10PP8,0.012625631876289845,0
Q6YU88:Q5JL08,0.23558922111988068,0
Q7XP01:A3ABE1,0.002764568431302905,0
Q7X7E6:Q10CE7,0.0007874150760471821,0
Q69XV0:Q6ESZ9,0.016698744148015976,0
Q851W4:Q0JGM8,0.0063173952512443066,0
Q67UU0:Q60EW9,0.002706347731873393,0
Q93VB5:Q7Y0F2,0.12130065262317657,0
Q10PT0:Q0ILZ4,0.11821296066045761,0
Q6YW46:Q0DVX2,0.010397765785455704,0
Q5JN63:Q7EZ44,0.002708037383854389,0
Q0J4P2:Q2QP54,0.720960259437561,0
Q84P59:Q0JA82,0.08425033092498779,0
Q10L32:Q704V3,0.0028153283055871725,0
Q60EJ6:Q2QYR1,0.03166287764906883,0
Q0J705:Q943E6,0.30385714769363403,0
Q0J716:Q8LIY8,0.002640502993017435,0
Q6YV23:Q7XTC7,0.0023610652424395084,0
Q10RK1:Q5Z8V9,0.0012407128233462572,0
Q6ZFT5:Q5W659,0.025508230552077293,0
A0A0N7KIY3:Q69Q02,0.0021828433964401484,0
P0C497:Q8S1V1,0.008588344790041447,0
Q0E4K1:Q5VRB2,0.002671860856935382,0
Q75K32:Q6YTF5,0.006158935371786356,0
Q851S7:Q6EP66,0.004249877296388149,0
Q75K32:Q0JJ01,0.007122712675482035,0
Q6H6T1:Q84P83,0.017613349482417107,0
Q3HRP2:Q2QM17,0.0010190617758780718,0
Q942X0:Q7XTE8,0.1574038565158844,0
Q5W727:Q10DK7,0.011016057804226875,0
Q8H7Y6:Q2QWW7,0.002388440538197756,0
Q338N2:Q10S58,0.0022860802710056305,0
Q75GM1:Q7XV21,0.006467275321483612,0
B9F1L8:Q2QYW1,0.001820396981202066,0
Q94CT7:Q6ZAL2,0.007640331983566284,0
Q9SSX0:Q6YX89,0.0016879737377166748,0
Q336R9:Q2R237,0.00911990087479353,0
Q6Z965:Q6ZKL8,0.0036654197610914707,0
Q0JKF5:P48599,0.20974884927272797,0
Q7XQN4:Q654M1,0.0011832289164885879,0
Q7XCJ7:Q6L5F4,0.003975729923695326,0
Q84KJ3:Q7X7E9,0.025304367765784264,0
Q852K0:Q69T21,0.004602798260748386,0
Q75LR2:Q5CCK1,0.0046780104748904705,0
Q60GC1:Q0JJZ6,0.00238043419085443,0
Q7FAZ3:Q69RC4,0.37955114245414734,0
P0C0L1:Q0E459,0.375993013381958,0
Q6I570:Q6ZDY8,0.0025483830831944942,0
A3BDI8:Q8LR34,0.006976673845201731,0
Q2QNE3:Q75GA5,0.0030831906478852034,0
Q10D00:Q2QMT6,0.004963689483702183,0
Q7G4G7:Q9LWV3,0.038690902292728424,0
Q9SDK9:P49100,0.0057255481369793415,0
Q3HRN9:Q7XT08,0.009079859592020512,0
Q5SMI4:Q84NC5,0.0024529395159333944,0
B9G9X3:Q42971,0.010796785354614258,0
Q5ZC82:Q6AUK5,0.02016190066933632,0
Q5Z402:Q8H5T6,0.006715079303830862,0
Q2QWK1:Q5N7A7,0.0013580983504652977,0
Q9AY63:Q76I22,0.25568515062332153,0
Q6BDZ9:Q5VPH3,0.07360342890024185,0
O80416:Q6ZL81,0.026576155796647072,0
Q5VRM7:Q0JKI9,0.005439242348074913,0
Q7XHC4:Q9AWZ8,0.027237966656684875,0
Q6K4V3:Q5ZD81,0.0026204062160104513,0
Q10P67:Q2R4A0,0.007478074636310339,0
P29618:Q53WJ1,0.30577927827835083,0
Q6Z4K6:Q851W4,0.07964491099119186,0
Q2QWJ9:Q7XEK4,0.0010148336878046393,0
Q7XS75:Q6K9U2,0.2526315450668335,0
Q7XKU5:Q9FWK4,0.003782140789553523,0
Q0DHE3:Q6ES52,0.0023436197079718113,0
Q0J9J6:Q6Z7V2,0.007348076906055212,0
Q75HW2:Q948L0,0.0008751325658522546,0
B9G434:Q653H7,0.005738627165555954,0
Q69J40:Q8H383,0.6284651756286621,0
Q2R0L2:Q10PS6,0.019078252837061882,0
P0C467:Q6F6A2,0.022067632526159286,0
Q850K7:Q5Z6G5,0.0016196966171264648,0
Q4PR44:Q75IQ4,0.004309520125389099,0
Q653T6:Q5N8Z0,0.0800924077630043,0
Q65XK7:Q6K9N6,0.009460143744945526,0
Q0JCR9:Q0JG99,0.003134469734504819,0
P0C337:P12149,0.1259111613035202,0
Q6YYC0:Q94EC4,0.0021654278971254826,0
Q7EXZ2:Q7XV21,0.003400792134925723,0
Q7X7N2:Q6IVC2,0.005446012131869793,0
Q2RAQ5:Q6K4K9,0.14971008896827698,0
Q7F0R1:Q6Z1D5,0.8062211275100708,0
Q2RAP0:Q6K3D8,0.3370218276977539,0
Q84PA3:Q7XMI0,0.3215431869029999,0
Q75V57:Q7Y180,0.11098533868789673,0
Q6YZ54:Q8GU83,0.004115083254873753,0
Q851S2:Q84T94,0.008036750368773937,0
Q7XPW8:Q6Z7V2,0.05802825093269348,0
Q10DU0:Q0JLS6,0.02237895503640175,0
Q6K972:A3ANB5,0.4295497536659241,0
Q76CY8:P0C5C6,0.0022111982107162476,0
Q2R066:Q5Z6F5,0.003082288894802332,0
Q0JNR2:Q688J2,0.0062934160232543945,0
Q2R114:Q6YVX7,0.003115938976407051,0
P35684:Q53QI0,0.021678049117326736,0
Q75LL6:Q10MI9,0.07657809555530548,0
Q4PR48:Q7XXR8,0.0022830225061625242,0
O81263:Q84P95,0.001623240183107555,0
Q5W7C3:Q8SAY0,0.0009638782939873636,0
Q10PC5:Q5VQK9,0.0023429705761373043,0
Q84PD2:Q5N829,0.022511910647153854,0
Q5VQL3:Q75GB1,0.0019749337807297707,0
Q852K6:Q283L3,0.0034780714195221663,0
Q2QNE3:Q942X4,0.005083510186523199,0
Q6ERE5:A3AB67,0.00433139456436038,0
Q6EU94:Q8LH82,0.002323887776583433,0
P49661:Q6Z232,0.43460988998413086,0
Q6K609:Q8GVY2,0.002506602555513382,0
Q0D9C7:Q0D744,0.01795787364244461,0
A0A0P0XII1:Q5VRM7,0.005438308697193861,0
Q0DJC5:Q10KT6,0.026179760694503784,0
Q10SX6:Q5ZCL8,0.0038832426071166992,0
Q53NL5:A9UGV7,0.025589322671294212,0
O64464:Q7GCM7,0.002065538428723812,0
Q75LJ4:Q7XN30,0.0033280346542596817,0
P40978:Q9LGQ6,0.09969838708639145,0
Q8LQ68:Q5VN19,0.019657153636217117,0
Q0DBU5:Q53M52,0.14762990176677704,0
P0C319:Q7XUN6,0.007516153156757355,0
Q10NQ3:A3BV82,0.22659240663051605,0
Q9AV49:Q60E61,0.01443994790315628,0
Q8H5F8:Q6ER22,0.002643709536641836,0
O23877:P0C328,0.45041757822036743,0
Q8H6H4:Q69UI1,0.00596681097522378,0
Q8LH82:Q942D6,0.0023895157501101494,0
Q7XEZ6:Q0DWH1,0.0012265797704458237,0
Q7XI14:P37398,0.0017411729786545038,0
Q5N7A3:Q8GSD9,0.002973598428070545,0
P31691:Q5VQP7,0.0018564999336376786,0
Q9FWT5:Q64MA3,0.1689840704202652,0
Q7X7X4:A3AVP1,0.009121990762650967,0
Q0JBY9:Q7XAQ6,0.002610379597172141,0
Q6YZ49:Q0J4D4,0.03301439806818962,0
Q8L4L4:Q7XR80,0.012435398064553738,0
P0C127:Q7XRV1,0.0007203532732091844,0
Q75GM1:A1A697,0.013976744376122952,0
Q0JKT4:Q5SML5,0.0013006989611312747,0
Q9AWX3:Q0DG05,0.002188830403611064,0
Q851L6:Q9M4X7,0.002147665712982416,0
Q71VM4:Q67IX6,0.02630958892405033,0
Q0JEP3:Q0J8Q3,0.0012455253163352609,0
Q339D2:Q7XT08,0.0024043829180300236,0
Q0DAE8:Q0INY7,0.0018925374606624246,0
Q75K78:P49210,0.004416290670633316,0
Q0J3L4:Q6Z1C0,0.05377081781625748,0
Q10SM7:Q0J6H8,0.0014717649901285768,0
Q2QNM1:Q10M00,0.05475657805800438,0
A3C6G9:Q84PA9,0.14088796079158783,0
Q6H3Y7:Q942P9,0.0042266990058124065,0
Q2QSB9:Q6ETX0,0.01396622508764267,0
Q84ZA1:Q7XUV4,0.0015540997264906764,0
Q6Z2X3:Q10Q71,0.061572521924972534,0
Q2RBS4:Q7F2Z1,0.11611443758010864,0
Q42993:Q8LNV6,0.0035513609182089567,0
P14323:Q7X6B6,0.002201387658715248,0
P41344:Q0JB92,0.0078275753185153,0
Q8RZV7:Q9FWU1,0.0014675004640594125,0
Q6ZCY2:Q9SXQ6,0.04315054044127464,0
P0C328:B7F8P5,0.0012110195821151137,0
Q67VW6:Q6YSA9,0.001439397339709103,0
Q6ZGY0:Q0DXB1,0.004236522596329451,0
Q67UK2:Q2HWH1,0.1214127317070961,0
Q5ZEM1:Q0JB88,0.15839475393295288,0
P0C2Z6:Q7F8T6,0.006993118207901716,0
Q40638:Q5QN13,0.00115150713827461,0
Q5K5B6:Q2QYD2,0.005249460693448782,0
Q69L93:Q0DGP6,0.048938240855932236,0
Q0IUL4:Q0J0A4,0.0015836991369724274,0
Q0DZP5:Q7XM13,0.001179329352453351,0
Q10P83:Q5W6M3,0.0027399479877203703,0
Q5Z6N9:Q7XLY8,0.0064163715578615665,0
Q6K9G3:Q6K8S1,0.0013353531248867512,0
C7IZ16:Q40665,0.006580131594091654,0
P46609:A3C4H3,0.002598065882921219,0
Q7XKC4:Q6AVP4,0.002534088445827365,0
Q7XP52:Q0D519,0.023445216938853264,0
Q7F9U3:Q6K5P8,0.00421375036239624,0
Q10Q80:Q67UK2,0.00727763632312417,0
Q7F2L3:Q7XK44,0.038459088653326035,0
Q8GRS2:Q6Z3A8,0.04473063722252846,0
Q10CE4:Q6YUB8,0.0009829093469306827,0
Q7G7C7:Q94GM9,0.032246943563222885,0
Q8GU85:Q67VW6,0.0013562418753281236,0
Q2HWG4:Q654M1,0.0017638786230236292,0
Q7XUH5:Q6EPN6,0.0012215117458254099,0
Q9ZWR4:P29250,0.007705905940383673,0
Q948L5:Q9LG41,0.0035942269023507833,0
Q3T5N4:Q2R3K3,0.006736403796821833,0
Q6YVY0:Q0D3I7,0.36786118149757385,0
Q6Z2M9:Q8L556,0.0016544405370950699,0
Q5N7A3:Q6YWS8,0.07520344108343124,0
Q40636:P0DO03,0.012731778435409069,0
Q0DK10:Q6AVT2,0.23416142165660858,0
C7J6G6:Q942A8,0.01706836372613907,0
Q943E7:Q5JK20,0.18755534291267395,0
Q6YSJ5:Q2R2Z0,0.007713829632848501,0
Q7XAK4:P37832,0.0055763195268809795,0
Q6EP77:Q851J8,0.002874185098335147,0
Q5ZEF1:Q10D97,0.03836831822991371,0
O04138:Q6ZCC4,0.011884120292961597,0
Q2QN30:Q6H7H9,0.002889441093429923,0
Q0J2L7:Q0JCC3,0.016189372166991234,0
Q6VBB2:Q7XPL3,0.0011295626172795892,0
Q10SM2:Q84QC0,0.005727135576307774,0
Q0E0P0:Q84MF1,0.0016540804645046592,0
Q75GK0:Q69K55,0.013198464177548885,0
Q5Z6F0:Q7X7V2,0.01860693097114563,0
Q6Z7V2:Q9FWC1,0.012535532005131245,0
Q6YZA4:A3C4S4,0.009742848575115204,0
Q6Z6L1:Q942P9,0.003039479022845626,0
Q53LU4:Q6YXY2,0.0015477098058909178,0
Q8LIY8:Q5VQG4,0.004504505079239607,0
Q84YK8:Q0JKV1,0.0025068640243262053,0
Q0DXS3:Q67X81,0.10753265768289566,0
Q58G87:A3AZW5,0.04320567101240158,0
Q0J6T3:Q0JNI9,0.010854235850274563,0
Q7XWK5:Q7GDL5,0.0037613927852362394,0
Q6Z256:B1B534,0.012948823161423206,0
Q8H991:Q75LD8,0.0015845512971282005,0
Q8H8U0:Q5Z8Q9,0.003202442079782486,0
Q6H852:Q84TV4,0.01940765045583248,0
Q769E5:Q75GB1,0.001675159321166575,0
Q7XD65:Q10NX8,0.00277878949418664,0
Q6L568:Q42980,0.004216822329908609,0
Q5W6S3:Q6YPD0,0.008219550363719463,0
Q53RM0:Q8H7Y8,0.21917204558849335,0
Q0J0S6:A0A0P0VIP0,0.0061836703680455685,0
Q6Z5M0:C7AU21,0.0010638751555234194,0
Q6ZDQ1:Q5JLR7,0.0010882237693294883,0
Q850K7:P0C437,0.0054478831589221954,0
Q8GU82:Q7GBK0,0.0014669274678453803,0
Q5N829:Q2R4J4,0.00787394680082798,0
Q9S827:Q5Z6G5,0.042296238243579865,0
Q36996:Q10PZ9,0.000667543790768832,0
Q7XC37:B9G2A8,0.005171102471649647,0
Q67IX6:Q10CQ1,0.005935962311923504,0
Q7XTS4:Q0JFZ0,0.041769612580537796,0
Q7F1X5:Q650T9,0.005116163287311792,0
Q40637:Q10QS7,0.001624714583158493,0
Q84J50:Q75GT2,0.11136455833911896,0
Q94LR3:P25778,0.00207162625156343,0
Q6ZLB0:Q336V8,0.4991059899330139,0
Q8GSL4:Q2R1V8,0.012308336794376373,0
P27939:P0C401,0.0017365965759381652,0
Q0J7N5:Q4PR44,0.002367661101743579,0
Q0J7U6:Q6Z2T9,0.001352620660327375,0
Q10PI6:Q0D541,0.003678752575069666,0
Q852A1:Q2R4Z8,0.0059504457749426365,0
Q5JN63:Q53PH2,0.0020354033913463354,0
Q6H6S3:Q0J090,0.08573491871356964,0
Q10P87:Q0J7U6,0.011155976913869381,0
Q7EXZ2:Q7GBF8,0.024661943316459656,0
Q6Z4G3:Q10CQ8,0.05527719855308533,0
Q94EE4:Q69QR8,0.011484159156680107,0
Q69K55:Q8RZQ8,0.0011615370167419314,0
Q84Q77:Q0JDC5,0.053312450647354126,0
Q5JN07:Q6H765,0.0012759283417835832,0
P37890:Q8H936,0.030399097129702568,0
Q7F2L3:Q7XAK4,0.15622206032276154,0
Q10SX7:Q8LIL0,0.010283357463777065,0
Q0DWQ7:Q6ZA27,0.0034684811253100634,0
Q84QC0:A3ABE1,0.0027950890362262726,0
Q10B67:Q75H77,0.008966567926108837,0
Q8LIG4:Q6Z401,0.016253117471933365,0
Q75GT2:Q851K0,0.001342468080110848,0
Q10LQ2:Q0J006,0.21733377873897552,0
Q2RBR1:Q7X809,0.0037996999453753233,0
Q6IVC2:Q5QMN5,0.0026592963840812445,0
Q2QXZ2:Q2QLY4,0.009004219435155392,0
Q10MG9:F7J0M6,0.002482140203937888,0
Q6ETK9:Q7XUW3,0.001477569923736155,0
Q6ZDJ7:Q943L2,0.011334504000842571,0
Q5ZCV2:Q69Q02,0.0015937613788992167,0
Q10E50:Q6YUE5,0.004175825510174036,0
Q69P51:Q6H849,0.014686219394207,0
Q6YYZ1:Q8H383,0.012956271879374981,0
Q7FAH2:Q10BU2,0.17751677334308624,0
Q8H5F8:Q75LX7,0.007855819538235664,0
Q93WI9:Q0DI31,0.4206034243106842,0
Q8GU84:Q6Z0Q9,0.0023255357518792152,0
Q8LIL0:Q53PC7,0.0036133211106061935,0
Q2RA93:Q0DV66,0.025153597816824913,0
Q6F334:Q2QMT5,0.0026258432772010565,0
Q7XVM8:Q5QMP3,0.0025529561098665,0
Q9FWT5:B9FFA3,0.03441864997148514,0
Q10PQ9:Q6ZJJ1,0.006566993892192841,0
P40393:Q2QWZ1,0.03225692734122276,0
Q7XUP6:Q2RB31,0.06044171005487442,0
Q2R435:Q0JA82,0.0030421356204897165,0
Q0DHL4:Q7X7E9,0.0058957613073289394,0
Q7X996:Q0JAD9,0.013881683349609375,0
Q84PA2:Q10P83,0.0009082864853553474,0
A2ZVI7:O64422,0.004290587734431028,0
Q0IUB5:Q2QXZ2,0.003967628814280033,0
Q75HV1:Q0DUI8,0.01875898241996765,0
Q84QY3:Q6Z7L8,0.04183882102370262,0
A2ZX97:Q0JL46,0.002382296370342374,0
Q2R712:P46609,0.00110165448859334,0
Q7FAX1:Q650U0,0.0031358252745121717,0
Q2RBR1:Q10L32,0.12279795855283737,0
Q10F39:B9G2E6,0.0055551789700984955,0
Q84JH5:Q5NAW2,0.08843189477920532,0
Q67UI2:Q9AV57,0.11634297668933868,0
Q7XUW4:P0C334,0.004304030444473028,0
Q339X2:Q8H2J9,0.04055832326412201,0
Q0JLP9:Q8H4D4,0.0028505560476332903,0
Q2R4Z8:B9FXT3,0.013598657213151455,0
Q6AV21:Q10HD0,0.008914071135222912,0
Q5Z9Z3:Q75HE5,0.006735315080732107,0
Q5VQP7:Q7DNA1,0.009031902998685837,0
Q69TN4:Q6EPG8,0.001134403282776475,0
Q84PD3:Q5Z5Q3,0.0017343653598800302,0
Q6K7E9:Q0J035,0.06798388808965683,0
Q65XV7:Q7G6K7,0.14748015999794006,0
Q6ESR4:Q75IR6,0.02785484492778778,0
Q0D4J7:Q6Z9A3,0.04526251181960106,0
Q1EHT7:Q0JF58,0.07621045410633087,0
Q10MR0:Q69IL4,0.007177581079304218,0
Q10BA8:Q0J3Y7,0.020104775205254555,0
Q8H2V6:Q6K5P8,0.013173847459256649,0
Q6ZHA3:Q6K3R5,0.004139702767133713,0
A3BN26:Q0JDM4,0.011091978289186954,0
Q84Q72:Q8H5T6,0.0048109679482877254,0
Q69UI8:Q7XM31,0.0554550401866436,0
P0C380:Q33BI9,0.004783185664564371,0
Q2QMN7:Q5NAZ9,0.0010117761557921767,0
Q7XTS4:Q8H5X5,0.007662410382181406,0
Q7XZZ3:Q75LX9,0.014317980967462063,0
Q657B3:Q9FRF9,0.0007863070932216942,0
Q10Q47:Q7PC73,0.002745569683611393,0
E3VXF2:Q10M12,0.03373187780380249,0
Q0JQF7:Q7FAT5,0.001389494282193482,0
Q75KW7:Q6YXZ1,0.0014150083297863603,0
Q7Y0D4:Q6EUH7,0.0060371579602360725,0
Q7X7X4:Q2QQ32,0.008176317438483238,0
Q7X8P2:Q6YZX6,0.011784153059124947,0
Q5WAB3:Q652U9,0.0048821428790688515,0
Q338X7:Q10R09,0.006165229249745607,0
Q0J8Q3:Q7XSQ5,0.0027488749474287033,0
Q7XQ97:Q7X8R5,0.19180968403816223,0
Q655R6:Q2QZ37,0.0021557610016316175,0
C7J4U3:A3BLC3,0.09427987784147263,0
Q5JN42:O64464,0.0029462638776749372,0
Q0J8A4:Q0J2R1,0.34052738547325134,0
Q6F2Y7:Q5Z8N6,0.06693383306264877,0
Q67W65:Q0DLB9,0.029317369684576988,0
B9FM64:Q6YSY5,0.002455133944749832,0
Q7Y0V9:Q9LSU3,0.004350010771304369,0
Q2QWT4:Q6K991,0.0036346472334116697,0
Q7XUN2:Q67VA4,0.03590516373515129,0
Q0DTM7:Q0JLE4,0.19898343086242676,0
Q0J032:P0CD23,0.0360637865960598,0
Q53WJ1:Q7Y1V5,0.00208874954842031,0
Q7XPK1:Q7XUW5,0.015498416498303413,0
Q5Z8L1:Q10KL8,0.43455901741981506,0
Q7XUU0:P93422,0.003158906474709511,0
A3A8Q4:Q0J8M2,0.0026025918778032064,0
Q69XK5:Q0JPA6,0.002363345352932811,0
Q7XT07:Q6AWY8,0.00586252985522151,0
Q6Z3Y6:Q10R21,0.0011533842189237475,0
Q10QE9:Q7EYV7,0.004561907146126032,0
A2CIR7:Q2QP13,0.0010533410822972655,0
Q2QMN7:Q8GVF9,0.058764416724443436,0
Q6ER21:Q7XAK4,0.01792524755001068,0
Q338P6:Q10G56,0.0029948095325380564,0
Q5N892:A0A0P0X0C0,0.002414243295788765,0
Q6K762:Q0DZF3,0.0023097204975783825,0
Q69T21:Q67VW6,0.004641426261514425,0
Q6AU07:Q6AV22,0.08688855171203613,0
Q69LE0:Q8S857,0.0989360362291336,0
Q0DJC7:Q5KTQ9,0.0007084835669957101,0
Q6F4N5:Q6F357,0.0018719002837315202,0
Q75LH6:Q6MWE5,0.0016441680490970612,0
Q8H384:Q7XU74,0.008409366011619568,0
B7F9G7:Q2TQ34,0.002166305435821414,0
Q69UP7:P24626,0.005379261914640665,0
Q6ZIV7:Q5I396,0.323550283908844,0
Q9FVZ7:Q84P62,0.004221892450004816,0
Q8GU82:Q6H5L4,0.003302543656900525,0
Q5Z9Z0:Q75KD7,0.0025734601076692343,0
Q0DIT6:Q0D4T4,0.07975108921527863,0
Q6ZBF6:Q0E4J6,0.007979541085660458,0
Q2R2Z0:Q6YVX9,0.1362714022397995,0
A2PZN8:Q84J63,0.0014273155247792602,0
Q6ZA50:Q10N05,0.0012625070521607995,0
Q7XEJ5:Q852F6,0.0027573348488658667,0
B7F958:Q6ZBF6,0.006475734058767557,0
Q94JE1:Q6H795,0.06789014488458633,0
Q655X0:Q5N8G1,0.10787122696638107,0
Q7XN53:Q0JEB7,0.002110544126480818,0
Q0DWG8:Q283L3,0.014845582656562328,0
P48494:Q2QNS6,0.0048820157535374165,0
Q6Z4N3:Q84ZD2,0.07944883406162262,0
Q0JMW0:Q5VRH4,0.01541750319302082,0
Q7XUT9:Q84PC0,0.001379634253680706,0
Q10QE9:Q8H594,0.002198882633820176,0
Q0D847:Q8H0B2,0.02612181007862091,0
Q8W2X8:Q2R0J4,0.0017019574297592044,0
Q84P60:Q3HRP0,0.00176268070936203,0
Q6ZKB2:Q8LPZ7,0.0052022431045770645,0
Q0E088:Q0E4J6,0.002312755212187767,0
P38419:Q651Z5,0.0043037584982812405,0
Q69TH6:Q64MA1,0.0018550874665379524,0
O65037:Q75HE6,0.008736914955079556,0
O04985:Q7XI14,0.0014923764392733574,0
Q69XK5:Q53JI9,0.01630149595439434,0
Q8GU85:Q7XRF1,0.0029400864150375128,0
Q7EZR4:Q9LGU6,0.010115375742316246,0
Q2QP53:Q10ST8,0.0014444856205955148,0
Q5SN75:Q2R837,0.006146525498479605,0
Q5JK35:Q7XIF5,0.02159547619521618,0
Q7Y0F6:Q68Y52,0.03819659352302551,0
Q5NBN9:Q2R0Z3,0.008031710982322693,0
Q5VM82:Q6Z9D2,0.0019120449433103204,0
Q9AWX3:Q2R3A1,0.0016291376668959856,0
A3C6G9:Q84TX2,0.001246616244316101,0
Q6L5F4:Q655R6,0.0024844531435519457,0
Q0J7E4:Q8GSI0,0.00321057066321373,0
P12192:Q2R837,0.0017148522892966866,0
B9F2L1:A3AD08,0.0010030525736510754,0
Q75HA6:Q6YU05,0.12209738790988922,0
Q7XX84:P16081,0.004903831984847784,0
Q943Q3:Q75IS2,0.023603757843375206,0
Q40648:Q6I5Q6,0.20195643603801727,0
Q6YZA4:Q6Z965,0.09067090600728989,0
Q2R4Z8:Q6YSA9,0.04978584125638008,0
Q5JMF3:Q6EUK7,0.005611720494925976,0
Q10KL8:Q7XV21,0.016637185588479042,0
Q75IC7:Q0DG35,0.01325259543955326,0
Q6YV04:Q651E8,0.3695657253265381,0
Q652V8:A0A0P0WQ90,0.009042873978614807,0
Q8W0F9:Q75I90,0.25518879294395447,0
Q5NA06:Q10D00,0.007421374320983887,0
Q4PR40:Q2R2L6,0.0018798355013132095,0
Q7X7C4:Q6Z0D9,0.0009281316888518631,0
Q9AV39:P0C422,0.05854175239801407,0
Q2R2W2:Q6Z2U5,0.020023638382554054,0
Q8L481:Q9AY63,0.0008203486213460565,0
Q6AV21:Q6YZF3,0.0014849485596641898,0
Q40638:Q6L512,0.003932546824216843,0
Q67X81:Q6YX88,0.7718832492828369,0
Q2QZ14:Q10QA2,0.0030209291726350784,0
Q7F9R9:Q2QM69,0.0017802907386794686,0
Q40703:Q84P64,0.0027170695830136538,0
Q5SMY5:Q0J3D9,0.00808949675410986,0
O24174:Q6H795,0.02339061163365841,0
Q6YZW0:Q7XT08,0.0011247906368225813,0
Q10L71:Q9SMB1,0.032456960529088974,0
A3AF13:Q60DX8,0.0015958634903654456,0
Q851F9:Q67UU0,0.005038173403590918,0
Q10Q62:Q10KN8,0.0748957172036171,0
Q5N897:Q6I5I8,0.05595233663916588,0
Q6H6T1:Q84KJ6,0.01244377251714468,0
Q0JAI1:Q84P80,0.01811477541923523,0
Q0DKE8:Q4PR44,0.003760379506275058,0
Q336N8:Q10CN6,0.12847331166267395,0
Q2R3A1:Q851K0,0.05601031333208084,0
Q10QA2:Q9AXA6,0.0034605171531438828,0
Q5Z974:Q84PA0,0.3044324219226837,0
A3C4N5:O82118,0.3929304778575897,0
P0C343:Q0JJD4,0.011088061146438122,0
Q5Z5I4:Q84P95,0.0028751580975949764,0
Q60DG4:Q9XGY5,0.0047868588007986546,0
O82427:H6TFZ4,0.04124756529927254,0
A9UGV6:P53684,0.0036498927511274815,0
Q6K2T1:Q69LA6,0.003688706550747156,0
Q10PC5:Q10QW8,0.0038843832444399595,0
Q5VRI5:Q10MI4,0.003556465497240424,0
Q8L5K0:Q6Y9P5,0.005653573200106621,0
Q7XJ02:Q84QK0,0.05624706670641899,0
Q851S7:Q53JF7,0.009160144254565239,0
Q652F9:P48599,0.017692547291517258,0
Q5Z6F5:B7F6S9,0.02255232073366642,0
Q8H7U1:Q655S1,0.09762711822986603,0
Q5VRJ8:Q10A30,0.04588977247476578,0
Q69SA9:A2ZU80,0.0015225730603560805,0
Q5JKR7:Q10MI9,0.034393057227134705,0
Q8RV06:Q6YW51,0.04619351774454117,0
Q6KAJ4:Q6K881,0.13042587041854858,0
Q941T1:Q0JH50,0.03224576637148857,0
Q6YVX7:Q6YVX4,0.14343194663524628,0
Q6Z4H0:Q9FU53,0.033483631908893585,0
Q8H8N3:Q8W0W3,0.015041010454297066,0
Q851C7:Q0J0A4,0.035503990948200226,0
Q5N9N2:Q8GSL4,0.01830483414232731,0
Q53WK1:P17814,0.003348320024088025,0
Q84P81:Q6YZZ6,0.0021057159174233675,0
Q6YPG5:Q6Z7W3,0.0008992571383714676,0
Q10A77:Q6ZKF0,0.025454077869653702,0
Q10E64:Q6EPZ0,0.007753126323223114,0
Q0JL46:Q0DJ33,0.009995504282414913,0
Q6Z2G9:Q2R712,0.0016583886463195086,0
Q6F334:P0C322,0.010639210231602192,0
Q6I5C3:Q0DXB1,0.0030774606857448816,0
Q53PC7:Q8GVZ8,0.04413221403956413,0
Q6K9N6:Q6YZZ7,0.016397731378674507,0
Q851S7:Q942D4,0.0024529562797397375,0
Q9SMB1:Q7FAD5,0.0027566852513700724,0
Q6Z955:Q6ZCY2,0.002087328350171447,0
Q6ZHJ5:Q65X70,0.027905765920877457,0
Q33AH8:A2ZVI7,0.004883316345512867,0
Q0JQF7:Q75KK8,0.03920658677816391,0
Q7XLY8:Q69MT2,0.01080238912254572,0
Q0DDF6:Q75KA9,0.0009866690961644053,0
Q688J2:Q7XQT2,0.08880370855331421,0
Q6ZDJ7:Q2QYL3,0.007452275604009628,0
Q852N6:Q8S2E6,0.011340043507516384,0
Q6TAQ6:Q7FAZ2,0.0018896915717050433,0
Q6EUK0:Q6ZG77,0.0059849354438483715,0
Q0D4T4:Q7Y183,0.022874359041452408,0
Q942D6:Q6AV18,0.008758430369198322,0
B9G2C8:Q40648,0.03471403941512108,0
Q2R0K3:Q84PA0,0.3726496398448944,0
P0C407:Q53M11,0.010485216975212097,0
Q69S39:Q84PC8,0.0015929721994325519,0
Q0DWG8:Q9AXB0,0.02042245678603649,0
Q283L3:Q0D3S3,0.005938641261309385,0
Q5VNM3:Q10GM3,0.21457841992378235,0
A3AVH5:Q2QZF2,0.0017266428330913186,0
Q64M78:Q7XWS7,0.001094789826311171,0
P92812:Q7XPK1,0.0350494347512722,0
Q10MN6:P37890,0.006326023489236832,0
Q0JHP8:Q10RE2,0.005686265416443348,0
Q5W727:Q6YVJ0,0.007860535755753517,0
P0C503:P93844,0.007461324334144592,0
Q851L5:Q6ER94,0.02825240232050419,0
P0C331:Q69XQ6,0.07254882901906967,0
Q7XRX3:A1YTM8,0.01941019855439663,0
Q5VRM7:A3B0Y1,0.0019222035771235824,0
Q0IRB0:Q6Z2J1,0.002793929073959589,0
Q688S6:Q8H7U8,0.00881118606775999,0
Q36996:P0CH35,0.012849628925323486,0
Q8H274:Q6Z4T3,0.0007854105206206441,0
Q5VSB7:Q6ESF0,0.014643043279647827,0
Q10KL8:Q9AS33,0.015854064375162125,0
Q10NT7:Q75HW2,0.0025074572768062353,0
Q10MR0:Q9FTY0,0.02874632179737091,0
Q0DST9:Q6ZF85,0.0019264575093984604,0
Q6AVD0:Q8S9S4,0.003201394574716687,0
Q7F8Q9:Q36996,0.0006016422412358224,0
Q0J8Q3:P40392,0.011634798720479012,0
Q07661:Q84P65,0.029628584161400795,0
Q0JDA2:Q75LL6,0.02320784702897072,0
Q69TH4:Q6UTZ2,0.1888546198606491,0
Q69NX5:Q9XJ54,0.003824678948149085,0
Q7X993:Q6YWQ4,0.0008752770954743028,0
Q94LW0:Q10N20,0.13576176762580872,0
Q0JJ01:Q6L4H4,0.004929123912006617,0
Q7XPF7:Q9LGR0,0.0032845118548721075,0
Q6H434:Q9AQW1,0.0074318484403193,0
P0C377:B9EYZ1,0.0014168176567181945,0
Q7Y1V5:Q2KNB4,0.06640680879354477,0
A3BNA1:Q7XHZ0,0.003297484712675214,0
Q75L11:Q0J9Y2,0.06836903840303421,0
Q851Y9:Q6EQG2,0.002393922535702586,0
Q65WW7:Q2QM96,0.0019686350133270025,0
Q10M29:Q5VRH4,0.007204351481050253,0
Q10R93:Q0J3L4,0.0010128940921276808,0
Q5ZEG0:Q5VNN5,0.0289660282433033,0
Q84MP7:P52428,0.022642208263278008,0
Q7X7L3:Q7XDT2,0.10637228935956955,0
Q7X7A4:Q6Z312,0.2118387669324875,0
Q84P77:P49397,0.05646785721182823,0
Q6YX88:Q0JCU7,0.05482164025306702,0
Q0DUR2:Q2QQA3,0.11313287168741226,0
Q75LD5:Q53JF7,0.038129810243844986,0
Q6ZCF0:Q7XSQ7,0.11088265478610992,0
Q2R4J4:Q84Q83,0.007055917289108038,0
Q5Z9S8:Q4PR44,0.0010163055267184973,0
Q53N47:Q653B6,0.011276583187282085,0
P0C0M2:Q6F388,0.0034927979577332735,0
Q53RM0:Q942A7,0.00519839022308588,0
Q9FW70:Q76I22,0.0867685079574585,0
P48494:Q5J4W4,0.2336796075105667,0
P53684:Q9XGP7,0.009607112035155296,0
Q94IW5:Q6Z869,0.002642498118802905,0
A0A0P0X004:Q9AVE6,0.03070688247680664,0
Q5NB85:P0C434,0.017507018521428108,0
Q6K471:P25766,0.06868916004896164,0
Q2QXB3:Q7G737,0.0019270161865279078,0
Q7FAY6:Q6Z9C3,0.0062962668016552925,0
Q5SMU7:Q7XCA7,0.0073147485964000225,0
Q5NBQ0:Q8S1Z0,0.011387757025659084,0
Q0JLS6:Q6AV18,0.1525561809539795,0
Q5Z5B7:Q7XUH5,0.02770041488111019,0
Q7Y1H8:Q7FMW4,0.0010340642184019089,0
Q6I5B3:Q8S2G4,0.002292314311489463,0
Q6ERE5:Q8H7Y6,0.0023983404971659184,0
Q2R075:Q10D34,0.0031217068899422884,0
Q6Z965:Q75HQ0,0.10662957280874252,0
Q8RU31:Q6H8D5,0.12832002341747284,0
Q2QZ37:Q7Y0F6,0.005141018889844418,0
Q8GU88:Q0JMY1,0.007714541163295507,0
Q65XK0:Q53WP9,0.029037851840257645,0
P0DO01:Q6I5I8,0.08476923406124115,0
Q0DXB1:Q2V0P1,0.22623208165168762,0
Q53JY8:Q7X7X4,0.029081344604492188,0
Q6K2E1:Q7F1X5,0.3120734393596649,0
Q6Z5I0:Q6L4S0,0.011795992963016033,0
Q53WK4:Q0D7E4,0.007114248815923929,0
Q40742:Q0E2L3,0.06998008489608765,0
Q5SND2:Q10QR9,0.0015825439477339387,0
Q942J6:Q2QY10,0.0055676051415503025,0
Q10C28:Q0JCC3,0.4209471344947815,0
A3AD08:Q65XV7,0.11662384122610092,0
Q0DKN3:Q7FMW4,0.0011231836397200823,0
Q6Z8B9:Q10S70,0.000912622082978487,0
Q339K6:Q7XR62,0.009134895168244839,0
Q8LQX2:Q2R4J4,0.0027647835668176413,0
Q84PC0:Q7XC35,0.0047068907879292965,0
Q0DVX2:Q60GC1,0.10240652412176132,0
P0C5B2:Q0J0G1,0.002541006775572896,0
Q7Y0W5:Q7XI40,0.0037152052391320467,0
Q2QY33:Q8GVV6,0.005916606169193983,0
P46466:A3C4N5,0.8735771179199219,0
Q0J0S6:Q2R483,0.04117896035313606,0
Q5W6L9:Q0JBQ0,0.0020928808953613043,0
Q7PC73:Q10RR9,0.001450392766855657,0
Q8W1L6:P0DKK6,0.013265919871628284,0
Q852Q0:Q654B3,0.009662478230893612,0
Q0JIC2:P49030,0.019138053059577942,0
Q69JW2:Q0DKN3,0.002709007589146495,0
Q5JLA7:Q69VR7,0.0008266557124443352,0
Q6ZAG3:Q7XFU9,0.392643541097641,0
Q6Z0D9:Q2R0D2,0.0011682293843477964,0
Q0E1Z0:Q10KN7,0.0014194576069712639,0
Q0JGK4:Q2QXJ1,0.0024154845159500837,0
Q9AV81:Q6ZJ48,0.028830943629145622,0
Q7G6Z2:Q10CE8,0.0010225657606497407,0
Q6H7J3:Q2QXP0,0.003086257493123412,0
Q6ZLA3:Q2QSR8,0.0025623869150877,0
Q6Z869:Q0JA75,0.002126858802512288,0
Q8LPZ7:Q5QMN4,0.004711437970399857,0
Q69RG7:Q7XPW5,0.05198955535888672,0
Q6K209:Q2QXY1,0.0011484002461656928,0
Q6K9G3:Q7XI14,0.0010772787500172853,0
Q84P76:Q0DKP4,0.10993530601263046,0
Q8H274:Q6EUF1,0.0018667075783014297,0
Q7XPV9:Q5N7B4,0.010163008235394955,0
Q0D4Z6:Q2QX01,0.02122761681675911,0
Q0DKP3:Q53KS8,0.0030053730588406324,0
Q6L545:Q67UX0,0.0023878805804997683,0
Q6H6T1:Q10P67,0.03314676508307457,0
Q5W726:Q84S07,0.006746911443769932,0
A0A5S6RB44:P0C1Y4,0.0009647468104958534,0
Q10HL3:B9FK36,0.005310501903295517,0
Q6ZJD3:Q6K973,0.14825783669948578,0
Q6K8R6:Q8L4E9,0.10178714245557785,0
Q8S1N1:Q7F0Q2,0.0015419720439240336,0
Q7GBK0:Q67UX7,0.007116882596164942,0
Q10R93:Q7XIV8,0.001649718382395804,0
Q0JMD4:Q7F1X5,0.0028959200717508793,0
Q7Y1Z0:Q6ZB90,0.007538518402725458,0
P0C128:Q5VRN0,0.0033177826553583145,0
P12151:Q6H5U3,0.0009499514708295465,0
Q0D4J7:Q8S7W9,0.007513401098549366,0
Q6ZIK0:Q0J9V5,0.01873086206614971,0
P69674:Q94JF3,0.04706122353672981,0
Q7XAK4:Q6ZCY2,0.021793073043227196,0
Q10PC5:Q851X7,0.013157161884009838,0
P35687:Q84ZM7,0.0014398929197341204,0
Q5Z856:Q76BW5,0.004135340452194214,0
Q10S65:Q8W5R1,0.11992774158716202,0
Q6Z2T9:Q67X45,0.7352255582809448,0
B9F676:Q0JL46,0.33197924494743347,0
Q5Z8Z7:Q6K2E8,0.09539741277694702,0
Q9SXG8:Q2KNB4,0.0019250408513471484,0
Q654M1:Q84PC5,0.0009889102075248957,0
Q6YXW6:Q0D622,0.024351676926016808,0
Q0IP28:Q0D3J9,0.006424626801162958,0
Q7XQN1:Q5NAI7,0.03519317880272865,0
Q2R114:Q0E0P0,0.006835419684648514,0
Q5VQL3:Q9AR88,0.0023968894965946674,0
Q7XPZ4:A3BKF2,0.006693633738905191,0
Q0JFH7:Q75K78,0.04769113287329674,0
Q60EJ6:A3BKF2,0.003705766052007675,0
Q10S65:Q6Z9F4,0.052767205983400345,0
Q0E4J6:Q6K2T1,0.0008709995890967548,0
Q10B19:Q6F2Z1,0.0024983237963169813,0
Q6K271:Q7F0Q2,0.0010700197890400887,0
Q75GK3:Q851W4,0.004816977307200432,0
A2CIR7:Q6AVD0,0.0009261313243769109,0
Q7XMJ2:Q8H2J9,0.0030558330472558737,0
Q69KN0:Q5N941,0.004149000626057386,0
P27932:Q852Q2,0.023237625136971474,0
Q84P69:Q2QX45,0.010966974310576916,0
A9XMT5:A0A5S6RB44,0.0016144016990438104,0
A0A0P0XCU3:Q851V5,0.0012853809166699648,0
Q6VVA6:Q337A0,0.0011939313262701035,0
Q6F2Y7:P35687,0.4817948341369629,0
Q8W2X5:Q7XK44,0.00610231701284647,0
Q67UX7:Q84NC5,0.0025763672310858965,0
Q8L481:Q6ZGU9,0.0008330231648869812,0
Q84P62:Q8LNU5,0.00333000416867435,0
Q67U69:Q6Z6T2,0.009944627992808819,0
Q2QYW2:P0DKK7,0.22389066219329834,0
Q5CCK3:Q7F239,0.0038900829385966063,0
Q67X83:Q6ERU3,0.042219165712594986,0
Q0JMB2:Q0DXS3,0.0019968014676123857,0
Q0J5V5:Q10M41,0.010316467843949795,0
Q6EU94:Q53WK4,0.0027358816005289555,0
Q53M52:Q84PD4,0.037572380155324936,0
Q69PS6:Q7EZD7,0.010021835565567017,0
Q5Z9E5:Q0E4A8,0.0038965491112321615,0
Q652N5:Q84PA3,0.004087680019438267,0
Q0DJC7:Q7XDC8,0.0025705781299620867,0
Q40723:Q10LJ2,0.004441151861101389,0
P04373:Q8H507,0.0015040303114801645,0
Q69TG5:Q654U4,0.007199156563729048,0
Q9SLX0:Q2RB59,0.03969486430287361,0
O82427:Q7X660,0.025954559445381165,0
Q0DXZ1:Q5Z9J0,0.006092819385230541,0
Q6ZG85:Q6YPG5,0.0016579143702983856,0
Q6AV21:Q7XUN2,0.12641644477844238,0
Q53P09:H2KWD9,0.02983492612838745,0
Q5Z413:Q7XMK1,0.001257894211448729,0
Q7XUW4:Q8LR63,0.004629205912351608,0
Q0J649:Q7X745,0.013527311384677887,0
Q6ZF86:Q6ES51,0.0008701568585820496,0
Q2HWG1:Q7XPY7,0.0011717514134943485,0
Q6ZJ08:Q0JBH9,0.11931705474853516,0
Q0E0C6:Q0DK35,0.00787304900586605,0
P0C443:Q75HQ0,0.4030938148498535,0
Q2QYL8:Q84Q83,0.01417106669396162,0
Q5Z7L0:Q6H711,0.003379544708877802,0
Q40723:Q7EXZ4,0.008897656574845314,0
Q7XTS3:Q8H2T0,0.003822584403678775,0
Q0J3L4:Q9LDN2,0.15350143611431122,0
Q5VQL3:Q10E64,0.003951437305659056,0
Q6ZBH9:Q75GK0,0.004247190896421671,0
Q2QSL4:Q84ZD2,0.20993518829345703,0
Q7F2E4:Q9FDX8,0.00274896458722651,0
Q9XHL5:Q67VD7,0.0030192991252988577,0
Q8S7W1:Q2QXJ2,0.0013908210676163435,0
Q2QP13:Q6PS57,0.0010465920204296708,0
Q7XPM8:Q7XI41,0.0018652869621291757,0
Q5W6Z9:Q76EJ0,0.00112130434717983,0
Q75I54:Q84JH5,0.03733237087726593,0
Q84P84:Q2QW44,0.0010566491400822997,0
Q84P95:Q8S230,0.0017311584670096636,0
B9FFD2:P46520,0.009861374273896217,0
Q10CE7:Q5W6F1,0.3725008964538574,0
Q7XIF5:Q5Z8T3,0.0037479230668395758,0
Q0J0G1:Q0JF21,0.0046285721473395824,0
Q10SX6:Q9FU27,0.002410353859886527,0
Q9AWM8:B7F958,0.005942008923739195,0
Q75RY2:Q84NP7,0.01150511298328638,0
Q32759:Q6L512,0.001248150714673102,0
Q10LH0:P93422,0.026244569569826126,0
Q0JM17:Q7XTL7,0.0022270800545811653,0
Q10LJ2:P17070,0.013943570666015148,0
Q5ZCI1:Q6H7J5,0.4524833858013153,0
Q5JNJ5:Q6H4L9,0.0016918734181672335,0
Q2QMH1:Q6ZJ91,0.0014984564622864127,0
Q8LR62:Q06967,0.04651058465242386,0
Q2QLW3:Q7XR46,0.014774180017411709,0
Q69IL4:Q84P66,0.008908670395612717,0
A3ANB5:P12123,0.062007904052734375,0
Q69LA1:Q7XKF3,0.03164788708090782,0
Q8W0E4:Q2RB59,0.01157443132251501,0
Q5NAT0:Q10I26,0.01830737106502056,0
Q5JLD8:Q8S0F0,0.20496642589569092,0
Q0JB92:Q5W6L9,0.00413535675033927,0
Q5JNS0:Q6L8F7,0.0029096677899360657,0
P40393:Q6Z4G3,0.0692116916179657,0
P0C1U5:Q6YWS8,0.01859712228178978,0
Q10F03:Q2QUP1,0.005521057639271021,0
Q6AT90:Q0IV63,0.020101802423596382,0
P0C2Z3:Q6EPF0,0.004295029677450657,0
P0DKH0:Q7XKR9,0.0011323665967211127,0
Q40677:Q75GB1,0.004154600203037262,0
Q8H2X8:Q84MQ9,0.5039058923721313,0
Q2QNU0:Q0JIC2,0.004440404009073973,0
Q6ZF85:Q0J8M2,0.006616461556404829,0
Q8GU88:Q6ZKM2,0.017893774434924126,0
Q7XUF4:Q7XDC8,0.30479368567466736,0
Q0JFN7:Q2R352,0.0012888298369944096,0
Q0JNK5:Q84MM9,0.026835251599550247,0
Q9AS33:Q6K439,0.02081887237727642,0
Q43007:Q6YXH8,0.005871653091162443,0
Q2QNU0:Q0JKX1,0.0028522168286144733,0
Q6Z345:B9FGV7,0.0008544586598873138,0
Q0E3L5:Q0IXP9,0.00486302375793457,0
Q5N855:P31673,0.0023581155110150576,0
Q6ERE5:Q69T30,0.01375091727823019,0
Q6Z8F5:Q6H6N5,0.002088356763124466,0
Q6Z8L2:Q9LST6,0.003078646957874298,0
Q2R4A0:Q0JFN7,0.08297093212604523,0
Q7F8U7:Q6K9C3,0.0012914304388687015,0
Q84PB5:Q10Q62,0.0028063126374036074,0
Q6K990:Q6Z2U5,0.0033720077481120825,0
Q84QU8:Q8LN49,0.0024316769558936357,0
Q69L93:Q0DIT2,0.01764647103846073,0
P49661:Q6AWX8,0.0029899568762630224,0
Q6ZJJ1:Q10KN4,0.0013847823720425367,0
Q5JKR7:P62125,0.18749375641345978,0
Q6AWY1:Q7XUV2,0.0015535935526713729,0
Q6ESJ0:Q6ZAL2,0.02382827363908291,0
P56724:Q5Z5B2,0.01598207838833332,0
Q658H5:A3A8Q4,0.004357859492301941,0
Q69KP0:Q337A0,0.1003723070025444,0
Q8S985:Q7XS74,0.6905051469802856,0
Q84T92:Q84P80,0.001260765129700303,0
Q5ZE00:Q8W0F9,0.0029803947545588017,0
Q0D3S3:Q7XR91,0.0022632102482020855,0
Q6ERW7:Q53PC7,0.0030149163212627172,0
Q84UQ1:Q8W0F1,0.009032103233039379,0
Q75HJ0:Q9LHY9,0.11364326626062393,0
Q9ST27:Q01882,0.002753040986135602,0
Q6Z398:Q8H8C7,0.0011031172471120954,0
Q7XE50:Q75KH3,0.04205642640590668,0
Q5VP70:Q53QK0,0.0023855753242969513,0
Q10MH8:Q6EU94,0.0028503709472715855,0
P0C5D6:O22567,0.058914344757795334,0
Q75HB1:Q60EW9,0.008203938603401184,0
Q6ESG1:Q10MW6,0.010318241082131863,0
Q5CCK1:Q93VD5,0.003764102701097727,0
Q7X8B5:B7E7M8,0.024451717734336853,0
Q0DKF0:Q652P9,0.0012199007906019688,0
P83466:Q69JN6,0.003209067275747657,0
Q6ZBP3:Q7Y183,0.29188457131385803,0
Q8S920:B9G4B3,0.31896767020225525,0
P35681:Q6ZH85,0.015651384368538857,0
Q6ZKB2:Q8GU84,0.002024878980591893,0
Q5ZD06:Q5N9N2,0.07892539352178574,0
Q5QM06:Q9S827,0.0028518077451735735,0
Q5W6G0:Q4PR48,0.00401875376701355,0
Q0D5G4:Q70G58,0.04987673461437225,0
Q6ZK57:Q40704,0.18075516819953918,0
P0C364:Q60EW9,0.22772090137004852,0
Q6EPQ3:Q0JD14,0.03729131445288658,0
Q109G2:Q7XM21,0.007688281591981649,0
P04373:Q6AWY7,0.0008748575346544385,0
Q2R0D4:Q2QMW1,0.0014920313842594624,0
Q5NAI7:Q5NTH4,0.011697933077812195,0
Q0ING3:Q651X6,0.0054135690443217754,0
Q7XR60:Q5TKP8,0.3644035756587982,0
Q0JNB6:Q7XIT1,0.0036996088456362486,0
Q7XJ02:Q0JD14,0.22280572354793549,0
Q67VA4:Q653U3,0.18172116577625275,0
Q7XX84:Q655V5,0.0016469840193167329,0
Q6H434:Q657X6,0.005535799544304609,0
Q10MN8:A3CCP9,0.001444311230443418,0
Q6Z2T9:Q652U9,0.007478275801986456,0
Q5NB25:Q5Z8V7,0.001941587426699698,0
Q7XSJ6:Q5JL08,0.10501035302877426,0
Q84T03:Q7XD82,0.6577467322349548,0
Q0DWC7:Q8S6N5,0.0010260202689096332,0
Q6K3B1:Q0JHU7,0.09335837513208389,0
D5A7J3:Q0JG75,0.00830160453915596,0
Q6ET36:Q75IQ4,0.006350437644869089,0
Q8H384:Q9LGH8,0.002080653328448534,0
Q5JJY4:Q2QZ80,0.03531761094927788,0
Q6AWY2:Q6ZCR3,0.0014894249616190791,0
Q10MH8:Q6YVJ0,0.00916395802050829,0
Q6ZIF9:Q6Z746,0.0009549264796078205,0
Q9SXP2:Q6EPG8,0.03295992687344551,0
Q10CF3:Q8L556,0.026702383533120155,0
Q5VRD1:Q84PB6,0.006977965123951435,0
Q0J6P7:Q6ETX0,0.008565018884837627,0
B7EJ91:Q9LG86,0.023552393540740013,0
Q7XDH8:Q9FU27,0.024124791845679283,0
Q67J17:Q0DUI1,0.004951132461428642,0
Q942D6:Q5JLP4,0.002074218587949872,0
Q5VQ69:Q5Z5R7,0.003230772679671645,0
Q7XPY7:Q2R2Z4,0.0013119326904416084,0
Q6YWQ4:W0RYD3,0.004980622325092554,0
Q2RBC6:Q84NC5,0.0012871030485257506,0
Q7XN30:Q2R4Z4,0.014277239330112934,0
Q5VRR0:Q6ESG1,0.001332550309598446,0
Q0JJD1:Q0JP11,0.001095455139875412,0
Q6YXY2:Q10LL4,0.02648158185184002,0
Q84PB6:Q5W659,0.0175167229026556,0
Q6L5C4:B9F7C8,0.044083524495363235,0
Q10QH1:Q5VNN5,0.003968331962823868,0
Q6ZFU6:Q7XHX9,0.00853754859417677,0
Q652A1:Q67UI2,0.02069060131907463,0
Q6ZBH6:Q2QN30,0.0014259193558245897,0
Q7XR06:Q6YZM6,0.0021833761129528284,0
Q5NBJ3:Q5VS72,0.13319575786590576,0
Q2R1D5:Q0E2L3,0.24035273492336273,0
Q6ZJJ1:Q7XEK4,0.003713164944201708,0
Q6ZLA3:Q6Z4G8,0.0014727490488439798,0
Q0JBQ0:Q851S2,0.05778003856539726,0
Q6YW51:P27939,0.02281888946890831,0
Q0J9X2:Q5NAT0,0.0015492866514250636,0
Q7FMW4:Q84R49,0.003363587660714984,0
Q3HRN7:Q5Z6F5,0.005224624183028936,0
Q5KQH7:Q2QWT4,0.01817648485302925,0
Q7X923:Q2R9D2,0.012502855621278286,0
Q651Z5:P31110,0.002261934569105506,0
Q6Z5P2:Q2RBB1,0.011987902224063873,0
P83466:Q43007,0.026484591886401176,0
Q6Z6L4:Q0ILZ4,0.005129684694111347,0
Q7XCJ7:Q33DK1,0.0010097332997247577,0
Q5SMI4:Q7F8T6,0.0036234171129763126,0
Q0JR25:Q67UE8,0.02214273251593113,0
Q7XUV4:Q7DNA1,0.009955103509128094,0
Q69QQ6:Q6ZD63,0.6581209301948547,0
Q5VQQ5:Q0J0G2,0.006881484296172857,0
Q0DA21:Q2R637,0.005795259959995747,0
Q0JCR9:Q0JF21,0.0016758196288719773,0
Q0JEE2:Q5JN63,0.0009639026829972863,0
P0C506:Q2QYR5,0.09655603766441345,0
Q0ITS8:Q6I5W0,0.0017645651241764426,0
Q0JPA6:Q943E9,0.11333787441253662,0
A9UGV6:Q0J952,0.0012807046296074986,0
Q6I5B3:Q0J4I1,0.05368773266673088,0
Q6ATJ8:Q75LR7,0.07211650162935257,0
Q0JKD0:Q6ERW5,0.0240754596889019,0
Q9LL45:Q01881,0.0028047231025993824,0
Q67VU7:Q2QYE1,0.39673131704330444,0
Q5NBT9:Q8LIY8,0.0040033659897744656,0
Q7XIM7:Q852A1,0.001193249598145485,0
Q6AUK6:Q8S1X7,0.0018304206896573305,0
Q10N79:Q67WN8,0.0062326351180672646,0
Q5ZE07:Q10CV4,0.0026345925871282816,0
Q6H638:Q5Z8N6,0.02365054003894329,0
Q7XBW5:Q9LWV3,0.012184488587081432,0
Q94LR3:Q5N7W4,0.0018317286157980561,0
Q6F4F5:Q67UX0,0.003817179938778281,0
P49216:P27934,0.002952383831143379,0
Q69TI0:Q0E4A8,0.009156663902103901,0
Q688L5:Q10S82,0.014130251482129097,0
Q0J9W0:Q652V8,0.010175805538892746,0
Q0JBQ0:P0DO08,0.01575191132724285,0
Q69RG7:Q0JCT1,0.006512083113193512,0
Q6K8J4:Q69V23,0.013286421075463295,0
Q5CCK3:Q6K6Q0,0.008075962774455547,0
Q6YZA9:P0DO03,0.003863672958686948,0
Q8S3Q9:Q76EJ0,0.042536661028862,0
Q336N8:B9FFA3,0.1300811618566513,0
Q6K4T4:Q69T94,0.012433135882019997,0
Q69T31:Q6H7M7,0.00804128311574459,0
Q0INW1:Q6Z2M9,0.0037655995693057775,0
Q6ZB90:Q10Q65,0.000997080933302641,0
Q84LM2:Q7XNS7,0.0020189709030091763,0
Q9LWN0:Q2QVG8,0.4857749938964844,0
Q0INZ4:Q7X7V2,0.010055320337414742,0
Q68Y49:Q94FT7,0.00801280327141285,0
Q6Z358:Q5KQN0,0.0016347762430086732,0
Q7XR61:Q10MW6,0.08630430698394775,0
Q0JJV0:Q0JA75,0.0011195356491953135,0
Q7XI55:Q0JJV1,0.0013595253694802523,0
Q69T51:Q7XP01,0.0010660431580618024,0
Q6Z234:P0C0L0,0.32420867681503296,0
Q2RBK2:Q10AZ4,0.04445018619298935,0
P12331:Q69WI0,0.01270787138491869,0
Q6ZJ08:Q69KN0,0.07550012320280075,0
Q7G8Y3:Q0DHC4,0.7068174481391907,0
Q10E50:Q0DJ94,0.0012311686296015978,0
Q69TI0:Q6H3Z9,0.00415020389482379,0
Q7XCL0:Q339K6,0.006625583861023188,0
O64464:Q6L4L4,0.010479984804987907,0
Q0DGP6:F7J0N2,0.01715334691107273,0
Q6YX88:Q05JG2,0.006738894619047642,0
Q6YWS8:Q10MI9,0.03149235248565674,0
Q6H3Z3:A0A0P0VIP0,0.0019357830751687288,0
Q652K1:P0C377,0.0011920053511857986,0
Q7XPF8:Q6EUK7,0.0008321641944348812,0
Q6K5X1:Q69L87,0.0013562048552557826,0
Q10CX4:Q2HWG0,0.008358897641301155,0
Q0DNU1:Q5KQI4,0.0853189155459404,0
Q0E474:Q5NB83,0.00243663159199059,0
Q69LD8:Q8W3E8,0.002110380446538329,0
Q8LMR9:Q0JGS5,0.016107922419905663,0
Q6Z4T3:Q655S1,0.009313703514635563,0
Q56UD1:Q84UQ1,0.003951581660658121,0
A3A8W6:Q6AVZ9,0.0014630918158218265,0
Q8H2J9:Q10R93,0.0012836700771003962,0
Q40638:Q4PR52,0.4479612410068512,0
Q6YW50:Q942X0,0.0012949586380273104,0
Q2R8T2:B9GDE5,0.0013576078927144408,0
Q6Z058:Q2RAD9,0.19842268526554108,0
Q9FVZ7:Q6L4F8,0.15838544070720673,0
Q6AVD0:Q8L4P8,0.0035126134753227234,0
Q6ZJM9:Q6K8J4,0.006426871754229069,0
Q10RE5:Q10L91,0.046369295567274094,0
Q1WM15:Q5Z8T8,0.015689624473452568,0
Q5ZCC5:Q5NB83,0.000916828983463347,0
Q6AUQ7:Q9ARX2,0.0009882990270853043,0
Q94IB1:Q6ZH29,0.0032181546557694674,0
B9G193:Q655X8,0.001439267653040588,0
Q53MD1:Q0JL46,0.03092987649142742,0
Q2R073:Q6YXT7,0.0024869763292372227,0
Q0JHP8:P48600,0.0036149651277810335,0
P27934:Q942J6,0.0033353962935507298,0
Q0E3L5:Q9FTZ2,0.00184596236795187,0
Q8H5F8:Q53JY8,0.025577250868082047,0
Q5WA72:Q0DIT6,0.01284475065767765,0
Q6YXY2:Q60EZ2,0.038075219839811325,0
P0C337:Q6EU30,0.016109803691506386,0
Q5KTQ9:Q5N9J9,0.03911364823579788,0
Q7XMK8:Q9LHY9,0.1728462278842926,0
Q6F334:Q9FU53,0.017889484763145447,0
Q2R2L6:Q0DKA5,0.023823995143175125,0
Q6I5C3:Q9SDK9,0.0014703648630529642,0
Q2QWJ9:Q6ZLA3,0.000858040526509285,0
Q6K3B1:Q5VNW5,0.011275109834969044,0
Q8VXB1:Q2RBG8,0.0016680093249306083,0
Q84TA3:Q6ZDF3,0.019330212846398354,0
Q67VP4:Q2R4J4,0.14247456192970276,0
Q0DXB1:Q6ZCX1,0.00098664709366858,0
Q5ZD08:Q42993,0.004772866610437632,0
Q5JL96:Q0D9C7,0.2497604340314865,0
Q0JBF0:Q6Z8K4,0.0013197662774473429,0
Q8S091:Q6YUL8,0.007731199264526367,0
Q0JD07:Q946J4,0.002269415883347392,0
Q10CX4:Q6I5B3,0.0012850400526076555,0
Q852L2:Q6H545,0.005697228014469147,0
Q0IQU1:A4PBL4,0.0017066255677491426,0
Q0D9C4:Q84SC3,0.031812019646167755,0
Q10S65:Q5Z8T8,0.005329621024429798,0
P12212:Q5JK52,0.003713576588779688,0
Q6YS30:Q2QWZ1,0.8674497604370117,0
Q9XHY7:Q6YX88,0.056956447660923004,0
Q2QUN2:Q69W36,0.004925818648189306,0
Q7XPK7:Q7XP59,0.0016027014935389161,0
Q0D7E4:Q8LIY0,0.011478499509394169,0
Q75K78:Q84P94,0.0019356681732460856,0
Q8S230:Q6YUL8,0.0020414770115166903,0
Q6H711:Q5Z818,0.035102736204862595,0
Q10QW3:Q6YZZ7,0.0013086627004668117,0
Q7F9W2:Q7XCK6,0.002584348665550351,0
Q946J4:Q6K7R9,0.0018175306031480432,0
Q943E9:Q10SR3,0.8619779944419861,0
Q0DCM5:Q6ZIU9,0.003054212313145399,0
Q2R8T2:Q67VL7,0.23804397881031036,0
Q0J2L7:Q0JIC2,0.007569341454654932,0
Q9SNQ2:Q10T43,0.02426551654934883,0
Q69UI8:Q69S81,0.01915278099477291,0
Q5VNW0:Q0J290,0.0026637327391654253,0
Q0D5P3:Q0JD14,0.07503628730773926,0
Q7XUU0:Q10BA8,0.0014812200097367167,0
Q9FDX8:Q0E459,0.06823700666427612,0
Q0DVU4:Q7XWK5,0.0018826095620170236,0
Q84T92:Q6F303,0.0034424052573740482,0
Q5Z6F5:Q69XV9,0.0018618159228935838,0
Q4PNY1:Q7XUF4,0.012271943502128124,0
Q69J40:Q53WK1,0.004223942290991545,0
Q851G4:Q5Z6I4,0.00396266533061862,0
Q0DIV0:Q75W16,0.05225613713264465,0
Q5VRJ8:P29619,0.034838974475860596,0
B9G4M9:Q6K687,0.0019594263285398483,0
Q7XBA5:P0CD22,0.0006891946541145444,0
Q5ZC86:P12186,0.01561534684151411,0
Q7XKK6:P0C129,0.28371813893318176,0
Q5Z8P0:Q8H8U5,0.009332410991191864,0
Q84NC2:Q6K9U2,0.2106647491455078,0
Q0D4Z6:B9GDE5,0.07022087275981903,0
Q6YYX9:Q6EPG8,0.0430263951420784,0
B9EY52:Q0IQU1,0.0015124023193493485,0
Q0JBZ8:Q10LP5,0.04646645486354828,0
Q9FYP9:Q69UI8,0.024191727861762047,0
Q75IS2:Q10RB4,0.011764309369027615,0
Q2QWK9:Q2R237,0.016768107190728188,0
Q9ARX2:Q6ZJS7,0.0007675616070628166,0
Q0DJY3:Q337B8,0.0007304608589038253,0
Q69SP5:Q2QXR8,0.0055135637521743774,0
Q7XUS2:Q75HP9,0.00850596185773611,0
Q9SXP2:Q7XUF4,0.1516994833946228,0
Q53PC6:Q8S1Z1,0.00307558779604733,0
Q5N7A7:Q8H383,0.001308427075855434,0
Q10LJ2:Q9AVE6,0.02077176235616207,0
Q10CH5:Q84P71,0.007788658142089844,0
Q7XR47:Q336M7,0.0031808705534785986,0
Q9FYN7:Q651X7,0.001909187063574791,0
B9F166:A3BN26,0.12496180832386017,0
Q69L93:Q6ZIV7,0.15912091732025146,0
Q0J932:Q7EZD5,0.001573458663187921,0
P43279:Q7XX84,0.005977093707770109,0
Q84P99:Q8S1Z0,0.010551205836236477,0
Q6ESR4:Q10BT5,0.5479047894477844,0
Q43009:Q338Z7,0.0014492901973426342,0
Q6Z7I3:Q5VN46,0.06132650002837181,0
Q10A30:Q651U1,0.40763044357299805,0
Q6Z5M3:Q8H6H2,0.001845247345045209,0
Q6ZLK0:Q0DDF6,0.0026843384839594364,0
P0C451:Q2KNB5,0.0010910455603152514,0
Q10PP8:Q2RAP3,0.0019197454676032066,0
Q5JK84:Q10Q08,0.7918803095817566,0
Q5NBN9:Q7XAK4,0.008423862978816032,0
Q2R3B4:Q69L93,0.019938206300139427,0
Q5Z5R7:Q6Z6D6,0.2222307026386261,0
Q10MW6:Q10CT5,0.02802741900086403,0
Q8H395:Q7XR52,0.004208385478705168,0
Q7XQ45:Q10NX8,0.0743987113237381,0
O82766:Q6ZD28,0.3592313826084137,0
Q7Y0Y8:P49216,0.08384610712528229,0
P0C491:Q7XI55,0.9650611877441406,0
Q2R185:Q2QYR5,0.005196177866309881,0
Q65WW7:Q6AWY4,0.001863560057245195,0
Q70G58:Q7XL03,0.06265777349472046,0
Q8H2X8:B9FI63,0.0038196169771254063,0
Q851G4:Q65WV2,0.001246312982402742,0
B9FS33:Q94CS9,0.0027219837065786123,0
Q0DF13:Q84PC0,0.001151665928773582,0
Q2RA93:Q7G794,0.07408195734024048,0
Q6K2E1:Q7XVN7,0.007044002413749695,0
Q0D744:Q7XW88,0.002208107151091099,0
Q7XPT0:Q7EXZ4,0.0034048331435769796,0
Q8H3C9:Q5ZD36,0.008604314178228378,0
P48494:Q2QXP0,0.020585816353559494,0
Q6ETK3:Q2R9D2,0.0033220869954675436,0
Q75I90:Q6ATS0,0.7950887084007263,0
Q0JL46:Q6Z5P2,0.03177151829004288,0
Q69TI2:Q67WE2,0.08759548515081406,0
Q0DKM4:B9FSH5,0.004827972501516342,0
Q6H7U2:Q0DG05,0.0011287023080512881,0
Q657X6:P29620,0.3425880968570709,0
Q10Q26:Q5Z6F0,0.0040079099126160145,0
Q6YTI3:Q0DGD7,0.0030274917371571064,0
Q8L4L4:Q6Z8L2,0.003090006299316883,0
P0DKK9:Q6Z1Z3,0.010621613822877407,0
Q60EZ2:Q7XMK1,0.0708891972899437,0
Q652I1:Q84PB4,0.0022438818123191595,0
Q2R1U4:P0C0L0,0.3131469786167145,0
Q8H016:Q53RH0,0.030692458152770996,0
Q2RBJ4:Q6ZGU9,0.0026121120899915695,0
Q0JKZ0:Q6I588,0.0015491031808778644,0
Q6K1Z1:Q5VS84,0.033949825912714005,0
Q8H4L3:Q6K9F6,0.07182600349187851,0
Q5ZEM1:Q7F731,0.008313807658851147,0
Q6ZJW8:Q10CQ8,0.011395580135285854,0
Q6K3R9:Q6ES51,0.029118312522768974,0
P12139:Q0JHZ2,0.30309271812438965,0
B7FA90:Q7XM16,0.0008587475749664009,0
Q8LR50:Q2R3A1,0.25510960817337036,0
Q69T58:Q9MAX6,0.017681771889328957,0
Q8H4S6:Q84P79,0.004106310661882162,0
Q942J6:Q657X6,0.04851746931672096,0
Q8S7M7:Q07078,0.23591414093971252,0
Q5WAB3:Q69KP0,0.04932218790054321,0
Q0J3L4:Q6L4N4,0.0036284164525568485,0
Q2QN26:Q6ATJ8,0.11090242862701416,0
Q6ZJM9:Q69T21,0.010389658622443676,0
P37832:Q7XKC5,0.006222058553248644,0
Q7XGU4:Q6K1S6,0.005100914742797613,0
Q8LI34:Q10EJ2,0.001228730077855289,0
Q8RU95:Q0J006,0.004722967278212309,0
Q688J2:Q10S83,0.012082859873771667,0
Q6L4L4:Q0DZF3,0.03034607134759426,0
Q2QYU7:Q7XXR8,0.003071941900998354,0
Q6Z0E2:Q10NQ3,0.0013378473231568933,0
Q2RBJ2:A3BH85,0.11578302830457687,0
Q7XD65:Q6YXH8,0.4447213113307953,0
Q6ZL81:Q0DJY3,0.0027713365852832794,0
Q5VNK1:Q8W0W4,0.4830164909362793,0
P0DKK9:A0A0P0X004,0.006087351590394974,0
Q5ZCK5:Q6F2Z1,0.004930935800075531,0
P20907:Q7XKK6,0.01183423213660717,0
Q75I13:Q8GU86,0.0024006024468690157,0
Q10N20:Q6Z5P2,0.1847517341375351,0
Q0DLB9:Q6I628,0.0015341326361522079,0
Q0JI49:Q69IM9,0.5272243022918701,0
A0A0P0XCU3:Q0JMY8,0.0019246352603659034,0
Q7F613:Q6ETW4,0.007966390810906887,0
Q6EP31:Q7XI55,0.005905701778829098,0
Q2QY37:Q84P97,0.03580525517463684,0
Q7XEJ5:Q10QP3,0.0014465941349044442,0
Q764B9:P0C291,0.020511364564299583,0
Q0JEF7:Q338B0,0.0032212070655077696,0
Q7XVM8:O23810,0.0033609678503125906,0
Q0E0C6:A3BYC1,0.0012838781112805009,0
Q84P81:Q7XBW5,0.043221425265073776,0
Q10MN6:Q5VRH9,0.006026368122547865,0
Q7Y0V7:Q6H641,0.0012997800949960947,0
Q9FWU1:Q7XDP2,0.0023705430794507265,0
Q7F9U3:Q84QU8,0.0050255185924470425,0
Q69JZ7:Q10G81,0.20068895816802979,0
Q5ZC87:Q6ZDF3,0.0016637503867968917,0
Q0DWT8:Q6YWQ2,0.6107448935508728,0
P0C361:P0C0L1,0.3488996624946594,0
Q6YVX4:B6RRX3,0.008056296966969967,0
Q67VZ8:Q7XII4,0.002428388223052025,0
Q8RZV7:Q07078,0.06552690267562866,0
Q10N20:P17814,0.29723939299583435,0
Q851Y7:P35684,0.15672694146633148,0
Q40731:Q8H2X8,0.058237191289663315,0
Q67UF5:P42211,0.42593106627464294,0
Q8LNU5:Q6ZL94,0.009651372209191322,0
B7F845:Q2QP13,0.003055468201637268,0
B9EY52:Q53LQ0,0.012846164405345917,0
Q2R2W2:Q5NA06,0.496103435754776,0
Q8RYK0:Q84P89,0.009200426749885082,0
Q9LD61:Q0DWH1,0.023608176037669182,0
Q5Z8V8:Q75M08,0.28127771615982056,0
Q652J4:Q42982,0.0036466517485678196,0
Q9SDK9:Q2QVG8,0.0031511529814451933,0
Q6Z715:Q84J50,0.00666078133508563,0
Q6AUV1:Q2QXB3,0.008191722445189953,0
Q0JB89:Q10LH0,0.011861642822623253,0
Q5JMF2:Q6ZD63,0.011610433459281921,0
Q9AWS0:Q6AV22,0.3111332356929779,0
Q2R4Z4:Q6YUU5,0.03803722932934761,0
Q8LNW4:P62727,0.02107631042599678,0
Q7FAS1:Q8W0F1,0.0008304910734295845,0
Q0JF58:Q943F3,0.015913961455225945,0
Q6I588:Q6K4N0,0.003430946497246623,0
P0C503:Q7XZF7,0.5063403248786926,0
P0C579:Q6YYZ1,0.0019676468800753355,0
Q7XR62:P47909,0.0009365309379063547,0
Q53K52:Q2QWK9,0.020322205498814583,0
Q9AXA6:Q5SMQ9,0.001320672337897122,0
Q94HF1:Q67WR5,0.0345921516418457,0
Q69TG5:Q9ASI1,0.001881640637293458,0
Q6H7U5:Q0J8J8,0.003233684692531824,0
Q84R94:Q7XES5,0.0008996552787721157,0
Q6YZW2:Q94LW3,0.03589680418372154,0
O82143:Q2QSB9,0.1792496293783188,0
Q10HL3:Q9ZTP5,0.00395605806261301,0
Q0DBS1:Q2QWT4,0.003973397891968489,0
Q0JL75:Q7XLP4,0.0016891863197088242,0
Q9FYP9:Q6EUK0,0.25771984457969666,0
Q6YXZ4:Q10M80,0.0009016197291202843,0
Q6Z4G3:Q8S983,0.014439140446484089,0
Q10S44:Q6H7T1,0.06314106285572052,0
P14717:Q6ZCX1,0.01073379348963499,0
Q75KE5:Q65XG6,0.005373097490519285,0
Q6Z7F4:Q5Z5S6,0.0053764935582876205,0
Q10MI0:Q6ZLC4,0.00848234910517931,0
Q6ZHA3:Q8LQJ9,0.03330504894256592,0
Q6ZI50:Q58G87,0.16584952175617218,0
P0CE66:Q10R21,0.0024839062243700027,0
Q8W0W3:Q8L4P8,0.6481731534004211,0
Q75GX9:Q9LGQ6,0.04459366574883461,0
Q0JBP5:Q75KH3,0.36021921038627625,0
Q94LU9:Q762B4,0.017068887129426003,0
Q5SMU7:Q5W7C6,0.04915361478924751,0
Q94CV1:P0C389,0.0023499149829149246,0
Q0DXB1:Q5QM27,0.1828811764717102,0
Q33BI9:Q0E1D7,0.005439226981252432,0
P0C386:Q84T92,0.16482165455818176,0
Q6YXH8:Q0J233,0.9759675860404968,0
Q10S72:Q9ZST0,0.004247297067195177,0
P27932:Q8LHH9,0.0031336050014942884,0
P0DKK1:Q6YU05,0.011150283738970757,0
Q0DKW8:Q9FRA7,0.001838816562667489,0
Q8H3A7:Q8LQX2,0.007867586798965931,0
Q6K471:Q84QC0,0.07447385042905807,0
Q0J0K1:B9F655,0.002285750349983573,0
Q40638:Q9AQW1,0.004720589611679316,0
Q5TKP8:Q7X7C4,0.0011896755313500762,0
Q7XUJ2:Q2TQ34,0.0010592298349365592,0
Q0JGS5:Q850M0,0.0016417965525761247,0
Q69VD5:B8YIE8,0.05064891651272774,0
P0C0M3:Q0E2Q3,0.004023020621389151,0
Q8LR86:Q8S3Q9,0.014208748936653137,0
Q6L5C4:Q2QYY8,0.12415876239538193,0
Q7Y1Z1:Q6YWR4,0.004434441681951284,0
Q0DY72:Q9SLY8,0.16229310631752014,0
Q75KU4:Q10LN5,0.013663348741829395,0
Q6Z312:P0C031,0.3365062177181244,0
Q69UZ3:Q8S985,0.036617886275053024,0
Q2QMG2:Q53N47,0.0210881270468235,0
Q5W6Z9:Q84ZN6,0.0014944454887881875,0
Q8S1Y9:Q84TB6,0.016384057700634003,0
Q7XD66:Q10NT7,0.0050045098178088665,0
Q2QUN2:Q7FA29,0.002309155184775591,0
Q60EJ6:Q5W7C6,0.004404318984597921,0
Q7XA61:Q6H4M2,0.01402979250997305,0
Q2QPW1:Q6EP66,0.010766583494842052,0
Q6H4D6:Q0J0N4,0.0032479427754878998,0
Q6K687:Q0D9C4,0.016586262732744217,0
Q0DWH1:Q94E96,0.026480017229914665,0
Q6K3D8:Q8RZ35,0.005669555626809597,0
B9FGV7:Q0DJA3,0.0009987736120820045,0
Q6YVY0:Q2QZ14,0.007332711946219206,0
Q0JLP9:Q6YRM6,0.0028967359103262424,0
Q6YWQ2:Q7XBS0,0.0010886964155361056,0
Q8RZ40:Q0JJV1,0.0804973617196083,0
Q0DV32:Q7XBW0,0.01137892622500658,0
Q84P65:Q2QYW1,0.005591042339801788,0
Q6ZFT5:P53683,0.010495458729565144,0
Q2QMH2:Q9SMB1,0.011251391842961311,0
P27934:B9G125,0.0030304521787911654,0
Q5TKP8:Q0JD85,0.0031266820151358843,0
Q852K0:Q2QY10,0.02089715003967285,0
B7F6S9:Q6EUG4,0.008142242208123207,0
Q2QZF2:Q8H4S6,0.0026285690255463123,0
Q2QZF2:Q84P63,0.00329136592335999,0
Q0J6T3:Q67VA4,0.01558654010295868,0
Q7XMI0:Q9SDK9,0.002768847858533263,0
Q0JB92:Q8H384,0.0011358594056218863,0
Q2QXY3:Q7XII4,0.002901966916397214,0
Q67J17:Q08480,0.012687796726822853,0
Q84PD9:Q7XHR2,0.0019206913420930505,0
Q0J0N4:Q68Y48,0.002022182336077094,0
Q0D4J7:P0C2Z6,0.06665091961622238,0
Q0JJ01:Q10N34,0.0023906435817480087,0
Q7XTY9:Q0DY59,0.032592613250017166,0
Q5MBR3:B9FMX4,0.0015418526018038392,0
Q652N5:Q10E61,0.004314290825277567,0
Q6H7U5:Q69S81,0.012455049902200699,0
Q5ZEG0:Q84P63,0.00502069341018796,0
A1A698:Q2R480,0.26044750213623047,0
Q942D6:Q10LF7,0.03249844163656235,0
Q0ILQ6:Q5QMT0,0.017215963453054428,0
P0DKK9:Q6ZDJ7,0.015941673889756203,0
A0A0P0V5U9:Q6YZE8,0.003878107061609626,0
Q6ETW4:Q6Z4P2,0.024440094828605652,0
Q6Z1D5:Q6ZKV8,0.24781785905361176,0
Q69TW5:Q65X92,0.03182841092348099,0
Q852K5:Q7G6Z5,0.0008822202798910439,0
Q0J290:Q2QZ86,0.006965562701225281,0
Q7XIM0:Q84TV4,0.007979813031852245,0
Q8LIG4:Q9FWC4,0.12320108711719513,0
Q8LJJ9:Q6Z9U7,0.0473644994199276,0
B9EY52:Q6Z2L5,0.003017716109752655,0
P0DO27:Q5Z5B2,0.001973444363102317,0
Q6AVA8:Q0IY07,0.0015146825462579727,0
P41095:Q7XQ88,0.033678364008665085,0
Q9LG41:Q6YTW6,0.005124469753354788,0
Q651V6:Q6Z7K5,0.030118659138679504,0
Q5VRY0:A3BKM2,0.002688364824280143,0
Q6Z2T8:Q0IU52,0.03734548017382622,0
Q0JC27:Q6ZBS8,0.04890241101384163,0
P20698:Q9LGH8,0.0013794664992019534,0
Q6ZIK7:Q8W0F9,0.0305499080568552,0
Q6H7T1:Q0E3I9,0.004559212829917669,0
Q94EE9:Q2QXM3,0.0016164927510544658,0
Q0E079:Q6K602,0.0019243675051257014,0
Q6Z1C0:Q8H384,0.0043396977707743645,0
Q6Z2J1:Q84LM2,0.009967765770852566,0
Q6YYB0:Q7XLX6,0.004936611279845238,0
Q6YUE5:O24174,0.0015294551849365234,0
Q6H5J0:Q9FR35,0.11334939301013947,0
Q7XQU7:Q7X7N3,0.0016317282570526004,0
Q6YVX9:Q10R18,0.0026304139755666256,0
Q6YVX4:Q5Z8Q9,0.055539797991514206,0
Q10DU0:Q9LRE6,0.039677057415246964,0
Q84MP7:Q657W3,0.006982610560953617,0
Q7XQ88:P12192,0.2532678544521332,0
Q7XSS9:Q8S3R1,0.03999669849872589,0
Q0JGK4:Q5W676,0.05677128583192825,0
Q0JNB6:F7J0M4,0.0017129173502326012,0
Q69TB1:Q0JNL7,0.06677073240280151,0
Q8H485:Q6PL11,0.46103334426879883,0
Q10HC9:Q5QMM3,0.002943486673757434,0
A2CIR7:Q10B79,0.006906322669237852,0
Q10NQ3:Q0J8J8,0.0014248769730329514,0
Q2QQ99:F1SZ42,0.04888075962662697,0
Q8H4S6:Q10KN8,0.00405860086902976,0
Q8S230:Q0JLC5,0.0035506568383425474,0
Q7XCG7:Q852L0,0.006821116898208857,0
Q10HD0:Q84P62,0.014183849096298218,0
A3C6D7:H2KWF1,0.13137896358966827,0
Q6VVA6:Q8GU88,0.037560414522886276,0
Q7XFK2:Q7XSQ5,0.013434737920761108,0
Q3T5N4:Q6Z2Z4,0.23664188385009766,0
Q8S9Z2:Q2QY53,0.025000665336847305,0
Q7XKC8:Q2R0D4,0.0015211785212159157,0
P35684:Q6YWF1,0.004927333444356918,0
Q9ZP20:Q9XG81,0.0016678173560649157,0
Q4PNY1:Q8GVZ6,0.001717928797006607,0
P30287:Q8S0S6,0.053171731531620026,0
Q9AWL7:Q6ZIQ1,0.16471721231937408,0
A3BKM2:Q7XS69,0.003008442698046565,0
Q5VRW2:Q8LQQ2,0.001715069287456572,0
Q10HD0:Q9XJ61,0.007229787763208151,0
Q75KR1:Q7XIT1,0.008679957129061222,0
Q5UG13:Q94LW4,0.08723406493663788,0
Q8LJJ9:Q53NI2,0.005636797286570072,0
Q10R21:B9EUM5,0.008528073318302631,0
Q69QZ0:Q4PR49,0.0016856699949130416,0
Q0DVX2:Q6ZAC1,0.004055365454405546,0
Q58G87:Q84PC4,0.010327017866075039,0
P0C343:Q2QVI1,0.006216167006641626,0
Q5W6M3:Q6EPQ3,0.005974342580884695,0
Q9FR35:Q6J1A5,0.0010481225326657295,0
Q5JK20:Q10GB1,0.025537753477692604,0
P35687:Q75KU4,0.0054776654578745365,0
Q84PA3:Q7XQT2,0.011156204156577587,0
Q5N9W4:Q5ZC87,0.0023517576046288013,0
Q0JI49:Q8W250,0.013143968768417835,0
Q7XDB8:Q69TU6,0.0019852034747600555,0
Q2R8Z5:A3C6D7,0.007150755729526281,0
Q9AWZ8:Q6Z9C3,0.40755611658096313,0
Q6K5Q0:P12203,0.006534230895340443,0
Q84UQ3:Q0DKY4,0.1156199499964714,0
Q5Z9E5:Q7XI08,0.017689168453216553,0
Q2QQS5:Q8H339,0.9286548495292664,0
Q6ZD95:Q9LIX1,0.010809900239109993,0
Q6K548:Q40665,0.12831921875476837,0
Q43008:Q339M7,0.026568112894892693,0
P0C130:Q69T58,0.00810463260859251,0
Q84P89:B9FJH4,0.002991895191371441,0
Q6Z955:Q7XKE9,0.006344176828861237,0
P0C457:Q7XU38,0.002126179402694106,0
Q339D2:Q69LA6,0.022292790934443474,0
Q5VRD1:Q9FDY4,0.03512353077530861,0
Q6H647:Q10S83,0.031921688467264175,0
Q6K7R9:Q7X8D4,0.00461904052644968,0
Q7XJ02:Q69NX5,0.012659571133553982,0
Q6L8F7:Q10LI8,0.003703079419210553,0
Q5N7A7:P0C5A4,0.006093474570661783,0
Q6Z6M4:Q10D34,0.003169931471347809,0
Q651Z7:Q6YVY6,0.014386387541890144,0
Q6AWX8:Q7XPW5,0.0026157640386372805,0
O82451:P93422,0.1066601499915123,0
Q3HRP2:Q10MG9,0.03394164517521858,0
Q84NQ7:Q7G4P2,0.007335972040891647,0
Q84ZT0:P93422,0.023580357432365417,0
Q84Q92:Q5W670,0.101742222905159,0
Q67UK2:Q2R4A0,0.043737124651670456,0
Q9FWQ2:Q5W727,0.005048918537795544,0
Q0JKG7:Q9S827,0.04932587221264839,0
Q6K1S6:Q6Z6M4,0.004182639066129923,0
Q941V3:Q94GL5,0.0008186291088350117,0
Q6Z9D2:Q2QWJ9,0.01000610738992691,0
Q7XUN6:Q8GU88,0.0013753590174019337,0
Q84JI0:Q6ZJJ0,0.0026661893352866173,0
Q5VPH3:Q0D6F4,0.006552260369062424,0
Q2QLW3:Q3HRP2,0.007243440952152014,0
Q7X8H9:Q0DJS1,0.0009517700527794659,0
Q0JL44:Q8GSD9,0.06185101345181465,0
Q3HRN9:Q0JBQ0,0.0029688053764402866,0
Q7XC35:Q5Z6F5,0.0017803848022595048,0
Q8W0H5:Q9FWV6,0.0023548919707536697,0
Q6K2E8:P50156,0.021681323647499084,0
Q8H3Q1:Q10MQ0,0.021212970837950706,0
Q6ZA50:Q84PD9,0.0020407186821103096,0
Q7Y0W5:Q7XSR9,0.0012706073466688395,0
Q10MI9:Q6H6Q7,0.02274714782834053,0
Q6K8R2:Q9SLX0,0.007838530465960503,0
Q7XBS0:Q6ESF0,0.0028221197426319122,0
A3BMN9:Q6ZKI8,0.0753437876701355,0
A0A0P0V5U9:Q655G7,0.0035520331002771854,0
Q75GI4:Q8W855,0.0029687583446502686,0
Q9AWZ7:Q6EN45,0.003611756954342127,0
Q7XI96:Q6Z2L1,0.02445163205265999,0
Q94GL5:Q65XK1,0.02906387485563755,0
Q0D3S3:Q05JG2,0.0030256451573222876,0
Q5VNJ0:P0C319,0.004551534540951252,0
Q5U9F2:Q6EN45,0.0041387672536075115,0
Q6AVN2:P29618,0.2978556156158447,0
Q6EP31:Q5N941,0.08409353345632553,0
P0C477:Q652K1,0.0034949590917676687,0
Q40665:Q7XAL3,0.1072702556848526,0
Q0E3I9:A1A698,0.0017450702143833041,0
Q07078:Q10HL3,0.14474377036094666,0
Q2QMN7:Q7Y1L9,0.0019569816067814827,0
Q5QNI5:Q5VRH9,0.02148343436419964,0
Q688Q9:Q8H3I4,0.13415777683258057,0
Q6K1Z1:Q9LD07,0.002184515120461583,0
Q336M7:Q8LQ74,0.001091226004064083,0
B9FDR3:Q84P80,0.017452102154493332,0
Q53JG7:Q69L99,0.02304052747786045,0
Q6L4H4:Q6Z7W3,0.0016661513363942504,0
Q6K2T1:Q6YYZ2,0.0015874787932261825,0
Q6YUA8:Q6L4N4,0.0029069979209452868,0
Q69S81:B9FMJ3,0.011239002458751202,0
Q7XEZ4:Q0J361,0.261631578207016,0
Q6YX89:P93407,0.014279442839324474,0
Q653B6:Q42972,0.003086388111114502,0
Q6H6S3:Q8L556,0.08092470467090607,0
Q6Z9F4:Q9SLX0,0.4276631772518158,0
Q7XKK6:Q7X7N2,0.030993198975920677,0
Q8VXB1:Q67X81,0.0012313983170315623,0
Q0J932:Q6ZIV7,0.09123288840055466,0
Q5VNU3:Q5W6H5,0.007430523633956909,0
Q0DUI8:Q69T30,0.03760587424039841,0
Q69JN7:Q6ESZ9,0.021696874871850014,0
Q0DKM4:Q8S2G0,0.03664643317461014,0
Q8S233:A0A0P0VG31,0.00524259964004159,0
Q69NP0:P0DKK2,0.008582841604948044,0
Q60EX6:Q0JNL3,0.010364966467022896,0
Q5Z8V7:Q8S1G9,0.0010620804969221354,0
Q67WE2:Q69UP7,0.0007799249142408371,0
A3C4S4:A3BE68,0.036956287920475006,0
Q68Y48:Q0D7I3,0.006922501605004072,0
Q10F25:Q8S1D9,0.0009045494953170419,0
Q6L8F9:Q10N21,0.002107735490426421,0
Q6K471:Q10LF7,0.008999096229672432,0
Q7XP65:Q8LIG4,0.0050945281982421875,0
Q07078:A0A0P0XII1,0.367485910654068,0
Q5WA72:Q0IMS9,0.0037697625812143087,0
Q6YZW2:Q8S2A7,0.0038176917005330324,0
Q2QXR8:Q7X8H9,0.001414750819094479,0
Q6K5I0:Q10T32,0.0009641830110922456,0
Q5VMI0:Q5Z6F5,0.00426961574703455,0
B9FUF9:Q7XKC0,0.010540158487856388,0
Q0JA83:Q2R9X2,0.01666470244526863,0
Q7GCM7:Q5VSB7,0.023095715790987015,0
Q6H7M1:Q9XGY5,0.03175631910562515,0
Q0DKE8:Q35322,0.005076427012681961,0
Q6H852:Q5VQ69,0.0215825866907835,0
Q10QK7:Q84YK7,0.049187999218702316,0
Q69Q02:Q7XTK3,0.036754731088876724,0
Q2R1J3:Q0IUU4,0.001692132675088942,0
Q53N90:Q8H016,0.03298201411962509,0
Q10F25:P0C386,0.0373554527759552,0
Q2QYW2:Q69VE0,0.006604387890547514,0
Q6K7V6:Q0JGS5,0.004032631870359182,0
Q6YV23:Q852F6,0.0014359861379489303,0
Q7XT97:Q69TY5,0.004399325232952833,0
Q2QS14:Q6Z461,0.0013971620937809348,0
Q8LSQ2:Q10Q07,0.07104682922363281,0
Q65WW7:Q7XEZ4,0.003192909061908722,0
Q8H3A7:Q84SN3,0.33891725540161133,0
Q84P88:B9GAG9,0.0007168478332459927,0
Q69QJ7:Q6YUA8,0.0013504511443898082,0
Q6K8Z4:Q9ZQW8,0.0058279321528971195,0
Q5ZCD9:Q67UK2,0.022474614903330803,0
Q67V78:Q7XPE8,0.008702144026756287,0
Q94EE9:Q6F353,0.17651072144508362,0
P25776:Q67UX6,0.009550446644425392,0
Q6ZJ05:Q8LNW6,0.0035193737130612135,0
Q0D9R7:Q6H668,0.013957634568214417,0
Q94JF2:Q6ERE5,0.1396680325269699,0
Q8H8T0:Q5VRB2,0.005345829762518406,0
Q10PZ6:Q9LJ04,0.005079157184809446,0
Q7XQ97:P0DKK4,0.011094125919044018,0
Q93VD5:P0DKG9,0.0008785614045336843,0
Q6F2Y7:Q75I93,0.005394062492996454,0
Q75IS2:Q7F0Q2,0.007191447075456381,0
Q9SLY8:Q5Z8V9,0.07236107438802719,0
Q5VN06:Q0J8M2,0.022348452359437943,0
Q7XBA5:Q6K8R2,0.0009044686448760331,0
Q6Z836:Q5QMN5,0.0018077293643727899,0
Q0D5B9:Q6H6R9,0.0606064572930336,0
Q851S7:Q69K07,0.006687953602522612,0
Q94EC4:Q0DDF6,0.0008877396467141807,0
Q7X660:Q10D97,0.0010447793174535036,0
Q6H805:Q0DCM5,0.002389326458796859,0
Q6EPZ0:A2CIR7,0.018312009051442146,0
Q0D3D2:Q6AU80,0.004652923438698053,0
Q5Z8L1:Q852L2,0.005308309104293585,0
P0C522:B9FUF9,0.006986934691667557,0
Q6K6N7:P0DO01,0.011797460727393627,0
Q5QNI1:Q67W29,0.0041705649346113205,0
O04138:Q7F239,0.001898416317999363,0
Q2RBJ6:Q6ZFT5,0.010439619421958923,0
Q7XI08:Q7XRV0,0.004975668620318174,0
B9FKM7:Q8W250,0.0126524418592453,0
B9F3B6:Q7XZZ3,0.004272087011486292,0
Q7XLP4:Q6K478,0.0007787569775246084,0
Q5Z9P8:Q7XBS0,0.0027650499250739813,0
Q69SV0:Q53MD3,0.009374517016112804,0
Q6AWX8:Q84TV4,0.06913238018751144,0
Q6K9G1:P0DH88,0.0022180434316396713,0
Q67U94:Q7Y0F6,0.04812714457511902,0
Q7XBW5:A3BKF2,0.021639546379446983,0
Q8LQH4:Q69TF4,0.0022090415004640818,0
Q943K1:Q6H8D6,0.012284344993531704,0
Q6ASR0:P12173,0.000936961907427758,0
B9FDR3:Q0INM3,0.01824292540550232,0
O23810:P0DKJ9,0.003186919493600726,0
Q7XHL3:Q0DKW8,0.010179261676967144,0
Q0D8N0:Q8GU83,0.0179764237254858,0
Q2RBJ2:Q2R066,0.41447970271110535,0
Q84P66:Q8S5N2,0.0093759810552001,0
Q69NK8:Q7XQN4,0.010062062181532383,0
Q7XSQ9:Q75G68,0.005032683257013559,0
Q2RBC6:B7ECS8,0.005800647661089897,0
A3AJ77:Q9MBD8,0.0016407652292400599,0
Q7XXL2:Q53P09,0.0018371355254203081,0
Q7F9U3:A3BLC3,0.5254034996032715,0
Q5Z402:Q6EP66,0.0026118371170014143,0
Q5N9A1:Q7XPE8,0.058600496500730515,0
A4PBL4:Q9AUR7,0.07591211795806885,0
Q60EX6:A2PZN8,0.04792407155036926,0
P0C491:Q10LZ1,0.0030815217178314924,0
P30298:Q652A1,0.004268621560186148,0
Q69IL4:Q8LQ68,0.005765637848526239,0
Q6EUP4:Q0JHF1,0.34132644534111023,0
Q7XUG1:Q10EF8,0.02694275788962841,0
Q5Z818:Q6Z7V2,0.002336632227525115,0
Q6Z8B9:Q0JF21,0.0016752108931541443,0
Q10S35:Q6Z8K4,0.002013482851907611,0
Q337A5:Q2HWH1,0.0038243760354816914,0
Q0JBZ6:Q5N829,0.10444586724042892,0
A3AJ77:B9FCV3,0.0010026477975770831,0
Q0JP62:Q6Z5N4,0.04732145369052887,0
Q283L0:Q9LWR0,0.000647177395876497,0
P0C503:Q53M11,0.012948933057487011,0
Q6L5F5:Q8LHA8,0.0034521499183028936,0
Q7GBF8:Q0JIZ1,0.10000467300415039,0
Q0J649:Q94LW0,0.715609073638916,0
Q8W0F9:Q2QYS3,0.001925660646520555,0
Q7EZ57:Q5VNW5,0.1476253718137741,0
Q84PD3:Q8RZ35,0.008783570490777493,0
Q8S059:Q84P83,0.005209819413721561,0
A3AWA4:Q69TY5,0.002935225609689951,0
Q8RUV9:Q75KV9,0.004139511380344629,0
Q8S0G4:Q7G8Y3,0.02466318942606449,0
Q10MX1:Q657X6,0.004448097199201584,0
Q10LF7:Q0DJC5,0.02970164455473423,0
Q0JCC3:Q0JBH9,0.007293022703379393,0
Q109R6:Q6AUR2,0.1282201111316681,0
Q5NAT0:Q5JJY4,0.011648538522422314,0
Q2R5L7:Q94I55,0.025774789974093437,0
Q6YWQ2:Q0DAK7,0.0009547266527079046,0
Q0JBH9:Q7XVA8,0.005795348901301622,0
P93844:Q0DKP3,0.00482384255155921,0
Q7XV13:P29545,0.11060108989477158,0
Q9AWS7:Q5QM06,0.010390288196504116,0
Q7XU74:Q10S44,0.0021897461265325546,0
Q8H4H5:Q5Z8T8,0.005969911813735962,0
Q0DJ45:Q5SMY5,0.0016908396501094103,0
Q8LT07:O64422,0.0025225814897567034,0
Q336R9:P0DO09,0.0028892045374959707,0
Q69LA1:Q7XTV7,0.0010541130322963,0
Q0DX67:Q10CN6,0.07060845196247101,0
Q7XK12:B9FSC8,0.009877393953502178,0
Q75KA9:Q5JJY4,0.00751810846850276,0
Q70G58:Q5SNL7,0.014969547279179096,0
Q7F830:P0C467,0.005562014412134886,0
P0C437:Q53Q70,0.004677911754697561,0
Q7XQR9:Q6Z9R8,0.34396979212760925,0
Q6ZFW0:Q9ARX2,0.0020267681684345007,0
Q93WI9:Q0JA83,0.007114337291568518,0
Q6K990:Q0D7E4,0.008833258412778378,0
Q2R041:Q652A8,0.006199986208230257,0
Q10QW8:Q0E342,0.002001527464017272,0
Q10P87:Q2QSB9,0.06548010557889938,0
Q0DAK7:Q5JK52,0.012084714137017727,0
Q6ZG85:Q5JNA1,0.0007077073096297681,0
Q6Z4P2:Q94DR2,0.04849633574485779,0
A3AB67:Q8RYL1,0.00540646119043231,0
Q5ZA21:A9UGV5,0.0014493869384750724,0
Q0DLA3:Q6H711,0.0022270174231380224,0
Q10T67:Q2QY53,0.009427420794963837,0
Q652B0:B9G2E6,0.0019175714114680886,0
C7J2Z1:Q6ZLC4,0.005659251008182764,0
Q76EJ0:Q2QW55,0.010179758071899414,0
Q0JNS6:Q2R1V8,0.0759439691901207,0
Q2QM55:Q0JF48,0.015186172910034657,0
Q6YWS8:Q10N04,0.012923875823616982,0
Q4PR53:Q7XV21,0.010179297998547554,0
Q0JBY9:Q5SNN4,0.021352583542466164,0
Q5ZCD9:Q9AR88,0.0009650580468587577,0
Q6Z0Q9:Q84Z01,0.014073081314563751,0
Q10E64:P0C522,0.03668493032455444,0
P25766:Q10F25,0.009953831322491169,0
Q0DXS3:Q6L8F7,0.01017947867512703,0
Q6Z5M3:P53683,0.005837324541062117,0
P18566:Q84ST4,0.23355869948863983,0
Q338X7:Q6ZIX2,0.02855026163160801,0
Q10MH8:P37890,0.004197876434773207,0
Q0J9J6:Q0JEF7,0.0011217374121770263,0
Q5N863:Q6K833,0.00732025969773531,0
Q339M7:Q2R483,0.005678269546478987,0
Q5VNM3:Q75I54,0.6887624263763428,0
Q7X6B6:Q0J705,0.004903538152575493,0
Q5VNU3:Q9SLX0,0.14087621867656708,0
Q53P49:Q0J185,0.008123409934341908,0
H6TFZ4:P47909,0.0012746473075821996,0
Q8RYL1:Q7Y0V7,0.0017206782940775156,0
Q6Z1G7:Q0INW1,0.022531703114509583,0
Q6ZHA3:Q4JHE0,0.06477805227041245,0
Q7F1X5:Q10QR9,0.014793828129768372,0
Q0JA29:Q0E0I1,0.01970318704843521,0
B9GC17:Q10FZ7,0.01037838589400053,0
Q6AWY7:Q2RAP0,0.007922590710222721,0
Q2QUC5:Q6ZD28,0.07837783545255661,0
Q5VQY3:Q69TG5,0.00176080537494272,0
Q0JG99:Q5Z627,0.08757945150136948,0
Q7XV13:Q7EXZ2,0.008509619161486626,0
Q6ZIK0:Q0J709,0.004341241903603077,0
Q0JBH9:Q851M9,0.004715488292276859,0
Q851L5:Q8W2X8,0.004580171313136816,0
Q6Z1I5:Q6KAJ8,0.1974717229604721,0
Q84UQ3:Q0IQN6,0.02834399603307247,0
Q6YT98:Q35322,0.0009200978092849255,0
O24230:Q5NTH4,0.005038033705204725,0
Q10QL5:Q6Z6S1,0.003447476075962186,0
A1A699:Q84T61,0.0061010862700641155,0
B9FUF9:Q653S9,0.01637520268559456,0
Q94LU9:Q10NQ9,0.031747736036777496,0
Q6K602:B9GC17,0.0009060795418918133,0
Q5VR07:Q0JBQ0,0.005101500544697046,0
Q7XD65:Q69VD9,0.017154144123196602,0
Q5ZE00:Q53WK1,0.02731442265212536,0
Q5W670:Q7G4P2,0.0019349049543961883,0
Q67IX6:Q2R0L2,0.421814501285553,0
Q0DLB9:Q7XD96,0.26562902331352234,0
Q657X6:Q2QSB9,0.09012661874294281,0
Q6Z955:Q2QMT7,0.003670223755761981,0
Q5VRR0:Q6Z4G8,0.0023304009810090065,0
Q7G764:Q8GT95,0.0018058650894090533,0
Q6F2Z1:P41095,0.017507275566458702,0
P0C488:Q94J16,0.003719274653121829,0
Q6L482:A3A2W2,0.001752360025420785,0
P0C0M2:Q3HRP1,0.0021157085429877043,0
Q10MN3:Q0D9C4,0.02268553338944912,0
Q0PVB3:Q6Z4N6,0.0376746691763401,0
Q10QH1:Q10N90,0.0747174471616745,0
Q7XXR8:Q7XD65,0.02537437342107296,0
A0A5S6RB44:Q53MB8,0.0018051418010145426,0
Q0E0H1:Q10N79,0.005425946321338415,0
Q7XQZ6:Q0DJS1,0.015926524996757507,0
Q5ZC83:Q43594,0.004452167544513941,0
Q8LNW4:P0DKK8,0.13927049934864044,0
Q7XU29:Q5VQG4,0.004471472930163145,0
Q2HWG0:Q7XUR3,0.004151029512286186,0
Q4PR43:Q8RV06,0.00414901040494442,0
Q0JMY1:Q6L5E5,0.009565546177327633,0
Q75HP9:Q6K9X3,0.0033654142171144485,0
Q336V5:Q4PR48,0.0009608041727915406,0
Q8S1N1:Q5SMK6,0.006975583732128143,0
Q6K7E9:Q8H3C8,0.0042918953113257885,0
Q852A1:Q6H647,0.0011818237835541368,0
A0A0P0XM10:P0C392,0.003982029855251312,0
Q652V8:Q10EF5,0.10201121866703033,0
Q69XV0:Q9AWU4,0.0030265350360423326,0
P0C377:Q75LL6,0.0011129494523629546,0
Q9SNQ6:P49027,0.08976222574710846,0
Q6Z0E2:Q6ZHE5,0.0017854849575087428,0
Q0DWG8:Q6ZBF6,0.045584119856357574,0
Q84QK0:Q69KJ0,0.01971081644296646,0
Q0JR55:Q8H569,0.10368853807449341,0
Q8H6G7:Q2KNB9,0.00573239428922534,0
Q7XUA8:Q9SDK9,0.0011494973441585898,0
Q942A7:Q7XPW8,0.0016180597012862563,0
P52712:Q5UG13,0.009722450748085976,0
Q2R0K3:Q0IQF7,0.0029342588968575,0
Q2R0Q1:Q8H930,0.007059667259454727,0
Q6Z6D6:Q5Z5R7,0.22199265658855438,0
Q2R3P9:Q6YZA1,0.0018459766870364547,0
Q8S7M7:Q6YVY0,0.010548299178481102,0
Q10Q99:Q2R837,0.06712663918733597,0
A3C053:Q5W6H5,0.004225512966513634,0
Q10N79:D7UPN3,0.003127898322418332,0
Q10S27:Q852K3,0.020105043426156044,0
Q94JF2:Q7XSB2,0.02480638027191162,0
Q5Z7L0:Q6Z4G8,0.03095347248017788,0
Q6YZ49:Q6ZLA7,0.05533399060368538,0
Q851L5:Q2RBB1,0.06372932344675064,0
Q84P76:Q69QR8,0.019527066498994827,0
Q7XNY1:Q6Z310,0.0012909445213153958,0
Q6AT90:P0C132,0.08354271203279495,0
A3BH85:B9FAF3,0.01208085473626852,0
Q8GSI0:Q2QLT8,0.0021975343115627766,0
Q9MAX5:Q941Z0,0.005361973773688078,0
Q942A8:Q0ILJ3,0.001297995331697166,0
Q7XSQ9:Q7XQR9,0.003137985710054636,0
Q5NBN9:Q2QWX8,0.003464114386588335,0
Q704V3:Q8H4L8,0.0010390235111117363,0
Q6ZC69:Q8RYL0,0.045591115951538086,0
Q7XKF3:Q2QUS0,0.008359837345778942,0
Q2QZJ8:Q6YZE8,0.1661512404680252,0
Q0JP99:Q5JNT2,0.130227729678154,0
P0C451:Q7XKC4,0.0017005790723487735,0
Q5N892:Q5JJI4,0.10184227675199509,0
Q6Z2Z4:Q8H3E5,0.18281018733978271,0
Q0DEC8:P0C437,0.058818649500608444,0
Q84TV4:Q5Z6B1,0.0014919120585545897,0
P37890:Q69LE7,0.005381425376981497,0
Q6ZGM7:Q6K2E1,0.001645681681111455,0
Q60E61:Q75KK8,0.07626967132091522,0
Q75L42:Q7X7C9,0.27033042907714844,0
Q0DYP5:Q7XR51,0.004464368335902691,0
Q84P65:Q6L5D4,0.07142405956983566,0
P0C587:P29618,0.46671897172927856,0
Q6ZCC4:Q84P93,0.0010719711426645517,0
P0C515:Q2KNB5,0.002903024898841977,0
Q6K478:Q8H3Q1,0.005137701518833637,0
Q7XAP4:Q69TH8,0.05545995384454727,0
Q10S82:Q10QH3,0.0007200498366728425,0
Q336V9:Q5Z678,0.006348674185574055,0
Q7XMK3:Q52RG7,0.008883423171937466,0
Q6EU39:Q339D2,0.005788491107523441,0
Q5ZCI1:Q6EPG8,0.023754268884658813,0
Q652Q8:Q75LI2,0.02932017855346203,0
Q6Z9D2:Q6H4R6,0.035159844905138016,0
Q40702:Q0JIZ1,0.0030905555468052626,0
Q33DK1:P49398,0.0020917155779898167,0
Q7XAK4:Q7XPK1,0.0060912612825632095,0
Q7Y138:Q8H4D4,0.0013816487044095993,0
Q8H7S7:Q67X40,0.0008585861069150269,0
Q6Z0I4:P0C5D1,0.08707670122385025,0
Q6YYB0:Q67W82,0.025873351842164993,0
Q69P88:Q651D5,0.0010507552651688457,0
Q01883:Q8H274,0.0021837116219103336,0
Q8S1Z0:A3B6V0,0.00770163768902421,0
Q0DDF6:Q9FVZ9,0.0021200263872742653,0
Q5N7B4:Q67VW6,0.003062998643144965,0
Q6YZY5:Q6K8S7,0.0010463185608386993,0
Q7G8Y5:Q75IV7,0.054349400103092194,0
Q6AUW3:Q06397,0.02811238542199135,0
Q6ERS4:Q0JR55,0.012212485074996948,0
Q6EP77:Q8GU83,0.0019009280949831009,0
Q69NK8:Q0JFZ0,0.07424373924732208,0
Q7XGM6:Q852K0,0.0013940343633294106,0
Q688Y7:Q8W3D9,0.003072710707783699,0
Q0J3H7:Q8RU31,0.26141148805618286,0
Q6I544:Q7X6L2,0.006398686207830906,0
Q84QA7:Q5NBQ0,0.025217145681381226,0
Q8H4S6:Q0DKE8,0.0018163241911679506,0
Q942J6:Q7XQR9,0.040450822561979294,0
Q10S32:Q852M4,0.001752330339513719,0
Q7G768:Q5N8Q4,0.0013894850853830576,0
Q9FR35:Q851M9,0.0033602563198655844,0
O64422:Q65XV8,0.010655400343239307,0
Q2QM47:Q7XWK5,0.007965748198330402,0
Q6YWQ4:Q94I55,0.005682774353772402,0
Q10S70:Q94EC3,0.0012850689236074686,0
Q5JK84:Q0D5R2,0.006518428213894367,0
Q0D5R3:Q655G7,0.028320355340838432,0
Q8GU85:Q0DXZ1,0.00527412723749876,0
B9FHH2:Q9AVE6,0.00169572199229151,0
Q2QYD2:B9FJH4,0.0065029277466237545,0
A0A0N7KJT8:Q6ES10,0.022232187911868095,0
Q8S625:Q84PA0,0.21472440659999847,0
Q7G794:Q6ESJ0,0.1949816197156906,0
Q6AWY1:Q0J0B2,0.0013132080202922225,0
Q6H805:Q2QN36,0.0048624384216964245,0
Q10L91:Q75LD8,0.013232472352683544,0
Q5W6H5:B9FM64,0.0032497539650648832,0
Q52RG7:Q5Z5R7,0.15374445915222168,0
Q338N2:Q6YTF1,0.0011184614850208163,0
Q6EUG4:Q9FXT4,0.004234177526086569,0
Q941X2:Q2QWW7,0.0030258381739258766,0
Q7XI45:P17814,0.004370137583464384,0
Q0JAA0:Q53NK6,0.0019224059069529176,0
Q6H442:I6PL68,0.06347765028476715,0
Q851X7:Q6YSY5,0.01285709347575903,0
Q84J63:Q0DV32,0.001415846636518836,0
Q0JFZ0:Q9FXT4,0.008086267858743668,0
Q10LR9:Q6YK44,0.0011426982237026095,0
Q7X6J9:Q53RM0,0.006867151241749525,0
Q8H2J9:Q6ZCC4,0.025534063577651978,0
Q5NAW2:Q6Z345,0.007933198474347591,0
Q6AWY4:Q10LP5,0.002929707756265998,0
Q337A0:Q3HRP5,0.0024237290490418673,0
A3AAZ0:Q652A1,0.013621781952679157,0
A3C057:Q6ZC69,0.005196789745241404,0
Q6EP66:Q6K8S0,0.0017991304630413651,0
Q7FAY6:Q7XKF4,0.002488162135705352,0
Q10E61:Q10J94,0.009003418497741222,0
Q6H501:P0C5B2,0.0007643165299668908,0
Q7X993:A3BF39,0.0015595037257298827,0
Q2QZF2:Q7X742,0.002012695884332061,0
Q941Z0:Q6L545,0.03396548330783844,0
Q0D7E4:Q6H7S2,0.007047576364129782,0
Q84P79:Q10MW8,0.16473299264907837,0
Q84VG0:Q6ZIB9,0.0033991672098636627,0
A2ZVI7:Q8GW05,0.011947030201554298,0
Q6ZBH6:Q10Q99,0.02578905038535595,0
Q5VMP0:Q75I93,0.0019250838086009026,0
Q69SP5:Q7GCL7,0.0057387384586036205,0
Q69WS3:Q6IVC3,0.22836557030677795,0
Q94LP4:Q6H852,0.009153656661510468,0
Q9M4X7:Q6Z6L4,0.010547026991844177,0
Q0ILZ4:Q6VBA4,0.010305053554475307,0
Q6K7G9:Q9XE33,0.008334576152265072,0
Q8H507:O65857,0.01012153085321188,0
Q7XPL3:Q6K990,0.003128423122689128,0
Q69NX5:Q0J9V3,0.006132257636636496,0
Q7XJ02:B6DMK2,0.04294240474700928,0
Q0JPT5:Q84P80,0.001044105738401413,0
Q0IUL4:Q8H7Y8,0.0021202058997005224,0
Q337A0:Q0D9C7,0.5610156059265137,0
Q5NB11:Q60E61,0.008865425363183022,0
Q6Z4F1:Q8LGZ9,0.01554382499307394,0
Q6K641:Q8RYL1,0.007678847294300795,0
Q6F388:Q8H4S6,0.006453961133956909,0
Q6Z730:Q7XUW3,0.014665829949080944,0
Q10SU5:A2CIR7,0.011543248780071735,0
Q9FXT8:A9UGV7,0.006995207164436579,0
Q2QQ96:Q8S059,0.030039919540286064,0
Q67V81:Q0DWF2,0.10239861160516739,0
Q67UK9:Q0E3V2,0.0014091444900259376,0
Q8RYM9:P0C1U5,0.049307193607091904,0
Q6ZF89:Q10PI5,0.06804192811250687,0
Q6YW54:Q7X809,0.0007546434062533081,0
Q69XJ0:Q64M78,0.015398933552205563,0
Q7XSQ5:Q6YZZ6,0.0037234181072562933,0
Q8GT95:B7F8N7,0.018925413489341736,0
Q0D9R7:Q75WV3,0.0029154084622859955,0
Q4PR44:Q67UF5,0.17510275542736053,0
A3A2Z8:Q5Z9E2,0.0009184651426039636,0
Q75HX5:Q67W65,0.010147865861654282,0
B9FJG3:Q6ZCZ2,0.0013492790749296546,0
Q5N8Q4:Q0IMG9,0.01372198760509491,0
P40978:Q7FAY6,0.006383752916008234,0
Q337Y2:Q6K6Q0,0.00688614696264267,0
Q5VS84:Q7XBA5,0.0016930972924456,0
Q10GX0:Q7XDD0,0.0016449707327410579,0
Q7XU27:Q0DSV9,0.023890385404229164,0
Q9FUD1:Q53NL5,0.0028872389812022448,0
Q6YWP9:Q6ZFT5,0.015112209133803844,0
Q8GU86:Q5N9X2,0.008146562613546848,0
Q9LSU3:Q653B6,0.002097565680742264,0
Q84PB0:Q0DDI1,0.04000923037528992,0
Q6YZ97:Q0JIC2,0.0064501347951591015,0
Q7XRV0:A0A0P0V4R0,0.6068599224090576,0
Q8H8U5:Q6ZJU3,0.004818532150238752,0
Q5Z8V9:A2ZX50,0.04668886587023735,0
Q0J7U6:Q2QP54,0.10426285117864609,0
P38419:Q5JL08,0.0938139483332634,0
Q6H7M3:Q688L5,0.0060266456566751,0
Q9ZTS1:Q6YZW0,0.015519866719841957,0
Q6ZKB2:Q84P68,0.0013714742381125689,0
Q84UT5:Q6K3B2,0.0007961619994603097,0
Q10MQ2:Q6ZGU9,0.003278160933405161,0
Q84P60:Q6AUK6,0.10629506409168243,0
Q6Z9C8:B7F924,0.10251940786838531,0
Q10M73:Q5VNN5,0.016040191054344177,0
Q0JG89:P27932,0.013245271518826485,0
Q6ERW7:Q6K9N6,0.6068568229675293,0
Q942X8:Q07078,0.04381623491644859,0
P0CH34:Q5JK84,0.9411239624023438,0
Q7XC54:Q84S18,0.0013599101221188903,0
P0C2Y7:Q2QZL4,0.004885687027126551,0
B6RRX3:Q0DN94,0.0009468448697589338,0
Q5QNI1:P0C130,0.0019405648345127702,0
P12139:Q10KF0,0.00948482658714056,0
Q75IW1:Q75IV7,0.002906053327023983,0
Q0INY7:A3A8W6,0.0011354397283867002,0
Q0E4K1:Q8S6N5,0.028965098783373833,0
P12153:Q75KH3,0.011606656014919281,0
Q0JDC6:Q9LWV3,0.0035767487715929747,0
Q2QZF1:Q94JF2,0.05302516371011734,0
Q84J50:Q8LMI4,0.21554763615131378,0
B6F107:Q10N03,0.03094691038131714,0
Q852M2:Q6YTF5,0.005416752304881811,0
F7J0N2:Q9XG81,0.0011414644541218877,0
Q0E0Y3:Q5ZAY0,0.001599973300471902,0
Q6K1R5:Q6YZX6,0.5311244130134583,0
Q5SML4:Q2QNF7,0.0017998776165768504,0
Q6K1S6:Q6Z6K9,0.004921354819089174,0
Q01881:Q0JB88,0.0046106139197945595,0
Q0JA81:Q84P97,0.005777840036898851,0
Q84P62:Q657S5,0.00386422430165112,0
Q0DKF1:A3BN26,0.03692309558391571,0
Q8GRT8:Q10LL4,0.0012660245411098003,0
Q2QYH7:Q94CS9,0.004646201618015766,0
Q8LT05:Q0DKM4,0.008804458193480968,0
Q6ASW7:B7F6L8,0.010992594994604588,0
Q9XJ29:Q9FXT4,0.09374392032623291,0
P0C494:Q6AT41,0.06788329035043716,0
Q84UL5:Q9FRG8,0.0013086794642731547,0
Q7XKU5:Q2R9X2,0.030586017295718193,0
Q0IWF3:Q6ZJ05,0.006811443250626326,0
Q8LIF2:Q94DE2,0.01981395296752453,0
Q7XYS3:Q7XZF7,0.005658428650349379,0
P0DKJ9:Q7X7K8,0.027495428919792175,0
Q10EJ2:Q6K6K7,0.0022647958248853683,0
Q75L84:Q6IVC2,0.0032822811044752598,0
B9GBM3:Q5CCK1,0.0011779105989262462,0
Q7XPJ0:Q7XH05,0.001687598996795714,0
Q0D9R7:Q10S27,0.0069619170390069485,0
Q0DBU3:Q10CE7,0.0020761771593242884,0
Q10LJ2:Q10F03,0.01238764263689518,0
Q7XPF8:O65857,0.000728208979126066,0
Q2R3Y1:Q0E3M2,0.0029525221325457096,0
B9FFD3:Q2QM55,0.6710979342460632,0
B8AN76:Q6K990,0.2158261090517044,0
Q6H7U5:Q84NJ4,0.1944611519575119,0
Q5QNM6:Q5SMM8,0.008063307963311672,0
Q6Z232:Q84TV4,0.02699415199458599,0
Q6Z955:Q0JC10,0.023798096925020218,0
Q10R21:Q6Z256,0.09587403386831284,0
Q2R4J1:Q2R2P7,0.003618186106905341,0
Q6YTF1:Q6Z7I3,0.05813997983932495,0
Q941X2:Q69T29,0.039971139281988144,0
Q8LR86:P35682,0.004480214323848486,0
Q8RYJ9:Q851W5,0.0028945356607437134,0
Q75GK3:Q9AXA6,0.0017851993907243013,0
A2CIR7:Q6K687,0.004965102765709162,0
B9FFD2:Q9FDY4,0.002635280368849635,0
Q93WI9:Q8H507,0.040099501609802246,0
Q68Y48:Q8W2X8,0.0020145270973443985,0
P94029:Q7XR46,0.007964390330016613,0
Q7XWP3:Q5N8F2,0.002488679951056838,0
Q0DJY3:Q10KY3,0.000962708261795342,0
Q7XBS0:Q6I5B3,0.0012723630061373115,0
Q0J0G2:Q84J54,0.006855475250631571,0
Q0IP69:Q942P9,0.002382433507591486,0
B9FTR1:Q0JA29,0.0010011423146352172,0
Q10NX8:Q3HRP1,0.002374079078435898,0
B5UBC1:Q0DM48,0.003571418346837163,0
Q9AR38:Q2QWZ1,0.006986585911363363,0
Q6YW53:Q7XC51,0.0008014002814888954,0
P25776:Q84P94,0.007283308543264866,0
Q851Y9:Q7XVB3,0.0017426435369998217,0
P0C470:Q6YYW5,0.0031507357489317656,0
Q7XX84:B9F2U5,0.0038578116800636053,0
Q7XKC5:Q0JR55,0.0031031256075948477,0
Q0ILQ6:Q7XEZ1,0.013122272677719593,0
Q84NJ4:Q8LNI5,0.5890847444534302,0
Q05JG2:Q6Z7W3,0.003277720883488655,0
Q7XUJ5:Q84PB5,0.0010349047370254993,0
Q5W6L9:Q4PR53,0.0013021164340898395,0
Q9SNQ2:Q84P93,0.03295624256134033,0
Q53RB0:Q6L5D4,0.04384376481175423,0
Q7FAD5:Q69ST6,0.005590903107076883,0
Q6ASR0:B9G4M9,0.013883438892662525,0
Q6MWG9:Q10KX8,0.008546880446374416,0
Q5VRV7:Q0JB88,0.038492392748594284,0
A0A0P0XII1:Q8W3F9,0.012218535877764225,0
Q6Z058:Q0INZ4,0.12168832868337631,0
Q0J3L4:P46466,0.008036868646740913,0
Q69T58:Q75G93,0.007335146423429251,0
Q2R8T2:Q7XSQ9,0.0030176732689142227,0
A3BF39:Q5VRL3,0.014552402310073376,0
Q851S7:Q53P09,0.00639956071972847,0
Q0JKD0:Q5QM25,0.0023627381306141615,0
Q94FT8:Q5Z7J0,0.05685887858271599,0
Q6AT33:Q338C0,0.0016993716126307845,0
Q7XKK6:Q6EPF0,0.29724371433258057,0
O64464:Q75HV0,0.007676602341234684,0
Q9AV50:Q0JD85,0.001791173592209816,0
Q6Z382:Q9FWQ2,0.002738817362114787,0
Q0JG89:Q6EPP9,0.0013452429557219148,0
Q6H7U3:Q10EF2,0.010920929722487926,0
Q6ZA74:Q653Z6,0.009160819463431835,0
Q6I544:Q0J6H8,0.05565802380442619,0
Q10S70:Q6Z4N6,0.26941144466400146,0
Q653B6:Q84ZC0,0.0020032653119415045,0
Q337A0:Q2QP13,0.0008924616849981248,0
Q69UP6:Q6H6C3,0.5218024849891663,0
Q6Z4N4:Q94DM8,0.025786397978663445,0
Q6AT32:Q5CCK1,0.001010692911222577,0
Q7XT40:Q7XUJ5,0.001547565101645887,0
Q9SMB1:Q10E64,0.0027385898865759373,0
Q6K1U4:Q67UP9,0.13384629786014557,0
Q10N20:Q10KN4,0.014407928101718426,0
Q84PA0:Q0J716,0.012997356243431568,0
Q5ZEF1:Q6F388,0.049125537276268005,0
Q6L5D4:Q6Z6G6,0.3643813133239746,0
Q6F357:Q5N794,0.0016448417445644736,0
P60137:C0LT23,0.018613500520586967,0
Q5VS45:A0A5S6RB44,0.0006922047468833625,0
Q2QV94:Q1WM15,0.004645738750696182,0
Q10E61:Q0JGK4,0.007376386318355799,0
P12139:Q75IV7,0.0034461915493011475,0
Q84PA0:Q5JJV0,0.040154315531253815,0
P0C325:Q6YS30,0.005310073494911194,0
Q6H628:Q7XIF5,0.0014570091152563691,0
Q75LD8:Q0DKY4,0.017175165936350822,0
Q2QZ86:Q0DG05,0.0022791840601712465,0
Q3HRP1:Q0JMB2,0.0026183982845395803,0
Q2QZF2:Q60GC1,0.002500646747648716,0
Q33E23:Q5Z859,0.24754534661769867,0
Q0JF01:Q2QTY2,0.002960308687761426,0
Q7XT07:Q6H3Y7,0.0400371327996254,0
Q67X40:Q8H0B6,0.002143504098057747,0
Q7F731:Q5ZAY9,0.16358791291713715,0
Q7XQ45:Q5JNA1,0.003227274166420102,0
Q75GB1:Q6K8Z4,0.002374701201915741,0
Q0ING3:Q5JMM1,0.003393601393327117,0
Q6ZJR6:B9FFD3,0.0027954448014497757,0
Q6ZIF9:Q5VNN5,0.00150259246584028,0
Q9FXT8:Q5JMR9,0.12810540199279785,0
Q6H6M5:Q94E75,0.0025913994759321213,0
Q0DBU3:A3BT52,0.0033516385592520237,0
Q2QYE1:Q0JHU5,0.1450832635164261,0
G9LZD7:Q7XR00,0.008928544819355011,0
Q6K7B8:P0C328,0.01595674268901348,0
Q2QW53:Q6I628,0.001343589392490685,0
Q0JBZ6:Q8S919,0.339974582195282,0
Q7XUP7:Q84P84,0.0013818003935739398,0
Q69RJ0:Q7XN11,0.30267754197120667,0
P61042:Q6L4L4,0.003415668848901987,0
Q6ZBH6:Q75LU5,0.05335288122296333,0
Q7X8D4:Q0D5R3,0.0015554961282759905,0
Q6ZLD3:Q2QTY2,0.004060196224600077,0
Q10RE2:Q6K977,0.003025819081813097,0
Q338B9:Q6YXH5,0.1458555907011032,0
Q6Z2J1:Q5W794,0.0015215869061648846,0
Q2QTY2:P49397,0.2026771605014801,0
F9W301:B9FXT3,0.004606766160577536,0
Q75IM9:Q7XEY9,0.003763627028092742,0
Q60DX8:Q10GP0,0.003595649963244796,0
Q109G2:Q688J2,0.04377340152859688,0
Q10MI4:Q6K3R5,0.0009656125912442803,0
Q7XRX1:Q7XR91,0.0016868794336915016,0
Q6K4E7:Q5Z7J0,0.04084302857518196,0
Q5SN75:Q84S18,0.002114934381097555,0
Q7XI41:Q5QNI5,0.0042990343645215034,0
Q689G6:Q6H6R9,0.0020372052676975727,0
Q84UQ1:Q7XDD0,0.01164393313229084,0
Q5N749:P07728,0.004808978643268347,0
Q7X6B6:P0DH89,0.029719574376940727,0
H6TFZ4:Q2QXR8,0.29878607392311096,0
Q0JCK5:Q7Y183,0.22227297723293304,0
Q0JIF2:Q6K4E7,0.0033558437135070562,0
Q7XH05:Q5VMI0,0.046231821179389954,0
Q6F332:Q75G93,0.2096446305513382,0
P0DO03:Q0DVU4,0.003443001536652446,0
P0DKJ9:Q10ED2,0.008687527850270271,0
P0DO09:Q6EP66,0.0017308297101408243,0
Q69U54:Q6ESR4,0.02053947001695633,0
Q6ZCZ2:Q0DNU1,0.0008523034048266709,0
Q84SC3:Q0E2Q3,0.0019314471865072846,0
P0DKK9:Q84Q92,0.018459711223840714,0
Q5N8J1:Q5N8Z0,0.0009060862357728183,0
F9W301:Q0DRX6,0.0016779977595433593,0
Q7XKV4:Q6Z234,0.04168576002120972,0
O04986:Q5ZC88,0.02490815334022045,0
Q8H569:Q0JP99,0.0025047441013157368,0
Q8LIB3:Q6YZE8,0.23579107224941254,0
Q6X4A2:Q0JJ05,0.0958765521645546,0
P0C440:A0A0P0VUY4,0.03447724133729935,0
Q5VRY1:Q6K965,0.020488498732447624,0
Q7XD66:Q10QH1,0.001518866396509111,0
Q0DJ94:Q7G7C7,0.003319760551676154,0
Q5N8J3:Q9SDG8,0.0037412827368825674,0
Q6ETL2:Q6K3R5,0.0008979560807347298,0
Q8LIY8:Q0JD42,0.0070054056122899055,0
Q5JM04:Q6YX89,0.0011280743638053536,0
Q6YYZ2:Q5N8Z0,0.005813905503600836,0
Q75GK3:Q6Z1G3,0.0010672516655176878,0
Q6YZ99:Q9AWS7,0.0033781297970563173,0
Q0D5R3:Q5NAZ9,0.008273485116660595,0
Q84VG1:Q8S985,0.013805950060486794,0
Q6Z8L2:A3BKM2,0.0024634518194943666,0
Q7XCG7:Q5VN06,0.0023499911185353994,0
Q5ZAY9:Q2QXJ0,0.0229974202811718,0
Q6ZBS8:Q7Y1L9,0.0043784151785075665,0
B4XT64:Q6YZM6,0.008366728201508522,0
Q10M00:P0C328,0.001018110546283424,0
Q5NBN9:Q0DWG8,0.02214827574789524,0
Q7X7N3:Q53WP9,0.0010479650227352977,0
Q75W16:Q7XE48,0.0955059602856636,0
Q94EE9:Q6Z401,0.0068799215368926525,0
Q0D5G4:Q0J7U6,0.14046615362167358,0
Q7XEJ5:Q5QM25,0.0009169165277853608,0
Q8RYL0:Q8GU83,0.1933615803718567,0
Q2QQS1:Q10CF3,0.01375605072826147,0
Q94LW0:Q852M4,0.046746935695409775,0
Q7F0H8:Q6YWQ2,0.002535219071432948,0
Q94E96:C7J6G6,0.0014502877602353692,0
Q10QH1:Q6H6V4,0.005733477883040905,0
Q2QVG9:Q67WE2,0.005456971004605293,0
Q8H2P8:Q6YWR4,0.0017317536985501647,0
B9FGV7:Q5Z8Y9,0.0007946075056679547,0
Q0E2P1:Q7XUT9,0.0010935297468677163,0
Q0J2L7:P31110,0.0022263359278440475,0
Q8H569:Q84P83,0.003939362242817879,0
A2ZVG7:A4PBL4,0.0058337971568107605,0
Q6I570:O22567,0.0018319005612283945,0
Q75GA5:Q5VNJ0,0.0010742929298430681,0
Q8RYJ8:Q84ZT0,0.000988686690106988,0
A3AB67:Q5N712,0.0012521556345745921,0
Q7XI40:Q851V5,0.010164621286094189,0
Q6ZJU3:Q6K5X1,0.002693994902074337,0
Q7Y0E8:Q94LW4,0.009585610590875149,0
Q0DI31:Q10D34,0.0721210241317749,0
Q6L597:Q5JMR9,0.0029730715323239565,0
Q6EUG4:Q67VL7,0.11963643878698349,0
Q67W29:Q7XLY8,0.0017849470023065805,0
Q7Y138:Q2QQA3,0.0015485252952203155,0
Q0DJR9:Q5Z5A8,0.00955019798129797,0
Q6K3B1:Q338C0,0.002918442478403449,0
Q0DAK7:Q5VQL3,0.003945066127926111,0
Q652J4:Q6L8G1,0.0019987025298178196,0
Q6ZIK7:Q653V7,0.004826597403734922,0
Q93XI4:Q9XGP7,0.31730398535728455,0
P0C386:Q852M2,0.21077470481395721,0
Q5Z8Z7:Q9AV81,0.5536138415336609,0
Q94DH3:Q6ZJD3,0.004798303823918104,0
Q6L597:B9FMX4,0.0017022138927131891,0
P0C322:Q5QNM6,0.0045041716657578945,0
B9F2Y7:Q7XT97,0.002833151025697589,0
O22386:Q0DY81,0.004794007632881403,0
Q8H2T0:Q7XIZ1,0.0018617844907566905,0
Q69JZ7:P0DKK3,0.005776179954409599,0
Q7EZ57:Q10PZ4,0.0996231958270073,0
Q5Z9J0:Q5N9Q7,0.029679959639906883,0
Q852N6:Q6ETK3,0.045575402677059174,0
Q60E70:Q75IM9,0.0017281357431784272,0
B9FM64:Q84PD2,0.0027003593277186155,0
P48489:Q5N9N2,0.38402971625328064,0
Q10M41:Q652A8,0.04200419411063194,0
Q0E3C8:Q0ITW7,0.005593010690063238,0
A0A0P0XL10:Q2QYP1,0.0006766715086996555,0
Q655X0:P0DKK0,0.05017384886741638,0
Q40687:Q6H805,0.07866955548524857,0
Q6Z6G6:Q2QP86,0.0053674508817493916,0
Q0DM51:Q7XFU9,0.09864926338195801,0
Q0J716:Q67VA4,0.055483248084783554,0
Q76BW5:Q10QW8,0.0015353190246969461,0
Q6K3E0:Q10PR4,0.10725470632314682,0
P0C334:Q6YZZ6,0.0016646810108795762,0
Q8LJU5:Q652U9,0.0017207342898473144,0
Q2QWZ1:Q5Z6F0,0.0018274172907695174,0
B9G434:Q0DLA3,0.021003520116209984,0
Q6K7R2:Q94LW3,0.005720635876059532,0
Q6F2U9:Q10CE8,0.0072061060927808285,0
Q94FT7:Q6Z433,0.0017407940467819571,0
Q6H442:Q8H8N3,0.1440190225839615,0
Q7XTV3:Q67VC8,0.002978348406031728,0
Q2QYW1:Q0JEZ8,0.007382191717624664,0
Q7XWS7:Q84J63,0.0010506388498470187,0
Q7XSQ5:Q6H676,0.004186786711215973,0
Q0J0G2:Q6MWE5,0.002784963697195053,0
Q10PW9:Q8GVE1,0.01363375224173069,0
Q6H7J3:Q6YZW0,0.0018358525121584535,0
Q0DUI1:Q7XT97,0.06298532336950302,0
Q94EE4:Q8GRL4,0.0009149130783043802,0
Q7XHN8:Q0DRV6,0.014982657507061958,0
Q75IZ7:Q10E49,0.0185640100389719,0
Q69LE0:Q6ZC69,0.003553698305040598,0
Q5VRY1:Q6Z2W3,0.04830917343497276,0
Q6Z256:Q6YT73,0.004555432125926018,0
Q7XPT0:Q6ZKV8,0.002319446997717023,0
Q851C7:Q8RYL0,0.1934545785188675,0
Q0JHZ2:Q336R3,0.0027277253102511168,0
Q6ZC69:Q84P62,0.011980652809143066,0
P0C127:Q84NC2,0.08245038241147995,0
A3BT52:Q6H7U3,0.0014139872509986162,0
Q2QYW5:Q5N6V0,0.0364878848195076,0
Q10PL5:Q84PC8,0.0017258086008951068,0
Q655Y0:Q5Z627,0.002074380638077855,0
A3AVP1:P0C364,0.021148566156625748,0
Q8H7S7:Q10G56,0.002556189661845565,0
Q0JI49:P0CH34,0.7753419280052185,0
Q6YXY2:Q6AVI1,0.1247701421380043,0
Q60EN8:P0DKK0,0.001933092251420021,0
B9G193:Q9XE33,0.08458849787712097,0
Q8H569:Q84P79,0.02299954555928707,0
P0C314:Q6Z382,0.32447314262390137,0
Q9AWS0:Q8H021,0.002127431333065033,0
Q941T9:Q10CQ8,0.03355956822633743,0
B9F3B6:Q0JEE2,0.0021481295116245747,0
Q5VQ69:Q336P2,0.025870082899928093,0
Q9AUR8:Q653S9,0.04994980990886688,0
Q9S827:Q6AVG6,0.6930574774742126,0
Q8S626:Q5ZDJ6,0.000903768464922905,0
Q0JJ05:P40978,0.026409674435853958,0
Q6YZB2:Q655V4,0.0035305810160934925,0
Q7Y1H8:Q8W0W4,0.11519224941730499,0
P37890:Q7F1X5,0.01758762262761593,0
Q0JDC5:Q7EZD5,0.012875057756900787,0
Q0J968:Q942N7,0.004156890790909529,0
Q7XWP1:Q6L589,0.014069012366235256,0
Q69NG5:Q0JMY1,0.011645721271634102,0
Q6K548:Q6H500,0.0039962236769497395,0
Q7XUA8:Q8H384,0.01727023534476757,0
Q03200:Q2QUN2,0.002097864169627428,0
Q94LW3:Q0J9J6,0.01192271988838911,0
Q5VP70:Q336R3,0.007909516803920269,0
Q851R5:Q7XPJ0,0.045519985258579254,0
P30287:Q69L19,0.007663967553526163,0
Q10CI8:Q2R374,0.6310071349143982,0
Q7XTH4:Q69T22,0.008012046106159687,0
Q651B6:B1B534,0.0017915308708325028,0
P27777:Q6K8Z4,0.005709943361580372,0
P0C325:Q6Z1Y7,0.003820637008175254,0
Q0JBZ6:Q75GE8,0.017233723774552345,0
Q0JFI2:Q6ZCZ2,0.0037606549449265003,0
Q6ZDF3:B1B534,0.27309682965278625,0
Q10P01:Q84QM3,0.004787195473909378,0
Q7F0Q2:Q8GU89,0.0037533752620220184,0
Q6I5Q6:Q7XZZ3,0.10009896755218506,0
Q0JCC3:P31924,0.008205185644328594,0
Q5Z6X0:Q0J969,0.024072885513305664,0
Q9AXA6:Q94DT9,0.003077992470934987,0
Q75GX9:Q76FS2,0.004165420308709145,0
Q7F1M0:Q10PR4,0.4477553963661194,0
Q10NB9:Q0J185,0.007418324239552021,0
Q6Z351:Q5JN42,0.0042216661386191845,0
Q5JKR7:Q69UI2,0.4431309700012207,0
Q6ZF89:Q6Z2G9,0.0009377786773256958,0
Q69T94:Q2QP86,0.001034592860378325,0
Q6K3E0:Q6K9C3,0.08413753658533096,0
Q6Z0Q9:O22386,0.0016940226778388023,0
Q943E9:Q6ZLA7,0.006800432689487934,0
Q53NR8:Q65WY8,0.45329388976097107,0
Q7G6D7:Q6K9X3,0.0018524604383856058,0
Q0DWQ1:Q2R2P7,0.002299275016412139,0
Q7XPY2:P29250,0.18928709626197815,0
Q75WU1:Q8H991,0.008459043689072132,0
Q0J349:Q75KP8,0.006106159649789333,0
Q10MK2:Q6K9A2,0.004237663932144642,0
Q652Z7:Q6VMN7,0.00821620225906372,0
Q69XL1:Q9ZTS1,0.004083788488060236,0
Q653N3:Q7F613,0.00437384657561779,0
Q6ZD89:Q9AWU4,0.0211450457572937,0
Q0DG35:Q69RJ0,0.8004003763198853,0
Q0JHZ2:Q7XLC6,0.000829701719339937,0
Q84Q83:Q2QQS1,0.05159050226211548,0
Q6ESR4:Q5VQY3,0.013337220065295696,0
Q6I576:Q0JFH7,0.0009796249214559793,0
Q2QZ80:A2ZX97,0.0030198197346180677,0
Q7XTH4:Q6Z6T2,0.003800298785790801,0
Q84PA4:B9FTR1,0.016154581680893898,0
Q5N8F2:Q75GT3,0.005940655712038279,0
Q7XSN8:Q8H063,0.002016898011788726,0
Q7XUJ2:P0C457,0.0010328969219699502,0
Q2R3F5:Q7Y180,0.018577231094241142,0
Q2QMW0:Q7XP52,0.010677345097064972,0
Q6K968:Q69QQ6,0.5430378913879395,0
Q7X7V2:Q6Z5M0,0.0013540380168706179,0
Q6K3B2:Q69T31,0.0016980005893856287,0
C7IZ16:Q7XGU4,0.004169941414147615,0
Q94E75:Q6VMN7,0.06112680584192276,0
Q5KQN0:Q339D2,0.008715610951185226,0
Q0J349:Q6Z2K1,0.0010165012208744884,0
Q0DHJ5:Q5N892,0.08339632302522659,0
Q6H7E4:O81277,0.0012662825174629688,0
Q69S81:Q9XGP7,0.1327156126499176,0
Q6I621:Q6EU39,0.048287056386470795,0
Q84PB2:Q84T08,0.01651269569993019,0
Q7XAL3:Q6Z715,0.04201957583427429,0
P0DKK6:Q9FE64,0.0029112854972481728,0
Q6KAJ8:Q0ILZ7,0.0010885933879762888,0
Q7XIV8:Q7XDQ7,0.0022344551980495453,0
Q10R47:Q7PC73,0.0010401757899671793,0
Q851J9:Q6K991,0.0015518143773078918,0
O65037:A3B9A0,0.002444353187456727,0
P29619:Q6I576,0.2177736759185791,0
Q67VR7:Q84P79,0.01962299831211567,0
P27939:Q6K678,0.003928334917873144,0
Q6EUF1:Q6YUB8,0.23036468029022217,0
Q69TG5:Q6ERE5,0.0034065234940499067,0
B9FJ61:Q6K9C3,0.003628642065450549,0
Q10SM7:Q6H4N0,0.0016664467984810472,0
Q5QMT0:Q656A5,0.0031109736301004887,0
Q75H81:Q6K4N0,0.02428785338997841,0
Q2RBR1:Q10A77,0.029457181692123413,0
P0C328:Q6H7M3,0.20722749829292297,0
Q10J20:Q69QA6,0.01719333417713642,0
Q5Z653:Q0DKP3,0.0012054390972480178,0
A2CIR5:Q5NAT0,0.00731100607663393,0
A3BKM2:Q9SLX0,0.014567242935299873,0
Q8LKW0:Q6K973,0.001273631351068616,0
Q6EQ60:Q2RAV0,0.01848679967224598,0
Q53NF7:Q6YWP9,0.030325982719659805,0
Q9LWV3:Q67UX7,0.006020788103342056,0
Q7XGM6:Q7XQ12,0.0012750265887007117,0
Q5SMU7:Q2RAV0,0.06311037391424179,0
Q7XUC5:Q69LE0,0.0013167656725272536,0
Q0JFI2:Q0E4Q5,0.1888592690229416,0
Q10LF7:Q8S0F0,0.00404468085616827,0
Q65XV8:Q0DLG0,0.024129748344421387,0
Q8H4L8:B9G9L9,0.018118737265467644,0
Q5ZE00:P17070,0.006685113068670034,0
Q69RI8:P55857,0.004003846552222967,0
Q6YXH8:Q10AZ7,0.005381027236580849,0
Q2R2Z0:Q653U3,0.02266210876405239,0
Q5JMM1:Q5VN19,0.07734472304582596,0
Q7EZD7:Q5Z6F0,0.032137688249349594,0
Q6Z8F5:Q5VQ09,0.022271299734711647,0
Q8S1D9:Q6H6P0,0.0015512511599808931,0
Q9FXM3:Q852K6,0.1207600012421608,0
Q65XV7:Q10NB9,0.009617081843316555,0
H2KWF1:Q6ESJ0,0.17491386830806732,0
Q53N47:Q75KU4,0.03297680988907814,0
P93431:Q6L5F7,0.3058468997478485,0
Q7XSN6:Q850K7,0.01854740083217621,0
Q8H8U5:Q6F388,0.04059452936053276,0
Q10MI9:Q10MW8,0.034930210560560226,0
Q5KQI4:Q5Z980,0.002086315071210265,0
Q67J15:Q7EYP9,0.05906306579709053,0
B9F2Y7:P0C358,0.012392745353281498,0
Q9FTZ2:Q8RZQ8,0.012111312709748745,0
Q0JEF5:Q84YL3,0.02609936334192753,0
Q7XUJ2:Q657G7,0.0007009071996435523,0
Q7XSK1:Q9AVE6,0.002532791579142213,0
Q5N794:Q2RBB1,0.001073114457540214,0
Q2QXB2:Q9AWX3,0.001587781123816967,0
Q6Z2T9:Q6YWS8,0.3073274791240692,0
B9FS74:Q60F23,0.005854139570146799,0
P35681:Q8GT06,0.18807266652584076,0
Q0DXZ1:Q2R2W8,0.008458075113594532,0
Q53MB7:Q7XX84,0.0015385726001113653,0
B9FUF9:Q656A5,0.019309677183628082,0
Q7XVN7:P62125,0.007027485873550177,0
Q6L4D2:Q7FA29,0.001082872273400426,0
Q8H5D4:Q6ZIU9,0.009734245017170906,0
Q6K972:Q7XRF1,0.004412251524627209,0
Q6ZFU6:Q8H936,0.1674448847770691,0
Q6H601:Q9AXB0,0.021821090951561928,0
Q6YUX0:Q84PB3,0.002688237000256777,0
Q6K973:Q9AVE6,0.0018900830764323473,0
Q6L538:Q10GP0,0.001843424397520721,0
Q10SR3:A2ZP58,0.4718480110168457,0
Q67TP9:Q6AUC6,0.0018507469212636352,0
Q8S6P9:Q6Y9P5,0.005102280993014574,0
Q6EUH7:Q8GVY2,0.006255846470594406,0
Q69UI8:Q9LIW7,0.0017083745915442705,0
Q5ZC83:Q6I544,0.013177136890590191,0
Q0DHF6:Q8GVF9,0.07444637268781662,0
Q69TH8:Q8W3F9,0.04775414988398552,0
Q651D5:Q7XD65,0.0012420678976923227,0
Q03200:Q0DY81,0.0014961109263822436,0
Q7XHW5:Q8H2X8,0.0075545902363955975,0
Q0DC45:Q7XFE1,0.01168823428452015,0
B9F676:Q6ESG1,0.01799882762134075,0
B9X287:Q6F388,0.04137233644723892,0
Q03200:Q7XSN6,0.004789006896317005,0
Q2QQA3:Q6Z965,0.0012920171720907092,0
Q0J5F8:Q0IWM5,0.0016054504085332155,0
Q65X92:Q6Z964,0.001202759682200849,0
Q2QYL3:Q0ITS8,0.003436224302276969,0
Q69WS3:Q0J8G4,0.002190099796280265,0
Q0JBH9:Q10S55,0.004244164563715458,0
P40393:Q10B63,0.008155548945069313,0
Q6Z955:P17654,0.11029308289289474,0
Q7F0J0:Q2QP53,0.0012480014702305198,0
Q336R9:Q7Y0Y6,0.022631628438830376,0
Q5JK52:Q0JEF5,0.017233911901712418,0
Q84P82:Q852F6,0.0007487592520192266,0
Q6K5I0:Q0J360,0.001616863184608519,0
Q6Z8C8:Q10LP5,0.0386214442551136,0
Q6Z2Z4:P0C282,0.1876196563243866,0
Q336P2:Q6ZHC8,0.0016974374884739518,0
Q69T30:P0C491,0.8092828989028931,0
Q10PL5:Q10AI8,0.0030114122200757265,0
Q8RZZ3:P40393,0.2507745921611786,0
Q8W0W3:Q7XXL2,0.00633570272475481,0
Q6Z1Y6:Q69S43,0.001248047105036676,0
Q9XGP7:P92812,0.014510503970086575,0
Q6YYX9:Q6YZA9,0.07246481627225876,0
Q2QMB3:Q6K1Z1,0.002375425770878792,0
Q0D6F4:Q2QP86,0.0033926297910511494,0
Q7G737:Q6H658,0.0009257251513190567,0
P0C383:Q5NB85,0.0010024470975622535,0
Q8LN49:Q9LGB4,0.0024003665894269943,0
Q6ZHA3:Q84MS3,0.010740446858108044,0
Q6L482:Q7F1K9,0.003936228808015585,0
Q5Z6G5:Q6K1R5,0.015262401662766933,0
Q9SDG8:Q8H3E5,0.016104454174637794,0
Q2R9D2:Q67UW5,0.0042439792305231094,0
Q10LI1:Q2QR54,0.008247731253504753,0
Q6YZE2:Q7XQN4,0.0022761314176023006,0
Q10JI3:Q7XPR4,0.0013047781540080905,0
Q7XL73:A3A8W2,0.06681033223867416,0
Q65XK7:Q6YZ97,0.0015546411741524935,0
Q2QM77:Q10M41,0.032528024166822433,0
Q0JCT1:Q84P65,0.010143185034394264,0
Q7XAP4:Q5TKG3,0.006482063326984644,0
Q7XSK1:Q5QNA6,0.0009602647623978555,0
Q8H038:Q6EUG4,0.0026887471321970224,0
Q6K5P9:O64464,0.0026191917713731527,0
Q6H4G3:Q6YZA9,0.004729711450636387,0
Q9LD07:Q7GCM7,0.03273257985711098,0
Q339D2:Q75KA9,0.0030460439156740904,0
Q8S1Z0:Q84NC2,0.011467736214399338,0
Q10SX7:Q2QWZ1,0.0026925697457045317,0
Q0JLS6:Q2KNB7,0.007757356856018305,0
Q0JDC6:Q6ZBH9,0.0010533458553254604,0
Q651A1:Q75M08,0.019746921956539154,0
Q5SMQ0:P12212,0.000861088396050036,0
Q9FWU1:Q852M0,0.0012923668837174773,0
Q5N6V0:Q10CE4,0.001215467811562121,0
Q0E0A6:Q7XAP4,0.008968472480773926,0
Q6Z6T2:Q75HQ0,0.020434517413377762,0
Q0DB53:Q7PC76,0.0028454286511987448,0
Q7EY72:Q7XVA8,0.0039793155156075954,0
O82143:Q0DGP6,0.5470119714736938,0
Q6H7U3:Q2QZF1,0.01681393012404442,0
Q6KAE5:Q8W0H5,0.001264875172637403,0
Q69TI2:Q84PD0,0.009372624568641186,0
Q6K8S1:Q67UU0,0.026568347588181496,0
Q6ZG77:P0C5C9,0.1524229198694229,0
Q653T6:Q6Z6K9,0.23072722554206848,0
Q6VAK3:Q688R3,0.0041342428885400295,0
Q7XEZ6:Q8S0F0,0.014242916367948055,0
Q10L91:Q10LR9,0.1239953264594078,0
P0C522:Q7XTV3,0.0015532303368672729,0
Q10PP8:Q338P6,0.004125101957470179,0
Q84P89:Q7XAQ6,0.005296496674418449,0
Q9LGH4:Q10EF5,0.01925075799226761,0
Q53WJ1:Q9ZQW8,0.0029739709571003914,0
C0LT23:Q5CCK3,0.008953295648097992,0
Q10SU5:Q5NB83,0.0015048154164105654,0
Q7G6Z5:Q94JJ7,0.0036498636472970247,0
Q5JMR9:Q0J9W0,0.00509675033390522,0
P42863:Q8H329,0.042209263890981674,0
Q9FWQ2:Q6Z6S1,0.005484223365783691,0
Q9AYE4:P92812,0.09325795620679855,0
B8AN76:Q2RAX3,0.23802347481250763,0
P12194:Q6YU05,0.014868724159896374,0
Q0DIV0:Q69VG1,0.03855350241065025,0
Q7EZR4:Q0ITW7,0.3084724247455597,0
Q0JLS6:Q8W2X8,0.0016696108505129814,0
Q8S7E1:Q6AV34,0.24858622252941132,0
Q06398:Q0IZQ3,0.002607351168990135,0
Q5N870:Q53RJ5,0.00607884768396616,0
Q2QLY4:Q5Z9P8,0.01655609719455242,0
Q7G794:Q7XQA6,0.06098977476358414,0
Q67UX7:P49100,0.01266826968640089,0
Q6K991:Q6ZHS4,0.0011442042887210846,0
Q0E2Z7:Q9AV57,0.018781213089823723,0
Q9AS75:Q6H468,0.0037862409371882677,0
Q6Z955:Q9XGY5,0.008040353655815125,0
Q6H6Q7:Q10S67,0.19853611290454865,0
Q84VK7:Q6KAJ4,0.005388384219259024,0
A3BLC3:Q9FNU2,0.11976218223571777,0
Q69L87:Q0JEF7,0.0031703305430710316,0
Q7XP01:Q7XUW5,0.012245613150298595,0
Q339M6:O23877,0.007157288026064634,0
Q75HQ0:Q7XSA2,0.3402169644832611,0
Q75LI2:Q5WA72,0.005138694774359465,0
Q84VG1:Q6Z348,0.046865761280059814,0
Q7F757:A3C053,0.11544902622699738,0
C7J4U3:Q60EY1,0.018848298117518425,0
Q7XQ45:Q2QXB2,0.0028726288583129644,0
Q2RB31:Q0J0N4,0.0035633877851068974,0
Q8H5N9:Q851W4,0.004874187987297773,0
Q6Z2T6:Q75IR6,0.003540073288604617,0
Q5ZD36:Q84PB6,0.450695663690567,0
Q0JP62:Q0DA21,0.002584085101261735,0
Q2QYW5:Q2R1U4,0.007763811852782965,0
Q69K55:Q0DJS1,0.06662750244140625,0
Q6Z7L3:Q8W0K2,0.0009577831369824708,0
Q5JKN1:Q69VD9,0.19887930154800415,0
Q53JF7:P35686,0.2145862579345703,0
Q0J952:Q10ST8,0.0012517126742750406,0
Q0DRV6:Q0JLE4,0.053960170596838,0
A3C5A7:Q67UU0,0.002246201504021883,0
B7E7M8:Q8S1X7,0.008053459227085114,0
Q652Q0:Q93VD5,0.014700964093208313,0
Q941T1:Q2QM59,0.0034284733701497316,0
Q5Z5C9:Q94HF1,0.001880887895822525,0
Q8SAY0:A2ZNT5,0.005760136991739273,0
Q5SNN4:Q4PR39,0.0018303815741091967,0
P0C494:Q60GC1,0.1887531727552414,0
Q2QUN2:Q6K9U2,0.0034770152997225523,0
Q2QQS5:Q10MN6,0.012057160027325153,0
P0C130:B7F7K7,0.0008918913081288338,0
Q852M1:Q6K3D8,0.03983713313937187,0
Q8H5T6:Q9AUR3,0.0009866398759186268,0
A6N077:Q8H594,0.35320088267326355,0
Q0ITS8:Q8S919,0.011729858815670013,0
P42211:I6PL68,0.002704756101593375,0
Q10PQ9:A2ZX97,0.0009971593972295523,0
Q0J9V3:Q8H398,0.23963025212287903,0
Q7EXZ2:Q84YJ9,0.0011214467231184244,0
Q5VRV7:P0C5D6,0.02427111566066742,0
H2KWF1:Q5K5B6,0.0025251780170947313,0
Q2QP53:Q5JK52,0.012802205048501492,0
Q7Y001:Q94JF2,0.06395715475082397,0
Q69KL9:Q6L5I5,0.002614585217088461,0
Q2QYM3:Q5Z9S8,0.012144486419856548,0
Q7XNS7:Q6Z5M0,0.001410019933246076,0
Q10D38:Q5JK90,0.002640392631292343,0
Q67VD7:Q336T5,0.049090079963207245,0
Q7XRU4:Q2RB59,0.003452031407505274,0
Q84KJ3:Q2QNE8,0.001673768158070743,0
Q8S9Z2:P0C5D6,0.028089260682463646,0
Q0DKY4:P0DO09,0.10547248274087906,0
Q75HX5:Q5ZCD9,0.0027103705797344446,0
Q94DM8:Q84VG0,0.04247812554240227,0
Q7F731:Q9XGX7,0.004107593093067408,0
Q6ZA50:Q6ETK9,0.0017487868899479508,0
Q6Z8B9:Q6AUW3,0.015224548056721687,0
P30287:P0C127,0.014733264222741127,0
Q0JBH9:Q84P99,0.00129210134036839,0
Q42980:Q0IMV4,0.04905245825648308,0
Q2QXM3:Q652A1,0.0027246647514402866,0
P46520:Q654D9,0.0011057527735829353,0
Q84P94:Q6ZG77,0.005061290692538023,0
Q5K5B6:Q84PD9,0.00150562624912709,0
Q7Y0Y6:Q6YSF3,0.7022030353546143,0
Q6L4N4:Q65XL5,0.03837839514017105,0
Q6YW54:Q2QM59,0.0009499047300778329,0
Q10MN8:Q0DHC4,0.008430897258222103,0
Q7Y0D4:Q7FAZ3,0.002161582000553608,0
Q10P01:Q6VAK3,0.00602447334676981,0
Q948L0:Q9FDX8,0.0008128609624691308,0
Q84TX2:Q5VN06,0.0018359165405854583,0
Q653B6:Q0JKZ0,0.002113186987116933,0
A2CIR7:Q6Q9H6,0.018410829827189445,0
Q6ATR0:Q0J0A4,0.0024213832803070545,0
Q6ZBP3:Q84P83,0.0020902331452816725,0
Q75KV9:Q6EU14,0.11461468040943146,0
Q4PR42:Q7X7E9,0.0012920190347358584,0
Q75HZ9:Q10JL1,0.00247504492290318,0
Q688J2:Q7G6Z2,0.00202374579384923,0
Q6AVD0:Q10GP0,0.0008965512970462441,0
B9X287:Q6AWY7,0.00255327089689672,0
Q851M9:Q2RAP3,0.001022803713567555,0
Q6L5G1:Q6YXH5,0.01564653590321541,0
P14323:Q336R9,0.006812084466218948,0
Q5Z8Y4:Q84P68,0.0048461495898664,0
Q84M43:Q60GC1,0.003399917623028159,0
Q6AWY3:A3ABE1,0.015392124652862549,0
A3BMZ5:B9FJG3,0.0021790754981338978,0
Q75IQ4:Q7XD99,0.008235176093876362,0
Q6ZA06:P0C579,0.0020018506329506636,0
Q6YZZ7:Q5N855,0.0010310292709618807,0
Q7XUS2:Q6Z0I4,0.4991881549358368,0
Q658G7:Q5QNI1,0.00498381769284606,0
P0DO08:Q7XSN6,0.0029127909801900387,0
Q6ZCF0:Q655X0,0.1937134563922882,0
Q6I5Y0:Q6ZIK5,0.2576606869697571,0
Q7XTB2:Q651U1,0.008162970654666424,0
Q0JBP5:Q2QN26,0.04360353574156761,0
Q60EN8:Q10S44,0.0018621273338794708,0
Q7XMK1:Q6YV04,0.0251889917999506,0
Q0E4A8:Q67VR7,0.007944798097014427,0
Q84QA7:Q2QM17,0.012059992179274559,0
Q0E342:Q94E75,0.002608106005936861,0
Q6L5B1:Q6H7U3,0.0036207966040819883,0
P28752:Q6K669,0.04724602773785591,0
Q5QNI1:B6DMK2,0.0008739926852285862,0
Q6ZJD3:Q2QY07,0.011588404886424541,0
Q67WQ7:Q5JNC0,0.01625075563788414,0
Q851S2:Q84ZD2,0.020257618278265,0
Q6Z234:Q6K215,0.00257774512283504,0
Q69NK8:Q6K833,0.01518345344811678,0
Q8H859:P0C2Z0,0.004663016181439161,0
P51823:Q10S93,0.024395525455474854,0
Q5Z653:Q94IW5,0.005818694829940796,0
Q9ST27:A3B6V0,0.001539548160508275,0
Q94J16:A3C053,0.002422395860776305,0
Q7XW27:Q8H7U8,0.0059781367890536785,0
Q9FUD1:Q6Z7V3,0.035420045256614685,0
Q8S6P9:Q7XPM8,0.002030769595876336,0
Q6H668:Q10PZ4,0.004132409580051899,0
Q94EE9:Q60E60,0.05833808332681656,0
Q7XBR2:Q6H468,0.007218226790428162,0
Q53MD1:Q6K9T0,0.0012155085569247603,0
Q5JME8:Q65XK7,0.00241054967045784,0
Q8H3A7:Q3HRP1,0.018446173518896103,0
Q2RBS4:Q2R2W2,0.437852144241333,0
P0C0L0:Q0E0H1,0.2106386423110962,0
Q84P89:Q7XPM8,0.003785377833992243,0
Q7X742:Q75HQ3,0.0012598128523677588,0
Q2QVI1:Q5VS45,0.001761025981977582,0
A3C5A7:Q0J059,0.000982168479822576,0
Q43009:Q6YK44,0.002262720139697194,0
Q65WT0:Q94JF2,0.023510713130235672,0
P0C494:Q0DWQ7,0.001813465147279203,0
Q69KP0:Q10MQ2,0.003711824072524905,0
O49068:Q0DKP4,0.023143934085965157,0
Q6YWK8:Q8LHP0,0.001209254376590252,0
Q2QM69:Q84QA7,0.0030207138042896986,0
Q10MI0:Q6ES52,0.0069941864348948,0
Q7XS69:P41095,0.009794548153877258,0
A1A697:Q6L5B5,0.0025760065764188766,0
Q8H2V6:Q0JQ97,0.11625003069639206,0
Q5VS72:Q7XUK4,0.0011816400801762938,0
Q2QS14:Q10C73,0.012404914014041424,0
Q8GU89:Q7GCM7,0.04611837863922119,0
Q7XRS1:Q946J4,0.0019111313158646226,0
Q84M47:Q6K3E0,0.015319193713366985,0
Q7XMK8:Q8H569,0.0070295617915689945,0
A1L4T4:Q2QQA3,0.0027707263361662626,0
Q10LG8:Q65X71,0.001763793989084661,0
Q10B79:Q69TF4,0.016392391175031662,0
Q8LQ36:Q7XI14,0.008657551370561123,0
Q0D6M1:Q7G7C7,0.0015692455926910043,0
Q8S1X7:Q7XHW5,0.003181719919666648,0
Q6K4T4:Q10CH5,0.02193561941385269,0
P0C370:Q2QN30,0.11258851736783981,0
Q0JMY8:Q53PN2,0.002438566880300641,0
P12173:Q2QUS0,0.0007730947691015899,0
Q6K9T0:Q0J6H8,0.002416058210656047,0
P12331:Q84PA0,0.22998295724391937,0
Q5N6V8:Q8LH03,0.004031585995107889,0
Q8RZX9:Q7XIT1,0.021742841228842735,0
Q0E459:Q5QNM6,0.8085697293281555,0
Q10RX7:Q9M4X7,0.0009680523653514683,0
Q10ED2:Q651E8,0.0035186633467674255,0
Q7XVM8:Q2QXM3,0.0028095273301005363,0
Q0JMH0:Q6K908,0.08999069780111313,0
Q8L4E7:P0DO01,0.3999203145503998,0
Q2R073:Q0JEP3,0.0016360938316211104,0
Q7XWP1:Q0IZZ8,0.0029377636965364218,0
Q5SN75:Q8L5K0,0.0035852284636348486,0
Q2R2W1:Q943K1,0.003139522625133395,0
Q7XI45:Q2R4Z5,0.007879144512116909,0
Q2R0D2:Q10AI8,0.0007174421334639192,0
Q0DBW8:Q0D7E4,0.0010895270388573408,0
Q7XI40:Q6Z2J3,0.009263424202799797,0
A3AWA4:Q8H8V7,0.005416133441030979,0
Q84R36:Q53WJ1,0.005042280536144972,0
Q8W3E8:A3BT52,0.0009493455290794373,0
Q2QYW5:Q9ASI1,0.0008306505042128265,0
P20698:Q84P95,0.0022424280177801847,0
Q94DH3:A3BMZ5,0.0019266685703769326,0
Q9LDN2:Q8LNN8,0.0026770965196192265,0
Q40637:Q84T94,0.003810491180047393,0
Q6AVG6:Q69T21,0.005357485264539719,0
Q5JM57:Q6H543,0.0008638119325041771,0
Q7Y0Y8:Q84PA2,0.0353415422141552,0
Q84PB5:Q5N9Q7,0.15600335597991943,0
Q9AY63:Q10M18,0.019445959478616714,0
Q60DY1:Q7XUC5,0.0025378435384482145,0
Q10CT5:Q0JJZ6,0.012279816903173923,0
Q69XM7:Q7G8Y3,0.07948213070631027,0
P12194:Q7XRX3,0.0011839859653264284,0
Q9XHY7:Q8GVH7,0.007192745804786682,0
Q6VBA4:A3CG83,0.0010011992417275906,0
Q6YZM6:Q6K478,0.0008194947731681168,0
Q06398:Q6ZHE5,0.04316652566194534,0
P0DO10:Q0IUB5,0.0026524446438997984,0
Q69T99:Q60DW3,0.030194638296961784,0
Q6PS57:Q8LN25,0.0013359962031245232,0
Q6ZJ05:Q941T9,0.43737632036209106,0
Q0IY07:Q6I5B3,0.006956453900784254,0
Q5ZBH5:Q7XL73,0.07577013969421387,0
Q6ZLK0:Q8H339,0.007771309465169907,0
Q6Z232:Q84J50,0.09775935858488083,0
Q0DKP4:Q5Z676,0.006940645165741444,0
Q6ZKL8:Q0DA50,0.010823632590472698,0
Q6H3Z3:Q651X7,0.019614819437265396,0
Q6H4L9:Q8LQM5,0.004362454172223806,0
Q10S70:Q9FXM3,0.001847421401180327,0
Q8H4S6:Q10PL5,0.0031243995763361454,0
Q8S6P9:Q7XPZ4,0.001094495295546949,0
Q8S059:Q10Q47,0.0028375049587339163,0
Q7XRH8:P0C340,0.004375985357910395,0
Q2R0J4:Q0JIC2,0.04062424227595329,0
Q5W7C6:Q0INW1,0.02902832068502903,0
Q7G3T8:B9G434,0.015191994607448578,0
Q8H507:Q69SG5,0.004522308241575956,0
Q5W6B9:Q6ZI50,0.21433225274085999,0
Q10B63:Q84MS4,0.001059788279235363,0
Q0J361:P0DKK7,0.0007754761609248817,0
Q69VE0:Q2QXB3,0.002984936349093914,0
Q6ZLP5:Q851J8,0.004825250245630741,0
Q9XG81:A9UGV6,0.005419118329882622,0
Q0E459:Q75LD5,0.07217993587255478,0
Q6ERW5:Q0JB89,0.008321943692862988,0
O81277:Q10RK1,0.0016777709824964404,0
B8YEK4:Q67VU7,0.009843102656304836,0
A3A463:Q7XKR9,0.0032137446105480194,0
A3BT52:Q655X0,0.006904959678649902,0
P0DH88:Q6YPG5,0.005219833459705114,0
Q9XG80:Q2QYR5,0.0013572084717452526,0
Q6K687:B9FI63,0.016179263591766357,0
Q10B19:Q10I20,0.0024709885474294424,0
A3C4S4:Q10R54,0.002137694740667939,0
Q8LR50:Q6BDZ9,0.09757336229085922,0
Q5Z7J0:Q0J8A4,0.5004797577857971,0
Q0JQF7:Q9SMB1,0.0021889633499085903,0
P14655:Q10MQ2,0.35880497097969055,0
Q6Z1Y7:Q0JNI9,0.0023082599509507418,0
Q84QM3:Q7XEK4,0.0007545001571998,0
P35687:Q6L5E5,0.010258513502776623,0
O04226:Q6ERS4,0.026825999841094017,0
Q84ZM7:Q8H021,0.0024475138634443283,0
Q5N8J1:Q7XBY6,0.001171441632322967,0
Q689G6:Q2R073,0.0010583505500108004,0
Q6Z784:Q7XSN9,0.008767358958721161,0
Q69U54:A2CIR5,0.010737455449998379,0
Q6ZKL8:Q7XQT2,0.0195623692125082,0
Q53LY0:Q7G8Y5,0.023501379415392876,0
Q6Z517:B9FI63,0.006748994346708059,0
Q7XSS9:Q7XBS0,0.0016882241470739245,0
Q8S7W0:Q0IQJ7,0.015993574634194374,0
Q40704:Q0J1C1,0.011454795487225056,0
Q0JHF8:X5HYT8,0.0017091435147449374,0
Q2QLV9:Q338Z7,0.00154082418885082,0
B9FJH4:Q0D8I9,0.0016795051051303744,0
A3B6V0:Q6H500,0.35878679156303406,0
Q7XKE9:P31674,0.06078348308801651,0
B9GAG9:B9F6Z0,0.0008745783125050366,0
O64464:Q8LQX2,0.006750245578587055,0
Q0D598:Q2QXJ0,0.021264148876070976,0
Q2QY04:Q10GM3,0.01580764353275299,0
Q5Z8Z7:Q5QNA6,0.06561240553855896,0
Q5W6M3:Q6Z0Q9,0.013744018040597439,0
Q5ZAQ2:Q942F8,0.01619412750005722,0
Q0DKN3:Q6YYC0,0.0016329523641616106,0
A3AVH5:Q65X70,0.00454404903575778,0
Q6ZBZ2:Q6H4V8,0.001586530706845224,0
Q688R3:Q6YXH8,0.09772749245166779,0
Q69VD5:Q0IQA5,0.013441880233585835,0
Q69T21:Q0JEF7,0.0016146100824698806,0
Q6L4L4:Q08479,0.04976573586463928,0
Q9XJ61:Q6IVC2,0.11640304327011108,0
Q6AV22:Q5W676,0.00302701978944242,0
Q8LQH4:Q6ZLP5,0.037926990538835526,0
Q8GRL4:Q8S2A7,0.003811169182881713,0
A0A0P0WY03:Q0J6N4,0.0024636422749608755,0
Q10KN8:B7F6S9,0.02742939069867134,0
P07730:Q5JKB0,0.018953103572130203,0
Q6ZHE5:Q7XSS9,0.004855459090322256,0
Q69RI8:Q9FYP9,0.0013109901919960976,0
Q43011:Q6YXZ1,0.022650277242064476,0
Q0JNI9:Q7XEZ1,0.1717708706855774,0
Q37066:Q0JNL3,0.00115007848944515,0
Q7F8U7:P0C494,0.0016786520136520267,0
Q5JK32:A1A697,0.00275600072927773,0
Q7XIM0:Q2RAP0,0.011747468262910843,0
Q5JME8:Q6Z8P4,0.0019081606296822429,0
Q0JA82:Q10NQ3,0.004223083611577749,0
Q69T51:P0C515,0.0007081922958604991,0
Q6ZA74:Q6AU90,0.3571684658527374,0
Q2R8L1:Q0DG05,0.0010477699106559157,0
Q6ZH94:C7AU21,0.005463866982609034,0
Q851S7:Q75K32,0.6822549700737,0
Q8H7Y8:Q0JMY1,0.15503232181072235,0
Q6Z3A3:Q7X8H9,0.0016436458099633455,0
Q651X7:Q4PR49,0.0012577601009979844,0
Q8GVP6:Q10PR4,0.004946977365761995,0
Q6Z6K4:Q5N8Z0,0.004615907557308674,0
Q8RYJ8:P0C1U5,0.0020350138656795025,0
Q2RAC5:Q6ATB2,0.022353027015924454,0
Q0JPT5:Q7F0R1,0.0013662992278113961,0
Q5VPE3:A3AWA4,0.0012349637690931559,0
Q943F3:Q10MN5,0.016660580411553383,0
A3BV82:Q2QW44,0.0009033720125444233,0
Q7XQQ2:Q7XLR1,0.0013415302382782102,0
Q7XU31:Q67X45,0.008324401453137398,0
Q851S2:Q0JDC5,0.012285943143069744,0
Q2R222:Q8H859,0.0016035778680816293,0
Q0JM17:Q0JJZ6,0.0038265131879597902,0
Q9AWX3:Q0JGZ6,0.011820650659501553,0
B6RRX3:Q6ZL17,0.0008177348645403981,0
Q653N3:Q2QY04,0.040827684104442596,0
Q9XGY5:Q0JPA4,0.019123731181025505,0
Q5W770:Q10F03,0.00681764492765069,0
Q6H5X0:O81263,0.0008482358534820378,0
Q6Z3Y6:Q657C0,0.0009352392517030239,0
Q2QW44:Q2R3A1,0.0010947007685899734,0
Q69VG1:Q8GSL4,0.2930314540863037,0
O81277:Q84P59,0.0017998013645410538,0
Q5JKR7:Q69NF5,0.013217841275036335,0
Q2QYD2:Q5QN13,0.0024236903991550207,0
Q5VQK9:Q69XV0,0.002767548430711031,0
Q6H3Z6:O64937,0.0018842846620827913,0
Q7X923:Q75LX7,0.05268476530909538,0
Q5JK39:Q6AWY6,0.0015982671175152063,0
Q69W36:Q6ZHE5,0.0041714198887348175,0
Q5Z6A4:A2ZP58,0.2288474142551422,0
Q0ILZ7:Q9AV28,0.0007967494311742485,0
Q6K2T1:Q6ZCZ2,0.0023502602707594633,0
Q5ZAJ0:Q5Z5C9,0.002807152923196554,0
Q6YZA1:Q5Z974,0.02836999110877514,0
Q10LI1:Q10SX7,0.006101169623434544,0
Q0J6P7:Q94LW0,0.1366126388311386,0
Q8RZZ3:Q4PNY1,0.01755886897444725,0
Q69JW2:Q65WW7,0.004069871734827757,0
Q84P97:Q2QWE9,0.031449101865291595,0
Q5ZAJ0:Q2QYU7,0.004182795062661171,0
Q67UF5:Q10K98,0.009150125086307526,0
Q6K7V6:Q0J0K1,0.0013892250135540962,0
Q84PD3:Q7X7K8,0.006227444391697645,0
Q6Z8C8:Q6AWY8,0.031117141246795654,0
Q42997:Q2QRN7,0.001382123096846044,0
Q6H4M2:Q6H7J4,0.003234122646972537,0
Q6H711:A6N077,0.011453643441200256,0
Q6ZL81:Q8W0W3,0.6614162921905518,0
Q0J1C1:Q7XSK1,0.009528789669275284,0
Q6ZIB5:Q653U3,0.0015087745850905776,0
Q2QNU0:Q6H4M2,0.004763443488627672,0
Q5MBR6:Q6EU30,0.003016913076862693,0
Q6AST1:Q9AYT5,0.0032386311795562506,0
Q10MI4:Q6Z058,0.048643942922353745,0
Q10P60:P0C337,0.41062307357788086,0
Q7XT40:Q0DWT8,0.0022195118945091963,0
A3C5A7:Q2QLY5,0.0969424769282341,0
Q60EX7:Q6L4R7,0.0022673795465379953,0
Q69QZ0:Q10MW6,0.01198642235249281,0
B9G300:Q0E4A8,0.0027139855083078146,0
Q75M35:Q8H4H5,0.0008082220447249711,0
Q69JW2:Q5SMY5,0.03228584676980972,0
Q7XBA5:Q8H443,0.002409977139905095,0
Q7XSR9:Q2RBF0,0.0018897850532084703,0
Q9LGL5:P46465,0.019002117216587067,0
Q53JI9:Q8S7W1,0.002326971385627985,0
Q6ESR4:Q7G4G7,0.00805616658180952,0
Q6Z6L4:Q75GM1,0.012064145877957344,0
Q8H8V7:Q8VXB5,0.00460587814450264,0
Q7XRB5:Q7G4G7,0.0028311710339039564,0
Q0DHB7:Q6YZ97,0.009705046191811562,0
Q6Z1I5:Q6K1Z6,0.004389151930809021,0
Q0JF01:Q84TB6,0.00869317539036274,0
Q10EJ2:Q7F8R0,0.0007256641983985901,0
Q0JDM4:Q6YUE5,0.0013477986212819815,0
Q4PR49:Q2QYP1,0.0014509352622553706,0
Q652Q1:B8YEK4,0.00869748741388321,0
Q7XT42:Q84PW3,0.008287642151117325,0
B6DMK2:B7F8P5,0.0033215421717613935,0
Q2KNB7:Q60EW9,0.0023095356300473213,0
Q69T99:Q6I544,0.061904098838567734,0
Q852M0:Q7XV13,0.11681419610977173,0
Q6ZD95:Q84T65,0.0036324148532003164,0
Q7XR61:Q7XK25,0.018461236730217934,0
Q5Z9E5:Q10S82,0.003110316349193454,0
Q84YL3:P48494,0.014596298336982727,0
Q69SG5:Q2V0P1,0.0028188989963382483,0
Q42971:Q0JG89,0.13363417983055115,0
P12189:Q53KK6,0.003598305629566312,0
Q6ZDJ7:Q6AU53,0.036562446504831314,0
Q6AU90:Q5JN07,0.006518070586025715,0
Q0JG75:Q69PA8,0.0030055667739361525,0
Q2QYR1:Q9LL45,0.006851711310446262,0
Q0JMH0:Q0DTM7,0.052592307329177856,0
Q6YZA6:Q7XU74,0.011194494552910328,0
Q0DEC8:Q33E23,0.35990574955940247,0
Q10QF2:Q6ZJX0,0.006366027053445578,0
Q6ETQ7:Q0J0B2,0.002103904727846384,0
Q6K739:Q7XFK2,0.004974593874067068,0
Q8H2V6:Q0INC5,0.03658425807952881,0
Q10F03:Q6ATV4,0.0012214136077091098,0
Q5VM82:Q94E96,0.01639426499605179,0
Q942J6:Q9SXG8,0.002219001529738307,0
Q6AUQ7:Q9AQU1,0.00706759188324213,0
Q6K8X6:O82143,0.006739571690559387,0
Q2QSB9:Q5ZC83,0.2972501814365387,0
Q9AYT5:Q75LV5,0.0036321324296295643,0
Q2R4Z7:Q60EQ4,0.03989548608660698,0
Q75HE5:Q10MR5,0.017068615183234215,0
Q0JF21:Q9AUR3,0.0016724268207326531,0
O64464:Q9AUR3,0.007501610554754734,0
Q2V0P1:Q2R2W1,0.04241826757788658,0
Q10T43:B9EUM5,0.004551474004983902,0
Q5VRZ6:Q10N79,0.008116679266095161,0
Q7XKC0:Q7XQQ2,0.10909577459096909,0
Q6K5Q1:Q69IL4,0.18060460686683655,0
P0DKG9:Q10PW9,0.018032554537057877,0
Q7XVA8:Q0IQN6,0.2937222719192505,0
Q69TF4:Q8LI30,0.004628411028534174,0
Q2QTL0:P0C2Z0,0.0069387080147862434,0
Q851W1:P49030,0.0881194919347763,0
Q7XJ39:Q0D8D4,0.003085792064666748,0
Q5N9Q7:Q0D541,0.08284378051757812,0
Q6K209:Q0JF21,0.031697727739810944,0
P0DKK3:F9W301,0.21916413307189941,0
A3AWA4:Q7FAD5,0.001769345486536622,0
Q6YZF3:Q69T31,0.0012559698661789298,0
Q9AV57:Q2R4Z8,0.1841568946838379,0
Q7XFK2:Q7XBS0,0.0019479867769405246,0
Q6H874:Q6K669,0.041527342051267624,0
Q6Z2G9:Q9XEA8,0.0019218552624806762,0
Q6Z6S1:G9LZD7,0.003698383690789342,0
P45960:Q2QQA3,0.016853025183081627,0
Q688U3:Q64M78,0.003025264013558626,0
Q36996:Q0IY07,0.0008893951890058815,0
Q5Z627:Q75KU4,0.022021276876330376,0
A0A0P0X0C0:Q6L589,0.010807045735418797,0
Q5VS55:Q5Z5I4,0.1345888078212738,0
Q6YUB8:Q67TP9,0.11548637598752975,0
Q84QY3:Q7XQ88,0.06606829166412354,0
Q10LZ9:A2ZVY5,0.05984500050544739,0
P0C2Z6:Q5VRV7,0.49126574397087097,0
Q9ST27:A2ZNT5,0.008392872288823128,0
Q6H7U2:Q6ZLA3,0.00111206469591707,0
Q8RUN1:Q7XHX9,0.0011276770383119583,0
Q7XW88:B9EYZ1,0.03746510297060013,0
Q5VNN5:Q69W36,0.08027438074350357,0
Q60DX8:Q6L4H4,0.0033898588735610247,0
Q6YXZ4:Q2R224,0.001321071176789701,0
Q6ZH85:Q9AYT5,0.0018904894823208451,0
Q8GVZ8:Q2RAK2,0.0349537618458271,0
Q0J0G2:Q0JQ12,0.01963266171514988,0
P0C370:A3A9H6,0.01691632717847824,0
Q10M74:Q9LI00,0.3429719805717468,0
Q7XGU4:Q75HQ0,0.2922467291355133,0
Q7XN54:Q7DNA1,0.0012749664019793272,0
Q6AUQ7:Q6VMN7,0.006482752505689859,0
Q6ZAG3:Q6EU39,0.5161024928092957,0
I6PL68:Q5ZA21,0.0020558040123432875,0
P0C129:Q84Z01,0.0011047961888834834,0
Q64M78:Q8H5X5,0.0010665719164535403,0
A3BNA1:Q8H4S4,0.04327061027288437,0
Q06398:Q6H8D5,0.028001567348837852,0
B9F2L1:Q2QZ01,0.024973787367343903,0
Q7XXN4:Q65WV2,0.01056662481278181,0
Q8GRL4:Q109G2,0.0877092257142067,0
Q337B8:P0DKK0,0.013506442308425903,0
Q2QLW3:P0C130,0.0017918922239914536,0
Q8LNU5:Q53N90,0.016246959567070007,0
Q688Q9:Q6Z6K4,0.04182269051671028,0
Q688T8:Q5SMQ9,0.0033436696976423264,0
Q94DT9:Q9FXT8,0.3030284345149994,0
Q9LL45:Q0IMG9,0.005670045968145132,0
Q6K4T4:P0C0X5,0.006201751064509153,0
Q336P5:Q851K0,0.00628000358119607,0
Q9AQU1:Q6ZEZ5,0.03948230296373367,0
Q9LST9:Q9AV39,0.002110188128426671,0
Q652N5:Q943Q3,0.024033885449171066,0
P0DKK9:Q10R54,0.0013856382574886084,0
Q4PR51:Q9LD61,0.0011196625418961048,0
Q0D3F2:Q93VD5,0.013809263706207275,0
Q5VNU3:Q8H6G9,0.010628187097609043,0
Q65XK1:P0C128,0.10942145437002182,0
Q5W794:Q8LSQ2,0.008820290677249432,0
Q7X745:Q75LL2,0.0023727610241621733,0
Q7XVM8:Q8S1X9,0.004075700882822275,0
Q7XPU9:P37832,0.002404572442173958,0
Q5Z974:Q10SM2,0.05717888101935387,0
Q0D9V6:Q6AU07,0.05845090374350548,0
P0C386:Q7XR83,0.0059107146225869656,0
B9G2C8:Q6Z1Z3,0.012163978070020676,0
Q8W2X8:Q5Z5I4,0.0031727422028779984,0
Q9AV49:Q9AV28,0.0020690832752734423,0
Q84YJ9:Q7XNX6,0.0021793246269226074,0
Q109L7:O80416,0.003296026960015297,0
Q75IQ4:Q6ZFT5,0.013213722966611385,0
A3ANB5:Q9XHY7,0.0034299646504223347,0
Q0DM51:Q6I5B3,0.002774009248241782,0
Q6ZJW8:Q10PQ9,0.11583372205495834,0
Q7Y138:Q8VWJ6,0.0023932072799652815,0
Q84MS3:Q40687,0.003755558282136917,0
Q0D3B6:Q942X8,0.0009021288133226335,0
Q6YVX7:Q9LGH8,0.007533569820225239,0
Q10PL5:Q5ZC86,0.023410813882946968,0
Q851V1:Q5JNA1,0.5203095078468323,0
Q60EJ6:Q0DGP6,0.024191493168473244,0
Q53WJ1:Q9FWC4,0.02012190781533718,0
Q0JC10:Q5VRM0,0.005163745954632759,0
P0C579:Q5N7B4,0.0036817153450101614,0
Q6H7U2:Q0INZ4,0.0012485922779887915,0
P0C503:Q9XG81,0.0010718973353505135,0
Q9FDX8:Q6ZBS8,0.0873098149895668,0
Q0JBY9:P0C322,0.020493725314736366,0
Q6AWY7:Q8W3M0,0.22172772884368896,0
Q2R0D2:Q7F8T6,0.0015964396297931671,0
Q67UW5:A3BUD2,0.0017855208134278655,0
Q6Z6L5:Q0JDM4,0.04123032093048096,0
Q10MN6:Q5VSB7,0.0040658218786120415,0
Q75V57:Q53JF7,0.038789909332990646,0
Q10T43:A0A0P0XL10,0.0006012842059135437,0
F1SZ42:Q8VWJ6,0.001074073021300137,0
Q943Q3:Q5Z8Z7,0.0710078626871109,0
Q9S827:Q6I5Q6,0.3328112065792084,0
B9G300:Q7XPF7,0.004622358363121748,0
Q6EU39:Q5NAZ7,0.0030928112100809813,0
Q5QLR5:Q6H7J4,0.001895835273899138,0
Q7XSQ9:Q6Z541,0.0016218345845118165,0
Q6ER21:Q0JMB2,0.0020730323158204556,0
Q60DX1:Q5VP69,0.00525473291054368,0
Q6YZM6:Q6AWY3,0.002631458453834057,0
Q2R073:Q8S626,0.0014611814403906465,0
A9UGV7:B9F7C8,0.0030318647623062134,0
Q8VXB5:Q9FRG8,0.0006747040315531194,0
Q2QNM4:Q7XLC6,0.0016611762112006545,0
Q7XQP4:Q5ZD06,0.14429210126399994,0
Q40731:Q9XHY7,0.010132740251719952,0
B7F8N7:Q7XTT4,0.0032210187055170536,0
Q0JM76:Q8H4H5,0.0016112783923745155,0
Q9AR88:Q0J7J7,0.0007096836343407631,0
Q2QNU0:Q7XRV2,0.0037944638170301914,0
Q6EPP9:Q84UQ3,0.010599417611956596,0
Q6K2E8:Q0J709,0.33378928899765015,0
Q2QNE8:Q10N20,0.07678519934415817,0
Q6ZC69:Q2QS14,0.3464747369289398,0
Q655X0:Q9FU27,0.0029367373790591955,0
Q2R224:Q6AVI8,0.01896727830171585,0
P0C401:Q69WI0,0.0020529725588858128,0
P12331:Q9AWX3,0.006680376827716827,0
Q7X8R5:Q10QR9,0.14083994925022125,0
B9FDT1:A0A0P0X004,0.02268867753446102,0
A3BNA1:Q69JW3,0.001544585102237761,0
Q7FAE1:Q9LGZ2,0.21073880791664124,0
P49398:Q2QM59,0.008468499407172203,0
Q6I5I8:Q8S1Z1,0.006765780039131641,0
Q8LLP5:B9F2U5,0.0642973780632019,0
Q10QK6:Q5ZD36,0.02378513291478157,0
Q7XVA8:Q8W0A1,0.0032048895955085754,0
Q0DAJ3:Q5Z754,0.07272030413150787,0
P53683:Q0IQF7,0.004742318764328957,0
Q6L5B5:Q6L4D2,0.0010429759277030826,0
Q6L4D2:B7F958,0.002014708938077092,0
A2ZU80:Q6AVN2,0.000989572494290769,0
Q69IL4:Q84PB4,0.009731162339448929,0
Q2QXJ2:Q7XKE9,0.0027638557367026806,0
B9FFD3:Q7XHZ0,0.0013784695183858275,0
Q9SLX0:Q2QR54,0.005803440697491169,0
Q7XUF4:A3C057,0.20824015140533447,0
Q0IP28:Q6Z5J6,0.008346580900251865,0
Q2R0K3:A1A698,0.0023834973108023405,0
Q7XHV0:P0C451,0.0008753305301070213,0
Q7XPL3:Q7XR62,0.001100487308576703,0
Q10QS7:Q6L500,0.39406678080558777,0
Q7FB12:Q5KQN5,0.004821850918233395,0
Q7XZY1:Q6TAQ6,0.0016827175859361887,0
Q7XXD4:Q7XT39,0.0024141769390553236,0
Q8RZ40:Q60EY8,0.002492303028702736,0
Q8S2G0:Q6Z4K6,0.11666333675384521,0
Q9ST27:Q9LL45,0.007345198187977076,0
Q2R0D2:Q75L84,0.003383804112672806,0
Q9FXQ3:Q6EU39,0.025920962914824486,0
Q8H594:Q69TW5,0.059025269001722336,0
Q10LG8:Q0D9R7,0.010595607571303844,0
Q43011:Q5Z6G5,0.0035434679593890905,0
Q5ZCC5:P0C367,0.005196887534111738,0
Q7EZD5:Q654M1,0.0017316306475549936,0
Q7XHW4:Q10LF7,0.06626701354980469,0
Q8S3R1:Q6Z2T9,0.0028044742066413164,0
Q56UD1:Q7XUD0,0.022306164726614952,0
Q6H4M2:Q75LH6,0.0010087699629366398,0
Q10LQ2:Q9AWS7,0.031135572120547295,0
Q69SA9:Q69JW2,0.01376032829284668,0
Q336M7:Q6H5U3,0.016668906435370445,0
Q0D6F4:Q6F303,0.0011682601179927588,0
Q5VMI0:Q6Z3L4,0.011793469078838825,0
Q8S7W9:Q8H7U1,0.004653044976294041,0
Q8S151:Q6K478,0.0009662738302722573,0
Q40704:Q67V61,0.21209083497524261,0
Q40731:Q7XK44,0.015664076432585716,0
Q0DBS1:P49397,0.9807441830635071,0
Q0DYK7:A3BI11,0.0162213072180748,0
Q0J0N4:Q5KQI6,0.0017049473244696856,0
P53682:Q2R2P7,0.21983309090137482,0
Q0JDA2:Q69QJ7,0.0077310302294790745,0
Q8L4E7:B9FSH5,0.004010276403278112,0
Q5JNJ5:Q9ZWR4,0.011013749055564404,0
Q9SXF8:Q0DJH7,0.005865068640559912,0
Q5QLS7:Q6K8S3,0.008811065927147865,0
Q0JL46:Q7X8H9,0.004215332213789225,0
Q5KQF5:P14655,0.028497064486145973,0
Q7XRA1:Q6L5E5,0.003528657602146268,0
Q10NY2:Q10P67,0.0038923812098801136,0
Q7X9A8:Q851V1,0.44163066148757935,0
Q6YWQ2:Q2R8T2,0.002034149831160903,0
Q338X7:Q69QJ7,0.011991246603429317,0
Q10PV9:Q0JEQ2,0.029424279928207397,0
Q53PC6:Q6AVP4,0.0561094656586647,0
Q6K3R9:Q6YXT7,0.0037270672619342804,0
Q6YXH5:Q6K7G9,0.0019862742628902197,0
P68853:Q10Q71,0.01814081147313118,0
Q0JA81:Q2QLW3,0.027471808716654778,0
Q6Z829:B9FTR1,0.007920264266431332,0
Q10MI4:Q5QLR2,0.005942059215158224,0
Q5KQI6:Q2QYF3,0.006229677703231573,0
Q84PD3:Q7F1M0,0.002573647303506732,0
Q5JMM1:Q5Z6I4,0.013461830094456673,0
Q7XQN1:Q8H7L6,0.004459950607270002,0
P0C282:Q75HW2,0.0024384576827287674,0
Q7XGM6:B7EZJ7,0.0026851168368011713,0
Q8H8C7:P51823,0.019075898453593254,0
O82766:Q84UQ3,0.006955989636480808,0
Q0JF01:Q6H6P0,0.00437104282900691,0
Q0DY72:P0C2Z0,0.005213155876845121,0
Q8H5X5:Q84PD6,0.0016097556799650192,0
Q6ETK3:Q42456,0.011726048775017262,0
P0C524:Q75GE8,0.010142109356820583,0
Q7XKV2:P07728,0.005536341108381748,0
Q6K431:Q9XHX0,0.0027919600252062082,0
Q10N05:Q0JNK5,0.002053062664344907,0
B9F2L1:Q67UX6,0.0010317140258848667,0
Q84P81:Q688Y7,0.2440216988325119,0
Q8H7U8:B9F058,0.07963418960571289,0
Q69T22:Q5Z974,0.11093270778656006,0
Q6Z5M0:P46609,0.009580901823937893,0
Q0INT0:Q6ZAL2,0.017213692888617516,0
Q6K9T0:Q0DWH1,0.002003957750275731,0
Q0D673:Q6S4P4,0.008360093459486961,0
Q6K965:Q6K8S3,0.027401333674788475,0
Q0IQK9:Q5Z8Y9,0.004532999359071255,0
Q2QZL4:Q53PC6,0.16630780696868896,0
Q0DDE3:Q5JMF2,0.0030535333789885044,0
Q9XHY7:Q2QVG8,0.002755743684247136,0
Q7XKA8:Q7XKV2,0.0070015969686210155,0
Q9XG81:Q7XVB3,0.0007144896080717444,0
Q8H3C8:Q53P98,0.018328797072172165,0
Q0JBQ0:Q657D6,0.0026135877706110477,0
Q84P66:Q0DKF1,0.007913312874734402,0
Q0JHF1:B9G4M9,0.044646214693784714,0
Q7X745:B9EUM5,0.0040137930773198605,0
Q8H2T0:Q8RYJ9,0.007006439846009016,0
Q68Y48:Q84UQ3,0.03820885717868805,0
Q0DI31:Q0JBZ8,0.17688260972499847,0
Q10N20:Q7XH05,0.01231383066624403,0
Q7F9U3:Q84M85,0.3382943868637085,0
P94029:Q67V61,0.021542707458138466,0
P61042:Q84P58,0.05700541287660599,0
Q7XU31:Q6ZA74,0.0009131619590334594,0
Q6Z715:Q5VPE5,0.0014808684354647994,0
Q6Z2Z4:Q7F830,0.7908527255058289,0
Q4PR43:Q7XP52,0.0028431452810764313,0
Q0J716:Q10LI6,0.0017812185687944293,0
Q08479:Q8RUV9,0.05471254512667656,0
Q10MN2:Q5VMI0,0.007954622618854046,0
Q7XUN6:Q7XQ83,0.0030332403257489204,0
Q2QYP1:Q07078,0.20306706428527832,0
Q8GU92:Q6VBA4,0.004114365670830011,0
Q0DWF2:Q5SNJ5,0.0017145834863185883,0
Q7X6J9:B9F7C8,0.001135071157477796,0
Q6ASR0:Q653H7,0.03881589323282242,0
Q2RAK2:Q84PA3,0.02906978130340576,0
Q0E2S4:Q60EZ2,0.9549041986465454,0
Q941V3:Q2R8T2,0.0010190455941483378,0
P93407:Q0JFH7,0.020310336723923683,0
Q941T9:Q5VRH4,0.17203080654144287,0
Q53PP5:Q84MS4,0.0009056065464392304,0
H2KWF1:Q7XPZ4,0.013140968047082424,0
Q5W6B9:P17814,0.009987631812691689,0
Q6Z248:A3B0Y1,0.010511602275073528,0
Q5Z5B2:Q5JLQ9,0.08784385025501251,0
Q7XKI5:Q6ZJJ0,0.0031390187796205282,0
O04226:Q7XNY1,0.001999849220737815,0
Q339D2:Q6Z6W2,0.0026631676591932774,0
Q6L5C4:Q5Z6K9,0.0021127648651599884,0
B9G4B3:Q60EX6,0.1653980165719986,0
Q84R49:Q6K9A2,0.0075932773761451244,0
P55857:Q9SDI4,0.011958553455770016,0
P0C2Z0:Q5JK52,0.01700872927904129,0
P0C454:Q7XWP3,0.0010833516716957092,0
Q6PS57:Q10S66,0.017986906692385674,0
Q0DI31:Q0D5P8,0.7842727899551392,0
Q9AV23:Q7XUF4,0.003513696836307645,0
Q6IEQ7:Q8LI69,0.36712586879730225,0
Q7X7S8:P12330,0.10819106549024582,0
Q6K3T2:Q6I5B3,0.0019503346411511302,0
Q4JHE0:Q67UF5,0.030367663130164146,0
Q10DV7:P35687,0.25065240263938904,0
Q8LM92:Q10S72,0.439669668674469,0
Q0IUB5:Q84JR0,0.13998956978321075,0
Q6YV04:Q6YPD0,0.9013393521308899,0
Q0JR25:Q2QXJ2,0.006265431642532349,0
Q18PR9:Q2QM84,0.008125855587422848,0
Q75HJ0:Q7XUV7,0.002429174492135644,0
Q7G765:Q6ZL43,0.07310976833105087,0
P31673:Q0J8M2,0.4782133102416992,0
Q69S39:Q6F3A6,0.007950620725750923,0
Q9AUR3:Q6K9C3,0.03922036290168762,0
Q60DW3:Q84T78,0.013850300572812557,0
Q9ARZ9:Q0IU52,0.07273276150226593,0
Q6YZA1:P55142,0.035617079585790634,0
Q0E1D7:Q852M4,0.0018832668429240584,0
Q6Z0I4:Q10QK6,0.3693058490753174,0
Q8H485:Q10N05,0.0014174804091453552,0
Q10Q26:Q8LQQ2,0.0057137771509587765,0
Q7G764:P41345,0.18800699710845947,0
P0CH34:P0C500,0.8575601577758789,0
Q6ZJU3:Q6YZX6,0.0022248642053455114,0
P0C343:Q6L5G1,0.048782072961330414,0
Q6AUW3:Q10D98,0.01683691330254078,0
Q75HQ0:Q8S9Z5,0.3202682435512543,0
Q9AS75:Q851S8,0.0032244441099464893,0
Q7PC80:Q84ZM7,0.008694132789969444,0
P12186:P51431,0.08059009164571762,0
Q75GS4:A3C6G9,0.06986501067876816,0
Q53MB8:Q6YVJ0,0.001864636898972094,0
Q6Z4F1:Q2QXJ0,0.002321005566045642,0
Q6ERX1:Q69T30,0.024115711450576782,0
Q84PB1:Q7XTF8,0.000982098514214158,0
Q2R5L7:Q0JP62,0.018589681014418602,0
Q0D6F4:Q0DV28,0.0013099182397127151,0
Q6Z7V2:Q0E0A6,0.010013594292104244,0
Q0DLB9:Q6YWQ4,0.0012573798885568976,0
Q7G4P2:Q6ZA27,0.0015428576152771711,0
Q0J2L7:P46801,0.004296979866921902,0
Q7X660:Q42993,0.0028412877582013607,0
Q10MW3:Q75GK3,0.009773055091500282,0
Q6H6T1:Q8S3R1,0.10024871677160263,0
C7J0A2:Q6K1C4,0.003043718868866563,0
Q6ZIB5:Q84VG0,0.0036475856322795153,0
P38419:Q652A1,0.033126410096883774,0
Q69TH8:Q6ZF86,0.1090780720114708,0
Q10B63:Q0E0H1,0.003747057868167758,0
F1SZ42:Q2QNM3,0.0011833248427137733,0
Q2QM69:Q94DM8,0.018025292083621025,0
A0A0P0WY03:Q84QM3,0.0013753966195508838,0
Q7F8R0:Q5VP69,0.16128969192504883,0
P93407:A3ANB5,0.07649838924407959,0
P0C032:Q5Z6N9,0.030032753944396973,0
Q6YRM6:Q6ER22,0.0023585890885442495,0
Q5N749:P42862,0.05329805612564087,0
Q2QW44:O82427,0.001089730765670538,0
Q6Z358:Q10N79,0.0035955000203102827,0
A3C057:Q5N7W3,0.0018567823572084308,0
Q10C37:Q653U3,0.18945801258087158,0
Q5Z6F0:Q6Z7B0,0.2257143259048462,0
Q653S9:Q2QWX8,0.007633765693753958,0
Q6ZGY0:Q6YTI3,0.001793976523913443,0
A3BT52:Q7XXN5,0.0023743656929582357,0
Q6AT90:Q84J63,0.00488779041916132,0
Q8LQM5:Q8GVF9,0.032115910202264786,0
Q7XI75:Q2QN26,0.7103815078735352,0
Q75LU8:Q5VS84,0.000952439324464649,0
B7E321:Q76I22,0.055331867188215256,0
Q94DB8:Q10PR4,0.01120265107601881,0
Q84Q92:Q67VW6,0.008521153591573238,0
Q338B0:Q10SM2,0.008786076679825783,0
P93771:Q338P8,0.012982413172721863,0
Q10M29:Q7XHX9,0.043600983917713165,0
O81263:Q0DKM4,0.006217594724148512,0
Q75WV3:Q0JL75,0.004853048827499151,0
P12186:Q6ETL2,0.002132057910785079,0
Q2R076:Q6H647,0.0010420359903946519,0
Q7Y0B9:Q93VB5,0.294680118560791,0
P0C485:Q10GX0,0.0016037054592743516,0
Q8H852:Q0D7I3,0.058200936764478683,0
Q8S6N3:Q6Z7V3,0.0015659213531762362,0
Q76FS3:Q5ZE00,0.003528206143528223,0
Q69P88:A3A9H6,0.0009470170480199158,0
Q84JR0:Q10CQ1,0.004776247777044773,0
Q5N794:P25766,0.002489098347723484,0
Q75LU8:Q8RV06,0.0029426796827465296,0
Q10RZ1:B9FTR1,0.005008349660784006,0
Q6Z5M3:Q0J8G4,0.033113133162260056,0
Q7X660:Q2R224,0.006596588995307684,0
Q2QTY2:Q6YZ54,0.01893223635852337,0
A3BH91:Q2R4J4,0.03827937692403793,0
Q10QR9:Q2R041,0.0023400236386805773,0
Q9AQW1:Q2QZ37,0.008270062506198883,0
Q6K5P9:Q654B3,0.0023467750288546085,0
Q2QX01:Q2QMX9,0.005266259890049696,0
Q7EXZ2:Q69JZ7,0.0031718506943434477,0
P0C515:Q84ZD2,0.0014733540592715144,0
Q53KS8:Q6L8G1,0.0009261539089493454,0
Q5N6V8:Q6K602,0.0008084566215984523,0
Q7XTB2:Q0D3N0,0.0038063847459852695,0
Q6ZJM9:Q0IMV4,0.0010485785314813256,0
Q655G7:Q9FDY4,0.0055299499072134495,0
Q7XXL2:Q6ES51,0.001921174000017345,0
P0C5A4:Q7XDQ7,0.023463236168026924,0
Q6ZCR3:Q9XHL5,0.005855840630829334,0
Q10MR0:Q6L5E5,0.003564547747373581,0
Q9AWK2:A0A0P0V5U9,0.0036756210029125214,0
Q0DAE8:Q0J709,0.004794032778590918,0
Q6Z1I5:Q7G3T8,0.0027634610887616873,0
P0C301:Q6ZLA7,0.012519985437393188,0
Q75L84:Q4PR48,0.004410699941217899,0
Q6Z2T6:Q7Y1Z1,0.005461004097014666,0
Q5SND2:A9UGV5,0.004784605000168085,0
Q94CS9:A3A463,0.0015776267973706126,0
Q651Z7:E3VXF2,0.009309223853051662,0
Q9AV39:Q67VS5,0.00311138853430748,0
Q75I94:Q6H874,0.0029493719339370728,0
Q6F353:Q0DJA0,0.08575648069381714,0
Q10D98:Q6H6M5,0.010144387371838093,0
Q5Z5R7:Q69WI0,0.0017838439671322703,0
Q6K4E7:Q5ZA21,0.03266188129782677,0
Q7XW88:Q5VQ69,0.04524720832705498,0
Q5N8X6:Q69U54,0.0014780968194827437,0
P20907:Q6YZE8,0.0020993822254240513,0
Q8H3Q1:Q5N749,0.08922495692968369,0
Q337B8:Q84P69,0.04487033933401108,0
Q94H98:Q6Z433,0.0026068564038723707,0
Q7XA61:Q8RU31,0.00406160531565547,0
Q8H4H5:Q03200,0.0012442342704162002,0
Q764B9:Q6K7R2,0.0434202179312706,0
Q4PR40:Q0JF21,0.12332146614789963,0
Q84VG1:Q10MI9,0.00392948929220438,0
P49964:Q69JZ7,0.03987826779484749,0
Q10EL1:Q2QP53,0.0019799645524472,0
Q7XTG7:Q2R3A1,0.017389986664056778,0
Q5ZCV2:B9F2Y7,0.019675791263580322,0
P49030:P52428,0.2020541876554489,0
Q851S2:Q7XK44,0.03379344940185547,0
Q655R6:Q338C0,0.010738163255155087,0
Q0DXS3:A3AYR1,0.3682772219181061,0
Q5W794:Q7G3T8,0.0008958295220509171,0
O22567:Q70G58,0.2828434109687805,0
Q6Z9U7:Q6ZLD3,0.09015072882175446,0
Q69SA9:Q75GB1,0.004872174933552742,0
Q4PR43:Q7XTL7,0.005689351353794336,0
B7F8N7:Q0J951,0.002149928128346801,0
Q0E0A6:C7IZ16,0.0013823723420500755,0
Q6YWR4:Q60GC1,0.007576364558190107,0
Q5J4W4:Q6ETN2,0.00237126718275249,0
Q69XK5:Q0J0A4,0.003627258585765958,0
P12153:Q7Y1C8,0.001864229328930378,0
Q67UW5:Q84NJ4,0.06409737467765808,0
Q0E079:Q9LST6,0.04184381291270256,0
Q10QH3:Q2RB59,0.001122098765335977,0
Q6F4N5:Q7XR47,0.0021918630227446556,0
Q84P90:Q6K215,0.0011426216224208474,0
Q60E60:Q65XL5,0.02367553673684597,0
Q6YTY3:Q10E64,0.04383785277605057,0
Q2RBJ2:Q67UC7,0.004497983958572149,0
Q53NI2:Q5N806,0.004426631610840559,0
Q6ES10:Q6Z6K9,0.0020771012641489506,0
Q0DKP3:Q7XKE9,0.005598054733127356,0
Q2R3F5:Q8W3F9,0.017123376950621605,0
Q53KS9:Q9LSU3,0.04370887950062752,0
Q6Z6W2:Q7XE50,0.001326265512034297,0
Q9LGI2:P17048,0.001167084788903594,0
Q6ASR0:Q8S3Q9,0.0036065082531422377,0
Q67UI2:Q5Z6N9,0.002534707775339484,0
Q7XBW0:Q84M43,0.001676993677392602,0
Q6EN45:Q10CQ1,0.008288738317787647,0
Q53WK1:Q2QZ14,0.020496567711234093,0
C7J8E5:B9F2Y7,0.12180840969085693,0
Q9LWV3:Q0JBZ6,0.008167915046215057,0
Q5JL08:Q6ZK48,0.07145337760448456,0
Q5Z8T8:Q8RYJ9,0.0025774051900953054,0
Q69L99:P14654,0.0204604659229517,0
Q6K1C4:Q2QMH1,0.001901390845887363,0
Q94DT9:P42211,0.0013567832065746188,0
Q2QZF2:Q10F25,0.0027085875626653433,0
Q7XR62:Q7XM13,0.0010441791964694858,0
Q6K3R5:Q7XR47,0.0018334403866901994,0
Q0JGY1:Q8H8K7,0.00930971559137106,0
B7F138:Q7F9W2,0.0013410227838903666,0
P14323:Q5VR07,0.0025491169653832912,0
Q5Z620:Q53MD1,0.01690024882555008,0
Q6K3B1:Q2R066,0.013097054325044155,0
Q67UP9:P0C0M3,0.0025490582920610905,0
C7J4U3:Q8LR62,0.04461532086133957,0
Q8GSI0:Q0DJH7,0.006258244160562754,0
Q84QA7:Q8H384,0.0010538175702095032,0
Q8H3E5:Q75LR7,0.013482115231454372,0
Q2QQS1:Q32759,0.0014954778598621488,0
Q7XBW5:Q43011,0.005230847280472517,0
A3BH91:Q5N712,0.004812326282262802,0
Q8S1V1:Q10E49,0.0036501639988273382,0
Q10Q48:Q8S0F0,0.043509066104888916,0
Q2QUC5:Q3HRN7,0.00954186450690031,0
Q07661:Q2KNB5,0.08495760709047318,0
Q5CCK1:Q2RBK2,0.002399927005171776,0
Q6ZLD3:Q6ZF85,0.009289649315178394,0
Q0DWG8:Q9ASJ1,0.21089044213294983,0
Q8H7U1:Q53K52,0.036805443465709686,0
Q7X996:Q6AT33,0.13463406264781952,0
Q10LI1:O80416,0.015910562127828598,0
Q2R2D5:P0C129,0.001100265304557979,0
Q6EPN6:Q0JQF7,0.0008647407521493733,0
Q652B0:Q0J7J7,0.0013208035379648209,0
Q5NAY4:Q0DVX2,0.014086452312767506,0
Q10MK2:Q6YUX0,0.0012567497324198484,0
O82766:P14717,0.06206740066409111,0
Q67UL3:Q8S985,0.014155886135995388,0
Q53JG7:Q6H4G3,0.13448941707611084,0
Q762B4:Q67UL3,0.040700513869524,0
Q2QQR2:B9GCH9,0.021017584949731827,0
Q10LN5:A2ZVI7,0.011456495150923729,0
Q5ZE00:Q852L2,0.010157829150557518,0
Q75GI4:Q7XMK1,0.0019904915243387222,0
Q0JM17:Q2HWH1,0.017218274995684624,0
Q5N9A1:Q84TV4,0.00558387441560626,0
Q6VAK3:B7EA73,0.005077655892819166,0
Q75IS2:Q8S0S6,0.02876920811831951,0
Q8LQH4:Q75LL2,0.006650901865214109,0
Q0IZS0:Q6Z244,0.015318313613533974,0
Q84SN3:Q9AV49,0.054928626865148544,0
Q5ZCC5:Q9AY76,0.0016524657839909196,0
A2CIR7:Q9LWR2,0.0017592490185052156,0
Q6K1C4:Q75I75,0.001860060729086399,0
Q8LIG4:Q8LJJ9,0.06391298025846481,0
Q6L568:Q9FU53,0.004432816989719868,0
Q2QQJ5:Q6L8F7,0.0059854863211512566,0
Q67WR5:Q7XIF5,0.003970805089920759,0
Q7Y0D4:Q6K669,0.02475615032017231,0
Q9ARZ9:Q8S983,0.6272937655448914,0
Q09151:Q6AWY4,0.0032739564776420593,0
A2PZN8:Q2QWE9,0.0025750643108040094,0
Q6ZFH6:Q6K223,0.010396861471235752,0
A3A9H6:Q655X8,0.001894467743113637,0
Q6ZHZ1:Q8H7S7,0.003354946617037058,0
Q0ILZ7:Q653N3,0.0014574298402294517,0
Q2R374:Q5N7A7,0.0009255859185941517,0
Q6ES10:Q6EX42,0.0012274765176698565,0
Q6AVM5:Q8H7N9,0.017439497634768486,0
Q6K8S0:Q7XUJ5,0.12545469403266907,0
B8YIE8:Q6ZL94,0.0023395114112645388,0
Q0JGS5:Q8W2X5,0.004479581955820322,0
Q652Q1:P60137,0.004078815691173077,0
Q8LNZ3:Q10SX7,0.00967820268124342,0
Q75H81:Q6YXZ7,0.012630808167159557,0
Q75HE5:Q0J968,0.015919921919703484,0
Q60DX1:Q6L4N4,0.0020778293255716562,0
Q7XWK5:Q6L5F7,0.028079688549041748,0
C7J0P3:Q0JPA4,0.006662169937044382,0
Q0J969:Q6Z0D2,0.01311964076012373,0
Q6PS57:Q5SMK6,0.0069756656885147095,0
Q69S43:Q8S059,0.00361812231130898,0
Q9LWU9:Q7XRA1,0.007212035357952118,0
Q6YZZ2:B9FHH2,0.09952028095722198,0
Q6K508:B9FI63,0.0019870703108608723,0
Q8S5N2:Q6K977,0.007912027649581432,0
Q9FXT8:P83466,0.02727528288960457,0
Q6H7J4:Q9AS36,0.018298685550689697,0
Q652B0:Q6ZIV7,0.06502531468868256,0
Q7XK25:P28520,0.02085065096616745,0
Q6H7J3:Q7XDT2,0.0018200237536802888,0
Q9LWM4:Q0JA81,0.0034152802545577288,0
Q10NX8:Q6H677,0.037832941859960556,0
Q53NL5:Q8LIL0,0.037647735327482224,0
Q5VRM0:Q5W727,0.001694842241704464,0
Q5VR89:Q651Z5,0.0007504717796109617,0
Q5TKP8:Q7X9A8,0.1538858711719513,0
Q6I621:Q69U54,0.13875484466552734,0
A0A0P0VG31:Q6Z829,0.11337313801050186,0
Q10CQ1:Q75LD8,0.0013742982409894466,0
Q0JL73:Q941T1,0.34842681884765625,0
Q6I576:P14717,0.0012480661971494555,0
Q0J9Y2:Q2QP13,0.005525606218725443,0
Q0DZE0:Q7F4F8,0.007349529769271612,0
Q8GRI8:Q2RAV0,0.014101258479058743,0
Q53QK0:Q10PQ9,0.004661339335143566,0
Q6K965:Q6K3T2,0.002509188838303089,0
Q6Z4N3:B9G4M9,0.0037964885123074055,0
Q657X6:Q6YTW6,0.009773364290595055,0
Q7XSQ9:Q336M7,0.006288841366767883,0
Q4PNY1:Q8H506,0.016946692019701004,0
Q2RAS0:Q0J360,0.006040400825440884,0
P0DO09:Q6AST1,0.003760628867894411,0
Q943E7:Q7XUD0,0.003494621952995658,0
Q6YSY5:P83466,0.0063436622731387615,0
Q8H398:Q6ZCZ2,0.0012533139670267701,0
Q5ZEJ0:Q7PC73,0.0535946749150753,0
Q75LU8:Q0J0N4,0.001978560583665967,0
Q7XMK0:Q5KTQ9,0.0009690735605545342,0
Q852N6:Q6KAE5,0.01142335869371891,0
Q7EZT1:Q84P73,0.3737514317035675,0
Q652Z7:Q2R2W2,0.22321704030036926,0
Q75HE6:Q7XRU4,0.0036224357318133116,0
Q7XQN1:Q9AS36,0.4767214357852936,0
Q8W0W3:Q0JKI9,0.17196086049079895,0
Q6ZKV8:Q6ZH29,0.772746205329895,0
Q9FR35:B9G9L9,0.003147188341245055,0
Q0DV32:Q6ETW4,0.002118836622685194,0
Q8GRS2:A9UGV6,0.007373254746198654,0
Q5VNW0:Q761Z9,0.0167781300842762,0
Q10QR9:Q10RP0,0.010595817118883133,0
Q6H611:Q7XJ39,0.01815740019083023,0
Q6K965:Q5VSA8,0.0018506379565224051,0
Q84T03:Q2R482,0.8103744387626648,0
Q67UE2:Q764B9,0.007035526912659407,0
Q0IWL9:Q688Y7,0.005354166030883789,0
Q0J235:B9G434,0.0015923794126138091,0
Q75GK3:Q6YZZ7,0.005842455197125673,0
Q336T5:Q6H638,0.0019646596629172564,0
Q6H4V8:A0A0P0XM10,0.011378376744687557,0
Q8GU92:Q5Z6F6,0.0015676312614232302,0
Q652N5:Q339K6,0.01109867449849844,0
Q4PR53:Q6ZD95,0.0012655266327783465,0
Q0INT0:Q84PC1,0.043749261647462845,0
Q6Z310:Q4PR52,0.0076765092089772224,0
Q8H594:P0C491,0.8127654194831848,0
Q9SNQ6:Q6Z6K9,0.0013397956499829888,0
Q5VMI0:Q7XPR1,0.06321801990270615,0
Q10QS9:Q5VRR0,0.3765502870082855,0
Q6YV23:A3B9A0,0.003529820591211319,0
Q7X8P2:Q10N89,0.9813700914382935,0
Q5ZAY0:Q8H991,0.004324228968471289,0
Q7XLD4:Q651D5,0.013820342719554901,0
X5HYT8:Q652K6,0.010376333259046078,0
Q6ZLD3:Q7X8Z8,0.025387465953826904,0
Q5VS59:Q7Y0Y6,0.0020795867312699556,0
P53683:Q10KL8,0.024604128673672676,0
Q2QMT5:Q8LQH4,0.1307010054588318,0
Q7Y1Z0:Q6YZ99,0.018094519153237343,0
Q652Z7:Q01401,0.07662143558263779,0
Q6ERW5:Q67UE8,0.0009276447235606611,0
O82807:Q6L4V0,0.0026542621199041605,0
Q0DKP4:Q6ZK48,0.24431386590003967,0
Q6ZBH6:Q5NB83,0.0034843848552554846,0
Q7EZ44:Q5Z9E5,0.02047063037753105,0
Q84Q72:Q0JA83,0.009131661616265774,0
Q6K5G8:Q942L2,0.5803777575492859,0
Q10S83:Q653U3,0.2745104730129242,0
Q10CQ1:Q0DBW8,0.006006450857967138,0
Q0IQN6:Q43008,0.12393595278263092,0
Q10SM7:Q84UQ3,0.031791482120752335,0
Q69KN0:Q9LD61,0.011154125444591045,0
Q3HRP5:Q5W726,0.004954430740326643,0
Q6L597:Q0DFC9,0.011898485012352467,0
Q69JW3:Q9SLX0,0.0020259881857782602,0
Q0E0Y3:Q9LSU1,0.012225940823554993,0
P0C467:Q6H7A7,0.08080600947141647,0
Q6ZKC0:Q8W3F9,0.05592295527458191,0
Q6H500:Q6ZJR6,0.0032396831084042788,0
Q0J7U6:Q10LG8,0.025550266727805138,0
Q652A8:Q0JL44,0.039339374750852585,0
Q6ZKF0:P43279,0.009913874790072441,0
Q8W0A1:Q10EL1,0.008571654558181763,0
Q6H6M5:Q5JN42,0.004466880112886429,0
Q84Q83:Q7Y0W5,0.0018405927112326026,0
Q64M78:Q6K5G8,0.01106934528797865,0
Q6EQ60:Q40723,0.05852517485618591,0
Q2R2T4:Q94CT7,0.0011039158562198281,0
Q6H6M5:Q7XLX6,0.006781687494367361,0
P93411:A3AGM4,0.33908700942993164,0
Q7Y180:Q6Z4N6,0.2098483294248581,0
Q0D3N0:Q6Z7W3,0.02444062940776348,0
Q65XA0:Q10D34,0.025012871250510216,0
Q10LJ2:Q6VBB2,0.012070395052433014,0
I6PL68:Q0JC27,0.12550891935825348,0
Q64M78:Q6H7T1,0.017542576417326927,0
Q0E2P1:P0C361,0.20554976165294647,0
Q7X7E6:P0C337,0.0013552798191085458,0
Q851C7:Q0JPA6,0.05067718029022217,0
Q8LHP0:Q2QTL0,0.001027159858494997,0
Q94CS9:Q5QMN3,0.013106301426887512,0
P0C451:Q84UQ3,0.0063905492424964905,0
Q7XKK6:Q10MB4,0.31347766518592834,0
Q6YW62:Q94EC4,0.17101596295833588,0
Q5JM04:Q6PS57,0.000992043875157833,0
Q6IVC2:Q10QS9,0.1586168259382248,0
Q2QS71:Q84P71,0.01505136489868164,0
Q9FTY0:Q8W0F9,0.07983358949422836,0
Q336R9:Q7XK12,0.00395232392475009,0
Q6ATS0:Q8RZL1,0.0028007254004478455,0
Q8LQ68:Q7XV21,0.003354328917339444,0
Q10B67:Q6L5C4,0.004753154702484608,0
Q6ATV4:Q9FNU2,0.12794417142868042,0
Q6ESG1:A3BPF2,0.0015375301009044051,0
Q0JEZ8:Q7XN30,0.0032573670614510775,0
Q7G6D7:Q10MN5,0.008701811544597149,0
Q2R0Q1:Q7X7X4,0.0035716299898922443,0
Q84LM2:Q6Z2T3,0.002557283965870738,0
Q75IC7:Q0IQF7,0.0009637057664804161,0
Q69TF4:Q7XRV1,0.008880051784217358,0
Q0DWQ7:Q338N2,0.009081707336008549,0
P35687:Q0DEC8,0.018261820077896118,0
Q6K3B2:Q7XT39,0.0013166278367862105,0
Q941T1:Q0J7E4,0.02170718088746071,0
Q10SX7:Q0E1Z0,0.02056203968822956,0
Q6ZKL8:Q6H7S2,0.04222230240702629,0
Q5Z9P8:B7F924,0.000919559330213815,0
Q7XSV4:Q5N6V0,0.006289706565439701,0
Q7XUR3:Q60DX8,0.04822659119963646,0
Q0DAE8:Q10Q80,0.0032276585698127747,0
Q5JN63:Q7XQN4,0.0015551241813227534,0
Q6AWX8:Q0JKD0,0.0013892324641346931,0
Q336P5:Q5QMZ9,0.28142428398132324,0
Q8LNW4:Q6ZDQ1,0.023369336500763893,0
Q7XI73:Q60E60,0.012363709509372711,0
Q94DH3:Q69VD5,0.0035168908070772886,0
Q0D3I7:Q0JR25,0.01182567235082388,0
Q8LQ68:Q2RBF0,0.008242843672633171,0
Q7F731:Q8S1X7,0.03451981022953987,0
Q5NAY7:Q8H506,0.00481265876442194,0
Q6H7P8:Q6ZAC1,0.0018489419016987085,0
Q2QRN7:Q84KJ6,0.005405984818935394,0
Q6ERS4:Q10MN2,0.007519410457462072,0
Q69T22:Q6L4D2,0.052459098398685455,0
Q6Z7V3:Q6AT41,0.05521347001194954,0
Q6F303:Q9ZQW8,0.0021179853938519955,0
Q75IM9:Q6Z461,0.0009861810831353068,0
Q5W6Z9:Q6Z9C3,0.0018804947612807155,0
Q6H6C3:Q8S1Y9,0.003874021116644144,0
Q53P54:Q42980,0.0020409158896654844,0
Q7F0R1:Q2QLT8,0.04817870259284973,0
P0C422:Q0DFG8,0.009125578217208385,0
Q6AVT2:Q8S0F0,0.004819122143089771,0
Q0DSH9:Q0JDC5,0.006883119698613882,0
B9G9X3:Q6ZLP5,0.8089090585708618,0
Q5QNI1:Q652Q1,0.002976157935336232,0
Q2R4Z8:Q8H4D4,0.004037089180201292,0
Q9AV81:Q9FXT4,0.1583194136619568,0
Q5Z6F0:Q0J466,0.0047857072204351425,0
Q7X7C9:Q7XSN9,0.0349203459918499,0
Q6ZA74:Q5Z6G5,0.012716292403638363,0
Q9LWR2:Q6YYB0,0.0023521576076745987,0
Q7XSS9:Q5Z6E5,0.0027677707839757204,0
Q33AH8:Q0D576,0.001636174856685102,0
A3BNA1:P14655,0.015828192234039307,0
Q7XPZ4:Q10N05,0.003598759649321437,0
Q7XRX3:P16081,0.09148959070444107,0
Q0J9J6:Q7XAM7,0.0028758530970662832,0
Q852L0:Q6EU30,0.21165595948696136,0
Q9AUW2:Q6H468,0.0034263115376234055,0
Q7XLP4:Q6VBA4,0.004163097590208054,0
Q2R066:Q9LST9,0.025802796706557274,0
B9GAG9:Q2QNJ8,0.10893411934375763,0
A3BV82:Q94DE2,0.06346055120229721,0
P48600:Q2QWZ1,0.7038500905036926,0
Q0JP99:O49068,0.008176860399544239,0
B9FJG3:Q0JNR2,0.0024326988495886326,0
Q0DAK7:Q5NAW2,0.001479871803894639,0
Q0JF02:Q6ZHJ5,0.004945790395140648,0
Q0J8M2:Q5NAI4,0.0031711154151707888,0
P0C127:Q0IQF7,0.004507792182266712,0
Q0D576:Q10PZ6,0.0008089475450105965,0
Q2QTC2:Q6Z9R8,0.0035341971088200808,0
Q8GVF9:Q0JM76,0.002709400374442339,0
Q10Q62:P93844,0.002242599381133914,0
Q60EC2:B7EZJ7,0.0018899552524089813,0
Q8S0Q9:Q2R222,0.00111705984454602,0
B9F676:Q8RUN1,0.012961876578629017,0
Q6ATJ8:Q69UP6,0.03129441663622856,0
Q8LN49:Q7XNX6,0.033519040793180466,0
Q6YRM6:Q0DEV5,0.06689532846212387,0
Q67UX0:Q0DN94,0.0010648819152265787,0
Q94DR2:Q0J705,0.3887113034725189,0
Q8GU83:Q652V8,0.00309418560937047,0
O82118:Q9FWT5,0.08555912971496582,0
Q7XTL7:Q94CV1,0.0012327757431194186,0
Q337A5:Q6IVC3,0.002929460955783725,0
Q94CV1:Q9SSX0,0.016475815325975418,0
Q6F358:Q94GL5,0.0011278515448793769,0
Q6K1R5:P53684,0.04088330268859863,0
Q10B98:Q8LMR9,0.005687076132744551,0
Q94EC3:Q2RAP3,0.0014229886000975966,0
Q84MH1:Q0D5P3,0.0033883533906191587,0
Q8LNV6:Q0J7Y8,0.0022743300069123507,0
Q6ZHC8:Q7XD66,0.00126271799672395,0
Q657G7:Q5Z6E5,0.0009660377399995923,0
Q9S827:Q5Z9E2,0.007888354361057281,0
Q2R2W2:Q6YZ49,0.20100651681423187,0
Q943I6:Q0JL44,0.03050667606294155,0
Q10QS9:P0C457,0.011788186617195606,0
Q5JJV0:Q6ETN3,0.034893948584795,0
P53682:Q655V5,0.008714492432773113,0
Q2QUS0:Q5VMI0,0.010476340539753437,0
Q07078:B9F655,0.17196199297904968,0
Q336P5:Q6ES10,0.06821855157613754,0
Q8LH03:Q2QM77,0.004192519932985306,0
Q36996:P35687,0.001038939692080021,0
Q5VQ69:Q5ZCD9,0.2575356662273407,0
Q6ZIK0:Q2RAP0,0.4007437825202942,0
Q8RU31:P0C0M2,0.001992275007069111,0
Q0DNU1:Q8RZX9,0.006764858961105347,0
Q0D715:B9EUM5,0.09306546300649643,0
Q10HC9:Q10SC8,0.08049372583627701,0
B9G2A8:Q6ERU3,0.0008795660105533898,0
Q53WK4:Q6K9C3,0.31076857447624207,0
Q9FTY0:Q6ER22,0.023985840380191803,0
A9UGV5:Q69TW5,0.09826403111219406,0
Q5TKP8:Q6L4V0,0.10674828290939331,0
Q6ZCX1:Q67WQ7,0.0038397235330194235,0
Q7XKQ8:Q6H628,0.12293379753828049,0
Q7XH85:P0C127,0.05219985172152519,0
Q01882:Q0IUB5,0.0025663345586508512,0
Q6K6K7:Q6ZH85,0.08186458796262741,0
Q2R0D2:Q6Z8B9,0.0017282598419114947,0
Q7XTS3:Q6H4R6,0.002863069297745824,0
Q761Z9:Q6L8G0,0.00119681004434824,0
Q6ZL57:Q7XQ45,0.0037966053932905197,0
Q10QK6:P0C282,0.009068898856639862,0
Q8VWJ6:Q9XG81,0.0008934334036894143,0
Q76I22:Q7XRS1,0.005359874106943607,0
Q84PB8:Q7EZ44,0.019978007301688194,0
Q0J8G4:Q93XI4,0.41770458221435547,0
Q8S628:Q8H6H0,0.02334253489971161,0
P49398:Q6AVM5,0.055052440613508224,0
Q7XLD4:Q7XZZ1,0.0017617054982110858,0
Q9AWK2:B9F6Z0,0.003214915981516242,0
Q67WN8:Q6H7J3,0.003655295120552182,0
Q6ZHJ5:P0C488,0.2455824464559555,0
Q7XKC4:Q7XRB5,0.007143252994865179,0
Q0DKE8:P0C291,0.009941229596734047,0
Q943E7:P48489,0.5886972546577454,0
Q9LGQ6:Q9FXT4,0.009533432312309742,0
Q6Z4I3:Q7XSN6,0.013813591562211514,0
Q5JKN1:Q6H4L9,0.00177070964127779,0
Q84T03:P0CH34,0.819418728351593,0
Q69PA8:Q0DIQ5,0.0009430983336642385,0
Q5VPE3:Q7XNS7,0.0013063984224572778,0
Q5VQG4:Q8LR62,0.011582916602492332,0
Q67WE2:Q84ZC0,0.003257234813645482,0
Q2QNS6:Q6YV88,0.002045544097200036,0
Q8L5K0:Q6H5X0,0.0010644240537658334,0
Q5Z8V8:Q6H509,0.001112498575821519,0
Q0DHM7:Q6YSJ5,0.002408410655334592,0
Q10NQ9:Q84PB0,0.4124056398868561,0
A2ZNT5:A3AYR1,0.004636069759726524,0
Q5JLQ9:Q6L506,0.05413591489195824,0
Q84P77:Q8GVZ8,0.01194334402680397,0
B5UBC1:Q5NB85,0.007471729069948196,0
Q5VNN5:Q2QUN2,0.0028101929929107428,0
Q7XUN6:B9FJG3,0.0010213981149718165,0
Q2QY10:Q6K968,0.31890684366226196,0
P12123:Q0JKZ0,0.03138135373592377,0
Q8W0F9:Q5N9W4,0.0035987806040793657,0
Q0DG35:Q6K991,0.011645427905023098,0
B9EY52:Q8H3I4,0.0016216086223721504,0
Q6ERW7:Q6VMN7,0.2858220338821411,0
Q6L589:Q7XN11,0.0017239999724552035,0
Q8GSL4:B9F166,0.009172898717224598,0
B6UV92:Q109B0,0.0016144212568178773,0
Q5VQQ5:Q8S9Z2,0.012143072672188282,0
Q01881:Q69VE0,0.0059239985421299934,0
Q7GD79:P38419,0.2705542743206024,0
Q0IWF3:Q6ZLD3,0.011641448363661766,0
Q2R480:Q6L5B5,0.014397874474525452,0
Q84JH5:Q2R483,0.31428760290145874,0
Q7XXD4:Q94JG1,0.0014961533015593886,0
Q8LR09:Q10S44,0.0027773738838732243,0
Q6H500:A0A0P0V5U9,0.00948854349553585,0
Q0J4I1:P0C0L0,0.49675342440605164,0
Q8H7Y8:Q67VW6,0.12347368150949478,0
Q5VQ78:Q2QRK9,0.005604480393230915,0
Q3HRN7:Q2R4Z5,0.04314764589071274,0
Q851G4:Q75GK4,0.002317550592124462,0
Q5VND6:Q94DR2,0.008246303535997868,0
Q7XUK4:Q53RH0,0.003592130960896611,0
P40393:Q4JL76,0.01834825612604618,0
Q6EX42:Q6YZ49,0.006566877942532301,0
Q9FNU2:Q6I5C3,0.0016081075882539153,0
Q0JCR9:Q6ZDE3,0.0029098212253302336,0
B9G9L9:Q9FXT4,0.02359331212937832,0
Q2QMH1:Q7XPW5,0.029987473040819168,0
Q6AVK1:Q5WAB3,0.00862323772162199,0
Q2QN26:P0C131,0.08041758835315704,0
Q69T94:K4PW38,0.0023852468002587557,0
Q84PC8:P0C129,0.0008564807358197868,0
Q109B0:Q9AY63,0.05079808831214905,0
Q2HWG1:Q0JPA4,0.06161325052380562,0
Q6ZAR0:P12124,0.0011277789017185569,0
Q6ZF89:Q6YW53,0.004172653891146183,0
Q0DWA9:Q67UI2,0.0017196998232975602,0
Q0JMY8:Q8GSL4,0.003842058125883341,0
Q10RR9:Q0D9C4,0.002031778683885932,0
Q8RZZ3:Q10Q71,0.6955969929695129,0
Q84TV4:Q6ETN3,0.007650447078049183,0
Q0IUL4:Q6AVG6,0.0009325849241577089,0
Q6ZIF9:B9FXT3,0.002106122439727187,0
Q53MH8:Q7XLD4,0.000998802832327783,0
Q8GU84:Q0D629,0.015523070469498634,0
Q75I13:F7J0N2,0.0013986959820613265,0
Q9XJ66:P46520,0.016118783503770828,0
Q10RE2:Q6H601,0.005345976445823908,0
A3AZ89:Q75L11,0.015003496780991554,0
Q6ERX1:Q0J951,0.004517721943557262,0
Q6ZCR3:Q7G737,0.002366746310144663,0
Q53M52:Q8W3F9,0.009102413430809975,0
Q5VS59:P0DKK6,0.008335928432643414,0
Q68Y49:Q0JL75,0.06600616127252579,0
Q2KNB9:B7E321,0.01210401114076376,0
Q0IQA5:Q6ZH85,0.005321228876709938,0
Q84PA9:P12139,0.21441347897052765,0
A3C4S4:Q2RAX3,0.11083251237869263,0
Q10G40:Q6ZDF3,0.006077653728425503,0
Q9SXG8:B9FDR3,0.028309762477874756,0
Q10NQ3:Q769E5,0.0024951959494501352,0
B7FA90:Q6ZI44,0.0027179790195077658,0
Q2QMT2:A2ZP58,0.03091520443558693,0
Q9LGE3:Q9AY63,0.07035152614116669,0
D5A7J3:Q0JNK6,0.0010803940240293741,0
Q75LX7:Q5ZEM1,0.014615458436310291,0
Q6AT25:P42862,0.0012728896690532565,0
Q6H595:Q5QNI2,0.0009579858160577714,0
Q6ZFZ4:Q6Z4G3,0.002473972039297223,0
A3C057:A1A699,0.001021224306896329,0
Q5Z6F0:Q7X6J9,0.0042545124888420105,0
Q40703:B7E7M8,0.0036292728036642075,0
Q2QP13:Q9M4X7,0.46915218234062195,0
Q6ZGP8:Q6Z7L3,0.004037145990878344,0
Q5KTQ9:Q0D8I9,0.013970568776130676,0
Q53JF7:Q9AWK2,0.005917876958847046,0
Q60DX8:Q704V3,0.000737020222004503,0
Q7XR80:P0C503,0.004853951279073954,0
Q69VD9:W0RYD3,0.001792817609384656,0
Q5Z8Q9:Q10F03,0.020921319723129272,0
Q2QY07:Q5VM82,0.0010638948297128081,0
Q6H3Y7:P68853,0.004154612310230732,0
A1YTM8:B9G2C8,0.00445303600281477,0
Q5W736:Q7XCK6,0.003144219284877181,0
Q84LK3:F7J0M6,0.004825608339160681,0
Q6YYB0:Q6EN45,0.03951132670044899,0
Q942D4:Q7XC37,0.006737010087817907,0
A3BFT0:Q7XKE9,0.4366357922554016,0
Q0E4Q5:Q69IM9,0.02298729494214058,0
Q8H6G7:Q8S6P9,0.0010323141468688846,0
Q60EA5:Q6ATB4,0.005355563946068287,0
Q6Z8L2:Q0DBL6,0.003504245774820447,0
Q0J9X2:Q6H4V8,0.0032147825695574284,0
Q0JD85:Q8LN25,0.0012049933429807425,0
Q0INZ4:Q75HQ0,0.18494391441345215,0
Q6K1U4:Q7XUV2,0.0035748877562582493,0
Q7XEZ1:Q2TQ34,0.05096585303544998,0
Q0JA83:Q6ATS0,0.002196031389757991,0
Q652Q8:Q6ZD63,0.0028738901019096375,0
Q5JK35:Q6Z4T3,0.004449533764272928,0
Q5NAZ7:P25776,0.0068037803284823895,0
Q2QMX9:Q10CQ1,0.001241271267645061,0
Q10BX9:Q0DUI1,0.0032824703957885504,0
Q0DDF6:A3C4N5,0.018666362389922142,0
Q7XTS4:Q7XCK6,0.006531663239002228,0
Q8RUN1:Q0JPT4,0.0012181475758552551,0
Q10EJ2:Q7XGM6,0.0006790689076296985,0
Q53Q11:P17814,0.0030040324199944735,0
Q6ZLB0:Q65X71,0.001758596277795732,0
Q650U0:A0A0P0X004,0.008884011767804623,0
Q655X0:Q0JQ97,0.4170076549053192,0
Q0E3C3:Q10RP0,0.03461681306362152,0
Q5VQG4:Q1WM16,0.1924179494380951,0
Q5QLS7:Q0JA29,0.0008170716464519501,0
Q6ER22:Q6YTY3,0.0029545240104198456,0
Q65XL5:Q2RBN7,0.025894010439515114,0
Q84VG0:Q7XT08,0.0031681873369961977,0
Q5ZAY0:Q0E4J6,0.0007947746780700982,0
Q5N9N2:Q2RBF0,0.01604888215661049,0
Q8LT05:Q75HY5,0.002533864928409457,0
Q6YXH5:Q2QW44,0.7501973509788513,0
Q6F4F5:Q655G7,0.005584412720054388,0
Q10PE7:Q75HZ9,0.23065915703773499,0
Q7FAE1:Q8S0S6,0.14601190388202667,0
Q9SNQ2:Q6Z8D0,0.013156532309949398,0
Q6K550:Q2RB94,0.4203590452671051,0
Q6H5U3:Q6Z2T3,0.011236331425607204,0
Q53PC7:Q0D5G4,0.014778315089643002,0
Q69T58:A3C6G9,0.0037707181181758642,0
Q6Z5M3:B9FXT3,0.0021187465172261,0
Q67C40:Q10MR0,0.20627255737781525,0
Q851K0:Q7Y1L9,0.0024771452881395817,0
Q7XII4:Q0JMW0,0.0010779089061543345,0
Q689G9:Q851K1,0.001004699501208961,0
P48599:Q53Q31,0.021000338718295097,0
Q67U69:Q6F358,0.027984917163848877,0
Q7XMK8:Q6Z9C3,0.0315743125975132,0
Q8LMR9:Q652K6,0.27799898386001587,0
Q6H5U3:Q7XR83,0.11082948744297028,0
Q0D3B6:Q653U3,0.029537102207541466,0
Q6Z808:Q6H4D6,0.011728556826710701,0
Q0J4D4:Q0DZE0,0.1180381327867508,0
Q653U3:Q53MD3,0.006209836341440678,0
Q8H3C7:Q0DQA9,0.0021094740368425846,0
Q5JM82:Q9FRF9,0.001884380355477333,0
Q7F757:Q6Z5I7,0.015173620544373989,0
Q69VD5:Q5VRJ8,0.010953935794532299,0
Q9AYE4:Q6K9A2,0.010145497508347034,0
P0C512:Q6H5L4,0.03588077053427696,0
Q10S72:Q9SXP2,0.3011467754840851,0
Q652Q0:Q6ZH94,0.01898222789168358,0
Q8GVF9:Q7XP65,0.028164952993392944,0
Q8H5T6:Q53Q70,0.0017410360742360353,0
Q7EY72:Q7XWU3,0.0018512493697926402,0
Q32759:Q5SML4,0.000889041752088815,0
Q0JNK5:Q84T94,0.0206079613417387,0
Q10SM7:Q6Z2M9,0.005297095514833927,0
Q0E0H1:Q6ZDQ1,0.001847873441874981,0
Q5Z8L1:A3AF13,0.2301960438489914,0
Q9S827:Q9FE64,0.7578348517417908,0
Q6Z0Q9:O80416,0.0012014377862215042,0
Q10MX1:Q7XI45,0.002729256171733141,0
Q0E0Q3:B8YEK4,0.008308619260787964,0
Q6S4P4:Q6YVM4,0.0026691516395658255,0
Q5ZD06:Q7XL03,0.4483639895915985,0
Q7XKR9:Q67UU0,0.023937514051795006,0
Q0DWQ7:Q0J0K1,0.0023397093173116446,0
Q10S25:Q65XV2,0.0015904710162431002,0
Q6EP66:Q2QYR1,0.006368374917656183,0
Q6L5F5:Q7EZD5,0.012394405901432037,0
Q7XU38:Q6Z1Y6,0.0033585333731025457,0
B9F4I8:Q7XSS9,0.011377568356692791,0
Q7EZR4:Q851J8,0.07679657638072968,0
Q7XUU0:Q9LRE6,0.0021444158628582954,0
Q69Q02:Q84ZN6,0.009605992585420609,0
Q655X0:Q656A5,0.07153492420911789,0
Q84M47:Q6H8D5,0.007047105114907026,0
Q0DHL5:Q5ZAY0,0.0030856875237077475,0
Q9AV39:A0A0P0X004,0.07578223198652267,0
Q0E476:Q6ZD89,0.012767630629241467,0
Q0JGK4:Q8GSD9,0.005638142582029104,0
Q5VND6:Q7Y0Y6,0.4815974831581116,0
Q0DV32:Q7XH85,0.005377866327762604,0
Q75LR2:B9G2E6,0.0018202528590336442,0
Q6AT33:Q01883,0.007881741970777512,0
Q6ASW7:Q69XL1,0.06484944373369217,0
Q2QNC3:Q8LIL0,0.0031307011377066374,0
B9G4B3:Q10KN8,0.22688141465187073,0
Q8GU82:Q8S920,0.014164857566356659,0
Q0DA50:Q69RJ0,0.04043946787714958,0
B7EIH2:Q6K5G8,0.02081449143588543,0
Q84PD0:Q851C7,0.021754922345280647,0
Q08479:Q84T68,0.011166691780090332,0
P93438:Q0J0K1,0.00646662712097168,0
A3AZ89:Q0JGI1,0.002603544620797038,0
Q5NAZ9:Q6Z8K4,0.0016374094411730766,0
Q6AUQ4:Q7XIZ1,0.0022935529705137014,0
Q5NAY7:Q84PB7,0.026218054816126823,0
Q0JL44:Q9ZTP5,0.12313907593488693,0
Q6Z7W3:Q75LX7,0.0013558119535446167,0
Q6AVM3:Q0JL44,0.15417169034481049,0
Q7XAP4:Q40703,0.03087802603840828,0
Q75IZ7:Q6ATR0,0.0188742745667696,0
Q3T5N4:Q0JKZ0,0.004289668053388596,0
Q0J233:Q6Z1C0,0.07585512846708298,0
Q7XQA6:Q7XX84,0.01051292847841978,0
B7EJ91:Q7X7N3,0.0030279578641057014,0
Q94LP4:Q7XMJ2,0.0020373486913740635,0
Q0DGG8:Q8H3E5,0.0013374501140788198,0
Q0D3D2:Q69L99,0.026082156226038933,0
Q0DAS9:Q75IZ7,0.0018991403048858047,0
Q9LWR0:Q8GT06,0.001564525649882853,0
P0C328:Q8S0J7,0.24574029445648193,0
Q10QF2:Q69QQ6,0.07659759372472763,0
Q10NY2:Q5NBM8,0.05591950565576553,0
P0C470:Q6Z5I7,0.004236641805619001,0
Q0JQ97:Q53N90,0.0014694704441353679,0
Q75LU5:Q9LD07,0.0048828828148543835,0
Q6EP77:Q9ZTS1,0.05860986188054085,0
Q7XTS3:Q7X7H9,0.003961227834224701,0
Q7FMW4:P29618,0.01298807468265295,0
Q6K6S5:Q2QYW2,0.11286938190460205,0
C7J8E5:Q84LK7,0.0038024471141397953,0
Q6H6R9:Q2RBE3,0.05398232862353325,0
Q84VK7:Q5QNI5,0.001261631608940661,0
Q6Z8D0:Q9LL45,0.0011917038355022669,0
Q8S2G4:Q0INY7,0.354408323764801,0
Q8H507:Q5N7A7,0.0033092156518250704,0
Q5ZEM1:Q336N8,0.0034192928578704596,0
Q75M01:Q6Z2J3,0.011914297007024288,0
Q5JNT6:Q75HX5,0.005702480208128691,0
Q650T9:Q9ZTP5,0.10135766118764877,0
Q7XKC8:P0C5D1,0.17460328340530396,0
Q65XV7:Q6ZK48,0.4223606288433075,0
P07730:Q0DBU3,0.0035212747752666473,0
Q75LV5:Q6AWY2,0.0033831687178462744,0
Q5DJV7:Q84M47,0.5446478128433228,0
Q5N6V8:Q08479,0.005686287768185139,0
Q851S8:Q7XR80,0.0019117587944492698,0
Q0DHE3:Q0JAI1,0.0008600227884016931,0
Q84QA7:Q6Z1D5,0.3730984926223755,0
Q8S919:Q69Y99,0.05111303552985191,0
Q5QM84:Q9ST27,0.030720671638846397,0
Q6ZIB9:Q5JK20,0.0017899461090564728,0
Q6IVC2:Q7XN54,0.0010177113581448793,0
Q8GSD9:Q9ZTS1,0.008369083516299725,0
Q75KR1:Q6L8G1,0.024078896269202232,0
Q10R17:Q6K1C4,0.004453297238796949,0
Q7PC69:Q6ETK9,0.06484155356884003,0
Q84T68:Q9LWM4,0.006659253034740686,0
Q5Z5C9:Q0J059,0.00113784265704453,0
Q69T31:Q7XRH8,0.003649784717708826,0
Q7XBA5:Q8LNU5,0.005519795697182417,0
Q69T31:A3C053,0.008261245675384998,0
Q0JDM0:Q5ZAQ2,0.0024616082664579153,0
Q0J3Y7:Q5ZC86,0.0042255958542227745,0
Q3HRN7:P31110,0.0011737890308722854,0
Q8S0S6:Q6K6K7,0.055885303765535355,0
P48494:Q5ZBY9,0.024329205974936485,0
Q0E342:Q40704,0.1937486231327057,0
Q5Z8V7:Q6Q9I2,0.0031276163645088673,0
Q7XE35:Q6QHD1,0.0019714252557605505,0
Q0E2Y1:Q2R8L1,0.0018175345612689853,0
Q02897:Q7XTH4,0.010037197731435299,0
Q2R0D2:Q9FUD1,0.0012599303154274821,0
Q8L4S2:Q10G81,0.06719664484262466,0
Q6K7R9:Q0DJY3,0.0006615768652409315,0
Q65WT5:Q2QVG9,0.14471440017223358,0
Q658G7:Q40742,0.022667456418275833,0
Q5VP70:Q8LNZ3,0.0025247593875974417,0
Q9LD61:Q339W7,0.01952754147350788,0
Q8VWH2:Q5Z8N6,0.0025340390857309103,0
Q5Z8P0:Q942F8,0.0015054502291604877,0
Q8LIY0:P0C383,0.0009392984211444855,0
Q5N892:Q6J1A5,0.0013814049307256937,0
P0CD22:O82117,0.0009988060919567943,0
Q10QW3:Q53JF7,0.006229162681847811,0
Q6L589:Q7XBH4,0.010724696330726147,0
Q7XLR1:Q84T92,0.004615757614374161,0
Q2R2Z4:Q6Z3U3,0.0012462511658668518,0
Q60EC2:Q0JKT4,0.002227724064141512,0
A3AZ88:Q7F0H8,0.005643373820930719,0
Q69L87:Q942X8,0.45953676104545593,0
Q53NK6:Q5QNB8,0.04683469980955124,0
Q2QNS6:Q6H6S3,0.0014398469356819987,0
Q688L5:Q6AVD0,0.002066766144707799,0
Q0E342:Q84PB7,0.004336009733378887,0
P0C482:Q5N9W4,0.0012638126499950886,0
Q5ZAJ0:Q69S43,0.0012458080891519785,0
Q6F334:Q8RZ40,0.003696003695949912,0
Q94CV1:B9G4B3,0.007723507471382618,0
O82143:Q6ZDJ7,0.05095884948968887,0
Q2QSR8:Q688T8,0.018798859789967537,0
Q0JCC3:B9F2L1,0.004609286785125732,0
Q7EZW6:Q2R0K3,0.0022567473351955414,0
Q67UE8:Q10EF2,0.0016749382484704256,0
Q5QLR2:C7J6G6,0.0017477682558819652,0
B9G300:Q65WW7,0.004183258395642042,0
Q10J20:Q7XAK4,0.007807423360645771,0
Q10JI3:Q6H595,0.015783745795488358,0
Q8LQ74:Q6I621,0.029247259721159935,0
Q6ETL2:Q5NAZ7,0.002786469180136919,0
Q2QXY1:Q6H8D6,0.05786796286702156,0
Q2R065:Q0DRX6,0.0016148034483194351,0
Q0DWH1:Q9ZP20,0.02802424505352974,0
P47909:Q6Z244,0.0008109191549010575,0
Q2QN30:Q9AS75,0.0027369726449251175,0
Q10N21:B9G5Y5,0.005742866545915604,0
Q6K9N6:Q7EXZ4,0.013993593864142895,0
B9FKM7:Q94E96,0.3648531436920166,0
P37890:Q6Z382,0.002569404663518071,0
Q8H7N9:Q6ERS4,0.026450831443071365,0
Q6Z4U4:Q8H991,0.006457032170146704,0
Q69KN0:E3VXF2,0.006897447165101767,0
Q7XKD0:B9FGV7,0.0011476358631625772,0
Q94LP4:Q6EU94,0.014670568518340588,0
Q0JIL1:Q2KNB4,0.07078617811203003,0
Q9ST27:A3A2Z8,0.003403708105906844,0
Q10Q71:B9FFA3,0.19680047035217285,0
P40393:P0C541,0.5464787483215332,0
Q7XP01:Q7X9A8,0.04084399342536926,0
Q69TF4:Q7XDY9,0.0016834944253787398,0
Q2QMH2:Q5N8J3,0.002782988827675581,0
Q6Z2J1:Q6AV21,0.004594826605170965,0
Q6ZCX3:Q8RYM9,0.0029689304064959288,0
A0A0P0VG31:Q10NB9,0.0053094192408025265,0
Q67WM9:B7F6L8,0.0814734473824501,0
B9FCV3:Q10NY2,0.004135347902774811,0
P0C579:Q7XSZ4,0.0021690174471586943,0
Q5Z9J0:Q8H594,0.1795928031206131,0
A3AJ77:Q0JJS8,0.04109175130724907,0
Q688S6:Q10Q65,0.012075027450919151,0
B9FS33:Q67X40,0.002461955649778247,0
Q0JKD0:Q6K8D9,0.019780805334448814,0
Q84PB6:O64937,0.09269969910383224,0
Q84QA7:Q0JDC6,0.0020476102363318205,0
O04138:Q8LQ36,0.01003487128764391,0
P0C401:Q53PC6,0.01778070256114006,0
Q9LGU7:P49027,0.052183497697114944,0
Q6Z2T8:Q6ESR4,0.36496636271476746,0
Q69IL4:Q7X8Z8,0.006410129368305206,0
Q6Z2J3:Q7X6B6,0.004624887369573116,0
A4PBL4:Q5W7C1,0.0010060868225991726,0
Q7XI96:Q75GT2,0.0028297717217355967,0
A0A0P0WFC8:Q2HWG0,0.0019710026681423187,0
Q6YZM6:Q8RYM9,0.0023609634954482317,0
Q5W6L9:Q6YZB2,0.0013291480718180537,0
Q0J7T6:Q6AWY7,0.0028828231152147055,0
B7F6L8:Q6ZFU6,0.003028418403118849,0
P49397:Q7XKU5,0.003149694297462702,0
Q5KQH7:Q7X8D4,0.01052261982113123,0
Q7XUU0:Q0DKF0,0.0009308284497819841,0
Q75IV7:Q6ZC03,0.01860463060438633,0
B9G125:Q6I5Y0,0.007937024347484112,0
Q0E0C6:Q0JAD9,0.004515304695814848,0
Q0D8N0:Q6YVX4,0.13034294545650482,0
Q10B67:Q7XGS4,0.0012464193860068917,0
Q5N8G1:Q851S2,0.012860916554927826,0
Q8LMR3:Q6ZL94,0.009155670180916786,0
Q7XP65:Q8W0W3,0.0028319188859313726,0
Q0JE32:Q10PP8,0.062399234622716904,0
Q9AS75:P49199,0.004471928812563419,0
A0A0P0XII1:Q6Z2T6,0.03890933841466904,0
Q53MH8:Q9LDU0,0.026210693642497063,0
Q7X7H9:Q5Z922,0.0011489089811220765,0
Q8H384:Q10PZ6,0.0012235360918566585,0
Q0JGI1:Q764B9,0.001676637097261846,0
Q94DE2:Q6H874,0.009695888496935368,0
Q6Z2T9:Q65WX1,0.0014953857753425837,0
Q8LNI5:P20907,0.04622942954301834,0
Q7EXZ2:Q84P73,0.1708984524011612,0
Q0IQB6:B9FAF3,0.39172059297561646,0
B9G193:Q6Z6L1,0.004355612676590681,0
Q7XSK0:Q6Z4A7,0.013131529092788696,0
Q5JL96:Q9LL45,0.03579765185713768,0
Q5VS72:Q9AR88,0.00122674775775522,0
Q0JPT4:Q7XQ12,0.0024256007745862007,0
C7J4U3:Q10RX7,0.05197397619485855,0
B9EUM5:Q0DKF1,0.019900282844901085,0
Q6L5E5:C7J0P3,0.0023346743546426296,0
Q8H6G8:Q84T78,0.01314671989530325,0
Q5ZA21:Q6K972,0.01172470860183239,0
Q656A5:Q658H5,0.0036463667638599873,0
P0C133:Q7XKU5,0.0026954831555485725,0
Q9AWS7:Q0JHU7,0.23387061059474945,0
Q94FT8:Q9LWU9,0.0033640984911471605,0
Q6ZIQ1:Q2RAP3,0.007519319653511047,0
Q5VN46:P0C579,0.035377971827983856,0
Q0DJ45:Q53QK0,0.0014071479672566056,0
Q69K55:Q6Z6K4,0.015420488081872463,0
Q7G4P2:Q6ZJU3,0.003457227721810341,0
Q84S18:Q0J0G2,0.050145771354436874,0
Q9AV81:Q7X8P2,0.9601999521255493,0
Q53P09:Q10R54,0.0007728665368631482,0
Q655S1:Q8S6P9,0.004586248192936182,0
Q948T6:Q69RJ0,0.025358809158205986,0
Q7XDH8:Q94LR4,0.0016969715943560004,0
Q0DWH7:Q2R2W1,0.006636957172304392,0
Q0D9J1:Q0J8G4,0.13177841901779175,0
Q6YVJ0:Q5NBI2,0.003833134425804019,0
Q6Z965:Q8GU85,0.06927420943975449,0
A4PBL4:Q69XQ3,0.11931035667657852,0
Q7XSA2:P0C467,0.0024450586643069983,0
Q7XKS9:Q75HC2,0.0021278688218444586,0
Q5Z6G5:Q75LR7,0.19048148393630981,0
Q67X31:Q0JHP8,0.09843212366104126,0
F1SZ44:Q9LRI7,0.02177363820374012,0
Q0D7E4:P93844,0.008513598702847958,0
Q6YSA9:Q6ATR0,0.0011540220584720373,0
Q7XPM8:P0C5D1,0.003282584948465228,0
Q339D2:Q10MI0,0.000978272408246994,0
Q10MW3:Q7XSB2,0.05574604868888855,0
Q0JMH0:Q2R2Z4,0.007798595819622278,0
Q2QNK7:Q94DT9,0.000826579169370234,0
W0RYD3:Q2RA93,0.004631344694644213,0
Q10KY3:Q942F3,0.006109402980655432,0
P0C291:E5RQA1,0.005614757537841797,0
Q0JMH0:Q2RBJ2,0.16075299680233002,0
Q653S3:Q69TI0,0.017028866335749626,0
Q0D9J1:Q9FRG8,0.0011612502858042717,0
Q6Z7L3:Q6ATB2,0.008475327864289284,0
Q0JIC2:Q5N855,0.0016416615108028054,0
Q8LMR9:Q5Z6A4,0.126211479306221,0
Q67UK2:Q84S18,0.002678036456927657,0
Q5W659:Q75WU1,0.006266012787818909,0
Q852L2:Q0INM3,0.038019225001335144,0
Q6Z6W2:Q7Y0V9,0.08283808082342148,0
Q7F4F8:Q10T43,0.020915908738970757,0
Q9ZST1:Q5NTH3,0.11590800434350967,0
Q10MC0:Q8S2G0,0.24922409653663635,0
Q0DKW8:Q9FWV6,0.01510212104767561,0
Q2R2B4:A3C4N5,0.7332502007484436,0
Q5VNU3:E5RQA1,0.003025627927854657,0
Q7XC51:Q7XV13,0.010994210839271545,0
Q84P99:P0DH88,0.23051142692565918,0
Q5N749:Q852M4,0.001451754942536354,0
Q69NP0:Q6YYX9,0.0035411305725574493,0
Q5QNI1:Q67UF5,0.012973149307072163,0
Q2RB94:Q84P60,0.3145177364349365,0
Q0JG75:A3BUD2,0.004515716340392828,0
Q0D3J9:Q8GT95,0.0018428898183628917,0
A3BUD2:Q10HL3,0.00564561365172267,0
Q69XV9:B9EUM5,0.0011218083091080189,0
Q6PS57:Q8H7U1,0.03191148117184639,0
Q84J54:Q336P2,0.13785330951213837,0
Q5W7C3:Q6YWF1,0.0008996692486107349,0
Q10KF0:Q10RB4,0.011160135269165039,0
Q6Z234:Q8LQ74,0.0017547201132401824,0
Q5JL08:Q6Z746,0.030217856168746948,0
A3ABE1:Q5N8Q3,0.003020629985257983,0
Q6ZCF0:Q5N941,0.02447877824306488,0
Q7XEK4:Q2QN30,0.014710910618305206,0
Q84PB2:Q6ZLA3,0.004211972001940012,0
Q2QXL0:Q7XZZ3,0.013173619285225868,0
Q7X923:Q0JD42,0.07300465553998947,0
Q8LN25:Q6ZHE5,0.001511047245003283,0
Q69JZ7:B9EUM5,0.0046607027761638165,0
Q60DY1:Q75K32,0.002892126329243183,0
P17048:P12085,0.00107523612678051,0
Q5VP70:Q6K833,0.012595660984516144,0
Q6YZA6:Q6Z2K1,0.000811342557426542,0
P37834:A3BDI8,0.01190123613923788,0
Q2QQR2:Q6ZJJ0,0.0071099488995969296,0
Q8S3Q9:Q6YZB2,0.0008108489564619958,0
Q5N897:Q6Z9R8,0.3171916902065277,0
Q8S3R2:Q10MB4,0.07710063457489014,0
Q2RAP3:Q8S0G4,0.017287790775299072,0
Q84M85:P0DKK8,0.010634791105985641,0
Q2R075:P0C301,0.024761447682976723,0
O04986:Q0DAE4,0.003237210912629962,0
Q941V3:P12194,0.019501911476254463,0
Q7XV13:Q75LX7,0.0063399337232112885,0
Q10Q78:Q10S82,0.0011041511315852404,0
Q7XSQ9:Q10RI7,0.0034659982193261385,0
Q42972:Q5VRM0,0.01984461583197117,0
Q69T30:Q5ZAY9,0.01303817331790924,0
B9F6Z0:Q84P96,0.0023623649030923843,0
Q6K4V3:Q9XEA8,0.0015912511153146625,0
Q7XZZ1:Q7XHL3,0.031452346593141556,0
Q6Z234:A1A696,0.00655381241813302,0
Q10R47:Q94LP4,0.0019432377303019166,0
Q10KF5:Q5NA06,0.004738574847579002,0
P46801:Q4PNY1,0.001226738910190761,0
P56724:Q2HWG4,0.0014142313739284873,0
Q5TKP8:Q9ZTP5,0.4993074834346771,0
Q75H81:Q84UL5,0.0035919100046157837,0
Q8RZ35:Q6I587,0.05804897099733353,0
O48653:Q6ZGU9,0.0009615311282686889,0
Q0JDK9:Q0JA81,0.002069650450721383,0
A3AZW5:Q8LNI5,0.033933717757463455,0
Q7Y0V7:O82117,0.054898519068956375,0
Q5VNJ0:Q84YK8,0.13969051837921143,0
Q338B9:P27939,0.023146795108914375,0
Q7Y0W5:Q9SSX0,0.0037578665651381016,0
Q6Z715:Q67UL3,0.002736695809289813,0
Q0J7T6:Q9ZST0,0.005782022140920162,0
Q7XP52:Q6AV18,0.043557412922382355,0
Q10Q78:Q10L32,0.0007731887744739652,0
Q7XPJ0:Q0JHU5,0.038818784058094025,0
Q6ZCC4:Q339M6,0.005627901758998632,0
Q0D4T4:Q10D80,0.35427433252334595,0
Q942P9:Q0J9Y2,0.0031459860038012266,0
Q7F7I7:Q6ZIQ1,0.5006037354469299,0
P12173:Q8LIF2,0.0008344536763615906,0
Q7XHX9:Q69JW2,0.08222448825836182,0
Q0DZ85:P0DO27,0.0007021810743026435,0
Q10D00:Q53JY8,0.040858544409275055,0
Q60E34:Q2QNE3,0.002335409400984645,0
B9F1C0:C7J3A2,0.0012220159405842423,0
Q2QQX6:Q7EZ57,0.0983356386423111,0
Q0DGS1:Q5QNA6,0.0070474459789693356,0
Q10LF7:Q6ET36,0.005823110695928335,0
Q6H874:Q7XRU4,0.008162125013768673,0
Q68Y52:Q40665,0.04859510064125061,0
Q7XYS3:Q6AWY4,0.0017149714985862374,0
Q10DV7:Q8H7U1,0.6000496745109558,0
Q7XU38:Q40682,0.007755534257739782,0
Q8S2E5:Q0DXZ1,0.0017792899161577225,0
Q6AWY7:Q9XEA8,0.0010707265464589,0
Q10SM7:Q0E0A6,0.001592889311723411,0
Q10B98:P35687,0.08817099779844284,0
Q0JKI9:Q9FTZ2,0.004016207065433264,0
Q6ZLC4:Q5JN63,0.0025132782757282257,0
Q84P79:Q943W1,0.022500140592455864,0
Q7XV05:Q6K990,0.00983363389968872,0
Q8GVY2:Q6YZ49,0.2821895480155945,0
Q5NAW2:Q7XUG1,0.007745814509689808,0
Q6ZLA7:P0C5C6,0.0014876018976792693,0
Q40702:Q6ZIB9,0.0008108605979941785,0
Q0D840:Q7XHR2,0.015208931639790535,0
Q10L32:Q0INT0,0.05556013062596321,0
Q65XV8:Q6Z3Y6,0.003725235117599368,0
Q6K678:Q7XUC5,0.002487150952219963,0
Q69T31:Q6Z9D2,0.008567512035369873,0
Q0E3F8:Q5JMF2,0.0012170812115073204,0
Q6YYX9:Q7XIZ1,0.002923806896433234,0
Q7Y180:P35681,0.1690850555896759,0
Q2R374:Q2QM77,0.15122240781784058,0
Q6ATB2:Q5VRH4,0.05267484858632088,0
Q75LV5:B9GAG9,0.1896604746580124,0
Q6H7M3:Q0J0H4,0.23811793327331543,0
Q7XN53:Q6Z808,0.029153550043702126,0
Q10CE4:Q0ILQ6,0.006772603373974562,0
Q5VRI5:B9FHF3,0.008914738893508911,0
Q0DK16:Q0J8M2,0.0051594944670796394,0
Q8RU33:Q5W736,0.13327324390411377,0
Q6AT33:Q0DYK7,0.0179282333701849,0
Q75IQ4:Q7Y0Y8,0.06696534901857376,0
O04433:Q69UE6,0.0049001905135810375,0
Q6ZFZ4:Q6Z4K6,0.0009075677371583879,0
Q5VQL3:Q6L5F5,0.006583075504750013,0
Q6L5B5:Q7XDZ7,0.0029448815621435642,0
Q75L11:Q6K332,0.00671803904697299,0
Q6Z310:Q0JBP5,0.2876826226711273,0
Q7XAQ6:Q6EPZ2,0.07289063185453415,0
Q2QLY5:Q75LL6,0.019930535927414894,0
P93844:Q7XW27,0.01158773060888052,0
Q6YX89:Q7XEK4,0.0029904088005423546,0
Q6PS57:Q0DUR2,0.011432741768658161,0
Q5KQN0:B9EXZ6,0.04265462979674339,0
Q7F9I1:Q2QYR5,0.11480928957462311,0
Q6AVK1:Q69QB8,0.003792591392993927,0
Q652J4:Q7XMJ2,0.0014552396023645997,0
Q7XDY9:Q6H7U5,0.06196437031030655,0
Q3HRP5:Q8W3F9,0.006569113582372665,0
Q0DHB7:Q84PB2,0.027655376121401787,0
Q7Y0E8:Q6K678,0.055041778832674026,0
Q3HRP5:Q10JI3,0.0021000783890485764,0
Q2QQ99:Q2R0D4,0.0010952316224575043,0
Q2QMX9:Q67UP9,0.003864619182422757,0
Q10MC0:Q852L0,0.023289958015084267,0
Q5Z8V7:Q6K9C1,0.0011813306482508779,0
Q67WJ2:Q338C0,0.02927124872803688,0
Q10E64:Q0DJY3,0.002219820162281394,0
Q75M01:Q5N870,0.0037464722990989685,0
Q8LQ68:Q5Z974,0.025118911638855934,0
Q6K4T4:Q0J8A4,0.23636503517627716,0
Q9LD07:B9G4M9,0.08085872232913971,0
Q7X996:Q69RI8,0.001809952431358397,0
Q5ZC86:Q6I5B2,0.001823457540012896,0
Q0IP28:Q9AS36,0.005125054158270359,0
Q6VMN7:Q75GK0,0.003862891113385558,0
Q339M6:Q10SM2,0.0007703587762080133,0
Q7Y1Z1:Q7XPL2,0.03326856717467308,0
Q8GSQ1:Q2QNG7,0.005706788972020149,0
Q10KF0:Q0J6N4,0.005485984962433577,0
Q6AVD0:Q0JMR0,0.01238912995904684,0
Q10M50:Q0D3S3,0.005358154885470867,0
Q0D9C4:Q7XI40,0.21105042099952698,0
Q69UI8:Q8LNI5,0.07225826382637024,0
Q69WI0:Q10QW3,0.03284129127860069,0
Q5Z676:Q6Z4G8,0.004423456732183695,0
Q0IQN6:Q0J185,0.008823632262647152,0
Q84SC3:Q5N855,0.001062663272023201,0
Q84P97:Q0E342,0.0022802837193012238,0
P0DKK6:Q0DFC9,0.29836025834083557,0
Q0D3N0:Q65XV7,0.22939538955688477,0
Q69XJ0:P0C464,0.0039331852458417416,0
Q2R482:Q2QYL8,0.34267717599868774,0
Q8H7U1:Q67X79,0.49596816301345825,0
Q53WK1:Q0JH50,0.007663048803806305,0
Q5VMP0:Q75IC7,0.001596603891812265,0
P93438:P0C1U5,0.009859363548457623,0
Q7XSR9:Q7XMK3,0.01981939747929573,0
Q0JL46:Q75HJ4,0.043380118906497955,0
Q53NI2:Q67U94,0.0032568355090916157,0
Q6L534:Q9ZTS1,0.017464354634284973,0
Q6L5F7:Q0JEF7,0.0045038494281470776,0
Q6YZZ6:Q0DBF4,0.038440313190221786,0
Q6ATG6:Q6Z5P2,0.005717139691114426,0
Q0JKT4:Q6UTZ2,0.09411673992872238,0
Q8LNV6:Q75HV0,0.0015646390384063125,0
Q852A1:Q6ZCZ2,0.055120326578617096,0
Q60EC2:Q944S9,0.0024610802065581083,0
P60137:Q0JEF7,0.06298405677080154,0
Q0DKE8:Q5JK68,0.031025653705000877,0
Q6YXY2:P12203,0.0026778134051710367,0
P0C497:Q84TV4,0.016256218776106834,0
Q84Q83:Q94LG1,0.004535601940006018,0
Q7XPZ4:Q0DM48,0.014658532105386257,0
Q6K3R9:Q75J39,0.003409570548683405,0
Q5ZDJ6:Q0J3L4,0.003419727087020874,0
Q84P99:Q9XJ60,0.03450746834278107,0
Q6K4V2:Q53Q32,0.000959792931098491,0
Q7G737:A0A0P0XII1,0.018822217360138893,0
Q8LI30:Q8S625,0.004498868715018034,0
Q6K5X1:Q7F613,0.00189300999045372,0
Q2QY53:Q652Q0,0.004858802538365126,0
Q9LIW7:Q8H8C7,0.005664096679538488,0
Q10Q46:P40392,0.017097607254981995,0
Q67VC8:P12153,0.21117912232875824,0
P07730:Q6L4L4,0.02382359467446804,0
Q9AR88:Q6K8S5,0.00784581433981657,0
A3ABE1:Q0JKK6,0.019599977880716324,0
Q2RBJ2:Q84UR0,0.004290873650461435,0
Q8GU88:Q69T94,0.043535955250263214,0
Q6QHD1:Q6Z1Y6,0.001384979928843677,0
P49216:Q0E3M2,0.0015443923184648156,0
Q7XU27:Q0E0Y3,0.0019332722295075655,0
Q5W6L9:Q0J1C1,0.0033335015177726746,0
Q6ZIU9:B9FU45,0.1631932258605957,0
Q0DG05:A3C053,0.0008640843443572521,0
Q10SR3:Q0J7N5,0.2696642279624939,0
Q0DXS3:Q2HWG4,0.012760370038449764,0
Q10KN8:Q5NAT8,0.003814961761236191,0
Q0D4B2:O24174,0.00855241995304823,0
Q0JPA6:Q84MP7,0.06926357746124268,0
Q7XPK7:Q8H2P8,0.017248008400201797,0
Q84ZA1:Q8LQQ2,0.003778967773541808,0
Q53KS9:Q0J0N4,0.002539843786507845,0
Q2QUS0:Q8GSL4,0.00824281107634306,0
Q9AUV6:Q6ZIB5,0.0031892620027065277,0
Q688R3:Q942X4,0.0025317752733826637,0
Q10RB4:Q6YUB8,0.002822793321684003,0
Q6K3B1:Q58G87,0.719684898853302,0
Q84KJ7:I6PL68,0.000962426362093538,0
Q6K4T4:Q8VWG4,0.0065624709241092205,0
P0C541:Q8H0B2,0.026289982721209526,0
Q7XMI0:P93771,0.028298888355493546,0
Q69VD9:Q10D80,0.020931465551257133,0
Q84LK7:Q10QA5,0.0038441696669906378,0
Q0J185:Q0J998,0.08473902195692062,0
Q84PD6:Q7XDY9,0.058845676481723785,0
Q8S9S4:Q7XLR1,0.008767622523009777,0
Q84T92:Q0JGZ6,0.09538612514734268,0
Q7XWU3:Q2KNB9,0.13275860249996185,0
Q2QM59:Q5N863,0.0016779808793216944,0
Q7XTY9:Q7XC51,0.004187555052340031,0
Q6Z382:Q653P0,0.0026307888329029083,0
Q6ATB4:Q7XQN1,0.020454078912734985,0
Q6Z2T8:Q69QB8,0.0053388201631605625,0
Q5KQI4:Q0J952,0.05285230278968811,0
Q6Z348:Q0DKE8,0.008573370054364204,0
Q0JIC2:Q84MQ9,0.0239308662712574,0
Q6AVI8:P0DH89,0.0036722116637974977,0
Q7XLR1:Q7EZT1,0.0024120998568832874,0
Q2R0Q1:Q6ZFU6,0.0582093670964241,0
Q0E3I9:Q69TB1,0.005088167730718851,0
Q69S43:Q0D9V6,0.003341552335768938,0
Q67UX7:Q75GE8,0.03296542167663574,0
Q6EUH7:Q10M74,0.01065089087933302,0
Q0JBY9:Q6K2E8,0.14039361476898193,0
Q10S55:Q84PC4,0.11743926256895065,0
Q7X993:Q0DIV0,0.007988501340150833,0
Q10M74:A9UGV6,0.0024477762635797262,0
Q10SM2:Q0J6N4,0.004029720555990934,0
P18566:Q7XIW5,0.01698075793683529,0
Q8S2G4:Q40637,0.0015240451321005821,0
Q10LJ2:Q6H612,0.1857314556837082,0
Q0JD14:Q6K8S3,0.390796422958374,0
Q67J19:Q7XR02,0.036671802401542664,0
Q6K9C1:A2PZN8,0.0011740762274712324,0
A3BMN9:Q2R2B4,0.185967817902565,0
C7J4U3:A1YTM8,0.026454983279109,0
Q7XR80:Q5N808,0.0022279524710029364,0
Q94JI5:Q5Z8S0,0.0019481139024719596,0
Q6EP58:Q65WW7,0.0009626418468542397,0
Q10BA8:Q9FTZ2,0.01204869244247675,0
Q6ATW6:Q0JDK9,0.0012289161095395684,0
Q7XBY6:Q7XKK6,0.06296540796756744,0
Q6Z0Q9:Q0J290,0.01026048231869936,0
O81277:Q69XM7,0.0019300038693472743,0
Q0E0P0:Q5SMI4,0.021637264639139175,0
Q6Z2L1:Q2R075,0.00359769887290895,0
Q5SMU7:B6F107,0.420854389667511,0
Q53P85:Q2R3B4,0.010473653674125671,0
Q6EU14:Q9SNQ2,0.4960575997829437,0
Q6AU80:Q7XM13,0.0009120699251070619,0
Q8H0B6:P0C0L0,0.0361299104988575,0
Q2QXY3:Q5ZAY9,0.0015194971347227693,0
Q0IUB5:P0C440,0.008347024209797382,0
Q5VNU3:Q94LW4,0.0034609425347298384,0
Q7XZG6:Q64MA1,0.000769475765991956,0
Q7XUN2:Q5Z676,0.020873388275504112,0
Q7XTQ5:Q6K833,0.0045255012810230255,0
Q6ZKC0:P45960,0.5601856112480164,0
Q6Z4G7:Q6Z345,0.001949709840118885,0
B9FTR1:Q0JKD0,0.007963449694216251,0
Q7XQ12:Q6ZFU6,0.0022954822052270174,0
Q6L5E5:Q6Z0D2,0.2848220467567444,0
Q8GVZ8:Q9ARZ9,0.644776463508606,0
Q0JNI9:Q84TB6,0.005543817766010761,0
Q69Q47:Q0D3J9,0.08455890417098999,0
Q0PVB3:Q6H7E4,0.009158519096672535,0
Q6ZJ08:Q0INY7,0.34023377299308777,0
Q52QH4:Q6YTY3,0.18535929918289185,0
Q84UT5:Q75HB1,0.003486351342871785,0
Q2QQA3:Q6K1C4,0.001343534211628139,0
Q4PR49:Q0J8J8,0.034595880657434464,0
Q8VXB1:Q689G6,0.0007539218058809638,0
Q65XA0:Q2QNM3,0.005546856205910444,0
Q10EF2:Q7XPW5,0.06622585654258728,0
Q6YYB0:Q0JMY8,0.04616861417889595,0
Q84MQ9:Q02897,0.008886205963790417,0
Q7XM16:Q5NBI2,0.01620744727551937,0
Q6K762:Q0DIQ5,0.0014489673776552081,0
Q5Z6X0:Q69S43,0.19997477531433105,0
Q2RBG8:Q0IQF7,0.0018414268270134926,0
Q0IMS9:A3BYC1,0.005329820793122053,0
Q6Z401:Q6K9T0,0.0015223672380670905,0
Q2R4Z8:Q7XD99,0.00400567939504981,0
Q942N7:Q5N7A3,0.017614781856536865,0
Q6EU39:Q5WMW5,0.002232849830761552,0
Q5VMP0:P0C2Z0,0.001483496860601008,0
Q60DY1:Q658I5,0.0018551746616140008,0
Q42993:Q5W676,0.0024618892930448055,0
Q69QB8:Q5NAY4,0.001697816769592464,0
Q6YZF3:Q69NX5,0.0015426481841132045,0
Q94EC4:Q7EYP9,0.0034310028422623873,0
Q6YV23:Q5VQK9,0.009169857017695904,0
Q0J0N4:Q0E4Q5,0.12069181352853775,0
Q651J5:Q6YTQ4,0.0013094600290060043,0
A3AGM4:Q6AU07,0.4742431640625,0
Q2QUN2:Q7XUR2,0.029830316081643105,0
Q336M7:Q2R8L1,0.0017019329825416207,0
Q942X8:Q60DX1,0.005219179205596447,0
Q0E3X4:Q6K7E6,0.2358797788619995,0
Q7XXN4:Q5Z980,0.004069450777024031,0
Q10M41:Q6L5B1,0.061229582875967026,0
Q5NBT9:Q6Z5I0,0.00292659061960876,0
Q5N8Q3:Q69T21,0.006713833659887314,0
Q7XKI5:Q08479,0.00634950352832675,0
Q7XC54:Q5Z5I4,0.20258426666259766,0
Q6AU80:P0C337,0.007271690759807825,0
Q7XPE8:Q7X8R5,0.307983934879303,0
Q5W6F1:Q84KJ7,0.009658630937337875,0
Q6ZJS7:B9G3M6,0.003600065130740404,0
Q338N2:Q0JBF0,0.01612790860235691,0
Q5K4R0:A3BUD2,0.026410294696688652,0
Q761Z9:Q6YVX7,0.005317574832588434,0
Q60F23:Q40703,0.0047549172304570675,0
Q7XPW8:Q5NAY7,0.002730072010308504,0
Q8RZV7:Q6ZCR3,0.08927672356367111,0
Q2QQ99:Q69U54,0.002819332992658019,0
Q5Z974:Q67W50,0.004558324348181486,0
Q6F4F5:O80416,0.029720241203904152,0
Q7PC73:P0C467,0.0009203042718581855,0
Q5QMP3:Q9FNU2,0.0014315511798486114,0
Q0JDA2:Q7XSJ6,0.06493981927633286,0
B9FXT3:Q653H7,0.18576465547084808,0
Q6ZBZ2:Q6ASS2,0.000756804074626416,0
B9FKW9:Q6Z1D5,0.2129596322774887,0
Q0ILZ4:Q53PH2,0.04984017834067345,0
Q2R4Z4:Q68Y48,0.0701398104429245,0
Q2RBN7:Q7XQ88,0.04306137561798096,0
Q8S9Z2:Q6I581,0.028311802074313164,0
Q2R3A1:Q9LG41,0.057343512773513794,0
Q10MB4:Q2QT65,0.22021177411079407,0
Q5ZCL8:Q652Q0,0.0019681609701365232,0
Q6ZIX2:Q10C37,0.007318730931729078,0
Q8S1V1:Q5QLR2,0.003055359935387969,0
A3B9A0:Q8LMR9,0.6173019409179688,0
Q5WA76:Q6ZHE5,0.0018037784611806273,0
Q5VR07:Q7XAK4,0.0026809931732714176,0
Q6Z0I4:Q40680,0.2711396813392639,0
O65857:Q6AWY4,0.00548968743532896,0
Q6K990:Q94J16,0.22791528701782227,0
Q6ATS0:Q6YV88,0.004190810956060886,0
Q0J7P4:Q84MH1,0.005711591802537441,0
Q5Z8L1:Q6L4N4,0.1496199071407318,0
Q7XLR1:Q9SDD6,0.0019381422316655517,0
Q84YK7:Q10BU2,0.04069829359650612,0
Q5JJY5:Q6ZGY0,0.0012673757737502456,0
Q7XUJ2:Q84PA2,0.0018251043511554599,0
Q10MW3:Q6YZ54,0.04306148365139961,0
Q6ER21:Q652A8,0.0029372323770076036,0
Q7X8Z8:Q08480,0.19733072817325592,0
Q7G6Z5:B9FDB8,0.0032364444341510534,0
A9UGV7:Q7XQ83,0.006665788125246763,0
Q6YS30:P0C579,0.004203271120786667,0
Q0J290:Q93XI4,0.01213723886758089,0
Q5VQQ5:Q6BDZ9,0.003403587732464075,0
Q6Z829:Q70G58,0.25786489248275757,0
Q0E088:Q0D576,0.00442863954231143,0
Q8H6H4:A3AYR1,0.01563948392868042,0
Q6EPN8:Q8LKW0,0.000608964532148093,0
Q10Q47:Q8RYM9,0.03169798478484154,0
Q2KNB5:Q8S625,0.0033878653775900602,0
Q0D5B9:Q655X0,0.00384584441781044,0
Q10M00:Q7FAZ3,0.0008561078575439751,0
Q8H0B6:Q6H7M1,0.17188221216201782,0
Q53MD1:Q0JKD0,0.002145397011190653,0
B7EZJ7:Q8LH82,0.016108978539705276,0
Q6YUA8:Q6AT33,0.0013677278766408563,0
Q7G737:Q5ZCW1,0.002650565467774868,0
Q6YZE2:Q2QM96,0.0014011891325935721,0
Q84M85:Q5Z5Q3,0.0014687244547531009,0
Q6ZA06:Q6YXH5,0.0012766479048877954,0
Q10G40:Q2R3K5,0.002018851926550269,0
Q8L4E9:Q9XG81,0.0013612061738967896,0
Q0D9S3:Q7XVB3,0.0013510150602087379,0
Q5VNW0:Q67UI2,0.011394517496228218,0
Q69JW2:Q8LQ74,0.13616393506526947,0
Q7FAT5:P41095,0.00281690270639956,0
Q6AT12:Q948T6,0.21768228709697723,0
Q0JKI9:Q0JBP5,0.0070613655261695385,0
Q6ZHZ1:Q0D8N0,0.01183784194290638,0
Q2HWG4:P0C325,0.0023123559076339006,0
Q5VQ78:P0DO27,0.0027637144085019827,0
Q7F1X5:Q0JFI2,0.19417111575603485,0
Q0E0I1:Q6Z5J6,0.04456610605120659,0
Q2R0W8:Q5JKN2,0.025286603718996048,0
Q6K2E1:Q84P99,0.006676631513983011,0
Q10MJ1:Q5VQY3,0.0010735852411016822,0
Q6YXT7:A0A0P0V4R0,0.009244086220860481,0
P29421:Q2QZL4,0.061242710798978806,0
Q851L5:Q0J349,0.00412990665063262,0
Q0JG98:Q6I5B3,0.00646132230758667,0
Q2QM96:Q0D5G4,0.18736104667186737,0
Q851Y7:Q0D6V7,0.013311757706105709,0
Q2QNG7:Q75KV9,0.005283997859805822,0
Q6K8S0:Q8H3Q1,0.3420969545841217,0
Q7XVB3:Q10KN6,0.0009958648588508368,0
B6UV92:Q6H5L4,0.038873326033353806,0
Q40723:Q7GBF8,0.013330148532986641,0
Q6AV18:Q10B63,0.008077825419604778,0
Q6YX89:Q6ETN3,0.019885635003447533,0
Q2QNE8:Q10C73,0.004195557441562414,0
Q5W6H5:Q84LK7,0.0017417765920981765,0
Q32759:Q10SX7,0.0007974259788170457,0
Q6YW51:Q8GT06,0.001575395348481834,0
Q69LX2:Q3T5N4,0.015027175657451153,0
Q3HRP5:Q0J9X2,0.0016621015965938568,0
Q9FDX8:Q0IP69,0.009223532862961292,0
Q5TKG3:Q8S919,0.00910244882106781,0
Q7G8Y3:Q5VS45,0.002794079715386033,0
Q37066:Q42980,0.008681438863277435,0
Q0DUR2:Q9SMB1,0.0013950386783108115,0
Q5VQL3:Q84SL2,0.0015005561290308833,0
Q5Z7J0:Q6Z4T3,0.06301428377628326,0
Q7XR80:Q6L8F7,0.0024595458526164293,0
Q0DM51:Q0DKP4,0.2665599286556244,0
P27937:Q0DVX2,0.004910181742161512,0
Q6ZFW0:Q2QM77,0.0018150005489587784,0
B7E321:Q3HRP1,0.0016222179401665926,0
P0DO02:Q3HRP2,0.008528107777237892,0
Q0DST9:Q9SE42,0.09856326878070831,0
Q2QMH1:Q10JI3,0.09422636777162552,0
Q6H6N5:Q9LSU0,0.07574827969074249,0
Q5VNM3:Q5Z9J0,0.6448532342910767,0
Q42971:Q6ZBZ2,0.0316309817135334,0
Q69LX2:Q5VND6,0.015690293163061142,0
Q69JZ7:Q10N20,0.18195943534374237,0
Q5QM06:Q852A1,0.0007214779034256935,0
Q75HV0:Q851L6,0.0015441824216395617,0
Q2R9X2:Q7FAD5,0.022538507357239723,0
Q35322:Q2V0P1,0.07209552079439163,0
Q0DB53:A3C4H3,0.07702317088842392,0
Q84ZT0:Q8GVE1,0.024604415521025658,0
Q9LWU9:Q6K3E0,0.03727979585528374,0
Q8S1X9:P0DKK6,0.023371731862425804,0
B9FFD3:Q7XTB2,0.0029706009663641453,0
B9G8P1:Q6EUP4,0.4419634938240051,0
P0DO07:Q84P65,0.02724074199795723,0
Q653Z5:Q6S4P4,0.23159563541412354,0
Q6Z730:Q5QMP3,0.005939674563705921,0
Q6F6A2:A3A463,0.007664932403713465,0
Q6YZ49:Q75GT2,0.13207867741584778,0
Q7XUR3:Q10Q71,0.015320909209549427,0
Q6K6K7:Q56UD1,0.02077268436551094,0
Q7XHW4:B9F2Y7,0.09755881875753403,0
Q6K8Z4:Q5QMP3,0.00307389791123569,0
Q2QZ14:Q6K965,0.11810792982578278,0
P12180:Q9LGZ2,0.004467829596251249,0
Q0DHM7:B9FS74,0.002060952130705118,0
B9F058:Q5NAV3,0.004028964787721634,0
Q5VQL3:Q10KN6,0.0010813361732289195,0
Q6IVC3:Q10R47,0.08662522584199905,0
Q6ASW7:Q0E0H1,0.12508395314216614,0
P93771:Q6ATS0,0.005555167328566313,0
Q94I55:Q0DRV6,0.011745679192245007,0
Q944S9:Q67W29,0.005964556243270636,0
Q0JLS6:Q75LL6,0.006662553641945124,0
Q6YZA6:Q0J3D9,0.005642922595143318,0
Q10NQ9:Q0JG98,0.007599589414894581,0
Q67WQ7:Q94DH3,0.0013143433025106788,0
P0CH35:Q9SSX0,0.16023282706737518,0
Q60EN8:Q7X7L3,0.002600965788587928,0
Q7PC76:Q0E2Y1,0.0054499367251992226,0
Q6Z7L8:Q6EPG8,0.011967439204454422,0
Q2RAS0:Q75GA5,0.04477940872311592,0
Q9LGZ2:Q5SMU7,0.09048693627119064,0
Q69XL1:A3BLC3,0.0022091909777373075,0
Q852F6:Q0IUL4,0.00465476606041193,0
Q851S7:Q8RUV9,0.003116793930530548,0
Q0D5R2:Q6ZC03,0.000947900116443634,0
O04985:Q7XRX3,0.004223963711410761,0
Q6H4G3:Q5JLQ9,0.06047539785504341,0
Q5JLD8:Q8S628,0.023963740095496178,0
Q10PZ4:Q75M01,0.004406863823533058,0
B7FA90:P48494,0.014533604495227337,0
P0C413:Q2QLW3,0.02339390479028225,0
Q10R47:Q0E4A8,0.002072799252346158,0
Q0E3M2:Q2R224,0.0012999232858419418,0
Q2QPW1:Q8H7U1,0.03841552138328552,0
Q652Q0:Q84PD8,0.0010097665945068002,0
Q67X40:Q7Y1W9,0.0007262408616952598,0
Q0E0Q3:Q6Z4T5,0.002897158730775118,0
Q6AWX8:Q10LH0,0.0023531371261924505,0
Q6Z6L5:Q6K2E1,0.025612488389015198,0
Q0DAJ3:Q7XKV2,0.0024614196736365557,0
Q94DR2:Q5NTH4,0.22813081741333008,0
Q8LT07:Q652B0,0.20813719928264618,0
A3BT52:A9UGV6,0.0012470799265429378,0
Q84Q92:Q84TB3,0.006583509501069784,0
Q6ZHZ1:Q6YZX6,0.006029620300978422,0
P49030:Q10LI6,0.06569861620664597,0
Q67UI2:Q943E6,0.18365612626075745,0
Q851G4:Q7Y1Z1,0.0009621023200452328,0
Q7XR62:Q6K537,0.001184193417429924,0
Q84PD3:Q84P77,0.0017070475732907653,0
Q6L5I5:Q6KAJ8,0.01812877133488655,0
A3BKF2:Q6YXZ4,0.004296347498893738,0
Q6H7D2:Q0JJV0,0.0015045430045574903,0
Q942X4:Q5JN63,0.0017378836637362838,0
Q75IM9:P12330,0.6756543517112732,0
Q8S0S6:Q0J709,0.0045316144824028015,0
Q0D4T4:Q5Z8Q9,0.168902188539505,0
Q6AWY3:P35685,0.0029212699737399817,0
Q7XR51:Q7FAY6,0.013886654749512672,0
Q7Y1E6:Q7XPY2,0.02236025780439377,0
Q6ZH29:Q8S1Z1,0.001945576281286776,0
Q5NBQ0:Q8GVE1,0.08288874477148056,0
P25777:Q5QMT0,0.06277817487716675,0
Q6ZHJ5:P38419,0.029563093557953835,0
Q06398:Q6ZKF0,0.004331795033067465,0
Q84TV4:P0C5D6,0.013742205686867237,0
Q5Z5C9:Q7XR47,0.0014711114345118403,0
Q5Z8T3:Q0DIQ5,0.0014764991356059909,0
Q5JK90:Q6ZDQ1,0.011150816455483437,0
Q6F4N5:A3C5A7,0.020847216248512268,0
O23875:Q5NAT8,0.0014337043976411223,0
Q84MF1:Q0JL44,0.029171908274292946,0
Q2HWG4:Q6K3E0,0.0034325197339057922,0
Q6K7H2:Q6K508,0.00339122605510056,0
Q5Z678:Q10R47,0.0012624514056369662,0
Q851J8:Q2QUC5,0.05101386457681656,0
Q84TB6:Q5NBI2,0.4368812143802643,0
Q69QZ0:Q0D3D2,0.0038395083975046873,0
Q94LW4:Q6L4N4,0.04935453459620476,0
Q109G2:A0A0P0WY03,0.01474644523113966,0
Q6I581:Q336M2,0.009885314851999283,0
Q0D840:Q2QWT4,0.03351511061191559,0
Q7XBH4:Q67VP4,0.03697273135185242,0
Q4PR48:Q7XAP4,0.007163281086832285,0
Q2QN26:Q6ZCX3,0.016508692875504494,0
Q75LJ4:Q5VS72,0.002300035208463669,0
P12192:Q0E1D7,0.014687210321426392,0
Q7XTK3:Q8LQQ2,0.001261114259250462,0
Q10Q62:Q5ZE00,0.0018014897359535098,0
Q6EQX3:Q2QUN2,0.01502673514187336,0
Q84P58:A3AJ77,0.42847853899002075,0
Q0DM48:B9G9X3,0.0033773803152143955,0
Q6Z0D9:Q69K55,0.0013872404815629125,0
Q10MQ0:Q6ZBH9,0.0013706644531339407,0
Q7XIT1:Q9AUV6,0.02617659606039524,0
Q5VR89:Q84P95,0.003457761136814952,0
Q0J360:Q7X8P2,0.002216179622337222,0
Q6ZL57:Q0DHJ5,0.0050588189624249935,0
Q7XT97:Q94GM9,0.014834689907729626,0
Q84PB7:Q67UK2,0.06405877321958542,0
Q84ZC0:Q6K5G8,0.07106821984052658,0
P12331:Q6EU94,0.058877091854810715,0
Q84J63:Q655G7,0.001095777377486229,0
Q9LG86:Q5Z5C9,0.024971159175038338,0
Q6H7U5:Q65WY8,0.17376010119915009,0
P0C389:P29835,0.008653941564261913,0
Q2QQJ5:Q6Z2T9,0.048415880650281906,0
Q5VRL3:Q7XX84,0.002079303376376629,0
Q336P2:Q6ET36,0.00428729085251689,0
Q0DJ99:Q5Z9E2,0.006995491683483124,0
Q5N7W3:Q6ATS0,0.007327516563236713,0
P37890:Q942P9,0.016763532534241676,0
Q6AT32:Q6EU14,0.0027785301208496094,0
Q6Z9C3:Q6ZIQ1,0.07921811193227768,0
Q10SX7:Q851W4,0.013159843161702156,0
Q7X7H4:Q5QN75,0.4673997461795807,0
Q6YWQ4:A3CAL5,0.0035302345640957355,0
Q6ZAG3:Q84S11,0.01112364698201418,0
Q8H384:O82427,0.06063034012913704,0
P0C497:Q336T5,0.03276585042476654,0
Q0JF48:Q0JLS6,0.007630327250808477,0
Q7XN11:Q9FRG8,0.0017434429610148072,0
Q7XXR8:D5A7J3,0.0010478416224941611,0
P0C485:Q0JA75,0.0028292748611420393,0
Q6AUK6:P25765,0.016394762322306633,0
Q8H569:Q8S1V1,0.0020389750134199858,0
Q0E3L5:Q0JBP5,0.015018670819699764,0
Q851J9:Q75G87,0.001028635771945119,0
Q8LM92:Q42982,0.4509928822517395,0
Q6AU07:Q651Z7,0.21129150688648224,0
Q7Y1Z1:Q9AS75,0.002924723085016012,0
Q67WJ2:Q2R374,0.0527024082839489,0
Q40704:Q67TP9,0.08308879286050797,0
Q8H329:Q7XGM6,0.0007519274367950857,0
Q8H5F8:Q5JNB5,0.006990102119743824,0
Q6ERS0:A3BLC3,0.02296961471438408,0
Q6Z7B0:Q6ZKB2,0.05088851973414421,0
Q84PC8:Q7FAY6,0.006492316722869873,0
Q6ESF0:Q9ARX2,0.002051846357062459,0
Q0IQU1:Q8SAY0,0.001333711901679635,0
Q5VMQ5:P0C5D1,0.0018895879620686173,0
Q6ZD89:Q0JJD4,0.036678463220596313,0
Q0D6V7:Q10D34,0.009218001738190651,0
Q943E9:Q10Q08,0.15702517330646515,0
Q2QZ14:Q0D673,0.0016144823748618364,0
Q2QM69:Q941W1,0.002188635291531682,0
Q6AWY6:Q109L7,0.0020090562757104635,0
Q2QX40:Q69XM6,0.01593772880733013,0
Q67VL7:Q852K5,0.007683323230594397,0
Q2QR54:Q5NAI7,0.011464080773293972,0
Q6F358:Q5Z8P2,0.006067314185202122,0
Q60EY8:Q84MN7,0.05018727853894234,0
Q10CQ8:Q10G40,0.001527821528725326,0
Q6ZL42:Q0J6P7,0.07091647386550903,0
Q94EE4:Q93VB5,0.0011998069239780307,0
P55142:Q7XKU5,0.009880985133349895,0
A3BV82:Q10RP0,0.1658165603876114,0
Q84YK8:Q5JK39,0.19291023910045624,0
Q10P01:Q67UK9,0.009558155201375484,0
B9G3M6:Q84MN0,0.11145832389593124,0
Q5MBR3:Q69XV0,0.002396427094936371,0
Q84Q72:Q6Z6M4,0.016246546059846878,0
Q75GT3:P93407,0.14776860177516937,0
Q75HE6:Q9FVZ9,0.018873460590839386,0
Q339K6:Q9SMB1,0.01021366473287344,0
Q2QPW1:Q69R21,0.11931262165307999,0
Q6K3T2:Q69JW2,0.005527475383132696,0
Q652Q8:Q67UX6,0.00336352433077991,0
Q7XI73:O81263,0.003067031968384981,0
Q9FWU1:Q6ZDE3,0.0017847762210294604,0
Q0DEV5:Q0DKF1,0.12304859608411789,0
Q94DH3:Q5Z980,0.0009506740607321262,0
Q2QXR8:Q2R4J4,0.06385831534862518,0
Q9AV50:Q9LD07,0.014854845590889454,0
Q7XUT9:Q0JA75,0.007751135621219873,0
Q4PR41:Q0JG75,0.0032279230654239655,0
Q6Z0I4:Q6AT12,0.06940183788537979,0
P48600:Q02897,0.008285601623356342,0
Q0JP99:Q6ZBF6,0.008933677338063717,0
Q40702:Q2QXJ0,0.0031985968817025423,0
Q6L5H6:Q7XM21,0.005302074830979109,0
Q6YVJ0:Q5QLS7,0.0011683760676532984,0
Q6K8S1:Q9LJ04,0.02772669307887554,0
Q5SND2:Q7XKK6,0.010509982705116272,0
Q7XM31:Q7XH05,0.0041700564324855804,0
Q10GM4:P17070,0.10079028457403183,0
Q8S1Z1:P38385,0.0029713341500610113,0
Q10LG8:Q7XR52,0.012570398859679699,0
Q6Z690:Q6K977,0.032113201916217804,0
Q5N6V0:Q8S6P9,0.007446129806339741,0
Q6L4D4:Q5NAT8,0.005123609211295843,0
Q7F0R1:Q9FNU2,0.005304562393575907,0
Q6Z6L4:Q8S985,0.004921769257634878,0
Q0JA29:Q7XMJ2,0.0015165398363023996,0
Q852K8:Q0JAW2,0.0007975318585522473,0
P17654:A3AYR1,0.011414906941354275,0
Q8LHA8:Q69KJ0,0.010326709598302841,0
Q6Z690:Q5VSB7,0.20842628180980682,0
Q10T43:Q75KP8,0.0024248945992439985,0
Q0DK78:Q0JMH0,0.005854386370629072,0
Q6K881:Q6EPQ3,0.005014350637793541,0
Q5SMY5:C0LT23,0.013039357028901577,0
Q2QMT7:Q10KN6,0.005369680002331734,0
Q10RE5:Q5Z8P0,0.0026670435909181833,0
Q10MK2:Q0JP62,0.00449355598539114,0
P46609:Q0IQN6,0.0028730283956974745,0
Q65XL5:Q654D9,0.0008859639056026936,0
O23875:Q5Z5I4,0.02583835832774639,0
Q10R17:Q6YZB2,0.0049164132215082645,0
Q69T21:Q6ATG6,0.006299117114394903,0
Q5Z8L1:C7J3A2,0.0011556395329535007,0
Q5Z8T8:Q6F6A2,0.028724227100610733,0
Q5JKN1:Q852K8,0.0009942427277565002,0
Q689G6:Q10A77,0.0038186211604624987,0
Q2TQ34:Q69XL1,0.02470206655561924,0
Q33E23:Q6I5C3,0.003868448780849576,0
B9G2X9:Q10Q08,0.5628553032875061,0
Q651U1:Q852Q0,0.07510711997747421,0
Q7XQ45:P0DKK2,0.0020047740545123816,0
Q6BDZ9:Q0D5G4,0.003233556868508458,0
Q2QYM3:P0C541,0.14737799763679504,0
Q84MS3:B1B534,0.0006976300501264632,0
Q5W7C1:Q6ZBF6,0.06855940073728561,0
Q67U69:Q0DUI8,0.19730135798454285,0
Q0IU52:Q0JCU7,0.03083227016031742,0
Q6H849:Q7F830,0.04984121397137642,0
Q9LSU0:P14578,0.010828228667378426,0
Q10PI5:Q6EU30,0.08207686245441437,0
Q8LIL0:Q2RBR1,0.006918426603078842,0
B7E321:Q6Z7W3,0.001172908814623952,0
Q75LV5:P0C361,0.24282006919384003,0
A3B6V0:Q7XXL2,0.0024023037403821945,0
Q7XTV7:Q336N8,0.006337874568998814,0
P14578:Q10G56,0.025942940264940262,0
Q6EPP9:Q6ZH94,0.0022875650320202112,0
O82117:Q7XVB3,0.000857310020364821,0
Q7XQ12:Q7XP01,0.0018096183193847537,0
Q5VRG3:Q6F2Z1,0.012994651682674885,0
Q8LIY0:Q84MN0,0.007870948873460293,0
Q7Y0C8:Q2QNC3,0.001187724294140935,0
Q69Y99:Q654B3,0.005880765616893768,0
Q75G68:Q653P0,0.005994331557303667,0
Q5JK39:Q7XIZ1,0.0062195598147809505,0
Q9FWT5:Q2QYE1,0.005131548270583153,0
Q0IV63:Q7XUS2,0.028471870347857475,0
Q6YW54:Q6H7J4,0.0009808577597141266,0
Q6ETL2:Q6EPZ2,0.004628833848983049,0
Q0J2L7:B9FGV7,0.0011194413527846336,0
Q2RB28:Q52RG7,0.0007836988079361618,0
Q2R073:A3A2Z8,0.0009647749247960746,0
B9FU45:Q6ATR0,0.23325471580028534,0
Q9XJ29:Q5ZBY9,0.00951368361711502,0
Q7XPR4:Q84VG1,0.003255411284044385,0
Q0JNS6:Q5W794,0.007029058877378702,0
Q0DSH9:Q6AT41,0.016316045075654984,0
Q0ILZ4:Q5Z9Z0,0.0025122056249529123,0
Q7XV13:Q8S2A7,0.23508918285369873,0
P0C133:Q6Z9R8,0.015247751958668232,0
Q6YU51:Q941Y8,0.27019593119621277,0
Q84UT5:Q69PS6,0.0013098263880237937,0
Q7XQR9:Q0JM76,0.02289913035929203,0
Q2QYS3:Q5JLM1,0.0011611556401476264,0
Q5VQK9:Q6ZH94,0.016525788232684135,0
B7E321:Q6ZJ48,0.0030353181064128876,0
Q69RC4:B9FSC8,0.005978841334581375,0
Q8RUN1:Q5VN19,0.010456832125782967,0
Q84PB0:Q10MR0,0.029533881694078445,0
Q2QP53:Q7XTF8,0.004026415757834911,0
A4KAG8:Q5N9A1,0.07782081514596939,0
Q76BW5:Q6ZJJ1,0.003409911645576358,0
Q8RUN1:Q37066,0.0020889497827738523,0
Q0JFH7:Q9ZRI7,0.026707226410508156,0
Q4JHE0:Q6H6N5,0.006732623558491468,0
Q67UX0:Q7XHV0,0.00652172788977623,0
Q5ZC83:Q2QWE3,0.002823357004672289,0
Q7XU29:P0DO09,0.0019445380894467235,0
Q0INZ4:Q84PB4,0.0046522230841219425,0
P17784:Q8RYM9,0.12089165300130844,0
Q2RAR6:Q0IQN5,0.005953479092568159,0
A3AGM4:Q6Z4T5,0.0032389522530138493,0
Q84Z01:Q0E4Q5,0.03783930093050003,0
B9FDT1:Q7XE50,0.020497983321547508,0
Q5VP70:Q6Z2L5,0.0027950203511863947,0
Q6YW50:Q0DAE4,0.008211788721382618,0
Q6ERS0:A1A698,0.010885507799685001,0
Q7XUV7:Q6YS30,0.00145942613016814,0
Q7XUV2:Q5SML5,0.001312911743298173,0
O24210:Q68Y49,0.006265172269195318,0
Q5QLR5:B7FA90,0.0008777374750934541,0
Q5ZC88:Q69TI0,0.005034095607697964,0
Q7XSQ7:Q6ET49,0.002648795722052455,0
Q75G84:Q2R483,0.00109796819742769,0
P0C130:Q0JJD4,0.0013732854276895523,0
Q6ZI50:Q0J8G8,0.0017344680381938815,0
Q65WY8:Q6ZAR0,0.012532547116279602,0
Q75HY5:B9FHF3,0.004240628331899643,0
Q6I5I8:Q7XC51,0.003660509129986167,0
Q7XCG7:P35687,0.002821033587679267,0
Q6ASW7:Q2R2W1,0.1775766909122467,0
Q53QK0:Q6YTF5,0.05489364266395569,0
O23810:Q0DGS1,0.0026861559599637985,0
Q94LP4:Q67J15,0.0020377621985971928,0
Q94LW0:Q2QPG9,0.02893856167793274,0
Q6K3T2:Q70G58,0.005716375540941954,0
A3A8Q4:Q5QN75,0.054479505866765976,0
Q0DLA3:A0A0P0WQ90,0.001739076222293079,0
Q10P67:P0DKH0,0.0017458433285355568,0
Q5QNA6:Q6Z541,0.0059429495595395565,0
Q0JMR0:Q852M2,0.23865623772144318,0
Q0DV28:Q7XVN7,0.08203214406967163,0
P12330:Q9FP13,0.10198216885328293,0
Q5Z5A8:Q651J5,0.0029324949719011784,0
Q75LR2:Q6K9N1,0.07475428283214569,0
