pair_id,pred_score,true_label
Q17TI5:Q9FLI3,0.34867605566978455,1
Q9LEZ3:Q9LN63,0.8675857782363892,1
P27900:Q9FN69,0.6026569604873657,1
Q9LXD8:Q9LQF0,0.9570989608764648,1
Q9M128:Q8LPR5,0.9339010119438171,1
Q0V7X4:F4I4E1,0.6853436827659607,1
O81323:Q8LPR5,0.9471185803413391,1
O04017:Q9FMX2,0.9500295519828796,1
Q8LPR5:Q9C7T4,0.9474812746047974,1
Q4PSE2:Q9FMX2,0.9465486407279968,1
Q9LTH4:Q8LPR5,0.9298576712608337,1
Q17TI5:Q9FYE2,0.011073467321693897,1
Q9LQF0:Q9MAI5,0.9462040066719055,1
P41151:P28147,0.12167897075414658,1
Q9LT23:Q9FE22,0.7656676173210144,1
Q8GXW1:A0A178VU28,0.10202673822641373,1
O49687:Q9LUA3,0.29732009768486023,1
Q94AG2:P46014,0.033660270273685455,1
P24100:O80513,0.39014139771461487,1
Q38824:Q38829,0.9646618962287903,1
Q9ZW21:O80920,0.9103440642356873,1
B3H7D8:A0A178VMH7,0.010438792407512665,1
Q8VWG7:Q8VWG7,0.9650607109069824,1
Q9FGJ3:Q9SMP0,0.9235883951187134,1
Q9M128:Q93Y00,0.8013559579849243,1
Q9S7M2:Q39204,0.8801854252815247,1
Q9FPW6:Q9FX77,0.3854570984840393,1
Q8LPR5:Q9SB92,0.9417585730552673,1
O48963:Q9SWI1,0.02076338604092598,1
Q38822:Q570C0,0.2944584786891937,1
Q9LXD8:Q94JL3,0.9328803420066833,1
O22152:Q9MAI5,0.8716117739677429,1
Q9LV27:Q05762,0.0882093608379364,1
Q17TI5:Q9SWI1,0.011685988865792751,1
Q4PSE2:Q8L925,0.7933874726295471,1
Q9FMX2:B3H7D8,0.08969667553901672,1
Q39024:A0A178UJ48,0.16680967807769775,1
Q9FMX2:Q9SB92,0.9406868815422058,1
Q9LYD3:Q9CAA4,0.6098809838294983,1
Q38824:O24410,0.9601417779922485,1
O48963:O48963,0.9537380337715149,1
Q9LST3:Q8VYD2,0.19225731492042542,1
Q38824:Q8RYC6,0.9541077017784119,1
O80575:Q9LZW4,0.09777529537677765,1
Q4PSE2:O50055,0.8697291612625122,1
Q9FPQ8:Q9SIW1,0.9129767417907715,1
Q9SK33:Q9LTF2,0.019915414974093437,1
O24410:O04336,0.8403520584106445,1
O22230:Q38840,0.3962780237197876,1
Q9LQF0:Q9S763,0.64951491355896,1
Q8GXW1:Q9LMA8,0.9206949472427368,1
Q9FFS3:Q9CA36,0.1426161378622055,1
Q9SB92:Q9LQF0,0.9421152472496033,1
Q9T0B9:Q9C690,0.220439150929451,1
Q9LT89:Q9LQZ5,0.9049887657165527,1
Q8LPR5:O80438,0.7311804294586182,1
Q94JM3:Q8L7G0,0.9679598808288574,1
O80513:P24100,0.39014190435409546,1
Q8GXR6:Q8LPR5,0.9591372609138489,1
Q9FME3:O81836,0.8193343281745911,1
Q9MAA7:Q9LQT8,0.5984472036361694,1
Q9SMP0:Q945M9,0.7923276424407959,1
Q9MAA7:Q9SV55,0.0749434158205986,1
Q6NPF4:Q9SJZ6,0.04776957258582115,1
Q8LPR5:Q84TK1,0.9219173789024353,1
Q6NKS4:Q6NKS4,0.8512859344482422,1
O22286:Q9SWI1,0.04449183866381645,1
Q9FGP8:O04027,0.7299634218215942,1
Q9SRQ3:Q9SRQ3,0.9634685516357422,1
Q8LGS1:Q39023,0.24942021071910858,1
Q39021:O80396,0.7636582851409912,1
Q9LSI4:Q9MAI5,0.6135382056236267,1
P46601:Q8LPR5,0.9550468325614929,1
Q9FJV0:Q39024,0.8655385375022888,1
Q38822:Q38822,0.9671969413757324,1
F4KGY6:Q8LPR5,0.9391469955444336,1
Q9SZI2:Q9LER7,0.012112046591937542,1
Q9XF57:Q56WD9,0.12208744138479233,1
Q38829:Q38824,0.9646618962287903,1
Q9M274:Q9LIB5,0.30880317091941833,1
Q945M9:Q8LPR5,0.87562096118927,1
Q9SLH3:Q94KL5,0.9292283058166504,1
Q9LU68:Q9FJA2,0.20608344674110413,1
O04350:P29517,0.3975975215435028,1
Q9LQF0:Q9FUA4,0.9491478800773621,1
Q9FE22:Q39079,0.03373023495078087,1
O49545:A0A1I9LQ53,0.83624267578125,1
Q8GYJ3:P24100,0.2044043093919754,1
Q9FGJ3:Q9LHG0,0.7692153453826904,1
Q38822:O24410,0.963139533996582,1
Q84JG2:Q94KL5,0.8118648529052734,1
Q1PF16:Q8GWP4,0.031484805047512054,1
Q9SVB7:A0A178WKP3,0.30822616815567017,1
O80575:Q93WE4,0.011758126318454742,1
P46601:P46600,0.9677914977073669,1
Q9LF53:Q9MAA7,0.6503592133522034,1
Q4PSE2:O82248,0.8269038200378418,1
Q17TI5:F4KGE8,0.10605823993682861,1
Q9FME3:Q8LPR5,0.9649943709373474,1
P46601:Q05466,0.9650936126708984,1
O80450:O80961,0.04513038322329521,1
Q7XHI9:Q93Y00,0.8966867327690125,1
Q8W234:Q9FUY2,0.7828981280326843,1
Q9LF53:Q9ZNT7,0.2881259620189667,1
Q9LZW2:Q9LZW2,0.9593647122383118,1
Q9SU72:Q9S745,0.28723710775375366,1
Q9LQF0:Q2V452,0.6797812581062317,1
Q9FE22:Q84LH8,0.9017297029495239,1
Q8L7G0:Q9SN12,0.8758655786514282,1
Q8LPR5:O22230,0.9330368041992188,1
O80396:Q39021,0.7636586427688599,1
Q9FMX2:Q6R053,0.9437069296836853,1
Q9ZW21:Q9SN51,0.8252171874046326,1
P29382:P29381,0.946048378944397,1
Q9FME3:Q9FMX2,0.9643054008483887,1
Q8GY61:Q9C8Z9,0.8873172998428345,1
Q9FGJ3:Q58CM8,0.8818192481994629,1
Q9SLH3:A0A178VU28,0.18401391804218292,1
Q29Q81:P24100,0.03206134960055351,1
Q570C0:Q38822,0.294458270072937,1
P33077:Q38824,0.9600754976272583,1
Q9SI15:Q9LZP8,0.9181587100028992,1
Q9SZI2:Q9FME4,0.010354536585509777,1
Q9C8Z9:Q7XHI9,0.8782309889793396,1
Q9FN69:P27900,0.602656900882721,1
Q6Q151:Q9XFR5,0.7070252299308777,1
Q9FK47:Q9MAI5,0.7858359217643738,1
Q9FIG9:Q9LXJ0,0.011953413486480713,1
C0Z2L5:Q9LZP8,0.9374750256538391,1
Q8LPR5:Q9C9N3,0.9393534660339355,1
Q9FN69:Q9FNZ5,0.2923763394355774,1
Q9SU67:Q9CAL3,0.04569650813937187,1
Q9FMX2:Q93VJ4,0.9200676083564758,1
Q9XGN1:C0SV91,0.018617499619722366,1
P33077:P33077,0.9668008685112,1
Q9SK33:Q9LV52,0.2518322467803955,1
Q8LPR5:Q9FX77,0.6824650168418884,1
Q9LVS0:Q9XGN1,0.31691795587539673,1
Q9XI46:Q33884,0.010105527937412262,1
Q8W4S5:A0A178WK49,0.9018346071243286,1
Q8L7G0:Q8L7G0,0.9676368832588196,1
F4IP06:Q1PF16,0.04137686640024185,1
Q9FGV1:Q38832,0.9498870968818665,1
O04719:Q84JG2,0.4201863408088684,1
Q9FML2:Q9LMA8,0.5917276740074158,1
Q84LH8:Q9FE22,0.9017297625541687,1
Q9SMP0:Q8H1G0,0.9405002593994141,1
Q9LST3:Q9C6K4,0.1260460466146469,1
Q38824:P33077,0.9600754976272583,1
Q8LA53:O81801,0.08497077226638794,1
O80575:Q0WT24,0.01903838850557804,1
P54609:P54609,0.9613264203071594,1
Q4PSE2:Q9SK53,0.8441454768180847,1
Q9LV27:O64760,0.2018846571445465,1
O24410:Q38824,0.9601418375968933,1
Q9LYQ8:O81445,0.71821528673172,1
Q9MAA7:Q9SG92,0.1231546625494957,1
Q38898:Q38898,0.9656231999397278,1
Q38829:Q8GWP4,0.33565279841423035,1
Q9LZ82:Q9ASW4,0.18757550418376923,1
Q9SZI2:Q9SZI2,0.9663028717041016,1
B4F7R9:P17839,0.9436674118041992,1
O80575:P92937,0.12619955837726593,1
Q9LEZ3:F4IMQ0,0.1610477715730667,1
Q84K72:O80920,0.19733047485351562,1
Q9ZW21:Q8S8E3,0.8444259762763977,1
Q9LV27:P93024,0.23624424636363983,1
Q94JM3:Q8RYC6,0.9561711549758911,1
Q9LXJ0:Q42545,0.4852123260498047,1
Q39024:Q9FJV0,0.8655384182929993,1
Q8LC79:Q8LPR5,0.957253634929657,1
F4I4Q3:Q8RWW1,0.028673818334937096,1
P29517:O04350,0.39759767055511475,1
Q8L4M6:Q9LQF0,0.627267062664032,1
Q9C6V3:Q56XU4,0.4842805862426758,1
C0LGL4:Q9FRI1,0.7172792553901672,1
Q9M274:O22798,0.7703379988670349,1
Q9FME3:Q9ZW36,0.8589558005332947,1
Q93ZM9:Q9SV55,0.6918458938598633,1
Q39204:Q9LMA8,0.9013271331787109,1
Q9CAJ0:Q9FJ49,0.8489570617675781,1
Q9M0D8:Q9C9Y8,0.8729696273803711,1
Q17TI5:Q9M4T3,0.0374782495200634,1
Q9ZR37:A0A178WKP3,0.13714444637298584,1
Q42545:Q9LXJ0,0.48521238565444946,1
Q9SJA6:O81127,0.9030292630195618,1
Q9FME3:Q9SB92,0.9305874705314636,1
Q39237:Q6NLU2,0.5891069769859314,1
Q9SVX5:Q9MAI5,0.8723698854446411,1
Q96524:Q96524,0.9560198187828064,1
Q9LZP8:Q9SI15,0.9181588292121887,1
Q8LAA6:P93004,0.9617642760276794,1
O64517:O64517,0.896049439907074,1
Q8W4S5:Q9XGZ2,0.9434593319892883,1
Q9FUA4:Q9FUA4,0.9678421020507812,1
Q9FKA0:Q9CAR0,0.9172399640083313,1
Q9LEZ3:Q8L925,0.7480408549308777,1
Q6XAT2:Q9C8M9,0.8875114321708679,1
Q6R053:Q9LRM4,0.7728980183601379,1
O81788:Q8GXR6,0.9392218589782715,1
Q9XGN1:Q9FIX5,0.05148277431726456,1
Q9FME3:P0C7Q8,0.5240532755851746,1
Q9LQT8:Q9MAI5,0.8301987051963806,1
Q4PSE2:Q8LPR5,0.9412738084793091,1
Q9LQT8:Q9LMA8,0.9391934275627136,1
O64399:A0A1P8BA81,0.08940614759922028,1
Q9FME3:Q9LQF0,0.9644069075584412,1
Q9LTH4:O80450,0.8231824040412903,1
Q9S7M2:Q9S7M2,0.9666456580162048,1
P93836:P93836,0.9641200304031372,1
O82197:O82197,0.9647501111030579,1
P33077:Q8RYC6,0.9615740776062012,1
Q9LQF0:Q6PV67,0.9445590972900391,1
O22932:O81445,0.6973998546600342,1
Q9STV4:O81445,0.7656065225601196,1
Q8W2F3:Q9SLH3,0.8553425669670105,1
Q9SKB2:Q9M9C5,0.8648406863212585,1
Q8S8E3:O04719,0.8394080996513367,1
Q6XAT2:Q8RWZ1,0.779757022857666,1
Q9M0X8:Q93Y00,0.890236496925354,1
Q9LQF0:Q8GY11,0.5885617136955261,1
O81801:Q5XEN5,0.03646042197942734,1
Q9FN69:Q9FN69,0.9664835333824158,1
A0A1I9LQ53:Q9SKB2,0.6820592284202576,1
Q9LT47:Q9LKZ3,0.056459106504917145,1
Q8W4D8:Q39204,0.6425357460975647,1
Q8RYC6:Q38822,0.9613281488418579,1
O81788:Q9SQY8,0.8749411702156067,1
Q38824:P93024,0.8854470252990723,1
Q42384:P92958,0.4700454771518707,1
Q9LM78:Q9FKM4,0.03010718896985054,1
P93024:Q38822,0.9104853868484497,1
Q9FUY2:Q8W234,0.7761238813400269,1
Q9FMP0:Q9FMP0,0.7832564115524292,1
Q9LQF0:Q39023,0.7505205273628235,1
Q8GY61:Q96524,0.04082940146327019,1
Q8GXW1:Q8VYP8,0.5047077536582947,1
Q9LEZ3:Q9LEZ3,0.9676098227500916,1
Q38832:P93024,0.8664650917053223,1
Q2V452:O81445,0.7855428457260132,1
Q39237:Q9CA46,0.888446033000946,1
Q9LEZ3:Q9FK45,0.2820970118045807,1
Q38822:Q38829,0.96871417760849,1
Q9FLF7:Q6R053,0.6273446083068848,1
Q8VWK4:Q8VWK4,0.9661685824394226,1
Q94F39:Q9LES3,0.38889989256858826,1
Q9LMA8:Q39204,0.9013269543647766,1
Q9SMP0:O82248,0.898689866065979,1
Q9LZW4:Q39204,0.536403477191925,1
Q9FMD5:Q8LPR9,0.01117241196334362,1
Q38824:Q38822,0.962314784526825,1
Q94AG2:Q94AG2,0.9660617709159851,1
Q9LEU7:O81445,0.7255856394767761,1
P41151:P28148,0.13524678349494934,1
Q9LNW3:Q9FJ49,0.7996596693992615,1
F4KCL7:Q9LHE5,0.02843739464879036,1
Q17TI5:Q9LEZ3,0.360980749130249,1
Q9SU67:Q9M2D8,0.16865001618862152,1
P24100:Q0WQN9,0.5563970804214478,1
Q8LPR5:Q9S7H5,0.8565763831138611,1
Q17TI5:O82799,0.46516019105911255,1
Q39237:A0A178VMH7,0.30324479937553406,1
Q8LPR5:Q84JP1,0.8606212735176086,1
Q42545:Q42545,0.9571887254714966,1
Q9LXD8:Q8LPR5,0.958447277545929,1
O81323:P59467,0.8344686627388,1
Q9M591:Q940U6,0.014057176187634468,1
Q05466:Q8LPR5,0.9527379870414734,1
O65665:Q1EBV6,0.6060935258865356,1
F4JVB8:Q9FE25,0.7394394278526306,1
Q8W2F3:Q9FE22,0.9181178212165833,1
Q17TI5:Q8LPN5,0.2390248030424118,1
O80345:Q9CAG1,0.7102893590927124,1
Q9ZR37:Q9FJ55,0.4300093352794647,1
Q9SV55:Q9LMA8,0.7617449760437012,1
Q9LEZ3:Q9LMT2,0.37489134073257446,1
Q9LT89:Q8S8E3,0.5551180839538574,1
Q9MAA7:Q8GXW1,0.6228033304214478,1
O24410:O24410,0.9685733914375305,1
P94102:Q0PCS3,0.057391442358493805,1
O04294:Q42384,0.49012088775634766,1
O49687:Q93ZM9,0.7877729535102844,1
Q9LXD8:Q8GXT3,0.9387977719306946,1
Q9LEZ3:Q9C8D1,0.12404225021600723,1
Q9FME3:Q9FKH1,0.5766596794128418,1
Q9LVW2:O81821,0.7182930111885071,1
Q9FNB9:Q9LES3,0.9284061789512634,1
Q9FMX2:Q9T0B9,0.5631247162818909,1
O80575:O80575,0.9541414380073547,1
O82595:O22152,0.794433057308197,1
Q9LST3:O23077,0.09232545644044876,1
P17839:Q1PEU3,0.9391183257102966,1
Q9FE22:Q9M0K4,0.5188705325126648,1
Q9LQT8:Q9SLH3,0.9678782820701599,1
Q9C5K8:P32068,0.03910994157195091,1
Q33884:Q9XI46,0.010105527937412262,1
Q9FUA4:Q39103,0.05710544064640999,1
Q9FE25:Q9M9U2,0.8163885474205017,1
P25859:Q9SJJ5,0.12468518316745758,1
Q9SPG1:Q9M274,0.4360209107398987,1
P24100:Q8GYJ3,0.20440402626991272,1
Q93ZM9:Q39204,0.8055470585823059,1
Q7X9H5:B3H5S0,0.808712899684906,1
O22286:O49653,0.17585977911949158,1
O81127:O81127,0.9569703936576843,1
Q9FIX5:Q9XGN1,0.05148283392190933,1
Q84W04:Q8VZ95,0.05953735113143921,1
Q8LPR5:Q9ZW36,0.9079782366752625,1
Q9SLH3:Q9MAA7,0.5554083585739136,1
Q9M0X8:Q9M128,0.8106050491333008,1
Q42384:O04294,0.49012213945388794,1
Q17TI5:Q0WT24,0.27431121468544006,1
F4IXJ7:Q9FMP0,0.012322476133704185,1
O24410:P33077,0.962425172328949,1
Q9C5K8:Q9CAR0,0.7014110088348389,1
Q8LGU6:Q8LPL5,0.06696388870477676,1
Q9LQF0:Q56XU4,0.826653003692627,1
Q9FL63:P43298,0.8776876330375671,1
Q94AG2:P54609,0.10692119598388672,1
Q9LSI4:O24410,0.7544906735420227,1
O22286:Q9LV52,0.66678386926651,1
Q570R7:Q8L5W8,0.8607492446899414,1
Q8GXW1:Q94KL5,0.8562836050987244,1
Q9FHA2:Q9LXD8,0.9047726988792419,1
Q9LT89:Q9FJ49,0.5346264243125916,1
Q9SLH3:Q9LQT8,0.9678711295127869,1
Q9CAA4:Q9CAA4,0.9664701819419861,1
Q8LPH6:Q9ZW36,0.6123366355895996,1
P46600:Q05466,0.9668083190917969,1
Q9FME3:Q9FMC2,0.8924936652183533,1
Q9LEZ3:Q9CAA4,0.9142912030220032,1
P92937:Q9LUI0,0.23672668635845184,1
Q9SKT1:Q9FE67,0.875976026058197,1
Q93VJ4:Q84WK0,0.8666628003120422,1
Q4PSE2:O04027,0.7708317637443542,1
Q9MAI5:Q9LQF0,0.9462041258811951,1
O82248:O04027,0.8344230651855469,1
Q9FL96:Q8GWE6,0.0205062385648489,1
Q9LV27:Q05763,0.05302221328020096,1
Q9MAA7:O04294,0.4178740680217743,1
B9DFS6:Q8L5Z7,0.7576760649681091,1
Q42381:Q9SAI2,0.033446747809648514,1
Q56XR0:Q0V7X4,0.7669105529785156,1
Q8VZ95:Q9LXV1,0.010393326170742512,1
P49177:Q9FDX9,0.07096043229103088,1
Q93V43:Q8LAV5,0.6622104644775391,1
Q9C932:Q9ZT50,0.020801855251193047,1
Q9FII6:B3H7D8,0.01062774658203125,1
O22286:Q9MAI5,0.7589219212532043,1
Q8S3D1:Q8LPR5,0.9570053219795227,1
Q17TI5:A0A384LJI7,0.02252720110118389,1
Q501D5:F4KAB8,0.10562610626220703,1
P93024:P93024,0.9680061340332031,1
O81836:Q8LPR5,0.8498857617378235,1
Q9LMA8:Q9LMA8,0.9663336873054504,1
Q5ICL9:Q9FIR9,0.3015506863594055,1
Q9FN69:Q9FE25,0.6180413365364075,1
Q9LST3:Q8GXR6,0.17298856377601624,1
Q17TI5:Q39103,0.020695600658655167,1
Q9LV52:Q0V7X4,0.37450048327445984,1
Q6XAT2:Q94AG2,0.9360179901123047,1
Q9FMC2:Q8LPR5,0.9057846069335938,1
Q9M128:Q9C7T4,0.895141065120697,1
Q8RYC6:O24410,0.9677285552024841,1
C0LGM1:Q9FRI1,0.7121589779853821,1
Q9LV27:Q9LV21,0.05774418264627457,1
Q9LST3:Q9LMN5,0.24959850311279297,1
Q9C7T4:Q9MAI5,0.6992092132568359,1
Q4PSE2:Q9M9B3,0.581274688243866,1
Q8S3D1:Q93Y00,0.9365069270133972,1
O49687:Q9LMA8,0.866670548915863,1
Q9SN12:Q8S8E3,0.7193017601966858,1
Q9C5K8:O49687,0.8418497443199158,1
Q9LQT8:Q9LUA3,0.33214327692985535,1
P33077:O24410,0.962425172328949,1
Q84TD6:Q9CAR0,0.9344189763069153,1
O22286:O22286,0.965549886226654,1
O64903:Q39023,0.13751272857189178,1
Q9FLC1:Q8S8E3,0.09537434577941895,1
Q9LV27:Q940P8,0.1363767385482788,1
Q9LEZ3:P32068,0.02090618945658207,1
Q8GW17:Q9LEZ3,0.3983059823513031,1
Q39237:Q8LF89,0.8620583415031433,1
Q93VH6:O81001,0.797332227230072,1
Q9SCR0:Q9SJW0,0.6953806281089783,1
Q9FDW0:Q9XFD1,0.12068076431751251,1
Q9LNW3:Q8S8E3,0.7976371645927429,1
Q17TI5:Q9C8D1,0.05209878087043762,1
Q9C9W9:O49484,0.8102542757987976,1
Q58CM8:Q9M274,0.5102431178092957,1
B3H7D8:Q93VJ4,0.01316884346306324,1
O80366:Q9ZNV9,0.9223713278770447,1
Q9M128:Q94JL3,0.8448759317398071,1
Q9SUQ3:P43298,0.9071651697158813,1
O81836:O22152,0.6372132301330566,1
Q9LQF0:Q9FJ55,0.7257534861564636,1
Q38829:Q8RYC6,0.9682108163833618,1
Q9FMX2:Q4PSE2,0.9465486407279968,1
Q9LU68:Q4PSE2,0.29422637820243835,1
Q501D5:Q9LPD9,0.16687099635601044,1
O24606:Q9LMA8,0.7088040113449097,1
Q8LPR5:Q93XM6,0.9622566103935242,1
Q9FNB9:Q8RU59,0.8398666381835938,1
Q43309:Q9STR4,0.5519174337387085,1
Q41220:Q0V7V2,0.1910240650177002,1
O24410:Q38822,0.963139533996582,1
Q39204:Q8W4D8,0.6425353288650513,1
Q9LQF0:Q93VJ4,0.9311238527297974,1
Q84JG2:Q84JG2,0.9664201140403748,1
Q9S7H5:Q8H1G0,0.5809577107429504,1
O49687:Q9S7M2,0.8698992133140564,1
Q5ICL9:Q5ICL9,0.9652743339538574,1
Q9LXJ0:Q9LXJ0,0.9541150331497192,1
Q17TI5:Q9FHK4,0.1959947794675827,1
Q9FN69:Q9LMA8,0.8830232620239258,1
Q9LQF0:Q9LQF0,0.9632436633110046,1
Q9FL96:Q9LNU4,0.04244114086031914,1
Q9FHW2:Q9FHW2,0.9454675912857056,1
Q9M384:Q9SZF7,0.9038602113723755,1
Q39193:Q9FLI3,0.8757838606834412,1
Q8H1G0:Q8H1G0,0.9677942395210266,1
Q9M0D8:Q9M9C5,0.7739641070365906,1
Q9FMC2:Q8RU59,0.9331478476524353,1
Q9FRR1:Q8LBF7,0.03906598314642906,1
Q05466:Q9SU72,0.05189802870154381,1
Q8L940:Q8L940,0.9583078622817993,1
Q8LA53:Q9C7T4,0.32408657670021057,1
O04663:P38418,0.018567834049463272,1
Q93VJ4:Q9LQF0,0.9311237335205078,1
Q9SV55:Q93ZM9,0.6918466091156006,1
Q9FME3:Q93XM6,0.959031879901886,1
Q6XAT2:Q8RY65,0.9301809668540955,1
O81445:Q9STV4,0.765606701374054,1
B9DHT4:Q9SJW0,0.6549100279808044,1
Q8S3D1:Q7XHI9,0.9236333966255188,1
Q9MAA7:Q9LF53,0.6503593325614929,1
Q9ZW36:Q9LQF0,0.8986711502075195,1
Q9SN12:Q8L7G0,0.8758654594421387,1
Q9ATB4:Q9FLI3,0.5918474197387695,1
Q9LMA8:Q9S7M2,0.9613251686096191,1
P93004:Q8LAA6,0.9617642760276794,1
Q9FKM4:Q9LM78,0.02958226203918457,1
O49675:Q8S9K3,0.011612105183303356,1
F4KCU5:P29382,0.9484201669692993,1
P59467:Q8LPR5,0.8053842782974243,1
Q8H181:Q9C6K3,0.910158097743988,1
Q9LST3:O80831,0.07551758736371994,1
Q9C6B3:Q9C6B3,0.9593712687492371,1
Q9FKB0:Q9M1Z3,0.42453107237815857,1
Q9ATB4:Q945P2,0.10118893533945084,1
Q9FV71:Q9LKZ3,0.047257523983716965,1
P46600:Q8LPR5,0.9541394114494324,1
Q9LNW3:Q9FMX2,0.8934906125068665,1
O04017:Q8LPR5,0.9499675035476685,1
Q39237:Q8VYF7,0.23343265056610107,1
O82533:O82533,0.9588672518730164,1
Q9FHH5:Q9LSZ5,0.01253866869956255,1
Q9SZF7:Q9M384,0.9068914651870728,1
Q0V7X4:Q9CA46,0.42401939630508423,1
O80575:Q9M223,0.012223889119923115,1
Q9LT89:Q9FMX2,0.9645957946777344,1
Q9S9U2:Q9FGZ5,0.6678738594055176,1
Q9S7M2:Q9SV55,0.8008193969726562,1
Q8VYZ1:Q8S8E3,0.04778452590107918,1
O80450:Q9LSI7,0.857632577419281,1
O04719:Q8S8E3,0.8394073843955994,1
Q93VH6:Q8S9M3,0.25066885352134705,1
Q9FME3:Q39262,0.9059846997261047,1
P33077:Q38832,0.9683768153190613,1
Q17TI5:Q9LTI1,0.015006993897259235,1
Q9LST3:Q38822,0.21166563034057617,1
Q9FMX2:Q9LQZ5,0.9504004716873169,1
Q9FMX2:Q84VG7,0.7068669199943542,1
Q9LST3:O80450,0.2235557585954666,1
O81445:Q94C40,0.6989808678627014,1
O04719:Q39193,0.900193989276886,1
P93024:Q38824,0.8903070688247681,1
Q9FJA2:Q93V43,0.8897770047187805,1
Q941L2:Q941L3,0.30132195353507996,1
Q8L3Z8:Q8LGU6,0.06297227740287781,1
O49484:Q9C9W9,0.8102542757987976,1
Q9FMX2:Q9CA46,0.8468489646911621,1
Q93VJ4:Q9C8Z9,0.8254251480102539,1
Q941L3:Q941L2,0.30132219195365906,1
Q9FME3:Q8RU59,0.89225834608078,1
A0A178UFM8:Q9FYK0,0.8480724692344666,1
Q38829:Q9C995,0.7161270976066589,1
Q8LC79:Q9LQF0,0.9561251997947693,1
Q39237:Q8LPR5,0.957493007183075,1
O81445:Q9MAM1,0.7820202708244324,1
Q8LPR5:Q8RYD3,0.9506384134292603,1
Q9C6K4:Q9LMN5,0.9641944766044617,1
Q9LST3:Q9XED8,0.6155285239219666,1
Q9FF62:O81826,0.2714577317237854,1
Q8LPR5:Q39266,0.9011650085449219,1
Q9XGN1:Q9FN69,0.3580552041530609,1
Q9SLH3:Q9SLH3,0.9671382904052734,1
O81801:Q9LYB9,0.04869193956255913,1
Q9STR4:Q43309,0.5519172549247742,1
Q9FME3:Q9C7T4,0.9348558783531189,1
Q9LQF0:Q9FLI3,0.899006187915802,1
Q8RWC9:O81445,0.7404788136482239,1
P35632:P29382,0.9164204001426697,1
Q93V43:Q9C519,0.9481186270713806,1
Q8LPR5:O04336,0.9504128694534302,1
Q9SK33:Q9SK33,0.956277072429657,1
O04719:Q8S8E3,0.8394073843955994,1
Q1G3Q4:Q9C6K4,0.4765683114528656,1
Q84VG7:Q9LQF0,0.7471834421157837,1
O80920:Q9CAJ0,0.8832036852836609,1
Q9STP8:Q9SZN7,0.016500625759363174,1
Q9LQT8:Q9FFJ9,0.7761967778205872,1
Q39262:Q8LPR5,0.9317618608474731,1
O81472:Q39024,0.6654996871948242,1
Q8GXW1:Q9FFJ9,0.7003797888755798,1
Q8RUC6:Q9SII9,0.5433642268180847,1
Q17TI5:Q9MAI5,0.42968711256980896,1
Q9FDX9:P49177,0.070960633456707,1
Q9LNU4:Q9FL96,0.04244118556380272,1
Q9C9W9:P43292,0.6568176746368408,1
Q9LF53:Q8LF89,0.8128409385681152,1
O22152:O81836,0.6372136473655701,1
Q9CAJ0:Q84JG2,0.3655032217502594,1
Q9LQF0:O80366,0.9238268136978149,1
Q9FGP8:O82248,0.8375199437141418,1
Q84JG2:Q9SK33,0.0857386514544487,1
Q9C5K8:Q39204,0.8832842111587524,1
O04492:O04492,0.9528460502624512,1
Q9SKT1:Q9MAI5,0.9277374148368835,1
Q9M274:Q9SDS8,0.3434593975543976,1
P29382:A2RVQ5,0.9345273375511169,1
Q8LPR5:Q9S763,0.7810975313186646,1
O49687:Q9C5K8,0.8418496251106262,1
Q84VG7:Q9LQT8,0.39340847730636597,1
Q9S763:Q9LQF0,0.6495141983032227,1
Q8L467:Q9LT23,0.7983227968215942,1
Q9FHA2:Q9FHA7,0.8849445581436157,1
Q94AG2:Q9C8M9,0.9308455586433411,1
Q17TI5:Q9LS61,0.10509859770536423,1
Q9SV55:Q9C5K8,0.8109122514724731,1
Q9LQF0:Q93XM6,0.9625727534294128,1
Q8LPR9:Q9FMD5,0.011138408444821835,1
Q9ATB4:Q9LHI5,0.0565396212041378,1
Q8LGS1:Q39021,0.22083647549152374,1
Q9LV27:B3H7H1,0.3224427402019501,1
O65665:O22286,0.700410783290863,1
Q9ZW21:Q9FJ49,0.8697080016136169,1
Q9ZNV9:O80365,0.9228313565254211,1
B9DHT4:C0SV91,0.06444691866636276,1
Q9XFD1:Q9FDW0,0.12068071216344833,1
Q8VZ95:P93004,0.05238739401102066,1
Q17TI5:Q8GY88,0.03048776462674141,1
Q38829:Q9C9F0,0.7630982995033264,1
Q8LPR5:Q84VG7,0.7641530632972717,1
Q570R7:Q8LPR5,0.9560157656669617,1
Q8GY50:Q9M9C5,0.7751165628433228,1
Q9S763:Q8H1G0,0.4792402386665344,1
Q9M128:Q8GXT3,0.8818046450614929,1
Q9ZR37:Q9FMC8,0.06711281836032867,1
Q9LZR5:Q8VYD2,0.2587224245071411,1
B9DHT4:Q0WUB8,0.29722142219543457,1
P92964:Q84TH4,0.7417876124382019,1
Q8L5Z7:B9DFS6,0.7572498321533203,1
Q1PF16:Q9LNW3,0.3337267339229584,1
P92964:O81127,0.7881907820701599,1
Q9SJZ6:Q6NPF4,0.04776988551020622,1
Q9FHW2:F4IP06,0.09522421658039093,1
Q17TI5:Q9XFH9,0.040627140551805496,1
Q9STR4:Q9STR4,0.9612711071968079,1
Q39238:Q39238,0.9616740345954895,1
Q8VZ95:Q84W04,0.05953725799918175,1
Q9LQF0:Q39103,0.5142609477043152,1
Q9LKZ3:Q9LT47,0.05386389419436455,1
Q9S750:Q9S750,0.9324156045913696,1
Q9M274:Q8H1G0,0.6909788846969604,1
Q39204:Q9LZW4,0.5316523909568787,1
O23077:Q8LG05,0.9624619483947754,1
Q84JG2:O04719,0.4201863706111908,1
Q9FMC8:Q8H1G0,0.4009819030761719,1
Q700C7:Q9C4Z6,0.03408564254641533,1
Q38829:Q38822,0.96871417760849,1
Q38822:P93024,0.9104582071304321,1
Q39024:O81472,0.7059499621391296,1
Q9ZR37:Q39023,0.4922506511211395,1
Q9SN51:Q9LNW3,0.7385652661323547,1
Q8LPR5:Q8GWP4,0.3858345150947571,1
Q9LQF0:Q94JM3,0.9420709609985352,1
Q9M9C5:A0A178WK49,0.9363705515861511,1
Q0V7X4:Q8RU59,0.33206239342689514,1
Q6XAT2:Q6XAT2,0.9647601246833801,1
Q5YDB6:O04492,0.026625527068972588,1
O82503:Q9FMC8,0.18356725573539734,1
Q9S7M2:Q9LMA8,0.9613251090049744,1
Q9LT89:Q9LVS0,0.8726882338523865,1
Q9SV55:Q9S7M2,0.8008193969726562,1
P28147:P41151,0.1216791421175003,1
Q39023:Q8LGS1,0.24942079186439514,1
Q9FMX2:Q9LQF0,0.9676691293716431,1
Q17TI5:Q9LDE2,0.19452476501464844,1
Q9FLI3:Q39193,0.8757839202880859,1
Q8L5W8:F4IP06,0.11858699470758438,1
O80575:O04336,0.04514019936323166,1
Q9LV27:F4HTE0,0.10430796444416046,1
Q9SWI1:O48963,0.020855968818068504,1
Q8S3D1:Q9LQF0,0.9570323824882507,1
Q9SLH3:O04336,0.8487858772277832,1
O81445:O65554,0.7778983116149902,1
Q940U6:Q9M591,0.014057171531021595,1
Q9LT89:O80920,0.8029564023017883,1
Q9ASS4:Q94AG2,0.947192370891571,1
Q8GWE6:Q9FL96,0.020506206899881363,1
Q93V43:O82595,0.9338253140449524,1
Q8LPR5:O22152,0.9572006464004517,1
Q9FGJ3:O04027,0.8312584161758423,1
Q8LPR5:Q94JW8,0.93056720495224,1
Q43309:Q43309,0.961528480052948,1
Q9LV27:Q94JM3,0.36961138248443604,1
Q8LPR5:Q9SIB4,0.9565548300743103,1
Q38822:O04294,0.7224833369255066,1
B9DHT4:F4IEB6,0.232209250330925,1
Q0PCS3:P94102,0.05767867714166641,1
O24410:Q38829,0.9693037271499634,1
Q84TK1:Q9CA46,0.4953773617744446,1
O24410:Q8RYC6,0.9677285552024841,1
Q9LQF0:Q8H133,0.4635983109474182,1
Q9LF53:Q9FFJ9,0.7295657396316528,1
Q58CM8:O82248,0.8341612219810486,1
Q9CAJ0:O80920,0.8832033276557922,1
Q9LT89:Q9LQF0,0.9659120440483093,1
Q84JP1:O24410,0.5756863355636597,1
Q39262:O22152,0.8974103331565857,1
P0DH85:Q9FX77,0.7519094944000244,1
Q9FMX2:Q9LNW3,0.8934904932975769,1
Q8S944:Q8S944,0.9632593393325806,1
Q39079:Q9FE22,0.03373022750020027,1
Q39193:Q9CAJ0,0.8653982281684875,1
Q17TI5:Q9LZR5,0.03332062438130379,1
Q93VJ4:Q8LPR5,0.9396843910217285,1
Q9FGZ5:Q9S9U2,0.6678736805915833,1
Q7X9H5:Q9S9U2,0.830296516418457,1
Q9SZI2:A0A178WNP1,0.015039503574371338,1
O81445:Q8RWC9,0.7404789328575134,1
Q0V7X4:Q8GW32,0.7706384658813477,1
Q9S745:Q9SU72,0.27985092997550964,1
Q38822:P33077,0.9673401117324829,1
Q9LST3:Q9LYL9,0.09467794001102448,1
Q38832:Q38824,0.9643308520317078,1
Q9ZNV9:O80366,0.9223713278770447,1
Q38824:Q38824,0.9671411514282227,1
Q9LQF0:Q9LM46,0.9394078254699707,1
P24100:Q9SJJ5,0.2046172171831131,1
Q9FYB1:Q9LHP2,0.8857387900352478,1
Q6XAT2:Q9LUL4,0.8758401274681091,1
Q8LA53:P46897,0.6110362410545349,1
Q9LQT8:Q9MAA7,0.5984470248222351,1
Q9SZN7:Q9STP8,0.016500644385814667,1
O65554:O81445,0.7778979539871216,1
Q9FDW0:Q9FDW0,0.9664928317070007,1
P24100:Q29Q81,0.032061390578746796,1
Q9FGD6:Q93V43,0.7024271488189697,1
Q9CAJ0:Q8S8E3,0.8157529234886169,1
Q9ZUM0:Q39140,0.48883524537086487,1
Q9M128:Q9C6V3,0.6762093901634216,1
Q9FME3:Q9LXD8,0.9524696469306946,1
Q9LKZ3:Q9FV71,0.047083351761102676,1
Q8L5Z7:Q8L5Z7,0.946214497089386,1
Q38822:Q8RYC6,0.9613281488418579,1
Q94AG2:Q8RWZ1,0.8309047818183899,1
Q8H1G0:Q9FMC8,0.4009822905063629,1
Q94C40:O81445,0.698980987071991,1
Q0WQN9:P24100,0.5563974380493164,1
Q8GXT3:Q93Y00,0.9393932223320007,1
Q9FGP8:Q9FGJ3,0.8994728326797485,1
Q8L5W8:Q9FE22,0.8300499320030212,1
O65517:Q9SJT8,0.8765909075737,1
Q4PSE2:Q9LQF0,0.9511745572090149,1
Q38832:Q38822,0.9679269790649414,1
Q8S8E3:Q9CAJ0,0.8157531023025513,1
B9DFS6:B9DFS6,0.9506438374519348,1
Q9SK33:Q9LNW3,0.2599833309650421,1
Q17TI5:Q8VYP8,0.11103135347366333,1
C0LGW2:A0A178UFM8,0.6304720044136047,1
P54609:Q94AG2,0.11094000190496445,1
Q9FGJ3:Q4PSE2,0.8731388449668884,1
Q38822:Q38824,0.962314784526825,1
O80450:F4IP06,0.294542521238327,1
Q84WK0:Q9C8Z9,0.8721842765808105,1
Q9ZT50:Q9C932,0.020801864564418793,1
Q9LXD8:Q8S3D1,0.943856418132782,1
Q9XIR8:Q9LNU4,0.03884875401854515,1
Q9MAA7:Q9SLH3,0.555407702922821,1
Q84WK0:Q8S3D1,0.9161155819892883,1
Q9FJ49:Q9CAJ0,0.8489570617675781,1
Q9XGN1:F4KGY6,0.4514061510562897,1
Q9LQT8:Q9LVW2,0.5041907429695129,1
Q9SLH3:Q9FFJ9,0.797907292842865,1
Q5ICL9:Q9FMS4,0.20184257626533508,1
Q9LEZ3:Q9LS86,0.1485700160264969,1
Q9LQZ5:Q9LQF0,0.9492263793945312,1
Q9SLH3:Q9SB60,0.21346132457256317,1
Q9LST3:Q8LG05,0.12098542600870132,1
Q8GXW1:Q9MAA7,0.6228030323982239,1
Q9LT89:Q9SN51,0.42514386773109436,1
Q84JG2:Q8VYD2,0.4892001152038574,1
Q9SNB8:Q9XI36,0.21473339200019836,1
F4I3E6:Q93Y00,0.8941928744316101,1
O65517:Q8LPR5,0.9447500109672546,1
Q9M384:Q9LKZ3,0.1523895412683487,1
P38418:O04663,0.01884874515235424,1
Q9FIW6:Q8H1G0,0.7592822909355164,1
O04492:Q5YDB6,0.027121612802147865,1
Q17TI5:Q948J9,0.014188515953719616,1
P33077:Q38829,0.9682435989379883,1
Q1PEU3:P17839,0.9391183257102966,1
F4KEP6:B3H7D8,0.011953743174672127,1
Q9SPI1:Q6Q151,0.6823149919509888,1
Q8LPR5:Q9LQZ5,0.9484618306159973,1
Q9LNW3:O80920,0.8902563452720642,1
Q9ZPY4:Q8S8E3,0.02849852479994297,1
Q9LNW3:Q9SN51,0.738564133644104,1
B3H7D8:A2RVQ5,0.011038020253181458,1
Q17TI5:Q9MAM1,0.30455493927001953,1
Q9ZUM0:O24410,0.4501645565032959,1
Q9CAA4:Q9LEZ3,0.9142912030220032,1
Q4PSE2:Q8H1G0,0.8450576663017273,1
Q9LKG8:Q9LQ28,0.4021051526069641,1
Q8GXW1:A0A178UG69,0.1541803479194641,1
Q9LV27:Q56XV8,0.02063198760151863,1
Q17TI5:Q9S7H1,0.1126476302742958,1
Q9SMP0:O04027,0.821297287940979,1
Q8S3D1:Q9M128,0.8756060004234314,1
Q39191:Q9ZSJ6,0.010237561538815498,1
Q8RYD3:Q84TK1,0.4136832654476166,1
Q9ZNX9:Q9FNP4,0.015032303519546986,1
Q9LXU9:Q9LY03,0.017802193760871887,1
Q9FL03:Q9SJW0,0.7782116532325745,1
Q9S7H5:Q9C690,0.5149226188659668,1
Q17TI5:F4J6A1,0.09201803058385849,1
O80920:O04719,0.8998653292655945,1
Q9LQF0:O04336,0.9364812970161438,1
Q8L9S0:Q9ZPS7,0.020150626078248024,1
O81445:Q9LEU7,0.7255855202674866,1
P29382:P35632,0.9164204597473145,1
Q9LQT8:A0A178VU28,0.10269379615783691,1
B3H506:Q9LNW3,0.4743318259716034,1
Q58CM8:O04027,0.7741861343383789,1
Q84JG2:Q9CAJ0,0.36550360918045044,1
Q9SJJ5:P25859,0.12468542903661728,1
Q9FMX2:Q56XU4,0.8224989771842957,1
Q9FMX2:Q9LXD8,0.956281840801239,1
A0A178UGU3:Q8S8E3,0.18016663193702698,1
Q42545:Q9FIG9,0.011689433827996254,1
A2RVQ5:O22230,0.44794151186943054,1
O24606:Q9FML2,0.15013132989406586,1
Q9SU72:Q9SU72,0.9636257290840149,1
O80337:Q9FFR5,0.155967578291893,1
Q8LPR5:Q9MAI5,0.9457284808158875,1
Q39023:O64903,0.13751332461833954,1
Q9FNB9:P42776,0.8511809706687927,1
Q9LQF0:Q9ZT84,0.4535518288612366,1
Q9LQT8:Q94KL5,0.9225983023643494,1
Q6R053:Q94BZ5,0.6357461810112,1
Q05466:P46601,0.9650936126708984,1
Q9LSI4:Q9ZW36,0.27821850776672363,1
O81788:Q9M2K8,0.8613532185554504,1
Q8LPL5:Q8LGU6,0.0654449462890625,1
Q94CE4:O49660,0.06515637785196304,1
Q9SZI2:Q9C8Z9,0.038211073726415634,1
O04719:O80920,0.8998660445213318,1
Q8LPR5:Q8RU59,0.8934615254402161,1
Q9LQT8:Q9FUA4,0.836439311504364,1
Q39193:O04719,0.9001941680908203,1
Q9FIX8:Q8LPR5,0.7604485750198364,1
Q9LY03:Q9LXU9,0.017362235113978386,1
Q9FME4:Q9SZI2,0.010354535654187202,1
Q9FMZ4:B9DHT4,0.5168774724006653,1
Q3E9D5:Q9C9Y6,0.027830148115754128,1
Q9LQF0:Q9LV52,0.9358953833580017,1
Q9LQF0:Q39021,0.7573046088218689,1
Q39237:Q0V7X4,0.7859081625938416,1
D5K228:D5K228,0.96666020154953,1
Q9LMA8:Q9SV55,0.7617449164390564,1
Q1G3Q4:Q9LMN5,0.5148835182189941,1
Q17TI5:Q5XEN5,0.11936996132135391,1
Q8LPR5:Q9SA07,0.9265748858451843,1
Q94KI8:Q94KI8,0.9671891331672668,1
Q9XED8:Q8L7G0,0.9418172240257263,1
B2GVM8:Q9FNZ5,0.20281851291656494,1
Q9M0K4:Q9FE22,0.5188707709312439,1
Q9FIX5:Q9SNB8,0.20583920180797577,1
P33077:Q38822,0.9673401117324829,1
O81445:O22932,0.697400689125061,1
Q94JL3:Q93Y00,0.9259638786315918,1
Q39237:Q9FMX2,0.9591633081436157,1
Q9FME3:O22152,0.9521557092666626,1
Q38829:Q38832,0.9693351984024048,1
Q9ZWS9:Q9ZNV9,0.9276634454727173,1
Q945S8:Q1JPM3,0.2771894633769989,1
Q9LHE5:F4KCL7,0.028437484055757523,1
P93004:Q8VZ95,0.05238727480173111,1
P48002:Q9SW80,0.9451595544815063,1
Q9C5K8:Q9SV55,0.8109127283096313,1
Q9FYE2:Q1ECQ5,0.01083003543317318,1
Q570C0:Q9LQF0,0.6086289286613464,1
Q3EC92:Q9STG1,0.010394863784313202,1
Q94KL5:Q9SU72,0.16512106359004974,1
F4IXT2:Q9LX28,0.016930067911744118,0
Q6DYC0:Q9SHL7,0.015477529726922512,0
Q39054:Q2V371,0.010247178375720978,0
Q8GY63:Q9LSW4,0.010386255569756031,0
P34795:Q9LEW7,0.016300303861498833,0
Q9M386:Q9ZVI7,0.010439164005219936,0
Q9SV96:F4K2R6,0.012271600775420666,0
Q9M2U6:Q9LRR3,0.009726829826831818,0
Q9M1F6:F4IUB8,0.012091531418263912,0
F4HWL4:F4I8W7,0.011373366229236126,0
A0A1P8BF78:Q9LFF2,0.014128169976174831,0
Q8L5Z7:A0JQ78,0.0915866494178772,0
F4I6Q0:Q94C15,0.011070308275520802,0
Q8H133:Q940A2,0.14056481420993805,0
Q948R9:Q9S9P1,0.027706855908036232,0
Q9FLS0:Q8GWF2,0.01336777862161398,0
Q3ED38:Q8VY27,0.07811883836984634,0
Q9LV95:Q58FY7,0.009873421862721443,0
Q945N1:A0A1I9LTC6,0.010022975504398346,0
O49195:Q0WPZ7,0.010668870061635971,0
Q1G3U1:Q9STY2,0.009834935888648033,0
A0A1I9LM80:Q9SMN5,0.009879049845039845,0
Q9FMQ1:F4IA30,0.01022986602038145,0
Q7XJK8:F4IZC5,0.012785956263542175,0
Q9M8W6:Q9FJH9,0.044185396283864975,0
Q0WMN5:Q8VXY9,0.010561935603618622,0
O80450:Q9FKQ6,0.7658905386924744,0
F4IJR9:P25859,0.013479200191795826,0
B3H5S0:Q1G3Q9,0.3987759053707123,0
F4K2H9:F4ITP6,0.11069347709417343,0
Q9LI95:P56784,0.009935726411640644,0
P46416:Q9SVH3,0.010928732343018055,0
Q94KL5:Q9FKB0,0.26043373346328735,0
Q9LM78:A4IJ41,0.03106255643069744,0
Q8RWR9:Q6NQJ6,0.009972616098821163,0
Q9LT68:Q9SK49,0.01159362681210041,0
P0DKG5:Q9SIW1,0.07341047376394272,0
Q94BZ7:Q5Q0I0,0.010057736188173294,0
Q9SYP2:Q9SCZ0,0.01376732625067234,0
Q9LF68:P82795,0.010270361788570881,0
Q8H181:Q8L7L1,0.02926059626042843,0
Q9C9Y8:B9UY99,0.02396739087998867,0
F4K329:Q8GX25,0.010463238693773746,0
Q9SMP0:A0A1P8AUX0,0.01752202957868576,0
B3H646:Q94FT2,0.0099404351785779,0
Q9LU33:Q9SUN6,0.010500255040824413,0
Q9LRM4:Q9LQ83,0.22934095561504364,0
Q9SKI0:Q6IWB2,0.01043702568858862,0
O80339:Q84UU9,0.029312729835510254,0
Q8LAZ7:Q9FIW6,0.14614199101924896,0
A0A178VQ73:Q9SFG3,0.012043400667607784,0
Q9LSB8:Q9FI94,0.010463893413543701,0
Q9MAM1:Q8S8H2,0.013068935833871365,0
Q8LPR8:Q2V3K1,0.010155132971704006,0
Q9CAI2:F4JQT4,0.010047396644949913,0
Q9FDX9:A0A1P8AXS6,0.009990527294576168,0
F4IEL6:Q9SAC5,0.009947347454726696,0
B3H563:P24100,0.01867818832397461,0
F4IWK7:Q9SUC0,0.010419956408441067,0
Q9SAJ3:Q9CAE8,0.01025448739528656,0
Q1PEE4:Q2V309,0.009909561835229397,0
Q9LT47:A0A1P8AW47,0.026598120108246803,0
A0A1I9LLL5:O82328,0.010376254096627235,0
Q3EC92:Q9M190,0.010052981786429882,0
F4I7Y6:F4HSB6,0.010571487247943878,0
Q9LS48:Q8VZL4,0.01376772578805685,0
Q93WE4:Q38833,0.010507269762456417,0
Q8L908:Q9LW59,0.010525045916438103,0
Q8L4N1:F4IDU9,0.010051751509308815,0
Q9S750:Q9LIJ9,0.016660284250974655,0
A0A178WGK2:B3H6N9,0.010191409848630428,0
Q9M9Q6:Q9C5J6,0.01640641689300537,0
Q9LF60:O80366,0.03063148818910122,0
Q8LAA6:Q84J71,0.010662070475518703,0
Q94AD8:Q94A68,0.016884613782167435,0
Q9XGZ2:Q9S9T8,0.011280732229351997,0
Q9FFE4:Q29Q18,0.010120369493961334,0
Q1PEU3:F4J0L0,0.011569279246032238,0
Q8L7L1:F4IIL7,0.01444140076637268,0
B3H5W4:B3H4B7,0.009960356168448925,0
Q8LCH9:Q9FLS9,0.011818446218967438,0
O23227:Q58CM8,0.015804339200258255,0
A0A1P8B7R0:Q29PZ2,0.010314690880477428,0
B3H7H8:Q38893,0.009912816807627678,0
Q9LXJ3:Q9LIB5,0.013827166520059109,0
Q9LXL7:F4J551,0.01017298549413681,0
Q9SAK0:Q9FYB1,0.014788291417062283,0
Q9C6K3:Q9LU85,0.14876745641231537,0
Q38957:Q8LG56,0.011424128897488117,0
Q8L8Y3:A0A1I9LNG9,0.009966332465410233,0
A0A1P8AXU1:Q9LU68,0.010368331335484982,0
A0A1P8BAT6:Q5Q0E7,0.010521413758397102,0
Q9FFU5:Q9SYH1,0.011043699458241463,0
F4I5I4:Q9C5X8,0.010209403932094574,0
Q9FV53:Q9M0C5,0.011307385750114918,0
Q9FX66:F4J8D9,0.009916401468217373,0
Q9STR4:Q9LF60,0.012998843565583229,0
Q2V4F7:Q8RWU5,0.011846274137496948,0
O48721:Q9C9N6,0.010654555633664131,0
Q8S8R6:A0A1P8AUR6,0.012602520175278187,0
Q8LAV5:Q2V3Z5,0.01042956579476595,0
Q8W4F1:Q9FI49,0.011314268223941326,0
F4JJN9:Q9LTS6,0.014474580995738506,0
Q8L760:F4IMQ0,0.010156619362533092,0
F4JJ97:F4IBB2,0.010073545388877392,0
B3DNP3:Q9ZQ78,0.010349556803703308,0
Q8L981:Q1PDL6,0.010049347765743732,0
Q1PE51:Q9ZW21,0.11956977844238281,0
O22877:Q9C8L6,0.011192548088729382,0
O81788:F4IGH3,0.07166706770658493,0
Q9FDX6:Q39162,0.4853953421115875,0
O23051:Q9LJZ4,0.012257724069058895,0
P92564:F4HWL4,0.010892000049352646,0
A0A1P8BEG6:Q5BPR6,0.009940020740032196,0
Q9ZQP5:Q8VYD9,0.01055722963064909,0
P46014:Q8VXX4,0.06350391358137131,0
Q9SCZ0:Q9SJM3,0.013838996179401875,0
Q84JN2:P33077,0.011501284316182137,0
Q94F39:O81915,0.041924819350242615,0
Q9FJV0:Q501D5,0.21804814040660858,0
Q9FEN9:A8MQN4,0.011868263594806194,0
Q9FJ80:Q9SU34,0.010975837707519531,0
Q93WB3:B3H7A6,0.010247413069009781,0
Q9FHW2:A0A1P8B0Q6,0.010198487900197506,0
Q9STX2:Q940A6,0.01124029140919447,0
B3H6J5:Q9ZV49,0.011927932500839233,0
Q8LB54:Q9ZWA2,0.09036236256361008,0
Q9LY96:Q940R4,0.010215667076408863,0
Q9SKI1:Q84TH8,0.010323983617126942,0
Q9SRS6:Q9SGR2,0.01662367954850197,0
F4HV48:Q9SUR9,0.012761058285832405,0
Q9FFU3:F4K588,0.010467601008713245,0
P28185:Q6DBD5,0.020933862775564194,0
Q9LPR9:F4KA19,0.012283207848668098,0
A0A1P8AYU2:Q8L6X8,0.01057025883346796,0
O49698:Q9FMQ1,0.010747830383479595,0
Q9STT1:Q9FJV5,0.7983917593955994,0
Q9LXV0:Q9LN01,0.011100243777036667,0
Q3EBP7:Q9ZP54,0.04628197103738785,0
Q9FKM4:O22813,0.01176412869244814,0
Q8L603:Q8W4L5,0.5737085938453674,0
B3H5I6:O80345,0.010265103541314602,0
Q8GW63:Q9SMZ2,0.010967649519443512,0
B3H4F7:Q9M9G7,0.009820019826292992,0
Q3EB28:Q9SRM3,0.012271026149392128,0
A0A1R7T3B3:Q8LGU6,0.026704400777816772,0
P93283:Q94JT5,0.010016855783760548,0
Q8GWV0:Q9M2Q2,0.02686443366110325,0
B3H614:Q9C8L8,0.009829583577811718,0
Q94AP0:Q1PDV2,0.014165672473609447,0
A0A1P8BBA6:Q0WUB8,0.010889997705817223,0
Q9C584:F4JHF7,0.015470892190933228,0
Q9LNW3:Q2V3K2,0.013621759600937366,0
Q6NL24:Q9CAP2,0.026126384735107422,0
Q9M054:Q8RY81,0.010291516780853271,0
Q9LTJ2:Q9C843,0.010192548856139183,0
F4HU51:Q9FX58,0.017329514026641846,0
P56774:Q9ZSD4,0.05275767669081688,0
P92566:Q9FK45,0.010009253397583961,0
Q8VY27:O80575,0.014095867052674294,0
Q9FFA7:Q9FIX8,0.037739478051662445,0
Q9T0J6:Q8GYT8,0.02785136178135872,0
F4IK40:F4KFD1,0.010081778280436993,0
Q9LUS3:Q8H181,0.02320503629744053,0
P92964:Q9LUI0,0.05133798345923424,0
Q9FHF5:Q9C950,0.01949024759232998,0
O24410:Q9FGR7,0.02472229301929474,0
Q8VYD2:Q8GWG7,0.22463583946228027,0
Q9C7X2:A0A1P8AW98,0.009767308831214905,0
Q9SII1:Q9SR09,0.010668925940990448,0
Q39262:F4K250,0.08307857066392899,0
O64837:Q00IB6,0.012510538101196289,0
Q9LTX1:Q94K21,0.010017186403274536,0
O81127:Q9SUQ3,0.017037859186530113,0
Q8S8K8:Q94JW8,0.011517052538692951,0
Q682P6:Q5XVA8,0.01359888631850481,0
Q9LYM3:O82266,0.012107412330806255,0
A0A1P8ARL9:P92534,0.009847508743405342,0
F4HZI8:Q9LPD9,0.026063909754157066,0
P0C2G1:O48890,0.01632334664463997,0
Q9SHX3:O49553,0.009833487682044506,0
F4HPY3:Q9LN16,0.02336791157722473,0
F4IUG1:C0Z2L5,0.05585823580622673,0
Q8GYL4:Q9ZR09,0.012544124387204647,0
Q9SHL7:Q8RWN2,0.021985024213790894,0
Q9FGJ3:Q94CB5,0.2530878484249115,0
Q9SU34:Q9LXJ0,0.012544539757072926,0
F4K6C3:O49195,0.010014939121901989,0
Q84JV2:Q9FNY4,0.010562474839389324,0
F4JXP4:Q9LPR9,0.011240947060286999,0
Q8GYI0:Q9FGF6,0.009853777475655079,0
Q9FFY4:O64627,0.009790695272386074,0
Q9T077:Q1G379,0.009710099548101425,0
Q1G363:Q9S7X6,0.012459571473300457,0
Q564K3:Q9CAJ0,0.11373994499444962,0
Q9CAT6:Q9M338,0.09037802368402481,0
Q41220:O22164,0.01125879492610693,0
O49711:F4IZ00,0.009821823798120022,0
Q0WPZ7:Q0WVW4,0.018208757042884827,0
A0A178UJ48:Q8GXH5,0.011317617259919643,0
Q8GY89:F4JVB8,0.1477843075990677,0
Q93ZR3:Q9C6V2,0.017281994223594666,0
Q9SJ21:F4KI88,0.011683658696711063,0
Q9SW80:Q9SV63,0.032216478139162064,0
F4IY04:O04017,0.05100976303219795,0
Q9LTV9:Q8W207,0.5094478726387024,0
O82631:Q9CAK6,0.011773091740906239,0
Q8GYP8:Q9FYL3,0.029346996918320656,0
Q9M384:Q9C555,0.02211977355182171,0
Q6NPL0:Q9SI42,0.010810819454491138,0
Q8GW27:Q9SYG4,0.022568674758076668,0
Q9SZA2:Q39204,0.10751397907733917,0
Q9C927:Q9M0X8,0.019603421911597252,0
Q9LT89:Q9FFR6,0.019954761490225792,0
O80480:Q8S3D1,0.5999416708946228,0
Q9CAG1:F4IP06,0.12847553193569183,0
Q93WA2:A0A1P8APW5,0.009954476729035378,0
Q5Q0C8:Q8W3M3,0.26612603664398193,0
A0A1P8B2J0:Q8S9J2,0.02476775087416172,0
Q9FM64:Q6PV67,0.019414791837334633,0
Q9SJJ5:Q944R2,0.01442197896540165,0
Q9C703:Q93ZM9,0.012673201970756054,0
Q8GWJ4:Q9FHC2,0.010622072033584118,0
Q9FWS4:Q84VW6,0.010016023181378841,0
O04254:Q9SIZ6,0.010275677777826786,0
Q9M2W0:P59467,0.03689936548471451,0
P0DO23:Q9FLN8,0.016259048134088516,0
B3H5B2:Q9FGW2,0.009807842783629894,0
A0A1P8AW98:P0DN98,0.009751014411449432,0
P93009:Q9SF89,0.013367016799747944,0
O64584:Q9LVV3,0.014018944464623928,0
F4IZ03:Q9T055,0.010039292275905609,0
Q9FM51:Q9MA39,0.017589827999472618,0
Q2V369:Q9C567,0.009760954417288303,0
A0A178UA90:Q9LY82,0.015150412917137146,0
Q9FKV1:F4KIT4,0.015862444415688515,0
F4I8Q1:Q9FN69,0.22275488078594208,0
B3H4X6:P92523,0.009959650225937366,0
A0A1P8B2W3:Q38850,0.013708389364182949,0
O04350:F4KDS0,0.014959904365241528,0
Q06AN9:O80800,0.019994525238871574,0
Q9LZQ2:A0A1P8B8B4,0.010385281406342983,0
Q1G3M8:F4ISQ7,0.012546894140541553,0
Q9C6U2:A0A384LJI7,0.010052181780338287,0
Q6NLQ4:O82394,0.011741641908884048,0
Q9ZW84:O64565,0.010077673010528088,0
Q9LIJ0:Q9FKQ8,0.011616486124694347,0
Q9LSZ8:Q84TK4,0.010193543508648872,0
Q9FG05:Q9SN85,0.01329469121992588,0
F4I526:Q9FZK5,0.013026273809373379,0
Q9C7E7:Q9CAL1,0.010529761202633381,0
F4I3I2:Q9C683,0.009853336028754711,0
Q9LUR0:Q9C6Z3,0.012465648353099823,0
Q9LMT1:O65499,0.07930269092321396,0
Q9M670:Q8VZK2,0.021439820528030396,0
Q8VY08:Q8GYD9,0.07705175131559372,0
Q9SY57:Q9CAW4,0.010666006244719028,0
O22919:Q8GWY0,0.027100270614027977,0
Q9CAW3:F4IAF4,0.024898750707507133,0
Q8RYD3:Q948R9,0.07349476963281631,0
Q8L8M9:P82735,0.009978157468140125,0
Q9C9Y6:Q9T0B9,0.10941518843173981,0
Q9S9P1:F4JYE9,0.012824425473809242,0
Q84VW6:Q9LSP1,0.010359475389122963,0
Q9XIA0:Q940P8,0.02221781574189663,0
F4JH53:O23384,0.011862991377711296,0
Q8LDS4:Q9CA16,0.010671270079910755,0
Q8LPH6:A0A1P8B1L8,0.3932620584964752,0
Q0WR81:Q9FHD1,0.011153126135468483,0
Q9FX35:O80607,0.010157478041946888,0
Q9SCU7:Q8VYU4,0.07279019057750702,0
Q9S746:Q8S8I4,0.01112708542495966,0
A0A178UFM8:Q9LE56,0.0352802537381649,0
F4K6A1:Q9FF17,0.010723373852670193,0
Q94JM3:Q8L9R7,0.017712434753775597,0
Q9FYR2:Q8S8K8,0.009885040111839771,0
Q9LSI7:Q8RXT5,0.2563591003417969,0
B3H7D1:Q9SVZ9,0.012669773772358894,0
Q8H7F6:O65382,0.01052369736135006,0
Q9LT23:Q9LF70,0.019520727917551994,0
Q9ZP54:Q9SBJ1,0.029678165912628174,0
Q9SHG6:Q2V4J2,0.010009586811065674,0
O49160:A0A1I9LSC0,0.011651337146759033,0
B3H7J2:A0A178VI87,0.009971024468541145,0
Q5HZ48:Q2V3J1,0.010095763020217419,0
Q9LX93:A0A1P8BC48,0.011978693306446075,0
Q9LVW2:Q9SF37,0.04313598945736885,0
P56755:Q9FJ32,0.06905221194028854,0
F4K315:Q9LV95,0.009906644001603127,0
O49420:Q9M2N5,0.0149756520986557,0
Q9LMM6:O24629,0.011381185613572598,0
Q84JG5:Q9FLX9,0.010656050406396389,0
Q8VY91:Q9C8J7,0.01599057950079441,0
Q9CA46:Q8GY60,0.05866689234972,0
A7UL74:Q93ZI5,0.010492225177586079,0
Q93WD7:A0A1P8AW49,0.00994081050157547,0
F4K2D7:Q9SIJ3,0.01083255372941494,0
Q42479:Q84UU4,0.388029545545578,0
A0A1P8BDN2:Q9M9C5,0.02803252451121807,0
Q9SYG4:P49107,0.015654776245355606,0
F4JMX1:Q8LBB7,0.011621298268437386,0
Q0WUZ1:Q9FMV7,0.019211160019040108,0
Q84K51:Q8RWY1,0.09033451229333878,0
O82798:Q9FFK1,0.41787129640579224,0
Q8S944:Q6E297,0.013484626077115536,0
Q94C78:A0A1P8AYX9,0.010118872858583927,0
Q39010:Q9FYC3,0.047150611877441406,0
Q9C564:Q9T0G1,0.01845564879477024,0
Q9SRM3:Q9FH16,0.011968396604061127,0
O23624:A0A1P8B502,0.011996320448815823,0
Q8GXG1:Q9FYE3,0.01268491055816412,0
F4JRF6:Q84JG5,0.010083003900945187,0
Q8GYS0:F4J306,0.009902472607791424,0
Q9C690:Q8GW93,0.04283008724451065,0
A0JQ78:Q9FGR2,0.010315182618796825,0
Q8VYF7:F4KGE8,0.026132619008421898,0
Q93V58:Q67XG0,0.17778293788433075,0
A0A1P8AP43:B3H5T1,0.009938198141753674,0
Q9LND4:Q9FFU5,0.01066362764686346,0
F4JWB9:Q949V6,0.013047978281974792,0
Q94AI6:P93293,0.012462177313864231,0
Q58FY7:Q9ZUM0,0.01689145900309086,0
A0MFS5:F4I8Q1,0.02245298959314823,0
F4JVM4:Q9LNF4,0.01362158264964819,0
Q9SJZ3:F4JLQ2,0.010283670388162136,0
A0A1I9LMB9:F4JJF6,0.01009903009980917,0
Q9LD83:Q9LPC8,0.014417377300560474,0
Q56XU4:Q9LUE5,0.058354701846838,0
Q9M591:F4JTE7,0.011786506511271,0
O23006:F4IA60,0.011017583310604095,0
Q9SN51:Q2V323,0.010529066435992718,0
F4IDQ5:Q6DYC0,0.02570049837231636,0
Q940A2:Q9LMC0,0.014650337398052216,0
A0A1I9LMS4:F4JR37,0.01014134380966425,0
F4IIA9:F4I431,0.009724951349198818,0
Q9LXK2:O80831,0.011647507548332214,0
Q9LXU6:Q9SVB7,0.08867859095335007,0
Q9S9T8:A0A1P8ANC1,0.009960596449673176,0
Q8GW42:Q9FXF4,0.010193653404712677,0
F4J3S1:P0C8A0,0.012417296878993511,0
Q9T034:Q8W489,0.011515602469444275,0
F4I994:Q9LF68,0.010167843662202358,0
Q9C8Q4:F4IBV1,0.011441001668572426,0
Q9FJ67:Q9FLI7,0.009916828945279121,0
F4I6H7:Q9ZVI2,0.01010255515575409,0
Q9LV91:F4KBY0,0.014888583682477474,0
F4J139:Q9SZT0,0.015106427483260632,0
B3H4E1:F4HP86,0.01046634279191494,0
Q9FIT2:Q3ECM9,0.01011818926781416,0
Q9SII8:Q1EBV6,0.4413616359233856,0
B3H6G9:Q8W420,0.11216790974140167,0
A0A1P8AXB7:Q9SKB3,0.010332698002457619,0
Q8H0U3:A1L4Y4,0.011988629586994648,0
D5K228:A0A1P8B415,0.019305918365716934,0
Q9SKU6:Q3ECP9,0.010684492997825146,0
F4JVF4:Q9SND3,0.023169811815023422,0
P33077:Q8L760,0.010574999265372753,0
A0A1P8BF70:Q9FYK0,0.012891009449958801,0
Q9LVS0:A0A1P8B2J0,0.16404913365840912,0
Q0WR66:Q9M1N8,0.014524047262966633,0
A1L4V7:A0A178W4W9,0.01535132434219122,0
Q2V3J1:P93287,0.009788954630494118,0
Q8W4K2:B3H4L2,0.00995409581810236,0
Q8VYR0:Q6NLU2,0.01282589789479971,0
Q8L5Z0:Q08891,0.014528711326420307,0
Q8VZ73:A0A1P8AY68,0.010019917972385883,0
A1L4Y1:Q9SFY8,0.010177770629525185,0
Q9SJZ6:Q3EC43,0.01020343229174614,0
Q700C7:Q9LJF6,0.012065856717526913,0
F4INK3:A0A1P8B3B5,0.009918192401528358,0
Q9C659:Q9LUB4,0.009845308028161526,0
Q9XI36:Q9C690,0.14338700473308563,0
Q8LAW2:Q9M0Y6,0.010954066179692745,0
Q8GWP1:Q9FLQ0,0.010486592538654804,0
Q9LUA3:F4HWD5,0.02512185648083687,0
O65517:A0A1P8B1G7,0.010834946297109127,0
Q2HIV3:O22286,0.904884934425354,0
Q9FMQ2:Q9FMC8,0.027953630313277245,0
F4HYH6:Q9SHS2,0.011000118218362331,0
A0A1P8B3B5:Q9FN50,0.009891726076602936,0
B3H5K9:Q9SKY8,0.01290384866297245,0
F4JTE7:P22953,0.024774501100182533,0
Q9FIS4:Q8W3M6,0.010176352225244045,0
O82394:B4F7R9,0.041305061429739,0
Q9SD25:Q0WVW7,0.010010856203734875,0
Q9SR09:Q9FKP0,0.010572667233645916,0
Q8GW83:Q8L8U9,0.010030734352767467,0
B3H4V9:Q9M9E2,0.01045690756291151,0
O04643:Q9MAM1,0.04623674973845482,0
Q9M811:Q9ZUT5,0.01245437003672123,0
Q9SSM3:Q9ZUN8,0.029942436143755913,0
Q9M2D8:Q9LUP4,0.016904419288039207,0
Q8GY88:F4ID24,0.01065785437822342,0
Q9XIK5:O82197,0.05802103877067566,0
Q9SSM2:Q9ZU97,0.21977555751800537,0
Q67Z52:O04350,0.05253314971923828,0
Q9LST3:O23278,0.01097871270030737,0
Q8S8G6:Q9LUF3,0.013235308229923248,0
Q84RE5:Q9ZPR0,0.011215810663998127,0
Q3E8G0:F4JZU2,0.00985533557832241,0
Q9CAL1:Q8W494,0.010596406646072865,0
B3H6U9:F4JDS7,0.009776582010090351,0
Q8L7W2:O82261,0.016874780878424644,0
Q94K71:Q9LZ97,0.015239681117236614,0
Q67Y99:Q9S745,0.0155210942029953,0
Q67YC0:F4JTD2,0.015898553654551506,0
Q9LXX5:Q9LFV5,0.011008492670953274,0
F4IVN9:B3H635,0.009932421147823334,0
Q9SZG2:F4HYB6,0.009921783581376076,0
Q42381:Q0WUZ1,0.024460365995764732,0
Q9LRJ4:Q9LK55,0.010680408217012882,0
Q9FHD1:Q9CAA4,0.085661880671978,0
Q9ZQR5:A0A1P8ASS6,0.01038025226444006,0
Q9FG85:F4KII1,0.010588015429675579,0
Q84RJ7:P55217,0.012823238968849182,0
A0A178UA35:Q9SV55,0.06571495532989502,0
Q9LHE5:Q9FN84,0.03981657698750496,0
Q9C763:P93024,0.017401184886693954,0
Q93XM6:Q9SN61,0.08384446799755096,0
Q9LIQ9:O80961,0.029015665873885155,0
F4KG91:Q9FKH1,0.08226066827774048,0
Q9SVH3:F4I7E0,0.010263906791806221,0
P94102:O65687,0.04666213318705559,0
Q8RWE7:Q94K71,0.017510641366243362,0
Q9SSP4:Q9FM69,0.01613618992269039,0
Q8LG56:O23647,0.012283767573535442,0
F4HWK0:Q9SKW7,0.010360168293118477,0
Q9SHV5:F4J631,0.015860510990023613,0
Q9M9C8:F4I350,0.011076253838837147,0
Q9LXR9:A0A1P8AXU1,0.010106908157467842,0
Q8LKS5:F4I7Y9,0.02046447992324829,0
Q8LC79:Q9LE02,0.024950804188847542,0
O49687:Q9FGZ5,0.5087519884109497,0
A0A1I9LTJ3:Q8H103,0.022638840600848198,0
Q94A98:Q9LNU6,0.010435073636472225,0
F4J131:Q9CAI2,0.010120774619281292,0
A0A1P8ANS8:O50055,0.010941408574581146,0
F4JAZ8:A0A1P8BG62,0.009885618463158607,0
Q9ZUU7:Q8LFB8,0.009913342073559761,0
Q9FK86:A0A1P8AW76,0.010415910743176937,0
Q8LE26:Q9C5U8,0.025127483531832695,0
Q6XAT2:Q9LTI1,0.014287764206528664,0
Q9LYH4:F4K9Y3,0.009877442382276058,0
B9DFS6:Q9ZUB5,0.57332843542099,0
Q9SK39:A0A1P8ANA9,0.010000179521739483,0
Q9LDF5:A8MQH9,0.014387664385139942,0
A0A1P8AN89:Q9FFE4,0.009890328161418438,0
Q1PE70:Q9ZT17,0.010073154233396053,0
F4KHE3:Q9SS48,0.011275541968643665,0
O64733:Q6NPL8,0.011838708072900772,0
Q8GX25:Q8LBJ0,0.011050097644329071,0
Q94FT2:Q9S9U2,0.04184620454907417,0
Q3EC43:Q9M591,0.010217412374913692,0
Q9FH21:A0A1P8BH47,0.012328813783824444,0
Q9SLA6:A8MQP2,0.010161523707211018,0
Q8LD28:P28148,0.038675256073474884,0
Q9SI63:Q94BN0,0.013808866031467915,0
Q9C555:Q9FLL3,0.010212734341621399,0
Q9FGM9:Q8VZT6,0.019986402243375778,0
Q9LZ86:A0A1P8AQP2,0.010289355181157589,0
Q1G3X9:Q84MA1,0.010470607317984104,0
Q9M2E4:A0A1P8BAT6,0.010745649226009846,0
A0A1P8B3M4:Q94F50,0.01119096577167511,0
Q9ZUM9:Q9LXB1,0.017027610912919044,0
A0A1I9LSZ8:Q9LV81,0.012259133160114288,0
O65499:B3H4R3,0.010837405920028687,0
Q94ID2:Q9FZ19,0.01325750257819891,0
Q9C737:Q9FMV0,0.012071574106812477,0
F4KEN8:Q8LCN1,0.010337096638977528,0
Q570R7:F4JF14,0.057571012526750565,0
Q9LNF4:Q9SY00,0.4340268671512604,0
F4HQX1:Q8L7W2,0.01297213789075613,0
Q8LBN4:Q9LXK2,0.010138379409909248,0
P93293:Q94CJ5,0.010438065975904465,0
Q9CAJ1:O22909,0.012572205625474453,0
O23085:Q8L936,0.011540353298187256,0
Q9FKZ6:A0MFS5,0.03323986008763313,0
Q9M367:Q9STP8,0.03463083133101463,0
Q9SI75:O80396,0.05621138960123062,0
Q9ZQC8:Q94AQ9,0.009896806441247463,0
F4ICS6:F4ISC6,0.010608444921672344,0
A0A1P8BER7:Q8H133,0.009892242029309273,0
Q9SH17:A0A1P8BAW7,0.010002696886658669,0
Q9SF37:A0A1P8B8Y5,0.014126136898994446,0
B3H7G8:Q38824,0.010513857007026672,0
F4JLQ2:Q9FRL5,0.042128246277570724,0
Q9SX26:O64820,0.010856948792934418,0
Q9LXB4:Q9FG44,0.012468354776501656,0
Q9SPL2:Q9LFG4,0.01370741706341505,0
F4HPD5:Q9FK15,0.009867141954600811,0
Q9M073:Q8GYI0,0.01062855590134859,0
F4IAF4:Q9LVD0,0.02548573724925518,0
Q63Z96:Q2V2S7,0.013015356846153736,0
Q8GY60:F4JP79,0.16709871590137482,0
O49586:O49668,0.011965802870690823,0
Q9SK69:Q9C9H0,0.010794321075081825,0
Q9M0N1:Q04614,0.030353045091032982,0
F4KIL1:Q9LUK1,0.011631126515567303,0
Q9LUA9:Q6NLQ4,0.09100299328565598,0
O64820:A0A1P8BB94,0.009822890162467957,0
O48704:Q9SY40,0.010240300558507442,0
Q5HZ54:Q9CAR0,0.2790379524230957,0
Q9FMJ4:Q43309,0.017331864684820175,0
Q9ZV87:F4J328,0.010872386395931244,0
Q9FJ55:Q9SLA6,0.1386689394712448,0
Q0WRX7:Q8RY37,0.014772769995033741,0
Q9FYL8:Q8GWP1,0.010592320933938026,0
Q3EB24:O23337,0.009923211298882961,0
Q9SZT0:D5K228,0.014489379711449146,0
Q5XVC1:A8MRE7,0.00985565036535263,0
A0A384L1W6:O65655,0.2151802033185959,0
A0A178VQ59:Q56XR0,0.014379331842064857,0
Q9LVA2:Q9CAH4,0.010074593126773834,0
Q9M281:Q94EW8,0.009877542033791542,0
F4IZ80:Q9M2C9,0.011084764264523983,0
F4KI39:Q9LU28,0.01271237712353468,0
F4J1T4:P82538,0.009921343997120857,0
F4IT95:A0A1P8APD7,0.010949927382171154,0
Q9LHL7:Q9XFB0,0.15472741425037384,0
F4IXX3:Q9FFJ3,0.03287729248404503,0
Q9M349:Q8VZ65,0.010176543146371841,0
O04719:Q3EDG5,0.05697484686970711,0
Q5XV31:Q9LMN5,0.059301089495420456,0
Q8GYT1:F4JGK7,0.016026116907596588,0
Q9FFS7:Q9LTV9,0.012404247187077999,0
O81025:Q8GT78,0.010926790535449982,0
Q0IGK1:Q9SVG9,0.09447859972715378,0
Q84TD6:Q9LSB2,0.7472178339958191,0
Q8L3Z8:Q8S8T8,0.035409968346357346,0
Q9SU89:A0A2H1ZE93,0.012060179375112057,0
Q3ECM9:Q9ZUZ2,0.018266409635543823,0
Q9SK32:Q9LYQ8,0.08625733852386475,0
Q38822:P56801,0.029708612710237503,0
Q0V7V2:F4JPQ4,0.011310155503451824,0
Q9LNC4:F4J480,0.017577921971678734,0
Q9LYQ9:P0DN97,0.009974794462323189,0
B3H5D1:A0A1R7T3C3,0.009734163992106915,0
A0A1P8BGG8:F4J921,0.009862123988568783,0
Q9LYC9:B9DHA4,0.01450666505843401,0
Q93ZE3:F4HV48,0.010149992071092129,0
Q84WV9:Q94KL5,0.09503467381000519,0
Q9FGY9:F4IR54,0.013336816802620888,0
A0A1I9LQ53:F4I9I5,0.010004859417676926,0
F4J412:F4JXP4,0.0102391941472888,0
P93046:Q94CE4,0.015434369444847107,0
A0A1I9LQA9:Q9LSN5,0.009818336926400661,0
P29382:Q9C6B3,0.02963530458509922,0
Q8L705:Q9SG92,0.010904895141720772,0
Q9LK55:P93046,0.010077052749693394,0
Q9C6K4:Q4VP08,0.011639609932899475,0
P0DN98:Q9LTC3,0.010358638130128384,0
Q8S9J2:P0CC32,0.0334879569709301,0
Q42545:Q9FFC9,0.01085378136485815,0
O49653:Q9SD25,0.010124530643224716,0
Q33884:Q9FUY2,0.01126603502780199,0
F4IYK3:Q9SJE2,0.03584328666329384,0
Q9FFR5:Q94JV0,0.011976341716945171,0
B3H784:Q8VY08,0.03525019809603691,0
Q9LX31:Q9ZU32,0.0114829633384943,0
Q9SX99:Q9FHH5,0.010228872299194336,0
B3H6F7:Q9LW63,0.009991790167987347,0
Q3S4A7:O22230,0.16924051940441132,0
Q9LSW0:F4K719,0.010692785494029522,0
F4HYB6:Q9T0J4,0.010000434704124928,0
A0A1P8ATC7:Q2V397,0.010195492766797543,0
Q9SA07:B3H428,0.010343250818550587,0
Q9SJY3:Q9LT47,0.010400252416729927,0
Q9LN63:F4J6A1,0.2331174910068512,0
Q94K88:Q9LQF0,0.7024356722831726,0
Q8RWT4:A0A1I9LNB6,0.010515964590013027,0
Q9ZVM3:F4J1W7,0.01009449828416109,0
Q9LSR5:Q9LT68,0.012071212753653526,0
F4JTD2:Q94C95,0.1673571914434433,0
F4J3N4:Q9SIC3,0.019721413031220436,0
P92534:Q96524,0.009909738786518574,0
F4ITP6:Q9C7K7,0.010434652678668499,0
Q8H1F8:P48002,0.03304927051067352,0
Q9M0D8:A0A1P8B3C2,0.01031066756695509,0
Q9LJF5:Q9C7M2,0.02774983085691929,0
A8MRE7:Q9LN63,0.010074200108647346,0
Q8W234:Q38957,0.06119059398770332,0
O48529:Q8GY50,0.011759321205317974,0
Q9LSF1:Q9FX77,0.1042514443397522,0
Q945M9:Q9T0A3,0.021167868748307228,0
F4K1B1:Q8L5Z0,0.013405883684754372,0
A0A1P8AUR3:O82190,0.0107231130823493,0
F4JT39:Q66GQ1,0.010256855748593807,0
F4K064:Q8RWW8,0.013079247437417507,0
P94024:C0LGK4,0.010764628648757935,0
F4I0Z2:Q6NKS4,0.012047377415001392,0
F4J7P7:Q8GXG1,0.013655847869813442,0
Q3EDK6:O82320,0.015010575763881207,0
Q8GT78:Q84JN2,0.01009184680879116,0
Q9SPE5:Q9XIA6,0.02087985724210739,0
Q9SL91:P27900,0.04272352531552315,0
Q3ECF9:Q9C8Q1,0.009746027179062366,0
Q9C8J7:O65684,0.010549399070441723,0
Q9FI46:Q9XFH9,0.012344869785010815,0
F4IV34:Q9SB36,0.013138777576386929,0
C0LGL4:Q5S4W1,0.021314634010195732,0
Q9SNA6:Q9SSP4,0.010741322301328182,0
Q6NQM0:Q9SII8,0.05235270410776138,0
Q9FGP1:F4JVA4,0.011315109208226204,0
P82643:A0A1P8AWK7,0.009767507202923298,0
Q9LRQ0:Q6NPF8,0.012225422076880932,0
Q0WV78:Q93VB2,0.011290783993899822,0
A0A1P8AW47:Q9FGF1,0.011309639550745487,0
Q9FRI5:Q39237,0.03835005685687065,0
Q9ZUB5:Q8VWG7,0.4136018753051758,0
Q39253:Q9LY03,0.04141995310783386,0
Q9FXA1:Q9FHZ7,0.01083578821271658,0
C0LGN7:Q8S8P6,0.010625503957271576,0
Q3ED93:Q8GXF0,0.018190329894423485,0
Q9M0C5:Q9C7T2,0.011420530267059803,0
P36428:Q9LF97,0.02011854387819767,0
Q5ICL9:Q42545,0.04227060079574585,0
Q9LZE0:Q8GW42,0.009955265559256077,0
A0A1P8BAW7:Q0WRX7,0.009789645671844482,0
Q0WQN9:A0A1P8BF78,0.030620930716395378,0
F4KHM4:Q8W4C3,0.01299423910677433,0
Q9FX44:Q9C924,0.010172463953495026,0
Q9FMS0:Q9SRD8,0.012363667599856853,0
Q9ZQ85:Q9FE54,0.010689760558307171,0
Q9S7M2:Q67YC0,0.22613239288330078,0
F4JDS7:Q9SY75,0.010032250545918941,0
Q0WQ41:F4JFY6,0.010109050199389458,0
P93005:Q941I2,0.06755711883306503,0
Q9XF04:Q39010,0.010975020006299019,0
A0A1I9LNG9:Q0WVK7,0.009876606054604053,0
Q8LPI7:A0A1P8B280,0.014460059814155102,0
O22287:B3H5K9,0.011856595985591412,0
Q8LGI3:Q9LRN8,0.010295165702700615,0
P11574:Q9LY96,0.01019173301756382,0
Q9FHT6:Q8VZR0,0.01487858034670353,0
A0A1P8B8Y5:A0A1P8B449,0.010060611180961132,0
Q8L6Y1:Q9SRX7,0.028615016490221024,0
Q8LAA0:Q9T070,0.012374634854495525,0
A0A1P8B144:Q9LXX5,0.009753941558301449,0
A0A1I9LLX4:Q9SU89,0.010160311125218868,0
Q8GW17:Q3E9I4,0.010441719554364681,0
Q8VYI5:Q9LZI1,0.014369954355061054,0
Q8VYZ1:F4K627,0.010871918871998787,0
Q9C683:Q949S2,0.009945451281964779,0
Q9M3F7:B3DNP3,0.010054963640868664,0
F4ID96:A0A178WK49,0.013399300165474415,0
F4JQS2:Q8S8Q0,0.010097949765622616,0
A0A1I9LPE3:Q9C749,0.01072677131742239,0
P61843:F4I9X5,0.010031173005700111,0
Q9SGI7:P93836,0.012465568259358406,0
Q9LW77:Q8H1F6,0.017483139410614967,0
Q56YG0:Q9LUC1,0.011380133219063282,0
Q9C7V3:Q67ZB6,0.016918784007430077,0
F4JRP8:Q8GY89,0.020861143246293068,0
P0C899:O48963,0.017768487334251404,0
Q1G3V9:Q6NLU6,0.010309501551091671,0
Q9C8Q1:Q9SB92,0.014833207242190838,0
Q9M2K8:Q93VJ4,0.6256944537162781,0
Q8GYT4:O49586,0.010397880338132381,0
Q9LXK5:Q8GXW1,0.01613147370517254,0
F4JYW4:Q9FDW0,0.009988273493945599,0
O49383:O80920,0.016057247295975685,0
Q9FI02:Q1G3Q5,0.009981805458664894,0
Q9FMN2:Q9SZN1,0.010879148729145527,0
Q94A68:Q2V4I9,0.010237082839012146,0
Q8GZ81:Q1G3L5,0.009824498556554317,0
F4HSA3:Q0WP36,0.013031682930886745,0
A0A1P8BB88:O22877,0.016263773664832115,0
Q9SJG5:Q8H1F8,0.010031296871602535,0
Q1G390:P93732,0.011290225200355053,0
Q681K7:Q8VZ95,0.012540379539132118,0
Q9LZA6:Q1G390,0.011242339387536049,0
Q2V483:Q9FKQ9,0.010004663839936256,0
B3H572:P41151,0.013251013122498989,0
A0A1I9LTC6:Q9ASV6,0.01003393717110157,0
F4KCU5:Q9FUR2,0.04635777696967125,0
O65687:Q8GYP4,0.011343187652528286,0
Q9SVW0:F4I5Q5,0.010448860935866833,0
Q1G3L5:Q9LP03,0.009867236018180847,0
Q9SKT1:Q3ECR5,0.05163196474313736,0
A0A1P8BB94:Q9XI27,0.009977756068110466,0
Q9MA50:Q9FGD6,0.012367538176476955,0
Q2V4A4:F4HPB7,0.009934868663549423,0
Q9S7P4:Q0V7S5,0.019637776538729668,0
Q5XUX8:Q9LI85,0.010185758583247662,0
Q9SUX0:Q8VZ73,0.01133430004119873,0
Q9SQN9:Q8RXH2,0.010811698623001575,0
Q9SYA7:O64645,0.011972865089774132,0
Q9FNZ5:Q0V7S1,0.014920691028237343,0
F4KHR6:F4JG50,0.07362418621778488,0
B9DHT4:F4IJF2,0.011511142365634441,0
Q9LR67:Q0WQA4,0.011533415876328945,0
Q7XA63:Q9S7H5,0.0213788989931345,0
Q8LCH5:Q4PT11,0.011246489360928535,0
O23247:Q9FF54,0.010000929236412048,0
Q9C9R6:Q9ZR13,0.020775960758328438,0
F4JDR1:Q9CAW3,0.010342556051909924,0
Q940F4:O23624,0.010103295557200909,0
Q9LV21:Q2V3C1,0.01387767493724823,0
Q1PDF2:Q9ZUE1,0.010127692483365536,0
Q9LYD3:P29382,0.3311593234539032,0
P82778:Q9LHE5,0.010776146315038204,0
P92550:Q9SMR5,0.014458440244197845,0
O80961:Q39024,0.19610944390296936,0
Q93WB2:F4HVJ3,0.01247186865657568,0
Q7XJJ7:Q9FMQ2,0.014917503111064434,0
Q9FH00:B3H5U2,0.009854517877101898,0
A0A178W7H0:Q9FHS0,0.013421687297523022,0
Q9M338:Q84VG7,0.01860138215124607,0
Q5BPG8:O80535,0.013776055537164211,0
F4IX33:A0A1I9LN10,0.010049250908195972,0
Q5HZ00:Q8RXE7,0.05500602349638939,0
Q9LEZ1:Q8H7F6,0.011776353232562542,0
Q9SQY8:O81788,0.8749410510063171,0
Q84VQ1:F4HRI2,0.35433995723724365,0
Q4V399:Q9C702,0.01247855182737112,0
Q9LXJ0:Q8H0U5,0.013324948027729988,0
Q8L4S3:F4KHR6,0.017208745703101158,0
Q8GW13:O23369,0.010817363858222961,0
Q8RX60:Q0WT24,0.012046183459460735,0
Q9FME3:Q94K97,0.15840934216976166,0
A0A1P8AQ67:Q9LQ28,0.01097537949681282,0
Q8RWY1:Q9LX56,0.021196171641349792,0
Q9LPD9:Q9FGT1,0.03260419890284538,0
Q9ZVI2:Q93YU6,0.010596399195492268,0
F4INA9:Q94AB5,0.010899573564529419,0
Q9SV72:Q9SJN2,0.010313685052096844,0
Q9FMY4:Q9LUJ5,0.010652939788997173,0
Q9FE25:B3H617,0.011468424461781979,0
Q6NMC1:O22683,0.010592837817966938,0
P41151:Q7XJK8,0.4700680673122406,0
Q9T055:F4IST2,0.010920139960944653,0
Q38898:Q9FX44,0.019429149106144905,0
Q9SK53:Q8VYC9,0.38661515712738037,0
Q9CA93:B9DHT4,0.10659945011138916,0
Q8GZ85:O49730,0.010498453862965107,0
Q84JP1:Q9C5W0,0.01717430353164673,0
Q9SGS1:Q9SSS6,0.01043544989079237,0
Q501D5:Q9LXU0,0.010239462368190289,0
Q9S9U2:A0A1P8AUR3,0.022832175716757774,0
A0A1P8BH47:A0A1P8AQT9,0.010086151771247387,0
Q9SCK4:Q1G3U1,0.01020855363458395,0
A0A1I9LQW3:Q5Q0D0,0.009903080761432648,0
O65382:Q39227,0.010181434452533722,0
Q9MAI8:Q9LNC4,0.018474403768777847,0
F4JJF6:F4J8U4,0.010024900548160076,0
Q2V4B2:Q8GYM2,0.01006187591701746,0
Q93YN4:A0A1P8BCA0,0.010370993055403233,0
Q9SUM3:Q7XA71,0.01359538733959198,0
A0A1P8BHB4:F4J865,0.009933114051818848,0
Q9FZF2:A0A1P8AZP7,0.010581600479781628,0
O22264:Q9FJA3,0.028266286477446556,0
Q9M9C5:Q9S9V1,0.02807692252099514,0
F4J687:F4K6Z5,0.01045779138803482,0
A0A1P8AQU8:Q9LJ72,0.009847941808402538,0
Q9M876:Q9ZQR5,0.01563541777431965,0
Q3MV14:Q9M0X0,0.012102531269192696,0
Q96253:Q689D6,0.010844970121979713,0
Q08891:F4I3G0,0.01013112347573042,0
Q9XIH1:Q9S750,0.016854215413331985,0
Q8L7R2:Q1PEU3,0.01517470832914114,0
A0A1P8B4K5:Q4VNZ6,0.0100649893283844,0
F4K8J4:F4HU58,0.010511105880141258,0
A0A1P8AUK9:F4HWT6,0.009921620599925518,0
A0A1P8BBB8:Q1G3B1,0.009828656911849976,0
Q9FI66:Q84JV6,0.0121187474578619,0
Q9SNB8:F4JA50,0.020621059462428093,0
Q9M565:Q9C803,0.010939045809209347,0
F4IRZ1:Q9FVW6,0.013460767455399036,0
C0LGM1:Q9CA92,0.011821852996945381,0
Q9SD80:Q9LK89,0.01010037399828434,0
Q7XBQ8:Q0WVZ7,0.010903566144406796,0
Q9LTJ3:Q9SSD6,0.01110519003123045,0
Q9SZ58:Q0WVU0,0.010304264724254608,0
Q9FGV1:B3H6X1,0.01094883680343628,0
A2RVJ6:Q9ZUE9,0.009945390745997429,0
Q9ZR13:P0CAY4,0.009908953681588173,0
B6EUC0:Q9XI36,0.20192816853523254,0
Q66GJ0:Q84WL4,0.010375162586569786,0
Q9M9H4:F4I7Y6,0.01070154458284378,0
A6QR85:Q9LYC9,0.010713529773056507,0
Q9LZP9:Q8W4F3,0.011090030893683434,0
Q8RWC9:Q9CA73,0.023317499086260796,0
Q9SJ29:F4JRF6,0.03776852786540985,0
Q9SVH8:Q9FIR9,0.011096576228737831,0
Q9SYB1:Q8GX93,0.011400076560676098,0
Q9FL63:C0LGW2,0.796853244304657,0
Q9CAA8:Q2V346,0.009979705326259136,0
Q9LU43:O82812,0.010386530309915543,0
A0A1P8AZA9:Q9FF13,0.012605400756001472,0
Q9FUA4:P35632,0.6254904866218567,0
Q8VXY9:F4INA9,0.010391907766461372,0
Q52K84:Q0WR66,0.01100882887840271,0
O64698:Q8GY72,0.015360305085778236,0
Q9CAP2:Q39214,0.012440870516002178,0
O04027:Q8W481,0.028302812948822975,0
A0A1P8BGC5:Q9FXA3,0.011039464734494686,0
P0CB19:Q9FM64,0.011107881553471088,0
B3H5T1:Q8RX60,0.010029750876128674,0
Q9FG51:Q3C1C7,0.017222139984369278,0
F4IGH3:Q9LI86,0.010537873953580856,0
F4HPM6:B3H555,0.009876254014670849,0
A0A1P8AXR7:Q8LFK2,0.009790618903934956,0
O22230:Q6NNH0,0.16071923077106476,0
Q9FGW7:Q9ZSJ6,0.010235468856990337,0
A0A1P8AZP7:Q5YDB6,0.010409978218376637,0
F4J4N3:O49397,0.22231630980968475,0
A0A1P8AYX9:Q8GXE9,0.010133287869393826,0
F4JYE8:Q9SR00,0.010190851986408234,0
Q7PC79:P27202,0.010983798652887344,0
Q9C9C0:Q0WPR6,0.016418857499957085,0
Q9FWZ3:Q8L7A9,0.01897059939801693,0
Q8LGS1:Q93ZV7,0.01818881556391716,0
Q8L7A9:Q1G3B3,0.01401315163820982,0
Q9SJI7:F4I5A5,0.012384307570755482,0
Q9M274:Q9XI76,0.03129758685827255,0
Q9LQZ5:B3H6G9,0.03753206878900528,0
A0A1I9LT75:F4J131,0.009973003529012203,0
Q9SIC3:Q7X659,0.03406868502497673,0
Q9FHS0:A1L4V7,0.011091180145740509,0
Q9FHB5:Q9S763,0.02038688212633133,0
Q9ZW36:O04204,0.02402585931122303,0
Q9SYK0:Q9SGT0,0.010918202809989452,0
Q8GYP4:F4HQ84,0.012571501545608044,0
Q9SKW7:Q9SVW3,0.009874115698039532,0
Q84JV6:B3H6P5,0.010641234926879406,0
Q9C7K7:O48915,0.010210078209638596,0
Q9ZPV4:Q2V3H0,0.009976599365472794,0
O23647:O82503,0.055568721145391464,0
Q9C8D1:Q9FK47,0.25312066078186035,0
P82538:Q9LZE0,0.010389191098511219,0
F4HSB6:Q9LT31,0.011766066774725914,0
Q1PF16:Q8GW83,0.010674851946532726,0
P46600:Q2V4B2,0.01738828606903553,0
Q9ZWS9:F4KI29,0.013508699834346771,0
Q1G3V0:F4K383,0.01058927271515131,0
Q9M0V4:A0A1P8AXI7,0.02225569076836109,0
O22182:P93300,0.009968863800168037,0
Q9SY74:Q6NQA0,0.016743266955018044,0
Q9LTE4:Q9FZ92,0.010723761282861233,0
A8MQW1:Q96261,0.010525518096983433,0
Q9LPN6:Q9FXA1,0.011523383669555187,0
P40228:A0A1P8B9B9,0.011139635927975178,0
F4KE50:F4HTE0,0.020588336512446404,0
A0A178WK49:O80337,0.02499854564666748,0
F4JYN2:Q9M9A8,0.010556320659816265,0
A0A1P8AVN5:Q8W4C1,0.010165926069021225,0
Q8VY16:Q9STT1,0.019561732187867165,0
Q8L493:Q9XFR5,0.015830880030989647,0
Q9FDW0:Q9ZQ85,0.6310141682624817,0
Q9AT60:O22951,0.01140217762440443,0
F4IFM3:Q9FW50,0.00976791325956583,0
Q8VYN3:Q9C741,0.010239282622933388,0
Q96329:Q8VZS2,0.011404450051486492,0
Q9S7H1:Q5PP39,0.01942976750433445,0
Q9SKI5:Q9LS90,0.04657549411058426,0
F4JX46:Q9AT60,0.014983974397182465,0
Q8RW90:Q9ZPV4,0.011083218269050121,0
P92958:Q93YV6,0.5089476704597473,0
A0A1P8AW49:F4HZB9,0.009913179092109203,0
Q9FN05:Q93YN4,0.010661013424396515,0
F4HT43:A0A1P8BF61,0.009951657615602016,0
Q29PZ2:Q682U6,0.015975160524249077,0
Q2L6T1:Q9SFF7,0.010155921801924706,0
B0F9L4:Q9LZC3,0.03318635746836662,0
Q9STK5:F4HP85,0.010314026847481728,0
Q9CAJ0:A0A1I9LNA0,0.014677399769425392,0
Q9FJ10:Q9S732,0.013694548979401588,0
Q9XFD1:Q9SFV3,0.011002440005540848,0
Q9LUP4:Q38832,0.10695872455835342,0
Q944K3:Q8VZ40,0.02552959881722927,0
Q9LX28:A7XGN8,0.039532363414764404,0
Q9SVG9:O04202,0.37628495693206787,0
F4JZZ1:Q9LYB9,0.026509536430239677,0
Q9STS7:Q9STS7,0.8631153106689453,0
F4I4X9:A0A1P8B735,0.010028857737779617,0
F4ICB5:Q6DST9,0.010663366876542568,0
Q8L7F9:Q6DBN3,0.016046134755015373,0
Q9SSS0:Q6DYE4,0.010769747197628021,0
Q8RYE9:A0JQ00,0.010426211170852184,0
Q2V397:Q940F4,0.009782477281987667,0
Q9M8M1:Q9CA36,0.012474785558879375,0
Q1H5D2:Q9LM46,0.01380300521850586,0
Q940K6:Q9LM24,0.011770163662731647,0
Q9S6Z9:Q9LFM4,0.011069908738136292,0
F4HPB7:Q8L5W8,0.01930936984717846,0
Q9FGF1:Q9FXD3,0.010041750967502594,0
O82190:Q9MAI8,0.010396847501397133,0
Q9T0B9:A0A1P8B6C7,0.010608043521642685,0
Q9S9X7:Q9SVX5,0.07838811725378036,0
F4JBG1:A0A1P8BDN2,0.01199105940759182,0
Q1PF74:F4K6C3,0.013610616326332092,0
Q9LNU6:Q9C584,0.013417941518127918,0
F4K4M9:Q9C6C7,0.011763177812099457,0
A0A1P8B4S5:Q9M9U2,0.01456734724342823,0
Q9CA54:A0A1I9LLE1,0.009978747926652431,0
F4JU69:F4ITP1,0.011155541054904461,0
Q9ZQQ9:A0A1P8BBR5,0.009821840561926365,0
Q9FH86:Q39147,0.010454255156219006,0
O81051:Q8L7F9,0.011078348383307457,0
F4KDK1:Q9LXQ5,0.009999834932386875,0
Q3EC23:Q9SJC5,0.009780215099453926,0
Q93VT9:Q949R9,0.01196474488824606,0
Q8LPR5:Q1PDW1,0.23408837616443634,0
Q9FM80:F4JQS2,0.010686767287552357,0
Q8W497:A0A1R7T3B3,0.01337000634521246,0
Q93VJ4:Q681K7,0.014103147201240063,0
O65924:Q9C878,0.014542783610522747,0
Q7Y220:F4K8J4,0.011075298301875591,0
Q93YN6:A0A1P8ANL4,0.010195612907409668,0
Q6AWW0:Q7X6Y7,0.010968293994665146,0
A0A1I9LQL9:Q9CAN3,0.017311617732048035,0
Q9SHQ5:A2RVQ5,0.038821276277303696,0
P0CG07:P92526,0.00975253339856863,0
F4JBC7:F4I9E1,0.021101299673318863,0
A8MQL5:Q9FKM4,0.010008923709392548,0
O80337:P49177,0.37367066740989685,0
Q39147:O81472,0.015230745077133179,0
Q84JF7:Q3EC19,0.010066918097436428,0
F4JXW9:O23177,0.01020591426640749,0
Q84J91:F4KDY1,0.014580043032765388,0
Q9FGW6:Q9LT23,0.011199052445590496,0
O49627:P56774,0.02366836741566658,0
Q9LY49:O48704,0.010252974927425385,0
B3H641:O23088,0.012586304917931557,0
F4I3E6:Q9LXJ3,0.01647539995610714,0
F4HS78:Q9LSB8,0.010851318016648293,0
Q9ZQP1:Q8H1R4,0.011386512778699398,0
Q6NLU6:Q9SVZ0,0.0182290431112051,0
Q9SIE1:O64866,0.024455977603793144,0
Q9FMZ4:Q84JP1,0.2647692859172821,0
F4IMA4:A0A1P8AQV4,0.00974604394286871,0
Q9FKN0:P0C7Q8,0.011305317282676697,0
Q9FXD3:Q9SIM1,0.009813085198402405,0
Q0WWE3:C0LGM1,0.016170041635632515,0
A4VCL9:O81001,0.0326966755092144,0
F4JEQ6:Q9SVQ3,0.009865324012935162,0
Q9S7U7:A0A1P8B4K5,0.02528524398803711,0
F4JG50:Q9FGP8,0.37937018275260925,0
F4IUX9:Q9LNI3,0.025689858943223953,0
Q9FM77:Q9LZ86,0.011757271364331245,0
Q9CA27:Q84MC1,0.07940132915973663,0
Q9SKH1:Q9S9X7,0.009872878901660442,0
Q39024:Q8L7H8,0.1367126703262329,0
Q9SY40:F4JW44,0.024268055334687233,0
Q8LG89:Q9STG3,0.010415079072117805,0
Q9SGS2:Q5E911,0.0402388870716095,0
Q9FKQ9:Q0WQN9,0.03421943262219429,0
F4KBG4:Q9LXW1,0.012092817574739456,0
Q9LDE2:Q9FJK3,0.32615208625793457,0
Q9FE67:Q9FI44,0.0216386616230011,0
F4I8W7:Q56Y42,0.010373175144195557,0
F4JCI4:Q9FMP0,0.010896335355937481,0
F4IFT7:Q9S9T4,0.010112280026078224,0
Q9LHH3:F4I458,0.01293377485126257,0
Q9FRR1:Q8RWE1,0.01606951467692852,0
Q9C7F0:P56782,0.011620032601058483,0
Q1JPP8:Q9ST43,0.018787002190947533,0
Q9LM48:O81025,0.015527404844760895,0
P48002:Q9C7E7,0.014214885421097279,0
Q67Y04:B3H7H8,0.009885725565254688,0
P20649:Q8GW63,0.011074352078139782,0
Q9C778:Q5PNU3,0.06076373532414436,0
Q94AH2:F4HVS6,0.017535945400595665,0
Q9LF27:Q94B35,0.011010870337486267,0
Q93ZV7:Q9C892,0.009893670678138733,0
F4I7E0:Q8LCH5,0.011118954047560692,0
Q0WVN5:Q8RW90,0.01334074605256319,0
A0JQ16:Q9LYD3,0.016166964545845985,0
P92554:Q38937,0.014734662137925625,0
A0A1I9LTE5:Q0IGK1,0.010081782937049866,0
Q9FFG5:Q5XV54,0.012555837631225586,0
Q9SW23:Q9LF88,0.01249784417450428,0
Q9FMZ3:F4HRC0,0.012272294610738754,0
Q9LSZ5:Q6ID72,0.010225465521216393,0
Q9SKB2:Q9STX2,0.013900287449359894,0
Q38937:Q8RUC6,0.3503757417201996,0
Q9M2R3:Q8L940,0.010252714157104492,0
O64479:Q39103,0.016930246725678444,0
Q8VZE4:Q9ZNV9,0.023728225380182266,0
Q94K91:Q9SCU7,0.03485341742634773,0
Q9SJA6:O80438,0.20448647439479828,0
Q9M2H7:Q9CA54,0.011555555276572704,0
Q8VZN1:Q9SLH0,0.08113306760787964,0
Q9SW40:Q94CC1,0.023926101624965668,0
Q8H1S7:P57681,0.010505294427275658,0
Q9FKA9:F4KBU9,0.011123615317046642,0
Q9LS71:Q8S8I9,0.009946434758603573,0
Q56WD9:Q8W2F3,0.04548189789056778,0
A0A1P8BGI7:Q9LX93,0.010592539794743061,0
P92556:B3H4E0,0.009741032496094704,0
A0A1P8B4M2:Q9FI09,0.01004489604383707,0
F4JWQ4:Q9FGB0,0.36429286003112793,0
Q9FN15:Q8L4M6,0.011388356797397137,0
Q9LTH4:Q8RXG5,0.01455005444586277,0
Q3EDD5:Q9XIN3,0.009931491687893867,0
Q9LZ97:P46014,0.040694255381822586,0
F4I562:Q9FV53,0.01211178582161665,0
Q9FZH6:F4JM51,0.010590620338916779,0
Q0V845:Q9FHY7,0.010186126455664635,0
Q8VYV7:Q8W109,0.0203972440212965,0
F4HZH7:Q8GW13,0.011203354224562645,0
Q9SJN2:F4IQS9,0.010835669003427029,0
P62090:Q9SK33,0.07138549536466599,0
Q9STE8:Q9FRR1,0.011634123511612415,0
Q9ZWA2:Q9FEN9,0.0856042131781578,0
Q9ZSJ6:F4JGI3,0.009956449270248413,0
Q9LVP2:Q6NLR2,0.050151925534009933,0
Q84WK0:Q08AA8,0.016305534169077873,0
Q9M0X8:Q9C6Z4,0.012705442495644093,0
Q9SF89:Q9C7V3,0.012204309925436974,0
Q2UVJ5:Q9LUA9,0.05557548999786377,0
Q8GYD9:Q8S8M2,0.010103556327521801,0
Q9LXV9:F4IXJ7,0.010174241848289967,0
Q9SYK1:Q9LSJ1,0.01011131051927805,0
Q1G401:A0A1I9LMV6,0.009785935282707214,0
A0A1I9LLT6:Q9FGV1,0.015784112736582756,0
F4I499:Q3E9D5,0.010252396576106548,0
F4IIL3:A0A1I9LSP4,0.010490591637790203,0
Q6DR69:Q9LSZ4,0.011036830954253674,0
Q9SM23:Q9LDD5,0.01952548883855343,0
F4JXC7:Q9FNA3,0.016456132754683495,0
Q9M9H3:B3H6F7,0.010131079703569412,0
Q8RW95:Q9M026,0.026862788945436478,0
Q9M026:Q9LDF5,0.024087658151984215,0
Q8GWY0:Q9C995,0.0960565134882927,0
Q8GUT5:Q9SV72,0.010411395691335201,0
Q9FGW2:Q9FV71,0.009986581280827522,0
Q9FJ32:Q9LTX1,0.03897138312458992,0
Q9ZVK9:Q3E918,0.009778089821338654,0
Q56YJ7:Q9M012,0.009932562708854675,0
F4IEB6:Q8GYJ3,0.09802501648664474,0
A8MR93:Q5XEN5,0.011293786577880383,0
Q8GWP4:B3H6K1,0.014837011694908142,0
Q9LXV1:Q9SV88,0.010145298205316067,0
Q8H0Z9:Q39021,0.05273715779185295,0
P27202:Q9FHY1,0.010538074187934399,0
Q8RWC8:Q42440,0.010216695256531239,0
Q9FYL5:Q84JV2,0.011299415491521358,0
F4J5F9:Q9LKI5,0.010131865739822388,0
Q2V4J2:A0A1P8AR64,0.010125905275344849,0
Q3ECR5:Q7XHI9,0.04451167210936546,0
Q8W4C3:Q9S7H1,0.01191589143127203,0
Q9LQT8:A0A1P8B760,0.08236624300479889,0
Q9SL70:Q93Y08,0.022164737805724144,0
Q9LJ51:A0A1P8B801,0.010064895264804363,0
Q8VYC9:Q56YT7,0.013986187055706978,0
Q9LEZ3:Q4F883,0.08131355047225952,0
F4IG46:Q5XVC1,0.010265572927892208,0
Q9C507:Q9FK30,0.010465285740792751,0
Q9FM69:A0A1P8BCC2,0.022263264283537865,0
Q2V328:Q8LBA6,0.01017523743212223,0
Q9LUE5:Q8GY11,0.02484014630317688,0
F4KGE8:Q3E960,0.013839577324688435,0
Q9FFF1:A0A178UXI0,0.024804389104247093,0
P0CAY4:Q8GYL4,0.010083879344165325,0
A0A1I9LQG9:Q8H112,0.010099035687744617,0
A8MQH8:Q9LFD5,0.011699770577251911,0
A0A1P8AM75:Q9FNB9,0.011268717236816883,0
Q8L7H8:Q9STV4,0.08529902249574661,0
Q941B2:Q9LVE9,0.012646021321415901,0
A0A1P8ANB8:Q93YQ0,0.009981854818761349,0
Q9SJJ0:Q84K72,0.35465094447135925,0
Q9LUK1:F4JBC7,0.015023377723991871,0
Q9LFG4:Q9SZ58,0.011123405769467354,0
Q8GXW1:Q5BPP4,0.20557568967342377,0
Q5YDB6:Q9LW84,0.010707921348512173,0
Q5BPF3:Q9FHN2,0.010068620555102825,0
Q08AA8:Q9CAE4,0.01132220309227705,0
B9DGD6:O23006,0.012422430329024792,0
Q38824:Q9S7U7,0.2549338638782501,0
F4KEP6:Q9ZVF4,0.013467532582581043,0
Q9LF88:Q6E2A4,0.012445944361388683,0
Q8GX93:A0A1I9LLX4,0.010426729917526245,0
Q9SKH2:Q9ZNT7,0.0230447705835104,0
Q9LMH6:P36428,0.012506291270256042,0
Q8GY11:A0A1P8ATQ1,0.010000566951930523,0
P92562:Q9FY46,0.012512290850281715,0
Q9LJX2:F4K6A1,0.00985452439635992,0
Q9C9A0:Q9FJN6,0.01987738348543644,0
Q9FH16:Q8GXP1,0.011972088366746902,0
Q8L604:Q3E6S9,0.012028517201542854,0
Q8VYP8:Q9S7I4,0.263662725687027,0
Q8GY06:Q5XET4,0.010779347270727158,0
Q9FI84:Q9C8Z9,0.011267490684986115,0
Q94K21:Q9LSF1,0.010198481380939484,0
Q9LW53:Q8W1X2,0.015899280086159706,0
Q8LG05:Q9LST3,0.1209854707121849,0
Q8L925:Q9C717,0.502236545085907,0
Q93V43:Q8RXU6,0.05950470641255379,0
Q3E9N1:A0A1P8AXR7,0.00998976081609726,0
Q93VH1:Q39023,0.26252642273902893,0
Q9FJ82:Q9LYM3,0.01321491040289402,0
A0A1P8ASS6:F4IG46,0.010996450670063496,0
Q9C7J3:Q9LV52,0.02303430251777172,0
Q9LX56:O80943,0.010505369864404202,0
Q9LF24:Q9SU72,0.01394122838973999,0
F4HWA5:A0A1P8B3I7,0.009758874773979187,0
A0A1P8BB23:F4HR02,0.010527955368161201,0
O64855:Q8GXT3,0.07295014709234238,0
Q9FNP4:Q8L925,0.24974052608013153,0
Q5XV94:O82162,0.012454395182430744,0
Q9FI09:F4KGT2,0.010118645615875721,0
Q8RY65:P17839,0.018737060949206352,0
Q29Q18:O65691,0.009841697290539742,0
Q8L936:F4IQY1,0.009989423677325249,0
Q0WVU7:Q9SVW0,0.01529366709291935,0
F4IB51:Q39261,0.023610593751072884,0
Q9SVW3:Q42377,0.01043104287236929,0
A0A1I9LT28:A0A384L363,0.010365386493504047,0
Q9LZ47:Q42381,0.01330792810767889,0
Q2V2W8:Q8L8L9,0.009851002134382725,0
Q9FFI9:Q9SLJ2,0.010715036652982235,0
Q9FG81:Q8W234,0.024792974814772606,0
Q9M995:Q84RK2,0.011684414930641651,0
Q8LBW4:A0A178VBJ0,0.011947122402489185,0
A0A1P8B280:P56798,0.010048284195363522,0
A0A1I9LT67:O22433,0.009882506914436817,0
F4J480:Q8GY84,0.014560366049408913,0
F4IUT4:F4HYH6,0.014219951815903187,0
Q3EDB7:Q9M0V4,0.010635143145918846,0
Q93Y22:F4K5P6,0.014579534530639648,0
B3H5E6:Q9LYB8,0.010132565163075924,0
Q9FIV5:Q8RWC9,0.11063510179519653,0
F4J1U2:Q9SVH8,0.00989724975079298,0
F4JK43:Q0WSU0,0.010458572767674923,0
Q9MAI5:O22264,0.6616402864456177,0
P93836:Q9FYF9,0.10909181088209152,0
F4JEV5:O23051,0.01066050585359335,0
Q0WR94:A0A178UG69,0.009866759181022644,0
Q8LBZ4:Q9FFG5,0.01123742200434208,0
Q9LSW4:Q9FIX3,0.009900077246129513,0
O22244:F4JYW4,0.009874599054455757,0
Q9LZP4:F4IJR9,0.009764025919139385,0
Q9LK79:Q1PEE4,0.010698867030441761,0
Q9SG92:Q9SJ29,0.047297652810811996,0
Q9SZN7:Q9C763,0.009968605823814869,0
Q9SV88:Q5BPV4,0.011163594201207161,0
Q9FJ08:Q9LVS0,0.013456669636070728,0
F4J328:P0DN93,0.010515211150050163,0
F4K4U5:A0A1P8B2C8,0.010410764254629612,0
Q94AX3:Q9LP37,0.010192498564720154,0
Q8W4F3:Q949M9,0.08952505141496658,0
Q38893:Q6DUW7,0.010420337319374084,0
F4KCL7:Q9C788,0.031075013801455498,0
Q1G3U5:Q9FYF8,0.010111140087246895,0
Q9M9U2:Q9LZE2,0.24611930549144745,0
O65628:Q84TD6,0.12894755601882935,0
Q6IWB2:Q9M349,0.010003025643527508,0
Q66GP9:Q9FMZ3,0.010239514522254467,0
Q9SFF7:Q9SJQ4,0.010445334017276764,0
Q9LN10:O64399,0.03770759329199791,0
Q9C5J8:Q3ECQ1,0.010126014240086079,0
O64565:Q9M073,0.012533607892692089,0
Q9LV27:Q9SUD8,0.016667833551764488,0
Q9SJV6:F4K1B1,0.017706971615552902,0
Q9LQ28:Q9LPE9,0.018466029316186905,0
Q9FFL3:Q5HZ48,0.03599002584815025,0
Q8VY26:Q9LF66,0.016765156760811806,0
Q8LF20:A0A1P8B188,0.01724790595471859,0
Q9LZ82:Q8GYQ5,0.44036349654197693,0
F4I3C6:Q8LCN5,0.010160299018025398,0
Q9LS60:Q9SUM3,0.01202278584241867,0
Q3EBM5:F4KI39,0.010298074223101139,0
Q9T0K3:Q9CAL3,0.011085563339293003,0
O80345:A0A1P8AP43,0.012947916984558105,0
Q9LV88:Q9SUW4,0.010492171160876751,0
Q6IWB1:Q500W7,0.011018194258213043,0
Q0WSU0:Q84JF5,0.02126448042690754,0
O23683:Q9FH00,0.009822690859436989,0
Q8LA53:Q8LB54,0.14562948048114777,0
Q9FFH2:Q9LSI4,0.019022947177290916,0
O04336:F4IP00,0.010449633002281189,0
Q9CAQ2:Q08733,0.05299645662307739,0
F4J2T9:F4J311,0.012163311243057251,0
Q9SIF7:Q94C40,0.03756637126207352,0
Q9LF53:Q9LTE4,0.03905743733048439,0
Q8VZB1:Q06738,0.010135243646800518,0
Q9STL8:Q9T069,0.010175867937505245,0
C4B8C5:Q9LSW0,0.010055908001959324,0
Q5HZ38:Q8VYF7,0.042405132204294205,0
F4K7X9:A0A178W3G2,0.009817209094762802,0
Q8GZA4:O48852,0.01421372126787901,0
Q9SIT7:B3H4X6,0.010607114993035793,0
Q39140:B3H4V9,0.013942350633442402,0
Q9FJV5:Q9SJ47,0.010779915377497673,0
Q2V3K2:Q9FFX0,0.010124925523996353,0
F4J306:Q56YJ7,0.00977188628166914,0
Q9FI57:Q9M9H3,0.00992105808109045,0
A0A1I9LLN7:Q93YN6,0.010736427269876003,0
F4JGI4:Q3E880,0.009853514842689037,0
Q8GW44:Q94ID2,0.09062369912862778,0
Q9FTA3:A4VCL9,0.010326305404305458,0
Q9LZ08:Q9C9F0,0.08032361418008804,0
A0A1I9LNH8:Q9C932,0.010679636150598526,0
A0A1P8B3C0:F4JI85,0.010826107114553452,0
B9UY99:Q8GXP7,0.012756168842315674,0
Q9CAE8:Q2V4A4,0.009954134002327919,0
Q6NPL8:Q9STL8,0.01048449706286192,0
Q9SAF1:Q05758,0.14242450892925262,0
Q5BPP4:Q5XUX8,0.010941699147224426,0
F4I6U7:Q9SZA2,0.011598482728004456,0
A0A1P8B0Q4:Q9LJN0,0.010159439407289028,0
Q5PNU3:Q9FX76,0.011150050908327103,0
F4I7Y9:Q9MBA1,0.01127454824745655,0
O22161:Q8LDN2,0.42044568061828613,0
Q9CAH4:Q8VYP6,0.010781249962747097,0
Q9FK47:Q67XT7,0.026547832414507866,0
Q84K72:Q67XI5,0.012396062724292278,0
Q9C950:Q8S8N3,0.010127422399818897,0
Q9SZN1:Q5S502,0.010263322852551937,0
O82503:F4ICB5,0.06075475737452507,0
Q9LVD3:Q3EC62,0.009940375573933125,0
Q9SH60:Q42606,0.010636456310749054,0
A8MQJ3:Q8L7U4,0.01021538395434618,0
Q6NPP7:Q9FFU3,0.011201716028153896,0
Q3EBB9:Q66GP4,0.010086673311889172,0
O65436:A0A1P8B3C0,0.01033156830817461,0
F4IED7:O04719,0.19700267910957336,0
F4JGI3:Q0V7V2,0.011329148896038532,0
Q38957:O22919,0.023898085579276085,0
Q9FM91:Q9SVH7,0.012679844163358212,0
F4JCN4:Q8S8G6,0.010459545999765396,0
A0A1P8B415:Q9FHA2,0.01829509250819683,0
A0A1P8B449:Q94A68,0.00985834002494812,0
B3H6V9:Q94K21,0.009836375713348389,0
Q9FJ08:Q84X24,0.011043882928788662,0
P82735:Q9LES2,0.010407320223748684,0
F4J306:Q9M903,0.009813502430915833,0
Q9SIF7:Q9C5K8,0.41702404618263245,0
O49545:Q9S9T8,0.011369545944035053,0
Q94CE4:Q9FII6,0.02222461998462677,0
Q9LS46:Q9M237,0.010569404810667038,0
A0A178V0E5:Q9ZUE1,0.011214535683393478,0
Q8H1S7:F4INA9,0.01491568237543106,0
Q9FH16:Q9FLM1,0.01368028949946165,0
Q9FGZ5:F4K6X0,0.013255834579467773,0
Q9SHG6:F4IIL3,0.010463993065059185,0
A0JQ16:Q944Q0,0.022427020594477654,0
O80667:Q9LXK5,0.009859919548034668,0
Q9FW50:Q0WNP3,0.009899637661874294,0
Q9FI84:O80742,0.010316545143723488,0
F4J131:F4HP86,0.010346337221562862,0
F4JSJ6:Q9CA73,0.01039151567965746,0
O49484:A0A178WNP1,0.04996113106608391,0
Q9C690:Q9C6U7,0.015247744508087635,0
Q9SUW4:A0A1P8B5I4,0.010221991688013077,0
Q8LPL5:Q9C9Y8,0.024609535932540894,0
F4JMX1:Q8GXT3,0.021832752972841263,0
Q9FM64:Q84JH9,0.010457519441843033,0
Q683D4:O24617,0.0901830717921257,0
P0C7Q8:Q9SCK5,0.01346084475517273,0
A0A1P8ASX9:O80608,0.010871730744838715,0
Q9C878:Q8L9R7,0.011025271378457546,0
Q9M0V4:Q56XR0,0.050007402896881104,0
O49289:Q8S8M2,0.01020567025989294,0
Q9C636:A0A1I9LPV1,0.01009594090282917,0
O64866:Q6NNK6,0.011470293626189232,0
Q9SAI2:O82533,0.02601141668856144,0
Q9FN68:Q9LYH4,0.01057975459843874,0
Q9LW29:Q8GWC9,0.010827424004673958,0
Q9LSZ4:Q9SGI7,0.010792264714837074,0
O04017:Q9M995,0.07731746137142181,0
Q9FL51:Q8GYL7,0.012087208218872547,0
O65554:F4J551,0.022335363551974297,0
A0A1I9LPV1:F4I499,0.009849750436842442,0
Q9FE25:Q501D4,0.031144801527261734,0
Q8VY62:A0A1P8BBX7,0.013139212504029274,0
Q8LDS4:P92561,0.009841815568506718,0
Q9ZQ36:Q9LM48,0.012495986185967922,0
Q9ZQZ9:Q9M9Q6,0.011699927039444447,0
F4K2R6:Q9FE25,0.16055454313755035,0
Q9FIX5:Q9LX28,0.0851280689239502,0
Q9LVG8:A8MR93,0.0109882652759552,0
Q6IDB0:Q9LZA7,0.01072700321674347,0
F4JX46:A0A1P8BCC3,0.012412753887474537,0
O48890:A0A1P8B3J6,0.010441336780786514,0
Q56YN3:Q2V371,0.010658795945346355,0
Q9SUR9:F4IFM3,0.012042825110256672,0
O81057:F4JZH9,0.10175575315952301,0
F4IQS9:Q9FMQ1,0.010734974406659603,0
F4I3P9:F4JGI3,0.010059989057481289,0
Q9C5W3:Q9LFF2,0.030739301815629005,0
F4KD49:Q9SSC6,0.012230582535266876,0
Q9LTF7:Q9M1Q4,0.25271326303482056,0
Q9LQI6:Q9XFH9,0.12531131505966187,0
Q94F39:F4JYD3,0.01017722673714161,0
Q8GY89:Q93ZY7,0.039332449436187744,0
Q67Y01:A0A1P8AW81,0.011819541454315186,0
Q8L638:Q8W481,0.010148092173039913,0
Q9LSS7:A0A1P8B3B5,0.010738030076026917,0
P92523:Q2V3K1,0.010004150681197643,0
F4JTD2:Q9LU28,0.01876586489379406,0
Q9LVC4:Q8S8N4,0.012485324405133724,0
Q9FFF1:Q9C5C5,0.01862594485282898,0
Q9LTB9:Q8H112,0.013074417598545551,0
Q9S7I4:Q9FX66,0.02754780650138855,0
O22152:Q8GWS7,0.12799160182476044,0
A0A1P8ANL4:Q9LNU6,0.010135799646377563,0
Q8VY27:A4IJ41,0.01195246446877718,0
O49715:Q9FTA3,0.013839724473655224,0
Q8RWC8:O80607,0.009960434399545193,0
Q9SV63:Q29Q81,0.010127129033207893,0
D2WL32:Q9LM93,0.03321469575166702,0
Q9LXL7:Q8L7G0,0.037936802953481674,0
Q9STT1:Q6NLQ4,0.05318029597401619,0
Q9M7T0:Q9M292,0.01302157063037157,0
Q39237:Q9C995,0.6753437519073486,0
Q9M223:Q8GZB4,0.010375804267823696,0
Q6NNK6:Q9FJV5,0.01151450164616108,0
Q3EB28:Q8GWE6,0.015646938234567642,0
A0A1P8ANT6:Q42440,0.015028076246380806,0
Q9SV72:Q6NQA0,0.010517953895032406,0
Q8LDN2:Q9LQ12,0.23137056827545166,0
Q6AWV7:Q93ZM6,0.01205096673220396,0
Q9FPQ8:F4JU08,0.19845929741859436,0
Q9LST3:Q9LW77,0.02545793168246746,0
Q9SN93:Q76FS5,0.01148559432476759,0
Q8VYI6:Q3E870,0.009797612205147743,0
F4I8Q1:A0A1P8ARL9,0.011348639614880085,0
Q9M0I1:B3H4L6,0.010231533087790012,0
Q9LK61:Q8RY65,0.013324998319149017,0
Q58FY7:Q9C924,0.01005430519580841,0
Q9LNW3:O49730,0.0308380126953125,0
Q8LFJ8:Q9LXR9,0.021258076652884483,0
O04719:Q9FJK3,0.40831151604652405,0
Q9SZT0:P93287,0.009899728931486607,0
A0A178VYP6:Q9SVG9,0.5814048647880554,0
F4IX33:Q9LHK9,0.012984052300453186,0
Q58CM8:Q9FLC1,0.30919942259788513,0
Q8LAA0:F4JR96,0.02346649579703808,0
P34795:Q9SJJ5,0.014445689506828785,0
F4J1U2:Q9FI66,0.010712344199419022,0
Q9C702:Q9SZG4,0.010450941510498524,0
Q9FFH2:Q9LSW0,0.01793024316430092,0
Q9C8J7:F4JYQ8,0.016970179975032806,0
Q9S9M7:Q9SKH8,0.010417032986879349,0
Q0WRX7:P56801,0.010097450576722622,0
Q6IDA8:B3H711,0.01021893136203289,0
F4HPL1:B9DFS6,0.012534025125205517,0
A0A1I9LMU1:Q945N1,0.00994649063795805,0
Q66GJ0:A0A1I9LNB6,0.01048965658992529,0
Q9SRD8:Q9FUY2,0.011956076137721539,0
Q8L760:Q93ZZ7,0.009940254501998425,0
Q9M0H9:Q9C8L8,0.009839734993875027,0
B3H635:O81801,0.009836731478571892,0
F4J8D9:Q67Y03,0.00972515344619751,0
O80603:Q9ZUT5,0.01058459747582674,0
A8MQ92:B3H7C4,0.009793003089725971,0
Q9LXK2:Q6DYC0,0.010825305245816708,0
O03982:F4JVV4,0.010921132750809193,0
Q5XV31:Q42606,0.01187731884419918,0
Q9LHP2:A0A1I9LTE5,0.011805398389697075,0
Q6NM39:Q9FLI3,0.17449305951595306,0
F4JCI4:Q8VXZ0,0.015257949009537697,0
Q38937:Q9SHJ6,0.06764837354421616,0
Q3E8B0:Q9SIC3,0.01110047660768032,0
Q9FMJ3:F4J1R8,0.009941677562892437,0
A0A1I9LLL5:Q93VC7,0.013112708926200867,0
O23262:A0A1P8BAY9,0.009826886467635632,0
Q1G3L1:B9UY99,0.014638875611126423,0
Q8GXT3:O64556,0.013617879711091518,0
F4KDK1:P93005,0.011258288286626339,0
Q84M92:P94102,0.23101429641246796,0
Q9LUJ5:Q9LJZ4,0.015166989527642727,0
O04587:A0A1I9LT65,0.009764367714524269,0
Q9ZQ78:F4IV24,0.009933264926075935,0
Q9SV06:F4KIT4,0.011981300078332424,0
Q9FTA3:Q9MAI8,0.010560750029981136,0
Q8LEU9:Q93Y22,0.013915098272264004,0
Q9SK53:Q9C659,0.021268002688884735,0
Q3E918:Q9C875,0.010081698186695576,0
O81323:O22286,0.4024413228034973,0
Q4F883:Q9FGN8,0.015646865591406822,0
F4ID96:A0A1P8AM75,0.010597534477710724,0
Q0WNP3:Q1H5D2,0.010496421717107296,0
P82731:Q9LYV3,0.010146171785891056,0
Q9FJN6:Q9SI42,0.014315987005829811,0
Q9SY40:Q5UBY2,0.06500523537397385,0
Q7XHI9:Q9S9U2,0.8416494727134705,0
F4HQU0:A0A1P8AW70,0.00993558019399643,0
O65387:A0A384L7B9,0.010455473326146603,0
Q9T055:Q9LPJ7,0.010410952381789684,0
Q0WT24:Q5PP39,0.06514743715524673,0
Q9FDX6:Q9SJG6,0.02465777099132538,0
B3H612:Q94C53,0.010247303172945976,0
F4HWL4:F4JHJ3,0.010855748318135738,0
Q681K7:A0A1I9LT34,0.009877156466245651,0
Q45GQ7:Q94K71,0.0128397261723876,0
Q9C6V2:Q9FI57,0.009708031080663204,0
Q9STN5:F4IZ03,0.010145326144993305,0
Q9SYJ8:Q9SIN9,0.017042821273207664,0
F4HZ96:A0A1P8B0Q6,0.009750797413289547,0
F4JS55:Q9XED8,0.012906702235341072,0
Q564K3:Q9SVZ9,0.01685064099729061,0
F4IFM3:Q8L7H8,0.011205675080418587,0
Q9FHB5:Q9FDX6,0.12999022006988525,0
Q9SIM1:B3H7D8,0.01016460545361042,0
F4HTT8:Q67XT7,0.00989490281790495,0
Q8GXC7:Q9FME4,0.010476074181497097,0
F4I8W7:C0LGK4,0.011240636929869652,0
Q93V58:Q9XI57,0.11597379297018051,0
Q9FMU2:Q5XEN5,0.010821628384292126,0
Q8LFB8:Q9LZI4,0.009966752491891384,0
A0A1P8B7F5:Q8LAZ7,0.09514814615249634,0
Q8H1Q1:F4JS55,0.009830066934227943,0
Q9SII1:Q1G3K0,0.011842163279652596,0
P0CC32:F4IY04,0.018170928582549095,0
A0A1P8AXR7:A0A1P8AMV0,0.009911558590829372,0
Q9LZA7:Q9FGT1,0.01006685383617878,0
C0LGM1:Q9LXQ5,0.01089478749781847,0
B3H4G1:A0A1P8ASS6,0.00982681568711996,0
Q9AT60:A0A1P8AYB0,0.010035405866801739,0
Q93ZM6:B3H5S0,0.013549178838729858,0
Q941B2:Q9SQY8,0.054933786392211914,0
Q8RXE7:A8MQR5,0.011450025252997875,0
Q9SKB3:Q9LSQ2,0.010051168501377106,0
Q9M384:Q9SAF1,0.47621679306030273,0
Q9FG05:F4K975,0.013229246251285076,0
Q9LZP8:B3H7A9,0.024073977023363113,0
O64584:Q3EDD5,0.012491630390286446,0
Q9SVZ9:Q9S7H5,0.30293384194374084,0
Q9LN16:Q94K97,0.02169175259768963,0
Q9M1Q4:Q9SZ51,0.012421777471899986,0
Q9C8L6:Q9SHS2,0.010253866203129292,0
Q56FQ1:A0A178WGK2,0.030026141554117203,0
Q9FV49:Q84JG2,0.05036177858710289,0
Q8L8U9:Q9ZW32,0.010322845540940762,0
F4HWF9:F4I540,0.011940553784370422,0
F4KE63:Q9M0C5,0.011837844736874104,0
Q9LUK1:Q9LXW1,0.017444787546992302,0
Q9T0E5:Q9FF62,0.019421998411417007,0
F4KII1:Q9M1F6,0.012288416735827923,0
Q9FIS4:F4K9Y3,0.009766318835318089,0
Q8L844:A0A1P8AW98,0.009861563332378864,0
Q9FZ97:Q9SKH1,0.01008729636669159,0
Q39253:Q8S8K8,0.01024306658655405,0
Q5XVK9:Q8L7L1,0.0175651665776968,0
B6EUC0:Q9FFL3,0.05111842229962349,0
Q9LDY2:Q9ZSK1,0.013423082418739796,0
F4K6Z5:A0A178UJ48,0.014339772053062916,0
Q0V7S1:Q9LMA8,0.18445298075675964,0
Q9SIJ3:Q8LB33,0.031090034171938896,0
F4JP79:Q45GQ7,0.07698623090982437,0
Q0PCS3:A0A1P8ANK5,0.01611279509961605,0
A0A1I9LSP4:Q9LSB8,0.011090761050581932,0
O48852:O49289,0.012028987519443035,0
A0A1P8B4K5:Q64FQ2,0.038271743804216385,0
A0A1P8ARQ1:Q39147,0.009976143017411232,0
Q9FFI9:Q7X6Y7,0.01134237740188837,0
Q9FK47:F4ITL6,0.023710167035460472,0
C0LGN7:Q9LS04,0.01247279904782772,0
Q9XIR8:O82595,0.02784213237464428,0
Q8RXU6:F4I4E1,0.015613213181495667,0
P69834:Q8VYH0,0.011448588222265244,0
F4K1D3:Q9LT23,0.019546782597899437,0
Q9SR01:Q9STY2,0.010717247612774372,0
Q9SB60:P34791,0.03300391510128975,0
Q9MAM1:O22793,0.09381257742643356,0
Q9SCZ0:Q9M0W9,0.010497845709323883,0
Q9C9C0:Q9FMJ4,0.01242258120328188,0
B4F7R9:Q2V346,0.010643575340509415,0
Q9FI94:O80603,0.011012852191925049,0
P92964:A0A178V5Q1,0.010519051924347878,0
Q3E9D5:Q38961,0.02087613008916378,0
Q9SHX3:Q9LYM3,0.009972191415727139,0
Q9SLH0:F4HTE0,0.024655062705278397,0
Q9LF97:Q9SKI0,0.01604733243584633,0
F4JYW4:Q9C8L6,0.009948543272912502,0
P0DKG4:Q9LW63,0.011835080571472645,0
Q9CAI2:Q8L8C2,0.01072277408093214,0
Q5XV40:Q9FXC9,0.010072188451886177,0
F4JSC0:Q42479,0.31855374574661255,0
Q9MAI8:F4KD49,0.010389688424766064,0
Q9SKT0:A0A1P8B4M2,0.010186656378209591,0
Q9STK5:Q6ICW8,0.010822325013577938,0
Q9SV54:A0A178VMH7,0.01202379073947668,0
O81445:A0A1P8AW47,0.02249276079237461,0
Q9CA46:Q9FM91,0.02879207767546177,0
Q8VWJ1:O49553,0.010600747540593147,0
F4HZI8:Q8LAA6,0.01418412383645773,0
F4JBG1:F4JGU2,0.020337780937552452,0
F4IXJ0:Q9ZVI7,0.012599852867424488,0
Q9LMN1:Q39262,0.05288981273770332,0
Q9LT47:Q8L8M9,0.019628318026661873,0
Q9SAK4:Q9LRQ0,0.012139173224568367,0
Q9M038:Q9SFV3,0.011066379956901073,0
Q8L9N1:F4J139,0.06500561535358429,0
F4JY92:F4IB51,0.010902038775384426,0
Q3EC62:P92566,0.009887880645692348,0
Q6DYE3:Q66GP9,0.012411901727318764,0
Q9M670:Q9FWS4,0.011878515593707561,0
Q5BPV4:A0A1I9LSM5,0.009890015237033367,0
O82533:Q5Q0D0,0.010754677467048168,0
Q9LSW0:A0A1R7T3B3,0.016997480764985085,0
Q8W109:Q9LUU5,0.019168352708220482,0
B3H6P5:D3K0M2,0.010544995777308941,0
Q9SI15:O22264,0.3013536036014557,0
Q8GZ43:A0A1P8B3C0,0.017257822677493095,0
Q9LT31:Q8GW63,0.01842346601188183,0
Q9C790:Q6NQM0,0.016489652916789055,0
Q9CA93:Q6IWB1,0.01022251881659031,0
Q39054:Q5XV83,0.009996935725212097,0
Q9LZ73:A0A1P8B3Y4,0.010156584903597832,0
Q9LU86:O80961,0.016730399802327156,0
Q9T0L6:Q9FKQ8,0.014166084118187428,0
Q3ECM9:P49177,0.012403811328113079,0
A0A1P8AUP0:Q9FX35,0.014171219430863857,0
Q9SLB8:Q8GYE6,0.012887057848274708,0
A0A1P8AYB0:Q67ZU1,0.009987713769078255,0
B3H4N5:A0A1I9LMV6,0.01010228879749775,0
Q93YN6:Q9SF38,0.010097798891365528,0
Q9SJG7:A0A1P8AQ67,0.010067990981042385,0
F4JZU2:Q9ZRT1,0.012285809032619,0
O22909:O64479,0.013004928827285767,0
Q84WK0:Q9ZW84,0.018593916669487953,0
P56774:A1L4V7,0.010582088492810726,0
Q9T0J4:Q9SMR5,0.011468861252069473,0
Q8VYA5:F4IIL7,0.03815850988030434,0
Q8H1F8:Q9FJ55,0.030480990186333656,0
D5K228:Q6AWW0,0.011557484045624733,0
Q94CB5:B3H713,0.009993878193199635,0
P93300:F4IA60,0.009906201623380184,0
F4HPM6:Q5HZ03,0.01177497673779726,0
O04663:Q8VZR0,0.011187565512955189,0
B3H4V4:A0A1P8BDE8,0.010010413825511932,0
Q5XV54:F4ISQ7,0.015689924359321594,0
A0A1P8BB23:O82799,0.011630197986960411,0
Q9C5J6:Q9FJ32,0.01503288745880127,0
Q940R4:Q9ZQH3,0.010906455107033253,0
P52420:Q2V4B2,0.010846295394003391,0
Q940A6:Q0WR08,0.009846030734479427,0
Q8GYE8:O82162,0.010814524255692959,0
O23684:F4J0L0,0.010130292735993862,0
Q1G3V0:Q9SY75,0.010266627185046673,0
Q8S9M4:Q7XJJ7,0.010548163205385208,0
Q67YT8:Q8S8E8,0.011425424367189407,0
Q9FZ92:Q9LZ97,0.016536450013518333,0
Q9STP8:Q8GYP3,0.04476221278309822,0
F4HQ84:F4JVB8,0.3382881283760071,0
O65382:Q9LQP3,0.009819179773330688,0
Q00958:A0A1P8BB23,0.010153785347938538,0
Q9LNE6:Q9FH00,0.010796100832521915,0
Q94C53:Q9FI84,0.011429823003709316,0
P56798:Q8H1F6,0.012958030216395855,0
Q9LRQ0:A0A1R7T3C4,0.010268612764775753,0
Q8GYL4:Q9XGZ2,0.012094186618924141,0
Q8RW95:Q9AT60,0.01995682716369629,0
Q8W4D8:Q8LBZ4,0.05026952177286148,0
F4K719:Q9FJ08,0.009777574799954891,0
Q9LN10:F4KGT2,0.01490388810634613,0
Q8RXT5:Q84WK0,0.1305643767118454,0
Q8L3Z8:Q9FL87,0.014761166647076607,0
Q9LYB8:Q9LTS8,0.010826533660292625,0
Q9C8K7:Q39054,0.01956569403409958,0
Q9LZR5:Q9M274,0.029477430507540703,0
F4J551:Q9SK33,0.010411570779979229,0
P82778:A0A1P8AQA9,0.010164822451770306,0
Q84K51:F4KE50,0.029700899496674538,0
Q8S9K3:O23522,0.012700467370450497,0
Q9LS60:Q9FLL3,0.010409427806735039,0
Q8RXD3:Q93WB3,0.011012347415089607,0
Q84J91:B9DGD6,0.013933858834207058,0
Q9LV27:Q8LFA9,0.024076048284769058,0
F4K7X9:A0A1P8AXB7,0.009798727929592133,0
Q9LF34:F4KCZ1,0.010455982759594917,0
Q8VY77:A0A1I9LRC5,0.009816085919737816,0
Q9FHA7:Q9STK5,0.017281103879213333,0
A0MFL4:O22244,0.010359510779380798,0
Q08733:Q9FYM8,0.010716221295297146,0
B3H5W4:A0A178VM33,0.009899938479065895,0
Q501D4:Q9M281,0.010252634063363075,0
Q9ZW21:Q9LUL4,0.13026979565620422,0
Q9CA40:O64645,0.026844456791877747,0
F4I458:Q84JK2,0.389893501996994,0
Q8VZB1:Q9M875,0.011208536103367805,0
Q9SJH2:F4KIL1,0.011914518661797047,0
F4JUM8:O23235,0.00988373439759016,0
Q8W4K2:O82813,0.010399742983281612,0
Q3EDG5:Q94BZ7,0.010693014599382877,0
F4JCH0:O24410,0.023985354229807854,0
Q0WNN6:Q93ZN3,0.010455691255629063,0
Q9LJF5:A0A1P8BD86,0.010621505789458752,0
Q9LEZ3:Q9SPE5,0.15399213135242462,0
Q9C7M2:O82328,0.010277814231812954,0
Q8LB54:Q9LTJ0,0.016558442264795303,0
Q9FYL1:Q9M384,0.16647058725357056,0
Q8VYV7:O80438,0.0387028269469738,0
Q8S8I9:Q6DYE4,0.009843836538493633,0
Q8W4E1:F4J687,0.010243725962936878,0
Q9ZQQ9:Q94CB5,0.010653090663254261,0
Q9LZI2:Q9C7X6,0.018221020698547363,0
Q9SCP4:Q9M670,0.012289737351238728,0
Q8S9J2:B3H4F7,0.010187190026044846,0
Q9LVD3:Q9XIH1,0.01057442557066679,0
Q9SJL5:Q9FMN2,0.012800839729607105,0
F4I386:A0A1I9LMG4,0.009773447178304195,0
Q9ZU32:Q8W2F3,0.030724316835403442,0
Q3E9I4:Q9FHC2,0.010037237778306007,0
Q1G3F1:Q8LG05,0.021357422694563866,0
Q9LJL8:F4J7V3,0.016963621601462364,0
Q9SY57:F4J8R4,0.009900364093482494,0
Q9LNC9:O04336,0.6990166902542114,0
Q9LK52:A0A1P8AUP0,0.023253504186868668,0
F4HVJ3:Q9M2H7,0.013988092541694641,0
Q8H1R4:Q9LV88,0.010466243140399456,0
Q9FYE0:Q9SAK4,0.021678226068615913,0
O64733:P0C0B0,0.013154161162674427,0
Q9M9B3:O65691,0.01184567529708147,0
Q38961:A0A1I9LNE1,0.01100928895175457,0
Q9LUE5:Q8GXS8,0.012703746557235718,0
C0LGK4:Q9M591,0.014967049472033978,0
Q9XID2:B3H5R2,0.009861412458121777,0
Q9C7N3:Q9MBA1,0.011935382150113583,0
Q9LHJ2:Q84JV2,0.010626568458974361,0
Q9LU33:Q9LZR5,0.015014487318694592,0
F4I1S7:Q9LUS3,0.011384956538677216,0
Q9FFK1:Q8GWP1,0.034264203161001205,0
F4HTY0:A0A1I9LNG9,0.009984027594327927,0
Q8W207:A0A1I9LN10,0.011196954175829887,0
Q9FNL4:A0A1P8B017,0.010128787718713284,0
Q9FNB1:A0A178UA90,0.014027992263436317,0
Q84UU4:Q941L3,0.05139301344752312,0
O80575:A0A1P8ATM2,0.010240675881505013,0
A0JQ12:F4IA30,0.010418935678899288,0
F4IEL6:B3H7D1,0.009746055118739605,0
Q9SIS2:B3H617,0.010006080381572247,0
Q9XED8:F4IFT7,0.010796747170388699,0
Q9FIW6:Q56FQ1,0.3505287170410156,0
Q9FRI1:B3H7N2,0.011086872778832912,0
Q9LUA3:Q84JF5,0.04677601158618927,0
Q9LR11:Q39023,0.022877423092722893,0
Q6DR69:Q05763,0.01181086152791977,0
F4JUA6:B3H434,0.009836389683187008,0
O80365:F4I4Q3,0.23925085365772247,0
A0A1P8AR64:Q9SRM3,0.010280461981892586,0
Q8L705:Q37001,0.012178575620055199,0
A0A1P8B9Z0:Q9LW59,0.010131529532372952,0
Q9ZR37:A0A1P8AQK1,0.015269565396010876,0
Q9S750:F4I8F9,0.01379859447479248,0
F4I861:Q9ZVI2,0.009891199879348278,0
Q9ZQL1:Q8W4C3,0.010052051395177841,0
Q9FJK3:O64482,0.01442627888172865,0
Q9FML9:Q8H1R4,0.01057017594575882,0
Q9FE54:Q9LHH3,0.010056565515697002,0
Q84K72:Q9LK19,0.04504726454615593,0
Q9LI86:Q8GXC7,0.011368232779204845,0
P93284:Q9SMN4,0.009723580442368984,0
A0A178V266:F4HWG0,0.013075930066406727,0
Q5Q0D0:Q9FJA3,0.010138011537492275,0
Q67ZB6:O22908,0.010908366180956364,0
Q9FX44:A0A1P8BF81,0.01003741379827261,0
Q9LR67:B3H6P5,0.009907441213726997,0
Q94BZ5:Q8GWA7,0.012026943266391754,0
Q9LFG4:Q9SKM7,0.010057357139885426,0
Q501D5:Q8VZK2,0.027113085612654686,0
Q8L7U4:Q9SV30,0.04100431129336357,0
Q8GYT1:Q9SYQ0,0.017280085012316704,0
Q9LK65:O81788,0.08872238546609879,0
F4HRI2:Q564K3,0.09519540518522263,0
O23627:Q8GXW1,0.0534629225730896,0
F4J1T5:Q9FMR0,0.011155746877193451,0
Q9SDS8:Q8L936,0.05025923252105713,0
Q8GW83:F4JX57,0.009773939847946167,0
A8MQP2:Q9LS48,0.010032035410404205,0
O22783:Q9LER7,0.011139248497784138,0
Q1G3Z3:B3H4U3,0.010131556540727615,0
Q9SY00:Q3E960,0.013154673390090466,0
Q94F50:Q3EBZ0,0.011437724344432354,0
Q6NLU6:Q9FRR8,0.0352364219725132,0
Q6NLQ4:B9DFZ2,0.012428230606019497,0
Q9LHE5:Q6ID72,0.01241151150316,0
Q84JH9:Q9SVH8,0.009967468678951263,0
Q9LJX2:Q9LFD5,0.021541276946663857,0
Q38955:Q39204,0.033916816115379333,0
A0A1P8B1C5:P46601,0.013115673325955868,0
A0A1P8AUX0:Q9C9C0,0.010018090717494488,0
P17839:Q0V7S1,0.017311949282884598,0
Q9LTY8:Q9XIP8,0.010342405177652836,0
Q9STY2:Q8RWC8,0.010100381448864937,0
Q9SZ42:Q8H7F6,0.013214177452027798,0
Q9SAC4:Q9LXP6,0.010159415192902088,0
F4JVM4:Q9LEW7,0.011213661171495914,0
A0A384LJI7:Q9S7T1,0.02511608600616455,0
Q8LCN5:F4KI88,0.010404380969703197,0
Q5XEN5:Q9M0X3,0.010839605703949928,0
A0A1I9LLJ2:Q8LC79,0.011039343662559986,0
Q8S8E8:Q9SGS1,0.01417683344334364,0
Q9FYF8:Q9FN50,0.01027674414217472,0
F4KGE8:Q8GXM1,0.009905626066029072,0
Q9FII6:Q9LMQ2,0.012489432469010353,0
Q9FLF7:A8MQD8,0.01910179667174816,0
Q9SJE2:Q9C7X2,0.01383009273558855,0
Q8GXS8:Q8RY81,0.010404498316347599,0
Q945Q5:Q3ECD0,0.010791138745844364,0
F4I526:O80513,0.0218166746199131,0
Q3E7C8:Q9LPR9,0.010095600970089436,0
Q9SX45:Q84JN2,0.01032903790473938,0
F4JWA1:O81315,0.12833218276500702,0
Q8S8K8:O49715,0.010146329179406166,0
F4K1B1:Q9SST1,0.010834196582436562,0
A0A1P8B188:F4IMQ0,0.029240885749459267,0
Q7X6Y7:Q3EDK6,0.014985817484557629,0
O22877:Q8GY89,0.020039085298776627,0
O81826:A0A1I9LRZ5,0.012314016930758953,0
Q9FUA4:Q9LUR0,0.0662655457854271,0
A0A178WK49:Q9FMZ4,0.07487040758132935,0
Q9C535:Q9SZI2,0.01677856408059597,0
Q9LM14:F4HPB7,0.014174878597259521,0
B3H5K9:Q9LS01,0.012794128619134426,0
Q9LZC3:Q9LTH4,0.028542954474687576,0
Q58G10:F4HYC5,0.011614345945417881,0
Q9SN61:A0A1I9LRR3,0.01030230987817049,0
Q8L8C2:Q9ASP6,0.014745712280273438,0
O80535:Q9CAY6,0.01069414708763361,0
Q8L7W2:Q8GXR6,0.05234512686729431,0
Q9FFG5:A2RVP7,0.012425756081938744,0
Q9SKA2:Q9C803,0.01027511153370142,0
A8MQH8:Q9LPC8,0.011064610444009304,0
Q8GWK1:Q9LIH2,0.011717058718204498,0
Q9LU28:Q0WQQ1,0.020392874255776405,0
Q9C9Y6:Q9ATB4,0.2965598404407501,0
Q93VH1:A0A1I9LSC0,0.014526505954563618,0
Q9SZZ8:F4I9I5,0.009966346435248852,0
Q94K88:A0A1P8AT89,0.0167397391051054,0
P48002:P22953,0.10647034645080566,0
Q5BPE9:Q8GZ81,0.013513557612895966,0
Q9LFD5:P93755,0.11655179411172867,0
Q9LUC1:Q9SJN2,0.014858203940093517,0
Q9C9Z0:F4JZA0,0.02495795115828514,0
Q84JP1:Q8GW42,0.01096301805227995,0
Q9CAH4:Q9ASS4,0.011353789828717709,0
Q9ZVI7:Q1G3V0,0.010066022165119648,0
O82266:Q9S7H1,0.0139774726703763,0
Q8LC42:Q9SN61,0.00987390149384737,0
Q7XJK8:Q9LQI6,0.0535755529999733,0
F4IK40:Q9LVE9,0.0102648651227355,0
Q9SSC6:A0A178WKP3,0.062489259988069534,0
A0A1P8ANB8:Q8GYT8,0.011422660201787949,0
Q9CA16:O49397,0.05610313639044762,0
Q9C6K3:F4KAV2,0.04492825269699097,0
Q941L3:A0A1I9LQW3,0.01036875881254673,0
F4JGK7:F4HWA5,0.010106846690177917,0
Q9FXE2:A0A178VI87,0.011339099146425724,0
Q9STS3:A8MQH9,0.013395088724792004,0
Q6NPL0:A0A1P8AUL6,0.009980956092476845,0
B3H428:F4HZH7,0.009809835813939571,0
O82248:P36428,0.0286247618496418,0
F4JYD3:Q9FGJ3,0.013689490035176277,0
O04590:Q9SG92,0.01192022580653429,0
Q9SYB1:Q9FZ97,0.011077218689024448,0
B3H434:F4HUW0,0.009813039563596249,0
Q9FZK5:F4JG50,0.015195459127426147,0
B3H555:Q9ZR13,0.009884176775813103,0
Q9LHL7:Q39191,0.013634681701660156,0
Q0WPZ7:Q9FH24,0.012280748225748539,0
Q945N1:Q93VH6,0.1411760151386261,0
Q9SK09:Q8GWK1,0.012350155040621758,0
F4HXR7:F4I386,0.010030458681285381,0
A0A1P8B3C2:Q9C6I7,0.009953145869076252,0
Q94EW8:P10798,0.010982460342347622,0
Q0V7V2:Q9C564,0.03957381844520569,0
Q8VWG7:Q5Q0E7,0.01295920368283987,0
O49730:Q63Z96,0.010699110105633736,0
Q56YG0:Q9LHE5,0.013295948505401611,0
Q8LGU6:Q9STR4,0.01974760927259922,0
Q9C9F0:Q0WMN5,0.034006789326667786,0
F4HYC5:A0A1P8AQT9,0.01036149263381958,0
Q9FGP1:Q8VY91,0.010297379456460476,0
Q9LTY9:Q9LMM5,0.013881633058190346,0
P56788:Q9M0N1,0.04805457219481468,0
Q9LSR5:P82643,0.009927744045853615,0
A0A1I9LRZ5:Q9FYC3,0.009986027143895626,0
Q8GXM1:P92564,0.009895959869027138,0
Q9LRJ4:O65514,0.011126145720481873,0
Q9LUI0:Q9FMC2,0.04289789870381355,0
Q3E9V5:Q94AV5,0.009836696088314056,0
Q9SJG5:F4JRN0,0.010091139934957027,0
Q9C9U0:Q9FGF6,0.009964060969650745,0
Q8VXX3:Q84VV3,0.013702988624572754,0
A0A1P8BH47:F4IG46,0.011834105476737022,0
Q680L3:F4K4M9,0.010453601367771626,0
Q9FYB1:Q6NPM7,0.017598411068320274,0
Q9M0W9:A0A1P8BA81,0.01715146005153656,0
Q9LES3:Q9FNB1,0.058557357639074326,0
F4I994:Q2V2S7,0.00974856223911047,0
Q8RXY1:Q9C6T2,0.011091301217675209,0
Q9FYC3:F4I4X9,0.010813471861183643,0
Q9ST43:Q9LNW3,0.6687801480293274,0
Q9M8L4:O80366,0.07424658536911011,0
Q6AWW7:F4I4F2,0.130557119846344,0
Q940Q3:Q2V3W5,0.010216950438916683,0
Q9M051:Q9C535,0.017670312896370888,0
Q9LYF4:P93283,0.01049384381622076,0
Q0WPR6:F4IUG1,0.12304063141345978,0
Q9LTV9:Q8L940,0.22209663689136505,0
Q9M0X3:Q9ZQQ9,0.01003044843673706,0
F4IBY8:Q8L726,0.01063317060470581,0
Q9M0W4:Q3E9I4,0.010098720900714397,0
Q9ZUM9:Q9LW29,0.052457332611083984,0
O82381:Q9FIX3,0.01051419135183096,0
Q9M9H7:Q570M0,0.011541606858372688,0
Q9SL70:Q9FFJ9,0.46124765276908875,0
Q9LQZ5:F4KII1,0.022930031642317772,0
O23088:F4JBG1,0.024122754111886024,0
Q9LIA2:Q9SIT3,0.01393059827387333,0
Q8LKS5:Q9FYE2,0.011408093385398388,0
Q9SUN6:Q9SB60,0.011259506456553936,0
Q9FNY4:F4IT95,0.013018527999520302,0
B3H4E1:Q84RJ7,0.010050492361187935,0
A8MS31:P92964,0.010154168121516705,0
Q9T070:P32746,0.014699219726026058,0
Q9C8F8:Q9ZW35,0.03653884306550026,0
Q8LBB7:Q9XIN3,0.011614961549639702,0
Q9C4Z6:P0CAY4,0.010472050867974758,0
P93024:Q06738,0.019400956109166145,0
Q8VZG1:Q9SL50,0.010145011357963085,0
Q9LK89:Q9C5C4,0.011907588690519333,0
Q9STS7:A0A1P8BBA6,0.010138185694813728,0
F4J5F9:O22164,0.010014950297772884,0
F4HWG0:Q9SRE6,0.011460992507636547,0
Q2V3W5:Q9C9F0,0.010141506791114807,0
Q9T0K3:Q67Z52,0.012754402123391628,0
Q945S8:Q9M907,0.013680361211299896,0
Q9SUS3:F4IY34,0.0730600357055664,0
Q1EBV4:Q04614,0.07702813297510147,0
Q949V6:O49687,0.3807450830936432,0
F4IIL7:Q9LSA5,0.01241842471063137,0
F4JXW9:A0A178W7H0,0.010070374235510826,0
Q5HZ54:O80667,0.01162373460829258,0
Q9XID1:O48890,0.010983172804117203,0
Q93Y22:Q9LV95,0.010415305383503437,0
Q6DYC0:Q9FYK0,0.016357937827706337,0
O04643:O80535,0.01079221535474062,0
F4JYP3:F4IEB6,0.170742467045784,0
Q93VA3:Q3ED38,0.01222335547208786,0
Q3EDK7:Q9C6K3,0.01264047622680664,0
Q9FE22:B9DHA4,0.1328422725200653,0
Q9SJW0:O80943,0.028911471366882324,0
Q9LUF3:Q9CAT6,0.034876178950071335,0
F4IS76:P43298,0.010727528482675552,0
Q7FRS8:A0A1P8B013,0.010159461759030819,0
O23235:Q9FZK5,0.010013388469815254,0
O65499:O49698,0.01911521889269352,0
O22286:O49383,0.027860363945364952,0
Q8L604:A0A1P8BHB4,0.009816370904445648,0
O24629:Q9ZQA3,0.010624266229569912,0
Q9C6C7:O81826,0.025998979806900024,0
A0A1P8AUR3:Q9SKL6,0.012245826423168182,0
F4IVU1:Q9LQ74,0.009985123760998249,0
Q9LNI3:Q9SY40,0.020039787515997887,0
F4J5D3:Q9SN25,0.024074319750070572,0
Q9FGS3:Q9C8Q1,0.010155186988413334,0
F4I3C6:F4J7G5,0.010261910036206245,0
Q42545:Q93ZN5,0.01025406178086996,0
P27323:F4JCN4,0.012578059919178486,0
Q9FEN9:Q58CM8,0.12362437695264816,0
Q9SQY8:Q9FN33,0.034847237169742584,0
Q9STV4:Q9ZPH4,0.1275591403245926,0
Q6NLR2:Q84TH4,0.03324918821454048,0
Q9SGT0:Q7FRS8,0.014627990312874317,0
Q9LVS0:Q9LF27,0.1227816566824913,0
Q0WSX8:A0A1P8B2N5,0.011456242762506008,0
Q9SL50:F4JYN2,0.009941749274730682,0
A0A1P8AZN3:Q93XM6,0.028444886207580566,0
Q94EJ3:Q6NPP7,0.011585935018956661,0
A0A1P8ATQ1:Q9LIJ0,0.00997698213905096,0
F4J865:Q8L603,0.011398904025554657,0
Q9SHQ9:A0A1I9LMU1,0.01023394800722599,0
Q9XGN1:Q9LYQ9,0.04730857536196709,0
Q39227:Q9XHZ8,0.04479442909359932,0
Q8VXY9:Q8W4R7,0.012451265007257462,0
Q9LVC3:Q1G3B1,0.011654972098767757,0
Q9SPI1:Q9LJN1,0.1304827183485031,0
Q5ICL9:F4IG63,0.5736997723579407,0
Q9XFD1:Q1PDW1,0.011032548733055592,0
Q9FIG9:Q9FID7,0.010399586521089077,0
F4KHM4:Q1G379,0.009953416883945465,0
F4HP86:P37107,0.02081255055963993,0
F4JGI4:P0C7Q8,0.012771409936249256,0
Q84VV3:B3H7G7,0.009902821853756905,0
Q1PF16:Q9LVM2,0.014113939367234707,0
Q9FLQ0:Q9SV55,0.011559669859707355,0
Q9C8Q1:Q9C7V3,0.010015074163675308,0
Q9XIA0:Q6NMC1,0.010794097557663918,0
Q6IWB2:O23624,0.009861649945378304,0
P92534:Q8GY72,0.009910906665027142,0
Q9LX28:Q9LFE3,0.02650502137839794,0
Q9ZQR2:Q9C8F8,0.010350161232054234,0
A0A1I9LQ53:A0A1P8BAJ1,0.01713799498975277,0
Q39193:Q9C5V6,0.25771018862724304,0
Q8GW43:Q9CAN3,0.05048779770731926,0
Q8L403:F4JA77,0.01025315560400486,0
F4HZ54:P17839,0.09859079867601395,0
Q9SJI7:B3H6K5,0.010688683949410915,0
Q9LNZ0:Q9LW53,0.044494517147541046,0
Q9FHY7:F4JWQ4,0.01259886659681797,0
Q39079:Q39021,0.21958887577056885,0
B3H7A9:A0A1P8AYJ3,0.009902399964630604,0
P0C899:Q9C950,0.01435075979679823,0
Q9LZX2:Q9LV91,0.013659730553627014,0
Q9SI75:F4IR54,0.013537359423935413,0
A0A1I9LMX5:Q9SU67,0.0107320761308074,0
P56782:F4HYC8,0.010350247845053673,0
O80607:Q8LE26,0.010140619240701199,0
F4KDS0:Q9SRS1,0.010084711015224457,0
Q8GYP4:Q9T0L6,0.01033619325608015,0
A0A1P8B4S5:Q0WVZ7,0.00991481076925993,0
Q0WRE7:A0A1P8B415,0.010095720179378986,0
Q8RY81:Q9FMV7,0.015972068533301353,0
F4I562:Q949X1,0.011153744533658028,0
P36428:Q9M0V4,0.011195376515388489,0
Q8LAV5:F4IQ29,0.059015221893787384,0
Q94AX4:C0LGM1,0.014999252744019032,0
Q9C5W0:Q9FMP0,0.012034443207085133,0
Q9LNF4:P38418,0.06228252127766609,0
Q941L2:Q3ECM9,0.01009933091700077,0
Q56YQ1:F4I8H8,0.009951682761311531,0
O48963:O80958,0.012073718011379242,0
Q38822:Q8L4N1,0.25991591811180115,0
Q0V7X4:Q06AN9,0.038979727774858475,0
Q8GXB7:O22230,0.0169148501008749,0
Q9FHF5:F4J921,0.009980488568544388,0
Q9SZ51:Q9SRX7,0.010957288555800915,0
Q8LGI3:Q5PNU3,0.019752515479922295,0
F4KDY1:Q9SF52,0.010709116235375404,0
Q9LT89:Q8RYD3,0.8040754199028015,0
Q9ASQ2:A0A1P8B5H9,0.010111210867762566,0
Q9SW23:Q9FJ33,0.010514609515666962,0
Q9SUM3:Q8LA14,0.01027099322527647,0
Q9AR07:A0A1P8BER7,0.010443051345646381,0
Q9SZG2:Q9LF24,0.011942178942263126,0
Q9LFV5:O82760,0.0200502872467041,0
F4HS78:A0A1P8ANL4,0.010049271397292614,0
A0A1I9LQL9:Q93VT9,0.010110137052834034,0
O80961:Q9LP80,0.011715343222022057,0
F4JUQ2:Q8GXV6,0.010017531923949718,0
A0A1P8BG25:Q9ZVM3,0.01034367736428976,0
Q9S829:F4K329,0.010386602953076363,0
O23624:O80634,0.010248228907585144,0
Q9LFL7:Q9SMP0,0.043715815991163254,0
F4IST2:P57751,0.015421110205352306,0
O65665:Q9FHA7,0.6769551634788513,0
B3H7C4:Q9M8Z7,0.010599350556731224,0
P93005:Q93ZN4,0.010602392256259918,0
Q94JL3:Q94FT2,0.0427054725587368,0
P92556:O49608,0.010542801581323147,0
Q2V4A4:Q9LNT9,0.012819257564842701,0
Q9T075:Q9SL91,0.017694812268018723,0
Q0WMY5:P56784,0.009975582361221313,0
Q5Q0I0:Q3MV14,0.011296603828668594,0
P92564:Q1PFS7,0.009816852398216724,0
Q8GXY9:Q8LF89,0.01036034431308508,0
F4JU08:Q9FML2,0.057782527059316635,0
Q8LGG0:Q9S7P4,0.011020254343748093,0
Q9LIL5:P46897,0.04754967615008354,0
O64837:O23006,0.012002946808934212,0
Q9M1J0:P26288,0.012322554364800453,0
Q84TD6:Q1G3B3,0.01352775376290083,0
Q9C803:Q9ZT17,0.012105914764106274,0
Q9ZWC5:A0A1P8AXS6,0.014957201667129993,0
Q9SQN9:F4IIA9,0.009943755343556404,0
A0A1P8B013:Q8GW46,0.011062629520893097,0
Q9LW60:Q9SY17,0.010992147028446198,0
Q9FV53:Q9LPN6,0.013141708448529243,0
Q8GT78:Q9SXA9,0.01014071423560381,0
Q9SSM2:Q9SZE0,0.011098640970885754,0
Q9XEC1:A0A1I9LMX5,0.010328232310712337,0
Q1PE51:Q9M2N5,0.032301560044288635,0
F4K1C7:Q8VWK4,0.10882896184921265,0
Q06738:Q9SJZ6,0.010437365621328354,0
Q9SII9:A7XGN8,0.02848725952208042,0
Q84R17:F4JG03,0.014076371677219868,0
Q9FIR9:Q9CA27,0.1721010059118271,0
Q56XM9:Q9SIP9,0.010091952979564667,0
Q9C7X2:A0A1P8AW76,0.01411068718880415,0
Q8GWW7:A0A1P8ANS8,0.010061404667794704,0
Q8GWV0:A0A1P8B2J0,0.027984345331788063,0
F4K6C3:Q9FIW6,0.011278103105723858,0
Q93VT9:Q93Z27,0.03050595335662365,0
Q67XT7:Q9LQ28,0.032323211431503296,0
Q9FY90:F4ITP6,0.03718619421124458,0
Q9XI46:Q8RWG0,0.016189439222216606,0
Q9M0Y6:F4IT83,0.010408340021967888,0
Q9SI57:Q9FG81,0.010201799683272839,0
Q9ZR09:A0A1P8BF70,0.015143412165343761,0
Q0WNX3:Q9M9Y4,0.1137533187866211,0
Q9FG97:Q9LSR5,0.011420167982578278,0
F4JUF8:P35632,0.011608503758907318,0
A0A178UA35:B3H6G9,0.01663450337946415,0
Q94CJ5:Q9LU43,0.010551270097494125,0
Q94JT5:Q9ZUK9,0.01026041992008686,0
Q9LV88:O48788,0.011190238408744335,0
Q9SU89:Q39162,0.05099468305706978,0
Q9SF38:A0A1P8AY68,0.009856058284640312,0
Q9C7V3:F4I9V0,0.01035227905958891,0
Q8H0V1:B3H6X1,0.010084554553031921,0
Q94K21:Q1G3F1,0.009818746708333492,0
Q9ZVI2:Q9FJH9,0.01180250383913517,0
Q9SJ47:O04254,0.00975772924721241,0
F4IDQ5:Q84UU4,0.01575329899787903,0
Q39138:Q9M8T3,0.015483498573303223,0
Q9SZN1:A0A1P8B1G7,0.010057489387691021,0
Q9FJL3:Q9C843,0.014722018502652645,0
Q0WT61:Q8RWT4,0.011254060082137585,0
Q9LQF2:Q9ZUN8,0.20754750072956085,0
F4IMA4:P27323,0.011007591150701046,0
Q9M8T8:Q8VXX4,0.01461710687726736,0
Q9SVQ3:Q9S7I4,0.01255931705236435,0
Q58G57:Q9T055,0.010164463892579079,0
F4K4X2:Q9M2Q2,0.010224124416708946,0
Q8LBZ4:Q84VQ1,0.020693892613053322,0
P32068:F4IDQ5,0.010507906787097454,0
Q3EBI7:Q9M1V3,0.011670270934700966,0
Q9LPD9:Q2V3J1,0.01009594090282917,0
Q9LUL4:Q9M2C9,0.020567921921610832,0
Q84TH4:Q3EDK7,0.010264280252158642,0
A0A1P8APR3:Q9ZRA2,0.010042336769402027,0
F4JDL5:A0A1P8B760,0.010129268281161785,0
Q8H103:Q1EBV6,0.060046445578336716,0
F4JYE9:F4J3S1,0.010727225802838802,0
Q9C6U7:O80568,0.011153056286275387,0
Q93VB2:Q9C790,0.031101960688829422,0
A0A1P8BDN2:Q940P8,0.019884461537003517,0
F4HU51:A0A1P8BGI7,0.011698208749294281,0
Q9SFY8:F4KHE3,0.009912215173244476,0
Q9LT25:F4J3N4,0.020611802116036415,0
F4J4P1:A0A1P8AXR7,0.009836368262767792,0
Q9FRL5:A8MS31,0.010878409259021282,0
Q9SFG3:Q9SQZ9,0.032403018325567245,0
F4J3Z2:F4K725,0.011773298494517803,0
Q9LW63:Q9CAE8,0.01020116824656725,0
A4FVP6:A0A178V266,0.3467806279659271,0
Q05466:Q9S9P1,0.13743016123771667,0
Q1G385:Q9SSM3,0.009960065595805645,0
F4IQ29:Q9M0H9,0.01038121897727251,0
Q9ASP6:Q9C771,0.10447001457214355,0
Q9ZQ68:F4I7Y9,0.025698674842715263,0
B3H6X1:Q940H5,0.009784288704395294,0
Q8GYE6:O64837,0.010055058635771275,0
Q9ZSJ6:Q9LSJ1,0.010090709663927555,0
Q8VYH0:Q9SH17,0.011090485379099846,0
Q9LSZ5:O49420,0.011420965194702148,0
Q9LM48:F4JXW9,0.012060354463756084,0
F4I4F2:Q8LDV4,0.03706855699419975,0
O22846:Q9SX99,0.01024959422647953,0
Q9FHL9:Q8GUT5,0.010704039596021175,0
Q9M292:Q9FRL5,0.03328956291079521,0
Q1H5B1:Q9FKQ9,0.01114968303591013,0
Q9CAL3:Q9SZG2,0.01068119890987873,0
Q8GWE6:A0A1P8AVN5,0.010296979919075966,0
F4JH53:O82248,0.06828638166189194,0
Q8H112:P93009,0.010921405628323555,0
Q9FKU2:Q9SY57,0.010223671793937683,0
Q8H1Z0:Q94ID2,0.014024338684976101,0
A0A178UG69:Q9ZQL1,0.01073132362216711,0
Q8RXG5:Q9CAP2,0.011538655497133732,0
Q9SS87:F4HU58,0.01444321870803833,0
Q9SJY3:Q9LE56,0.010174084454774857,0
Q9SIT3:Q9M0C2,0.010341605171561241,0
Q9FHW2:F4KEP6,0.09746700525283813,0
Q9LMC0:Q9SAU9,0.010984695516526699,0
Q6R053:Q9FMQ2,0.17180238664150238,0
Q9FI09:Q9SJV6,0.010320453904569149,0
Q9M281:Q9FIT2,0.009983079507946968,0
F4IY04:Q58G10,0.030862022191286087,0
F4J379:P62090,0.011133133433759212,0
Q9LPW6:O81127,0.06410301476716995,0
O04336:Q9LXV2,0.6608550548553467,0
A0A1I9LSC0:Q9FGR7,0.010300287976861,0
A0A1P8AQV4:F4JCH0,0.009822042658925056,0
Q9SEZ6:Q9SVZ0,0.01363702118396759,0
Q9C5C4:Q1G3L5,0.010172395966947079,0
F4JRN0:Q9FI09,0.01010242011398077,0
O82659:Q9MAN1,0.4943666458129883,0
Q9FRS4:Q9FYF8,0.01015493180602789,0
Q93VH6:Q9ASW4,0.5617084503173828,0
Q0WR66:Q9LSM5,0.01385009940713644,0
O82813:Q9SUR9,0.010783697478473186,0
Q9LU05:P0DH85,0.012925240211188793,0
Q9FFJ3:O49627,0.056727707386016846,0
F4K250:Q9LZ08,0.031778525561094284,0
Q2UVJ5:Q8GYL4,0.012375257909297943,0
Q6E297:A0A384L1W6,0.024200960993766785,0
Q9LV38:Q67Y01,0.010477536357939243,0
Q8VZQ8:Q9C9R6,0.01910063810646534,0
Q9LSN5:A0A1P8B3M4,0.012134996242821217,0
Q39024:Q94F04,0.06980343163013458,0
Q9ZVK9:Q9LQ83,0.010087261907756329,0
Q9FE67:Q94K91,0.018628712743520737,0
Q9FZH9:F4I806,0.011972404085099697,0
F4HWA5:O64733,0.010384216904640198,0
F4KD71:Q39138,0.018161235377192497,0
Q8RXY0:Q8W420,0.10975098609924316,0
Q9LJL6:Q9LDY2,0.01486921589821577,0
Q9LT68:Q5Q0I0,0.011081794276833534,0
Q6NQA0:Q0WRX7,0.010433901101350784,0
Q8LBA6:Q5E911,0.013276730664074421,0
Q8VYD6:Q9XFR5,0.01626523584127426,0
Q5W9E7:Q8L981,0.01396167278289795,0
Q94BN2:Q9LMK5,0.017265692353248596,0
O23157:A0A1I9LSZ8,0.010351172648370266,0
Q9LZD1:A0A1P8B6A7,0.01053829025477171,0
F4IFT7:Q1G3Q9,0.010229292325675488,0
Q9FK30:Q41916,0.010880984365940094,0
Q9SND3:Q9MAI5,0.45023393630981445,0
Q9ZPV4:Q38850,0.021667568013072014,0
F4JKZ9:Q9SVD1,0.010694170370697975,0
Q8L8M9:Q8GZA4,0.011740441434085369,0
Q9CAW4:Q9ZUU2,0.012124022468924522,0
O24606:Q9C9T4,0.013145041652023792,0
Q4VP08:Q689D6,0.010119748301804066,0
Q3ECU8:A0A1P8AS86,0.01451676245778799,0
B9DFU2:F4JUQ2,0.010300854220986366,0
Q9SU34:Q9SUC0,0.01240925770252943,0
O23177:P21238,0.01275231596082449,0
Q8GXW1:Q08298,0.027204841375350952,0
P21238:Q940A6,0.010432727634906769,0
A0A1I9LN10:O81000,0.010089448653161526,0
Q9FFR6:Q9SJ29,0.010773787274956703,0
Q6NNH0:O22152,0.23927727341651917,0
Q9SVW0:F4IRC9,0.010643444024026394,0
Q9FMR0:Q682U6,0.011333459988236427,0
Q9FYE2:Q9SZT0,0.010143126361072063,0
F4J139:Q8LCN5,0.011716104112565517,0
F4J956:Q9CA93,0.009984060190618038,0
P29381:Q9LZD1,0.01184848602861166,0
Q8VZR0:Q8RXK3,0.01066655945032835,0
Q94CL6:F4K2R6,0.013746188953518867,0
P93293:Q9SYA7,0.010404618456959724,0
Q949X1:Q9LZI7,0.010377330705523491,0
Q9T028:Q9ZQ78,0.009901375509798527,0
Q9LHK9:B3H670,0.010419118218123913,0
Q9LVA2:Q9SNA6,0.009938164614140987,0
Q9M282:Q1G401,0.009723099879920483,0
Q940H5:Q9M2W0,0.010604406706988811,0
F4JEQ6:Q9SUZ4,0.009843786247074604,0
Q84JE8:Q1G3U5,0.010396003723144531,0
Q1H5D2:Q93WA2,0.009840689599514008,0
A0A1P8BF06:Q56XM9,0.009863952174782753,0
O64717:B3H5T1,0.009967788122594357,0
F4HYA7:Q3EC92,0.009946601465344429,0
Q9FIZ1:Q8GXI9,0.011416993103921413,0
Q9SK39:Q29Q74,0.010501581244170666,0
Q9FJ55:Q9FIR9,0.2323581427335739,0
Q6DBN3:P20649,0.010567673482000828,0
Q9SXP7:P0C899,0.011306515894830227,0
O22161:F4K4X2,0.012026728130877018,0
Q9ZSK1:A8MQL5,0.010179685428738594,0
Q9LT09:Q6NLU2,0.018886936828494072,0
Q9M2D8:A0A1P8B2W3,0.010230130515992641,0
Q9M8Z7:A0A1P8AP43,0.011432616040110588,0
Q9LHI5:Q8RU59,0.021051675081253052,0
Q9LUU5:A0A178UN96,0.010380175895988941,0
F4ICS6:Q9LVG8,0.031096965074539185,0
Q56YJ7:Q96251,0.00982743501663208,0
Q9SKI5:Q9M565,0.024006789550185204,0
Q9SYG4:Q8L467,0.2910536825656891,0
Q9S7U7:Q9LIB5,0.1026424691081047,0
Q9FKF5:Q2V3Z5,0.010015894658863544,0
Q9ZPY1:Q9C5W0,0.014657760038971901,0
F4I9U3:Q93ZB0,0.00997027289122343,0
Q9XIQ9:Q1PE70,0.010163783095777035,0
Q84TH8:Q9FKC5,0.010958866216242313,0
B3H646:B3H779,0.009738978929817677,0
Q9LI85:Q9SEZ6,0.010859198868274689,0
Q2V4J8:Q680Q4,0.0100443996489048,0
F4J412:Q8H0W0,0.009880001656711102,0
Q8H133:Q2UVJ5,0.017173344269394875,0
Q9LW77:Q9M282,0.009893256239593029,0
O80438:F4JSC0,0.11130905151367188,0
Q5UBY2:Q9C763,0.012478749267756939,0
Q944Q0:Q9CAQ2,0.08535541594028473,0
Q9FHC2:F4J4P1,0.01038255263119936,0
Q38833:Q9ZWA2,0.013491007499396801,0
F4JBC7:Q7G8T1,0.022778814658522606,0
Q9LMT1:Q1EBV4,0.44885095953941345,0
Q9ZUK9:Q8H0V1,0.010567809455096722,0
O64698:Q9LYE2,0.015211920253932476,0
P0DKI6:O82503,0.03775329142808914,0
Q9M2E4:Q2HIV3,0.05489030480384827,0
F4JHJ3:F4JEQ6,0.009746766649186611,0
A0A1I9LNE1:Q8W489,0.01001095212996006,0
Q56XU4:O49545,0.01408056914806366,0
F4JEV5:Q94AG2,0.012107251212000847,0
Q8VZP4:O04294,0.34215646982192993,0
Q9M0C2:Q9LZQ2,0.01027457881718874,0
Q93Z27:F4IZ80,0.014278647489845753,0
Q9T0A4:F4JY74,0.009853719733655453,0
Q9LQT8:Q9LKI5,0.08418911695480347,0
Q9FMK7:O48529,0.012154652737081051,0
Q9C749:P92518,0.01011427491903305,0
Q9SSS6:Q9FJ67,0.009886938147246838,0
Q3EDB7:P82795,0.010022169910371304,0
Q9SZA2:F4IUT4,0.07657189667224884,0
Q58FY6:Q9SN12,0.04106643423438072,0
Q9C942:Q9FXA3,0.018118584528565407,0
B3H4T5:Q5W9E7,0.010227584280073643,0
F4IR54:Q9FXA9,0.010541987605392933,0
Q93VQ6:A0A178W169,0.010592893697321415,0
B0F9L4:F4I2R3,0.023891648277640343,0
Q7X9H5:F4HWK0,0.010877499356865883,0
Q08AA8:Q9LK55,0.010040774010121822,0
Q8L6Y1:Q8S8R6,0.030981985852122307,0
Q9M9A8:Q7Y211,0.010322608053684235,0
Q2V346:F4JDR1,0.009945844300091267,0
Q5XV94:B3H432,0.010543341748416424,0
Q08891:F4K8I3,0.009995746426284313,0
Q9SKH8:Q9M7Z1,0.010267476551234722,0
Q1G3Z4:A0A1P8BCA0,0.009809150360524654,0
F4JQT4:O22909,0.01022635493427515,0
Q9LZI7:F4I458,0.031940605491399765,0
A0A1P8AQA9:P59467,0.010470420122146606,0
O82595:F4HR02,0.1421448141336441,0
P28148:O82302,0.14326009154319763,0
A0A1I9LP79:F4JUA6,0.009932352229952812,0
Q07356:Q9C6K1,0.010793580673635006,0
Q9SIC3:B9DF92,0.12978492677211761,0
Q8VYC9:Q9CA46,0.07854761928319931,0
Q9LUJ7:Q8GYH1,0.01064296718686819,0
A0A1I9LLN7:A0JQ00,0.01062862016260624,0
Q9SD25:Q9LTZ9,0.009920886717736721,0
Q9SYH1:Q9LMH6,0.02188950590789318,0
Q2L6T1:Q6NLU6,0.010157832875847816,0
Q9FLS9:A0A1R7T3J3,0.010484911501407623,0
Q9LXQ5:F4JPQ4,0.009898117743432522,0
Q1ECQ5:Q9ZVC7,0.010627119801938534,0
Q9LKG8:Q9FHS0,0.12721441686153412,0
Q9M2U6:Q9FZH9,0.009808385744690895,0
Q9FN35:Q9FGW6,0.010009030811488628,0
O49608:Q9FHK4,0.35735106468200684,0
B3H6G9:Q9STE8,0.010464848950505257,0
F4K627:Q9FFZ2,0.009989120066165924,0
Q8RWE7:Q8GUN5,0.21959786117076874,0
Q9ZWS9:F4HRC0,0.09086333960294724,0
O22683:Q8H1Z0,0.010645235888659954,0
A0A1P8BAW7:O49436,0.009998509660363197,0
Q9SJG6:Q9M9E2,0.015309265814721584,0
P26288:B3H4R7,0.013029621914029121,0
P82726:B3H6J5,0.010197003372013569,0
Q84VQ1:Q9LP03,0.012921017594635487,0
P41151:Q8W4S5,0.019558172672986984,0
P82782:A0A1R7T3I3,0.011029473505914211,0
A0A1P8B1D7:Q2V3X3,0.009813448414206505,0
A0A1P8BCA0:Q9SB92,0.05687342956662178,0
Q9FHA2:Q9LKZ3,0.1602565348148346,0
Q38885:Q9FGP9,0.011757932603359222,0
Q9FME3:Q9SR00,0.04817098379135132,0
F4IFF3:Q9SYJ8,0.02953706495463848,0
Q5BPP4:Q8LBF7,0.011956597678363323,0
F4IPV3:A4FVP6,0.014277691021561623,0
Q9SMR5:Q9M0X1,0.012765482068061829,0
Q9SR00:P0DKG5,0.011482343077659607,0
Q9XGZ2:Q9M8M1,0.23283742368221283,0
A0A1P8B9R8:Q9FMB4,0.011321757920086384,0
Q9FJV0:Q9SK69,0.11934500187635422,0
C0LGN2:Q8RWY1,0.012335000559687614,0
A0A1P8BEG6:Q9LD83,0.012031587772071362,0
F4JG98:Q9SS48,0.011256887577474117,0
Q9LTX0:F4JVA4,0.011721480637788773,0
F4IIE7:O23085,0.009842722676694393,0
Q9SCX9:O80800,0.01237411331385374,0
F4K5V9:F4JKW0,0.010385824367403984,0
Q9LF88:F4J5G5,0.010184473358094692,0
Q3E880:F4HYH6,0.010002749040722847,0
Q6XAT2:Q9LU68,0.013080025091767311,0
Q3EC19:Q9LF68,0.010755723342299461,0
Q8S8N3:Q8LC03,0.013802716508507729,0
Q9C9A0:F4HPS6,0.01581776700913906,0
F4K5P3:Q8VYV7,0.0115657402202487,0
Q9SK71:Q9SYK0,0.011317873373627663,0
Q9ZQP5:Q8RXT5,0.013108983635902405,0
Q6DBQ2:Q7X9H5,0.01901625096797943,0
Q9M9G7:Q9FG85,0.010396561585366726,0
A0A1P8B8B4:Q8S9M3,0.012075050733983517,0
Q8LAA7:A0A1P8B9R8,0.010171440429985523,0
F4I6B2:Q9LXB4,0.019682420417666435,0
Q8GXF0:O64855,0.01818610541522503,0
Q9LZW2:Q8LGI3,0.016528386622667313,0
Q8GWP4:F4HR31,0.010355102829635143,0
Q38829:Q9LV70,0.013396428897976875,0
Q1JPP8:Q8LKS5,0.013851380906999111,0
Q9XIH1:Q9SV26,0.01239798218011856,0
Q9SCZ5:F4KAB8,0.01802651397883892,0
Q9M042:P09468,0.015159167349338531,0
Q9ZW89:Q9LXD8,0.29191213846206665,0
Q66GP9:Q3EBM5,0.010289370082318783,0
Q9FKQ6:Q9ZR09,0.021003825590014458,0
Q9LTH4:Q84K51,0.29209062457084656,0
Q9SVW3:Q9LF66,0.014445832930505276,0
Q8GWY0:Q9LF40,0.011047049425542355,0
Q9SCU7:Q9FFR5,0.20643797516822815,0
Q9FID7:Q8L8Y3,0.009873835369944572,0
B3H4F7:Q9LND4,0.009962008334696293,0
F4I4E1:Q9FFI9,0.01213866751641035,0
Q8L7G0:Q9FI94,0.04786521568894386,0
Q9C7F0:P56778,0.11324715614318848,0
F4IT95:P93822,0.021064594388008118,0
B9DF92:A8MQX5,0.011547627858817577,0
Q9FFY4:Q9SAC4,0.010145291686058044,0
Q9XI57:Q9LSE2,0.07335326820611954,0
F4I499:Q8LGS1,0.010440545156598091,0
Q94AX3:Q6AWW7,0.010682391002774239,0
Q8GW46:A0A1P8APW5,0.03784243389964104,0
Q9SMZ2:Q9M190,0.011060630902647972,0
Q9XI36:F4JYE9,0.010830205865204334,0
Q0WUB8:Q8VYN3,0.01209609117358923,0
B3H5D1:O65436,0.009953133761882782,0
Q3EC43:Q9SFU5,0.010011567734181881,0
F4KI39:F4K383,0.02242177724838257,0
Q9M0D8:Q9FJY1,0.0305365901440382,0
A8MQN4:A0A178VYP6,0.01674993336200714,0
Q9FGJ3:Q8GY06,0.3717527985572815,0
O22182:Q4VP08,0.010234404355287552,0
Q9SYK0:B3H7G8,0.009950720705091953,0
Q9C7E7:F4IBY8,0.01125225331634283,0
O23085:F4J4N3,0.018195994198322296,0
Q93YN4:Q8GXF0,0.014614425599575043,0
F4IMQ0:Q9SKU6,0.013395920395851135,0
Q8VY08:P93284,0.01017471682280302,0
Q9LSB2:Q8LEE9,0.015358829870820045,0
Q9C9H9:Q9ZVT0,0.013017929159104824,0
Q5MK24:B3H7H8,0.009838602505624294,0
Q8GWJ4:F4HZB9,0.01150529831647873,0
Q9SN25:Q9FFK1,0.07832028716802597,0
Q9FYL2:Q8VZE4,0.010144287720322609,0
F4JVA4:F4HS13,0.010949698276817799,0
O65423:Q93ZI5,0.011238634586334229,0
Q0WPD9:F4I3G0,0.010424236766994,0
O65655:Q9C717,0.220049649477005,0
O48721:A0MDQ1,0.01306256651878357,0
Q8LFA9:Q8RW90,0.01227661594748497,0
Q9FFR5:Q941I2,0.15211904048919678,0
Q1PE70:Q9SKH6,0.009943248704075813,0
A8MQ79:Q8LPL5,0.010378134436905384,0
O49627:Q9S7M2,0.21078968048095703,0
Q9SWE5:F4IB55,0.01126160379499197,0
O22798:O82631,0.024225037544965744,0
Q9SMP0:Q8VYG5,0.430853933095932,0
Q93ZB0:Q9C567,0.009951489046216011,0
Q9ZVC7:P11574,0.01089312694966793,0
Q8GY72:Q9FKU2,0.011244803667068481,0
A0A1I9LSB3:Q9ZWB4,0.010111450217664242,0
Q84UU9:F4JCI4,0.01122607197612524,0
Q9SKU6:O49195,0.010123759508132935,0
Q9SB36:Q8RWE1,0.011500701308250427,0
F4IDU9:Q8H0Z9,0.009978803806006908,0
Q9FN69:F4I3C6,0.2228287309408188,0
O64565:Q9SKT0,0.010089791379868984,0
Q9FHI6:Q9LXU9,0.01898888312280178,0
P56755:Q9LXL7,0.01235289964824915,0
Q9ASS4:Q9ZP54,0.01261087041348219,0
A0A384L1W6:B9DHT4,0.49135860800743103,0
Q9SH55:Q9M2D8,0.017530059441924095,0
A0A1P8B3C0:A0A1P8B144,0.00996603537350893,0
Q9FIV5:Q8LPR8,0.03274983912706375,0
Q9LSM5:O49668,0.0101784011349082,0
F4IBV1:Q1PET7,0.01456540822982788,0
Q1PET7:Q9FML9,0.010161041282117367,0
Q8VYD2:Q680L3,0.017424223944544792,0
Q9SIN9:Q8VZ95,0.015551558695733547,0
P62090:Q9FX58,0.014258136041462421,0
Q9LIJ0:O80575,0.011834126897156239,0
Q9SAF1:Q0WWE3,0.24245710670948029,0
F4KIU0:B3H612,0.00977437011897564,0
Q9LF27:Q84J71,0.0112594123929739,0
Q9LTD4:Q93ZR3,0.01437630970031023,0
Q9M9H4:B3H5M8,0.00986542459577322,0
B3H784:F4KAD6,0.011807767674326897,0
A0A178V0W2:Q0WUB8,0.025783924385905266,0
Q2V3K2:F4JRP8,0.010076976381242275,0
Q8GWG6:Q39253,0.012993812561035156,0
Q8RXC0:Q2V397,0.009780525229871273,0
Q9C7X6:Q8S8G6,0.012087377719581127,0
F4IY04:Q8GXR6,0.12606684863567352,0
Q9FL03:Q682U6,0.035904623568058014,0
Q94C53:Q56Y42,0.020914815366268158,0
Q6NKN2:Q9M358,0.06715714186429977,0
Q9FNA3:Q84R17,0.0108884796500206,0
Q3EDK6:Q682G3,0.010795213282108307,0
Q9SN61:Q8LE92,0.009864761494100094,0
Q7XBQ8:A0A1I9LM80,0.009911039844155312,0
Q94AV5:F4JR96,0.023346751928329468,0
F4ICX5:P46601,0.04162706807255745,0
Q9FLC1:A2RVJ6,0.010063367895781994,0
Q1G3M8:Q9CAP2,0.011557686142623425,0
Q94AD1:Q9LST3,0.013974902220070362,0
Q9C5W0:Q9M073,0.015473215840756893,0
F4J917:F4IXJ7,0.010016364976763725,0
F4IR54:Q8VYF0,0.011472613550722599,0
Q7Y220:Q8H112,0.010563946329057217,0
B3H4L6:B3H428,0.009804664179682732,0
F4HWT6:Q8LPI7,0.031218362972140312,0
A0A178VU28:Q39083,0.013295913115143776,0
Q1G3M2:Q84RK2,0.010413204319775105,0
A0A1P8AW76:Q9LDE2,0.05356888100504875,0
A2RVN2:Q9ZRA2,0.019724994897842407,0
F4IRC9:B3H7N2,0.010230660438537598,0
Q9SVD1:O81047,0.011724171228706837,0
A0A1P8APW5:Q9SL91,0.011192269623279572,0
Q2V4J2:Q94AQ8,0.009940852411091328,0
F4IJF2:O80470,0.010350978933274746,0
P61843:F4KA19,0.012472215108573437,0
O04590:Q41916,0.010410800576210022,0
Q9LZV9:Q67YT8,0.010289066471159458,0
F4I4E1:F4KE63,0.014060032553970814,0
Q9ZPY1:B3DNP3,0.012783010490238667,0
O82197:O22264,0.2893368899822235,0
Q9SV30:O23683,0.011962189339101315,0
Q9T0B1:Q8RY65,0.010980707593262196,0
Q8W4S5:Q9SJW0,0.10463756322860718,0
Q9FRI5:F4JVA4,0.014831000939011574,0
F4I9I5:Q9FGP1,0.009845185093581676,0
Q8GY60:Q9FKM4,0.024241186678409576,0
Q8GW17:Q6XAT2,0.022246336564421654,0
A0A1P8AS86:Q9MAN1,0.14018411934375763,0
Q6NKS4:Q9ZQL1,0.009870734997093678,0
Q8W4C3:Q9SVH7,0.010648894123733044,0
Q9LVG8:Q9SU91,0.01136723905801773,0
F4I7Y9:Q1PFS7,0.01023768074810505,0
Q9FZH9:Q9S9T4,0.010636773891746998,0
O80513:A0A1P8B280,0.015281185507774353,0
Q84MA1:Q9FRS4,0.010255728848278522,0
O80365:Q94AQ9,0.012204140424728394,0
A0A178VI87:Q9SJH6,0.011982278898358345,0
D2WL32:F4JXP4,0.012315376661717892,0
Q8GY84:Q9FJA2,0.051107656210660934,0
Q6NLU2:Q9SZG2,0.011858689598739147,0
Q38833:A0A1P8B0Q4,0.01945078931748867,0
Q9S763:A0A1R7T3B3,0.014889756217598915,0
Q93YV6:Q9M811,0.028295939788222313,0
Q9LY96:B3H7A9,0.010164457373321056,0
Q9SKB2:Q9FHT6,0.01800352893769741,0
A0A1I9LNH8:Q9LYV3,0.010039705783128738,0
P0CAY4:Q9FLN8,0.011078636161983013,0
Q9LVD3:Q9ZT17,0.010135412216186523,0
O64903:Q93ZE3,0.010742818005383015,0
Q9FZG2:A0A1P8B4T0,0.011744211427867413,0
Q9STV4:Q94K73,0.09648813307285309,0
Q58FY6:Q8W2F3,0.013890541158616543,0
Q93ZN4:Q0WPG1,0.0122034577652812,0
Q17TI5:Q9S7I4,0.10533692687749863,0
Q9LFE3:O65423,0.0509469173848629,0
F4HZ54:Q2V3J1,0.01021671574562788,0
F4JR96:Q93WD7,0.013181271962821484,0
O04336:P92554,0.011125865392386913,0
Q94F04:Q9C9F0,0.020941823720932007,0
Q93WB2:F4JG03,0.03733362630009651,0
Q6NLR2:Q0V7S1,0.013357502408325672,0
Q9LRQ0:A0A1P8AQA9,0.01019113790243864,0
Q6NLU6:Q944Q0,0.16165851056575775,0
Q9T0E5:Q9FLI3,0.10637625306844711,0
O82319:Q1PE70,0.010571226477622986,0
P82735:F4I6Q0,0.009961219504475594,0
Q9SJ60:Q9SR35,0.009980063885450363,0
P40228:Q940K6,0.01540157850831747,0
Q9SFU5:Q8RWT4,0.01092961523681879,0
Q2V371:Q8L7H8,0.01030675694346428,0
Q8W4E1:O64560,0.010849724523723125,0
P92518:Q9C778,0.009977040812373161,0
Q9LVC4:Q9LZ08,0.03927917405962944,0
Q8GYL7:Q9C9R6,0.012691626325249672,0
O64562:Q500W8,0.009991860017180443,0
Q8H181:Q9LNE6,0.09365732967853546,0
Q9LZP4:Q9FN33,0.010184488259255886,0
F4I3E6:O82302,0.1575615257024765,0
Q9ZPH4:Q9LZ82,0.019922448322176933,0
O04203:F4J1U2,0.011384005658328533,0
Q9C584:Q9SHS2,0.015738872811198235,0
Q9M1J0:F4ITP6,0.010634399019181728,0
Q9SRD8:F4JP79,0.010969916358590126,0
Q9FJI2:Q9MA50,0.010673611424863338,0
F4IIE7:Q9SYG4,0.01070895791053772,0
Q9LIJ0:Q9CAM7,0.1604090929031372,0
F4IZ03:Q9CAN3,0.01990578882396221,0
Q8GY88:A0A1P8AUX0,0.009924888610839844,0
Q6XAT2:F4JFY6,0.010641412809491158,0
Q5Q0C8:Q6NPM5,0.010571240447461605,0
Q9FL02:B3H6G9,0.010286902077496052,0
Q5XET4:Q8VZL4,0.01070194412022829,0
Q8RUC6:Q3EDB7,0.01585654728114605,0
B3H5M8:P56788,0.010156219825148582,0
Q8GXT3:Q9FG51,0.14782898128032684,0
Q9T069:Q96247,0.012874013744294643,0
Q9M9H3:A8MRM4,0.010088402777910233,0
Q9LXL7:Q2V3C1,0.010238654911518097,0
A0A1I9LLE1:Q94FT2,0.009939692914485931,0
Q8GW46:Q9C5J8,0.039624232798814774,0
Q8GYP4:F4JX46,0.011025220155715942,0
Q682P6:A0A1P8AXR7,0.010004824958741665,0
F4HT07:O82261,0.010785733349621296,0
B3DNP3:Q9SI63,0.010362179949879646,0
O81915:Q04613,0.013779202476143837,0
Q8VYR0:F4HYA7,0.017239417880773544,0
Q949X1:Q9LY03,0.01097650732845068,0
Q9FFS3:Q0WWE3,0.07406116276979446,0
Q9LUP4:Q39238,0.07149608433246613,0
Q9C9A2:Q9SH55,0.01371956616640091,0
Q84JF7:Q9LRN8,0.010843479074537754,0
F4J4N3:A0A178VQ73,0.014874028973281384,0
Q9LW59:Q9LMT2,0.02110053412616253,0
Q948R9:Q9LNF4,0.09542766958475113,0
Q940F4:B3H4Z7,0.010204353369772434,0
A0JQ12:F4JYW4,0.009875652380287647,0
A0A1I9LSP4:Q93ZB0,0.011022360064089298,0
Q9FNK4:F4JJN9,0.011590251699090004,0
Q9SZ51:A0A1P8B013,0.009959218092262745,0
Q9FJ08:P32068,0.010679676197469234,0
F4JGK7:B3H4F7,0.00989737268537283,0
Q8RWW8:Q8L940,0.01722010038793087,0
Q9FME3:Q9LZR4,0.1335691660642624,0
Q9SSD6:F4HS78,0.02122652344405651,0
Q9ZR09:Q944K3,0.012787689454853535,0
O49698:Q9AR07,0.014559510163962841,0
A0A1P8BF81:Q9SZN1,0.01097001414746046,0
Q9LI86:B3H7G7,0.01011073961853981,0
F4J551:Q9SVW2,0.0100936871021986,0
Q9M1F6:O80667,0.010962267406284809,0
B3H5C0:F4JPQ4,0.009801039472222328,0
Q8VXX4:Q9S7T1,0.2742939889431,0
Q9SV54:Q8S8N3,0.010040993802249432,0
Q9C875:Q8GWJ4,0.01053337287157774,0
Q9FFG5:A0A1I9LSP4,0.01307669933885336,0
Q5HZ00:Q9SM23,0.07068157196044922,0
Q9C5C4:Q8GYD2,0.03888694569468498,0
Q9LF46:P27323,0.02691849134862423,0
Q8LDS4:Q4VP08,0.010079845786094666,0
Q9C535:Q9LJ72,0.016007352620363235,0
B3H6V9:A0A1P8BBB8,0.009798472747206688,0
O23077:Q9LPR9,0.020452424883842468,0
Q84TH4:Q9C8F8,0.026620686054229736,0
F4HQ84:Q9MAI5,0.2968595623970032,0
F4IYB7:Q0WMY5,0.010109695605933666,0
Q5XVK9:F4KIL1,0.012632833793759346,0
Q9FHY1:F4JN77,0.010872791521251202,0
F4HTY0:A0JQ12,0.05871403217315674,0
Q9FFU5:F4KAD6,0.00981888361275196,0
A0A1P8B415:F4J1W7,0.010510359890758991,0
Q8GZB4:P83291,0.011194394901394844,0
P0C0B0:D2WL32,0.015291600488126278,0
Q8L8M9:Q9C7T4,0.048087287694215775,0
Q9LQI6:Q3EAQ8,0.010637388564646244,0
Q7XJJ7:Q8S8I9,0.010580332018435001,0
A0A1P8AXS6:Q8LB54,0.010222521610558033,0
Q9SWI1:Q9FJ33,0.01050529908388853,0
Q9FFX0:Q9ZUB5,0.018944544717669487,0
P19172:Q9FLL3,0.010984327644109726,0
F4I8H8:Q9M9Z2,0.01042193453758955,0
A0A1I9LTC6:Q9LYH4,0.0099394666031003,0
F4HSB6:Q9LIB5,0.010784405283629894,0
Q9FFJ3:A0A1P8B7R0,0.011514363810420036,0
O49653:A0A1I9LN10,0.010424919426441193,0
Q9FF17:Q9M0H9,0.011256151832640171,0
Q9ZQP5:Q94AI6,0.010689041577279568,0
Q84K72:Q9C6K3,0.3610921800136566,0
Q9LNC4:Q9LM58,0.0810820683836937,0
A0A1R7T3I3:P57751,0.03565046191215515,0
Q9ZQC8:Q8GXH5,0.010180381126701832,0
Q1G363:Q9LER7,0.010759930126369,0
Q6DBD5:Q3E9D7,0.010811817832291126,0
Q9LXJ3:P0DKI6,0.011111192405223846,0
F4JZU2:A0A178V5Q1,0.01003341469913721,0
A0A1P8B3C0:F4JVM4,0.010362513363361359,0
Q9ZNU3:Q8H1Z0,0.012413708493113518,0
Q84VW6:Q5BPP4,0.010447661392390728,0
Q3EC43:Q8GXT3,0.010928965173661709,0
F4I540:Q6DBN3,0.010123354382812977,0
Q8S8E8:B9UY99,0.09213341772556305,0
Q9SVZ0:Q9M2E4,0.01245306059718132,0
Q9FJ49:Q9SKB3,0.013738589361310005,0
Q8VY27:Q9XHZ8,0.10031396150588989,0
Q9SD33:F4JEV5,0.010471771471202374,0
A0A1I9LTE5:Q9CAT6,0.010301299393177032,0
Q8GZ81:Q8VYV7,0.01177197601646185,0
F4I6Q0:Q9LVP2,0.010490416549146175,0
O49553:F4JU08,0.0137644587084651,0
Q9SJ29:Q5HZ54,0.0772726908326149,0
Q8LG56:F4K329,0.009976977482438087,0
A0A1P8BAJ1:Q9LN16,0.01596113294363022,0
Q8RWN2:Q9S746,0.02136963978409767,0
A0MFS5:Q9LVV3,0.010898321866989136,0
Q9FHT6:F4JYP3,0.2217378467321396,0
F4J0D0:A0A1P8AUL6,0.009854513220489025,0
F4HTE0:Q9SD80,0.010321402922272682,0
P94024:Q5BPR6,0.009849542751908302,0
Q9FMB4:Q9SYH1,0.018149374052882195,0
Q9FUY2:O65220,0.09580074995756149,0
Q6AWV7:Q9FNL4,0.01335677970200777,0
B3H7J0:F4I7Y9,0.0109994662925601,0
A0A1P8ARL9:Q58G57,0.0102884816005826,0
Q9LDY2:Q9C969,0.04362884536385536,0
Q93ZY7:Q9FRR1,0.01625601388514042,0
Q9LSB2:Q9LW60,0.014995822682976723,0
Q9ZVI7:Q8GYQ5,0.026742136105895042,0
F4HT02:P26288,0.01503234263509512,0
Q9LJX2:A0A1I9LPY5,0.010008431039750576,0
Q9LF97:Q9ZQA3,0.048371490091085434,0
A0A1P8AUL6:Q94C15,0.010311446152627468,0
Q93WE4:Q9LZA6,0.02268975041806698,0
Q6NM39:F4JC91,0.01092111598700285,0
O49668:A0A1I9LSZ8,0.010315753519535065,0
F4KAD6:A0A1I9LQL9,0.00977148674428463,0
Q7XA63:F4IDU9,0.010057729668915272,0
Q9ASP6:Q5HZ48,0.06923426687717438,0
B3H5I6:A0A1P8B449,0.009800725616514683,0
Q9LSN5:Q949N7,0.012154675088822842,0
Q8GW93:F4J4P1,0.011541073210537434,0
A0A1P8B3C2:F4IYK3,0.015330436639487743,0
Q9C636:Q9C7J3,0.01051339041441679,0
Q66GJ0:F4KD71,0.016606826335191727,0
Q9FE54:Q9M357,0.010143346153199673,0
Q9M9U2:Q9FN68,0.39373669028282166,0
P93284:Q9LF88,0.00986708328127861,0
Q9SQY8:Q1PDV2,0.3122030198574066,0
Q9SLA6:Q9FI94,0.012566454708576202,0
F4JVB8:A0A1P8BAW7,0.011039338074624538,0
Q9LJN0:Q8GYS0,0.010020434856414795,0
Q9LQS7:B3H5I9,0.02120937779545784,0
Q9FM83:A0A1P8AW81,0.010352538898587227,0
F4K739:Q9SZN7,0.025959834456443787,0
O23227:F4HR31,0.010186748579144478,0
Q9FLI3:Q9SHZ9,0.03150481730699539,0
B3H641:Q2V3W5,0.009922235272824764,0
A0A1P8AN40:F4JMX1,0.009912681765854359,0
O22182:Q8W4F1,0.015621445141732693,0
Q3E6N7:Q2V346,0.009772899560630322,0
Q9FKP0:Q9M8L3,0.011012454517185688,0
Q8GW42:Q6DSU0,0.010090264491736889,0
Q6IWB1:Q94C53,0.010453414171934128,0
Q9SK32:A0A1P8ASS6,0.010223546996712685,0
Q9M0W9:Q93Z91,0.011805250309407711,0
A0A178VBJ0:Q8LD28,0.027495523914694786,0
Q9FK15:B3H6B4,0.009808532893657684,0
A8MQL5:Q8LEP7,0.009833176620304585,0
Q8W4D8:Q9LT89,0.6767438054084778,0
Q9SKM0:Q93Z32,0.010277673602104187,0
P34791:Q39193,0.38726136088371277,0
A0A1P8ANK5:Q96261,0.01001033466309309,0
O81801:F4JGI3,0.010032585822045803,0
Q9ZVM3:A0A1P8ANK5,0.01040710974484682,0
B3H6K1:A0A1P8B144,0.010347445495426655,0
O49660:Q9C7Z2,0.011751201003789902,0
Q3EDB7:Q9LMM5,0.013936012983322144,0
Q8W3M6:Q9LXW1,0.016320085152983665,0
Q9FNM0:F4JZZ1,0.018757332116365433,0
F4HYC8:O65924,0.01644301414489746,0
Q9LR74:B9DFZ2,0.012505880557000637,0
Q93ZM9:Q5E915,0.24089346826076508,0
Q9LN63:Q9C572,0.011679030954837799,0
Q9LU00:Q1G363,0.011748366057872772,0
A0A1P8B830:Q9FJA3,0.00978190265595913,0
Q9FL56:O04492,0.016985254362225533,0
Q9FFH2:Q8S8T8,0.017450252547860146,0
Q7XJK8:Q9SLJ2,0.011257150210440159,0
F4IUT4:Q9LM14,0.03191421553492546,0
F4J6A1:Q9SIW5,0.14510498940944672,0
Q9LZC3:Q9S745,0.01323091983795166,0
A0A1P8AYJ3:A0A1P8AM23,0.009737877175211906,0
Q9SYK0:Q9FM83,0.010498805902898312,0
Q5S4W1:Q9C8T5,0.05910649523139,0
F4I6L0:Q9SJG6,0.01038437057286501,0
Q9FKQ6:Q9LNW3,0.291544646024704,0
Q8LPR8:Q6DYE5,0.010761096142232418,0
O23071:Q5S4X7,0.014040282927453518,0
F4I5G3:Q8L8C2,0.010555212385952473,0
Q9FJA2:A1L4Y1,0.045598454773426056,0
Q1G3V0:Q9C5C5,0.011569858528673649,0
F4I3P9:O80450,0.01752796582877636,0
Q9SYL9:A0A178WK49,0.011562047526240349,0
F4IXX3:Q1EBV6,0.0686497613787651,0
Q56XU4:Q9LV43,0.014903879724442959,0
Q67XV2:Q9ZQR5,0.012442727573215961,0
A0A178VQ59:Q1PEU3,0.013742736540734768,0
Q0WVW7:Q9FRL5,0.025569109246134758,0
Q39191:Q3EC62,0.01001981645822525,0
F4JHJ3:O23278,0.00998880248516798,0
A0A1P8B048:B3H4R3,0.00978377740830183,0
Q9LVC0:A0A1R7T3J3,0.010130824521183968,0
A0A1P8BAC6:Q1PF16,0.01046290248632431,0
Q9FME4:Q9C7N3,0.010747131891548634,0
A0A1P8ASS6:Q9SAU9,0.010822589509189129,0
A4FVP6:Q9C703,0.011702630668878555,0
Q9C5U8:F4HQ89,0.010922952555119991,0
Q9XEC1:Q9S6Z9,0.01490025408565998,0
Q58CM8:Q9FLS9,0.013869139365851879,0
A0A1P8AWW1:Q8LGU6,0.010346329770982265,0
Q6NPF8:F4ILE1,0.021826213225722313,0
Q9SCX9:Q9FYE2,0.01022778358310461,0
Q9FKQ9:F4IED7,0.011924536898732185,0
P94111:Q93WA2,0.009964791126549244,0
Q700C7:Q1G3M8,0.02798076532781124,0
Q84JG5:Q9LSE2,0.012081480585038662,0
Q39103:Q9SS87,0.01830112375319004,0
A8MS81:F4KBG4,0.011824014596641064,0
A0A1I9LT75:F4JCH0,0.009917440824210644,0
F4JDS7:Q9C5W3,0.010128320194780827,0
Q9S7P4:Q8L603,0.01175271812826395,0
F4K3K4:Q9C749,0.010215352289378643,0
P0DKI6:B3H797,0.015551874414086342,0
Q94A98:P24100,0.04247564822435379,0
Q1PFW4:Q8S8P6,0.009829595685005188,0
F4JYP3:Q8RYE9,0.012779325246810913,0
Q93ZI5:A0A1P8AYU2,0.00998725276440382,0
Q9C8L8:A0A1I9LNE1,0.00979243591427803,0
Q9C7T4:Q1G385,0.011436834000051022,0
Q680Q4:Q9SJ60,0.042424365878105164,0
Q9LZI2:P92550,0.016523046419024467,0
Q8VYV7:Q9XID1,0.012856666930019855,0
Q8L6Y1:Q8GWE6,0.04711971804499626,0
Q9LK19:F4IMA4,0.010523060336709023,0
Q9LTS8:Q9FPW6,0.2041073590517044,0
Q8LAA0:Q9SPG1,0.07163835316896439,0
Q9MBA1:P29381,0.0228924211114645,0
Q9C950:Q9LYF4,0.01816793903708458,0
Q94JV0:Q93VJ4,0.01979636214673519,0
Q8RX60:F4I562,0.010940114967525005,0
Q9SHZ9:F4JUQ2,0.010290296748280525,0
Q8L7U4:Q8GZ81,0.012190845794975758,0
Q9FGW7:Q9SW80,0.41901832818984985,0
A0A1I9LSZ8:O82248,0.0625356063246727,0
Q5S4X7:Q9S829,0.010101397521793842,0
Q9SSS6:Q93Y07,0.01109145674854517,0
Q9XI57:Q0WVW4,0.019552934914827347,0
O04005:Q58FT9,0.011002696119248867,0
A0A1P8AYX9:O48526,0.00993556808680296,0
A0A1P8BDE8:A8MQN0,0.010064179077744484,0
Q9C6K1:Q8L8M9,0.013257947750389576,0
Q9ZQI9:Q8LCH5,0.012478018179535866,0
Q8VWK4:O80365,0.6007742881774902,0
Q84JN2:Q8L760,0.009831205010414124,0
Q9LFG1:Q9LSW4,0.010145775973796844,0
Q84MC1:P93732,0.02697126567363739,0
A0A1P8ARQ1:P0CAY4,0.009813114069402218,0
Q5PP39:A0A178VM33,0.010044927708804607,0
Q8VYD9:F4IIE7,0.009919975884258747,0
Q9C8L4:Q9ZRT1,0.014304796233773232,0
Q84LH8:Q9LZD1,0.0183268953114748,0
A0A1P8AP31:Q9ATB4,0.05474792793393135,0
Q8LBZ4:A0A1P8ARL9,0.010738137178122997,0
Q8RYD3:Q9SKW7,0.01061297208070755,0
F4JUL3:F4JHJ3,0.01053092535585165,0
O81445:F4JTD2,0.07722242921590805,0
Q9LZI1:Q9LXP4,0.01392298936843872,0
Q9M0K4:Q4PSP2,0.10984809696674347,0
A0A1P8AUR6:Q9FRI5,0.010199668817222118,0
Q3EC62:Q9FMP0,0.009758459404110909,0
Q9ZV49:Q9LSB2,0.014865483157336712,0
Q8GZA4:B3H563,0.00991885643452406,0
Q9FJ67:Q9SV63,0.009990056045353413,0
Q9LDF5:Q93XM6,0.08781259506940842,0
Q9FI57:Q9FK47,0.01038424950093031,0
Q9LNE6:Q8LF20,0.017873745411634445,0
Q9ZUU7:Q9ZPS7,0.011207140050828457,0
Q9LXW1:A0A1P8BF61,0.01097964122891426,0
Q9LSW0:Q9C9X5,0.013774193823337555,0
F4HSD5:F4J8D9,0.009913131594657898,0
Q9FXF4:Q9XIA6,0.010562094859778881,0
B3H555:Q8LFJ8,0.010397680103778839,0
Q8RU59:Q07356,0.02232319861650467,0
Q9ATB4:P57681,0.02136879600584507,0
Q39253:F4J7P7,0.013104450888931751,0
P56784:Q9SJY3,0.009977775625884533,0
F4IPV3:Q9LX93,0.010482567362487316,0
Q9XI36:Q8L9R7,0.01040086429566145,0
Q9SKB3:O64698,0.012134789489209652,0
Q8VZ95:Q9SN67,0.015434225089848042,0
Q9C7M2:Q9FFC9,0.010156959295272827,0
F4K2H9:Q8GYT4,0.023926524445414543,0
Q93VC7:F4ICS6,0.056848324835300446,0
O22433:Q8RWW8,0.011689710430800915,0
Q6E297:Q8L7G1,0.01166582852602005,0
A0A1P8B4T0:O22230,0.024727385491132736,0
Q6IDB0:Q39162,0.6287617087364197,0
P92958:A0A1P8AZD4,0.2715485990047455,0
O80603:Q8VZ65,0.010345399379730225,0
P93755:Q564K3,0.09540823101997375,0
O04719:Q94JL3,0.3222964406013489,0
F4K2D7:Q9SI57,0.009959564544260502,0
Q4PT11:Q8GYL4,0.010407245717942715,0
Q9LV27:Q94BZ5,0.2900070548057556,0
Q9CA54:Q9XGN1,0.02884518913924694,0
Q9LE56:A0A1P8BCA0,0.010542492382228374,0
F4ID24:Q9C6U7,0.010146516375243664,0
A0A1I9LPY5:B3H4B7,0.010098383761942387,0
F4I9E1:Q39230,0.017202084884047508,0
Q9LK18:Q9XII5,0.009800462983548641,0
A0A1I9LT67:Q66GN9,0.010035349987447262,0
Q8W420:F4IFF3,0.08794016391038895,0
Q9LTX1:Q8LG05,0.19335345923900604,0
O80607:A0A1P8B3C2,0.009743277914822102,0
O23647:O64717,0.011329387314617634,0
Q9LU33:Q94C40,0.03861001506447792,0
B3H635:P56755,0.011112615466117859,0
Q9M0X0:Q9SJJ5,0.011008390225470066,0
Q500W8:A0A1P8BHB4,0.009849666617810726,0
O23035:Q8LCF5,0.010127919726073742,0
B3H572:Q8VYD6,0.010074163787066936,0
A0A1P8AQE4:Q96329,0.021513933315873146,0
Q8L638:Q9FK15,0.011278249323368073,0
A0A178VQ73:Q9LS46,0.016677824780344963,0
P93300:Q9FII6,0.010019652545452118,0
Q9LES2:Q9SW23,0.01640459895133972,0
A0A1P8AXI7:B3H4L2,0.009943111799657345,0
O22683:Q9FUA4,0.07128368318080902,0
Q38937:Q9M8Z7,0.2878885269165039,0
Q9FF13:Q56FQ1,0.035195834934711456,0
Q9LMN1:F4HWD5,0.01925544999539852,0
P28185:Q93ZM6,0.048389699310064316,0
F4KCU5:Q8RUD6,0.014818886294960976,0
Q9FKM4:Q9FMD5,0.011229567229747772,0
Q9LD83:Q2UVJ5,0.016314581036567688,0
O49289:Q9LFE3,0.022171517834067345,0
F4IR55:Q9FGT1,0.046696025878190994,0
Q8W4K2:Q84K72,0.01312538143247366,0
F4K1C7:Q2V4J2,0.009994648396968842,0
Q0WSX8:Q9SSW0,0.04043583571910858,0
F4JVV4:P92559,0.010247218422591686,0
O64649:A0A1P8AQP2,0.010931571945548058,0
Q8VZB2:Q9FV49,0.026048997417092323,0
Q9LYV3:Q8LEE9,0.010485291481018066,0
Q39022:Q1G371,0.22405920922756195,0
Q42479:Q9LX56,0.31156325340270996,0
P24100:Q64FQ2,0.8284765481948853,0
Q8VZK2:Q9FIX5,0.019214004278182983,0
Q9FX34:Q94ID2,0.04187561199069023,0
O23624:Q1PF74,0.015416827984154224,0
A0A1P8B3M4:Q9LF70,0.015416570007801056,0
A0A1P8B1D7:Q94C78,0.010226982645690441,0
Q9LN16:F4KHR6,0.15635187923908234,0
Q8LE26:F4I3G0,0.009971754625439644,0
Q9FMJ3:Q56XM9,0.010280891321599483,0
Q41220:Q67XG0,0.019336609169840813,0
Q9M0X3:Q9FMU2,0.010119005106389523,0
F4K9G7:Q9C6V3,0.015232785604894161,0
A0A178WGK2:Q9SLH3,0.24188736081123352,0
Q1PET7:Q2V4C3,0.010147680528461933,0
Q93ZE3:P92964,0.011466903612017632,0
Q9FKB0:A0A1I9LTJ3,0.05434868484735489,0
Q9LXK2:P93009,0.010976209305226803,0
Q9SS87:O65665,0.0573539137840271,0
Q9LFG4:Q9S732,0.011231576092541218,0
F4KCH4:A8MQH8,0.010326323099434376,0
Q84M92:O64757,0.047689225524663925,0
F4K2R6:F4IV13,0.011199261993169785,0
F4JYE8:F4IT83,0.010113189928233624,0
Q94AX4:Q9LXU9,0.013384188525378704,0
Q8GY13:Q8VYU4,0.014217718504369259,0
F4IYK3:Q1PDW1,0.012207971885800362,0
Q8S8K8:Q9STR4,0.010524573735892773,0
O04294:Q9M9A8,0.018460482358932495,0
F4HQU0:C0LGN2,0.010114041157066822,0
Q9LXV1:Q8H1R4,0.010079290717840195,0
F4HPM6:P82735,0.010097170248627663,0
O49687:P0C7Q8,0.38664910197257996,0
F4IV13:O80607,0.009828612208366394,0
Q0WVU0:B3H7D8,0.010138214565813541,0
Q9C8M9:Q5BPE9,0.011901567690074444,0
F4JRF6:Q9XEC1,0.025048090144991875,0
Q8RWW1:Q6X7J5,0.012513943016529083,0
F4HXR7:Q9LTZ9,0.010582293383777142,0
Q8L8L9:Q9FKA9,0.05215964838862419,0
O64820:Q42384,0.017871838063001633,0
O23247:Q9FYE0,0.01152754481881857,0
Q9ZUB5:Q0WQQ1,0.3816797733306885,0
Q9AT60:B0F9L4,0.03051784634590149,0
Q0V7V2:Q8L7L1,0.1274154633283615,0
F4IIL3:A0A1P8B502,0.010249405167996883,0
B3H7H1:Q9ZPX0,0.10853908210992813,0
F4KIL1:Q9M054,0.010341997258365154,0
Q9FTA3:Q8GY46,0.011496673338115215,0
F4IEL6:Q9STL8,0.009917105548083782,0
P56779:Q9LK79,0.011777368374168873,0
Q9ZW35:Q9LV88,0.012869697995483875,0
Q9M169:Q9FZ97,0.011960722506046295,0
Q9C803:A0A1P8AVR2,0.010069552809000015,0
F4K3T5:Q9SQY8,0.07066676765680313,0
B3H4V9:Q84WV9,0.009887312538921833,0
P11574:F4IFT7,0.01027582585811615,0
A0A1R7T3C4:Q94AX3,0.009964478202164173,0
Q9SV75:Q9LEW7,0.009976765140891075,0
Q84TK1:Q941L3,0.039978064596652985,0
Q9FGJ3:Q948J9,0.13165798783302307,0
P26288:P82538,0.0215747207403183,0
Q94AH2:Q6NPL0,0.012517252936959267,0
Q9LH43:Q39023,0.01771092228591442,0
Q9STG3:Q38832,0.05759253725409508,0
Q9LW60:F4I7W1,0.010033569298684597,0
O23683:A0A1P8B2V3,0.009738640859723091,0
Q9SJH2:Q9M281,0.010226273909211159,0
Q9LIB5:F4HRC0,0.030777225270867348,0
Q8GUN5:B3H432,0.056560587137937546,0
O49397:F4JSJ6,0.01493699848651886,0
A0A178UN96:C4B8C5,0.00999609287828207,0
Q8GW43:Q682P6,0.013125625438988209,0
Q6DST9:F4K1D3,0.010628747753798962,0
F4I6B2:P49243,0.024105463176965714,0
Q9ZVT0:Q689D6,0.01398643758147955,0
P92523:Q8VZN1,0.010359267704188824,0
F4HPF4:F4IP00,0.009934218600392342,0
Q8L4S3:Q38898,0.0252071525901556,0
Q07356:A8MR93,0.013665827922523022,0
F4K742:Q84J71,0.020091097801923752,0
O23384:P93293,0.010812333784997463,0
Q9LMH6:Q9LMN5,0.17663419246673584,0
F4I8L6:Q9FNK4,0.022869311273097992,0
A0A1P8B3J6:A0A1I9LNB6,0.009954500943422318,0
F4KIU0:O50039,0.009973937645554543,0
Q38961:Q9CAK6,0.012907586060464382,0
Q8GW27:Q9SK33,0.01355977077037096,0
Q9S9T4:Q9LIJ0,0.01031224150210619,0
Q9FMQ2:Q0WQG8,0.01283880602568388,0
Q9M907:Q9SNB8,0.014344053342938423,0
Q64FQ2:A4VCL9,0.023037075996398926,0
F4J3Z2:Q9FMC2,0.02010890282690525,0
A0A1I9LT08:Q9FFJ3,0.09899479895830154,0
P93732:Q9SL50,0.010401414707303047,0
Q3EB24:Q8LB33,0.01009438093751669,0
Q9SFB3:Q9FF72,0.011053630150854588,0
Q9LHI5:O22161,0.04077035188674927,0
Q8H0V1:Q9LX31,0.012472236528992653,0
Q9SFY8:P0DN98,0.010057726874947548,0
Q9SLG8:Q8S8R6,0.01228001806885004,0
Q9FIK6:Q9CA54,0.011029009707272053,0
Q93Z91:O64584,0.015278254635632038,0
A8MQJ3:O48890,0.010056331753730774,0
A0A1P8B4K5:Q9LYC9,0.011924891732633114,0
Q9FH24:A0A1I9LTE5,0.010166733525693417,0
Q9M7X9:Q9FHS0,0.04037247225642204,0
B3H5T1:Q9SSM3,0.010055936872959137,0
Q67Y04:Q8GZ43,0.04743899777531624,0
Q9LI95:Q0WQM7,0.011941330507397652,0
Q9SKH2:Q9XIQ9,0.019084278494119644,0
Q56XV8:Q9FNY4,0.018261674791574478,0
Q9LUN9:F4I386,0.009735861793160439,0
O65691:Q8W4L5,0.027715567499399185,0
Q9LYB9:Q9FG44,0.06436485052108765,0
Q94EW8:Q9LZ59,0.011905079707503319,0
A0A1I9LLT6:P92535,0.011987975798547268,0
Q9FT52:Q84UU9,0.016461027786135674,0
F4KA19:Q38824,0.06702198088169098,0
Q9FX35:P92958,0.02475391887128353,0
Q9SJM3:Q6NQJ6,0.012805121950805187,0
F4KCL7:Q9LQZ5,0.029940402135252953,0
F4HQ89:Q9C9N3,0.01116528082638979,0
F4HWK0:F4JG23,0.010147485882043839,0
Q9FMN2:O81000,0.010242722928524017,0
Q96329:Q9FLS0,0.049566950649023056,0
Q9FIV5:Q9LUA7,0.03857606649398804,0
Q9M8M1:A0A1P8AVN5,0.009961416013538837,0
F4JMX1:Q8GXM1,0.009885409846901894,0
A0A1P8B6G5:Q9FGW2,0.00976718869060278,0
Q9SN67:Q9SUX0,0.010370781645178795,0
Q9FMV0:Q9FL03,0.10027630627155304,0
Q9CA73:Q9M012,0.010492570698261261,0
Q9M8L3:Q9M8M1,0.013256159611046314,0
Q9M2K8:Q9M338,0.02394922822713852,0
Q1JPM3:Q8VXY9,0.027450507506728172,0
Q6NMH5:Q9FGN8,0.015503532253205776,0
Q9SN12:Q9LXD8,0.8549291491508484,0
A0A1P8B9R8:O23177,0.010196330957114697,0
Q9C9A0:Q9FY46,0.04673011228442192,0
Q9SX26:Q8LAW2,0.013040917925536633,0
F4HWA5:Q9M367,0.010281942784786224,0
Q9FMP0:F4J3Z2,0.01097837183624506,0
Q8LPN5:Q9LYM3,0.01631815731525421,0
Q9ZVI2:Q9ZUU2,0.010591946542263031,0
Q1G3Z4:Q9SCK5,0.009920871816575527,0
A0A1P8BF06:A0A1I9LMV6,0.009831669740378857,0
F4JRI9:F4IIA9,0.009759006090462208,0
Q8GXP1:Q84JH9,0.010642674751579762,0
Q8S8E3:Q9CAL1,0.013417876325547695,0
Q9ZPS7:F4JI85,0.013968107290565968,0
Q9LZP8:Q9LZ97,0.06481537222862244,0
Q8LEU9:O49160,0.01834690012037754,0
Q0WV78:Q9LRM4,0.018587008118629456,0
A0A384LJI7:Q9SJG5,0.010040925815701485,0
Q9LNZ0:Q9FMK7,0.08886847645044327,0
Q9SAU9:Q940Q3,0.012477143667638302,0
Q9S7I4:Q8RXU6,0.017840614542365074,0
F4I4X9:F4HYC8,0.010888972319662571,0
Q9LUA7:Q67YR4,0.02556607499718666,0
Q8GX93:P43297,0.03395234793424606,0
Q1G3B1:Q7X6Y7,0.010611324571073055,0
Q9SD80:A0A1P8B9B9,0.009994943626224995,0
Q9FKC5:F4K2D7,0.011186560615897179,0
O64785:F4I9I6,0.03308786079287529,0
Q1PDV2:Q9M9H7,0.02051185630261898,0
F4JCH0:F4JYN2,0.00992032140493393,0
Q38829:Q38885,0.01540344674140215,0
Q2HIV3:Q8L7G0,0.9192001223564148,0
Q9LUU5:Q9LU00,0.01131882518529892,0
F4HP86:Q9SI42,0.013012684881687164,0
Q9FKA9:Q9FKP0,0.011211014352738857,0
Q9FLS9:Q8RYC6,0.02377786487340927,0
F4JX46:O80345,0.029008498415350914,0
Q9LJW1:A0A1P8B4K5,0.010218354873359203,0
F4KHM4:O64399,0.05353045463562012,0
Q9FMD5:Q9SZV3,0.012121547944843769,0
O49715:Q67Z52,0.01258454192429781,0
Q9SNB8:Q2V323,0.011135954409837723,0
Q9ZWB4:Q8VY91,0.012634060345590115,0
Q9LV43:Q9M9Q6,0.011140449903905392,0
O82631:O48704,0.010664382949471474,0
Q9M0Y6:Q9SPI1,0.012182763777673244,0
Q9LTY9:O22783,0.010204796679317951,0
F4JYD3:Q9SJT8,0.010699992068111897,0
Q9M9Q6:Q9CAE8,0.010931279510259628,0
A0A178V0W2:Q9FX76,0.012013614177703857,0
F4IT95:Q9M3F7,0.0100058289244771,0
F4JG50:A0A1R7T3C3,0.01132784504443407,0
F4ILE1:Q39204,0.25458696484565735,0
F4IX33:P10798,0.014474614523351192,0
F4J4P1:A0A1P8B1L8,0.012774941511452198,0
B3H5U2:Q9FYL8,0.009813799522817135,0
Q84J71:Q9FF17,0.01097887009382248,0
Q9FLI7:A0A1P8BG62,0.009829995222389698,0
O65514:F4J7V3,0.009909426793456078,0
Q9LXV9:P43298,0.011168500408530235,0
F4K0T3:Q9LTX0,0.009987369179725647,0
Q9SZ42:Q9FNA9,0.012602600269019604,0
O49436:Q8GX93,0.011803405359387398,0
Q9M1V3:F4ICX5,0.010475016199052334,0
Q8VZG1:Q9LXK2,0.011384839192032814,0
O64399:Q93VT9,0.03884468227624893,0
F4I2R3:F4I5A5,0.016921566799283028,0
Q9SCU5:F4K1B1,0.02659476362168789,0
Q9SWE5:Q9C688,0.06469640880823135,0
Q56XJ7:Q9LQT8,0.26756659150123596,0
A0A1P8B801:Q8GWS7,0.009885948151350021,0
Q9SB50:A0A1P8ARQ1,0.010504698380827904,0
A0A1P8B0Q4:A0A1P8B5V0,0.01131924893707037,0
Q8L493:Q9ZR13,0.010644649155437946,0
F4JSJ6:A0A1P8AWK7,0.009806841611862183,0
Q2V3X3:F4JTE7,0.01014027465134859,0
Q9SRS6:Q9SGH5,0.016149014234542847,0
Q9FXA9:F4J921,0.010422932915389538,0
Q1G379:P33077,0.01132881548255682,0
P28147:Q9LES2,0.17581582069396973,0
A0A1P8BEG6:P42776,0.027865320444107056,0
Q9SJI7:F4INA9,0.010676048696041107,0
Q9SAD0:Q9FF13,0.022863399237394333,0
A0A1I9LQG9:A0A1P8AN89,0.009755399078130722,0
Q1EBV4:A0JQ16,0.048941321671009064,0
Q9SDS8:Q0WVU7,0.10855770111083984,0
Q9LM13:O80575,0.043792761862277985,0
Q94K21:Q9C9N6,0.009937778115272522,0
Q93WB3:Q9LNI3,0.01134555321186781,0
F4IBB2:Q0WSF1,0.013175556436181068,0
B3H4Q0:A0A1P8B4S5,0.009832697920501232,0
Q67Y01:Q9LV95,0.010002592578530312,0
Q9FYM0:P94102,0.01855163276195526,0
Q9SHL7:B3H5S0,0.08042364567518234,0
B3H5K9:Q9LF34,0.03166022524237633,0
F4HVJ3:A8MQJ3,0.009971349500119686,0
Q7Y211:A0A1P8AM75,0.010118420235812664,0
O23684:Q1PFW4,0.00986793078482151,0
Q93VQ6:Q8GW44,0.017749706283211708,0
Q93ZN3:Q9LW84,0.010570419020950794,0
Q9LNU4:A0A178VMH7,0.03855855390429497,0
F4IT83:Q9LF46,0.010351203382015228,0
Q9FGB0:Q9LUQ8,0.03888123854994774,0
Q9FNR0:Q9FJ66,0.010270974598824978,0
Q9LVS0:Q8H1Q1,0.014277639798820019,0
A0A1I9LLJ2:C0Z2L5,0.01187443919479847,0
A0A1P8BH56:F4IJR9,0.009767907671630383,0
O80568:Q39262,0.015630090609192848,0
Q9FT92:A8MQP2,0.010311250574886799,0
Q9SKI1:A4FVP6,0.03724801167845726,0
Q9LZI7:Q9FV71,0.024974770843982697,0
Q6DYD0:Q9LMW0,0.012241358868777752,0
Q9STK5:Q56WD9,0.011239375919103622,0
Q9C8K7:Q9SUS3,0.35023805499076843,0
O82190:Q9STM6,0.01110696978867054,0
F4IA30:P92523,0.01006800215691328,0
Q940K6:Q9CAY6,0.010204306803643703,0
A0A1I9LTJ3:F4JVV4,0.020547982305288315,0
F4IUX9:A0A1P8AXI7,0.02930109016597271,0
Q9C9H9:Q9LT48,0.05317213758826256,0
Q9LT23:Q9FTA3,0.049663472920656204,0
Q9LHK9:Q9T028,0.010844464413821697,0
Q1PF16:Q9FZI8,0.014493933878839016,0
Q9M8W9:Q9FDX6,0.01517410296946764,0
Q6DYE3:Q9LSA5,0.026476383209228516,0
Q9T075:O22846,0.012327248230576515,0
Q9LUJ5:F4JDL5,0.01024358905851841,0
Q8L604:Q9C942,0.01260446198284626,0
Q9LSK8:A0A178UN96,0.009940307587385178,0
Q0WUZ1:Q9ZVI2,0.010547253303229809,0
Q8GXB7:F4K975,0.012391636148095131,0
A0A1P8BC48:Q9LRQ0,0.011839737184345722,0
A0A1P8B760:O80885,0.02804846130311489,0
Q9FF54:B3H6K1,0.010878107510507107,0
F4JRN0:Q3ECU8,0.011683917604386806,0
O48720:Q5HZ03,0.012047923170030117,0
Q9FKV1:O23006,0.023172790184617043,0
A0A1I9LNE1:P59467,0.010260446928441525,0
O64556:Q8LFB8,0.010029524564743042,0
A0A1I9LMU1:Q8GXI9,0.010179378092288971,0
Q8L9R7:Q9FMJ4,0.010231263004243374,0
Q9C924:A0A1P8BH47,0.009861009195446968,0
Q9FH21:A1A6I1,0.013174504041671753,0
Q9LJ72:F4KFD1,0.0115323131904006,0
Q9SAC5:A0A178UFM8,0.011549669317901134,0
Q8L726:F4K725,0.013370205648243427,0
Q9LZE2:Q9LUE5,0.02678101137280464,0
Q8VYC9:Q8GWP1,0.02552853897213936,0
Q93XY7:B3H721,0.010002811439335346,0
A8MQ79:F4ILJ4,0.009902817197144032,0
Q9FYE3:Q2V4D5,0.00998673215508461,0
C4B8C5:Q8GWY0,0.01000151876360178,0
Q9FJY1:Q9C932,0.012923399917781353,0
Q9M995:Q9M0N1,0.08650310337543488,0
Q1PE70:O82812,0.009954365901648998,0
Q6AWW0:Q8L6X8,0.01079885195940733,0
Q0WPR6:A0A1P8B3Y4,0.010562370531260967,0
F4JUF8:Q9SVZ9,0.02614613249897957,0
Q8VZS2:Q9SND3,0.011005811393260956,0
Q9SCR0:F4KD49,0.10041358321905136,0
Q9LTS6:F4IMQ0,0.026041213423013687,0
Q94C78:F4I4X9,0.010891151614487171,0
F4KAV2:Q9CAR0,0.02080393023788929,0
F4J8D9:Q93Z27,0.01020735502243042,0
Q9C702:Q9SUN6,0.011400670744478703,0
O82248:O48963,0.22361336648464203,0
Q8VYP6:Q9SZ58,0.011469537392258644,0
Q9M9A8:Q84TG1,0.010388477705419064,0
Q84TK4:Q9FN15,0.009748702868819237,0
A0A1P8BCC2:Q9FYK6,0.013718018308281898,0
Q9FRL5:Q7XA71,0.022329851984977722,0
Q9LVA2:Q8LDS4,0.01027638465166092,0
Q9FX76:P35632,0.011356569826602936,0
Q9T0J4:Q9M0X8,0.0242711640894413,0
Q9LYE2:Q0WL44,0.011362065561115742,0
Q8RWR9:P0C0B0,0.01019727811217308,0
F4JPQ4:Q9LI95,0.010091167874634266,0
Q93VJ4:Q9S7P4,0.012702888809144497,0
Q9SHG6:Q9LV38,0.01343730092048645,0
Q0WVZ7:F4JBC7,0.012145265936851501,0
A0A1P8BH47:A0A1P8BAT6,0.00987424049526453,0
Q6NM16:F4JXW9,0.009824934415519238,0
Q0WWX4:F4J865,0.013303565792739391,0
Q9FFS7:Q67XT7,0.00984582956880331,0
F4I5I4:B3H779,0.009811989963054657,0
A0A1P8B8B4:Q5Q0D0,0.010317210108041763,0
Q94AI6:Q94C90,0.015747180208563805,0
B3H428:Q9FKQ9,0.009907579980790615,0
Q5S502:Q9SIT3,0.009997176006436348,0
Q9LTF2:Q9CAE4,0.03704584762454033,0
F4JR37:Q8S9K3,0.013329393230378628,0
Q9FHY7:Q2V3X3,0.009960034862160683,0
Q9ZW89:Q9LS61,0.14671745896339417,0
Q9FJK3:Q8VYA5,0.1476556807756424,0
Q9FG51:Q8RXD3,0.1538519710302353,0
Q9SKT1:Q5XVC1,0.011112845502793789,0
A8MRE7:Q93Y22,0.01009218581020832,0
Q94CB5:Q9SR00,0.010992715135216713,0
Q6DBQ2:Q9FHN2,0.016519030556082726,0
Q9LT56:Q9FG05,0.07671531289815903,0
A0JQ78:Q8GYE6,0.009843483567237854,0
Q9FFY5:Q9LSZ5,0.010932664386928082,0
B3H6B4:Q42512,0.009786756709218025,0
A0A1P8AUR3:Q3E8G0,0.00993355643004179,0
A8MQ92:Q9FE54,0.009929358959197998,0
Q9SZZ8:F4KE50,0.016939833760261536,0
Q9SKM7:Q8LPN5,0.010195000097155571,0
Q5XV83:Q9CA92,0.009850436821579933,0
Q9S9X6:Q9STK5,0.01090953964740038,0
A0A1P8B531:Q9CA16,0.011162436567246914,0
F4I5A5:Q9FI09,0.010324849747121334,0
Q9SL50:Q9SKI5,0.010355385020375252,0
O80943:Q9SFF7,0.010354965925216675,0
Q9S9T8:Q56YT7,0.010276253335177898,0
Q8RXD3:Q9SYJ8,0.03192795813083649,0
Q9LV70:Q9M349,0.010209430940449238,0
Q9LV88:Q9T0J4,0.010128763504326344,0
Q9C8F8:A0A1I9LT75,0.010007159784436226,0
O65684:F4HYR6,0.009951606392860413,0
Q94AJ9:F4JH53,0.010983394458889961,0
Q9M349:Q9FYC3,0.010286595672369003,0
Q4PSP2:Q9SAK2,0.01848023198544979,0
Q8GXI9:Q9LIJ9,0.06032763794064522,0
A0A1P8ANT6:Q944R2,0.01879037916660309,0
Q9STM6:Q8RWM7,0.01566162146627903,0
Q9C788:Q37001,0.08582320064306259,0
Q39079:A0A1P8AT89,0.011564155109226704,0
Q56WD9:Q9LMC0,0.010705397464334965,0
Q940A2:Q8L981,0.0229568462818861,0
O80624:A0A1I9LTC6,0.009923221543431282,0
Q1G385:A0A1P8BDE8,0.010006588883697987,0
Q9FLQ0:Q93VB2,0.01055924128741026,0
O65155:Q9SUM3,0.05223898962140083,0
Q9M0W4:Q8RXG5,0.010869400575757027,0
Q9ZPV4:Q9LZW4,0.04980037733912468,0
Q9FK47:Q5W9E7,0.33425042033195496,0
Q9FYR2:Q9SHV5,0.010288643650710583,0
F4JCI4:A0A1I9LLX4,0.010427639819681644,0
Q9MAP3:P56779,0.018396545201539993,0
Q8VYD6:Q9ASW4,0.016382483765482903,0
Q8VYA5:Q5XVK9,0.021767189726233482,0
O23369:Q9SZF7,0.015298611484467983,0
O64470:Q9C9U0,0.01041106041520834,0
Q8GXP7:Q8L403,0.013250881806015968,0
Q8GY11:Q6AWW0,0.010448171757161617,0
Q9SKL6:Q8RXH2,0.02295551262795925,0
Q9LHE5:P56798,0.02232564426958561,0
F4JDL5:Q9FYF9,0.013486306183040142,0
Q9SEZ6:F4HSD5,0.011300688609480858,0
Q1PF74:P0CB19,0.03083984926342964,0
Q9M8M7:O64627,0.009883621707558632,0
Q0WR94:A0A1P8B415,0.010036773048341274,0
Q8VY77:Q67Y01,0.01044526882469654,0
Q9FI02:Q8LAP6,0.00981899257749319,0
F4K4X2:Q8L4S3,0.010168395936489105,0
Q9XGZ2:Q9ZW35,0.05304574966430664,0
P93283:Q9FL87,0.00992097333073616,0
A0A1I9LM80:Q9SF89,0.010192644782364368,0
Q9LM92:Q5XVB7,0.012955023907124996,0
Q9FHW2:P32746,0.011696882545948029,0
O23235:Q9FG23,0.010038631036877632,0
Q9XED8:F4IBV1,0.13160136342048645,0
B3H6X1:Q9FNB9,0.010377801023423672,0
P82538:Q9M237,0.009976970963180065,0
Q9LY03:A0A1I9LPE3,0.015069412998855114,0
Q9XI19:Q9M051,0.01190714817494154,0
Q7X659:Q9ZUZ2,0.19538503885269165,0
Q42512:Q9C7X6,0.01193949580192566,0
Q9C8Z9:Q9SGR2,0.029871081933379173,0
Q8S8I9:A0A2H1ZEC0,0.044537242501974106,0
B3H4Z7:Q08891,0.013063614256680012,0
Q9LMY5:Q9LZP9,0.01008682046085596,0
Q9LTH4:F4IB55,0.01588621735572815,0
A0A178W4W9:Q6IWB1,0.012291490100324154,0
O64717:A8MQD8,0.012296897359192371,0
Q9LTT3:Q9ZUX0,0.02220110408961773,0
Q9STG1:A0A1P8AW98,0.010020499117672443,0
Q9SV72:F4J412,0.009991968981921673,0
Q1G371:Q9LXR9,0.011198093183338642,0
F4JGI3:Q0WQ41,0.010516001842916012,0
Q9STX2:Q9LM48,0.018821949139237404,0
Q9M357:Q8LPR9,0.010944297537207603,0
P49177:F4JPD5,0.01645769737660885,0
Q9LYX2:Q5BPU6,0.009983106516301632,0
Q9C7T2:Q3EC23,0.00996517576277256,0
F4K1D3:Q94K61,0.01246005017310381,0
Q9FNZ5:Q9T0A4,0.010949138551950455,0
Q4PSS8:Q9FWS4,0.010758405551314354,0
Q9LEY9:Q9M2D8,0.05103321000933647,0
B3H4X6:Q9C6C7,0.010203666985034943,0
A8MQN4:Q9SRP6,0.012432893738150597,0
A0A1P8AN89:P61843,0.009858003817498684,0
Q8VXY9:A0A1P8AXA3,0.01008133590221405,0
B3H713:A0A1P8BGB6,0.009809687733650208,0
A0JQ00:Q94AJ9,0.010935751721262932,0
Q9LUL4:Q39066,0.010653690434992313,0
Q570U1:Q9SKU6,0.01331940945237875,0
Q9LU68:Q8GXB7,0.013018840923905373,0
P59467:Q9FJ08,0.011020791716873646,0
Q8GYM2:Q9SZ42,0.010163175873458385,0
F4ICB5:Q4VNZ6,0.010172038339078426,0
P82778:Q9FYE3,0.009979653172194958,0
A0A1P8BA81:Q1G3Q4,0.03226800635457039,0
Q8LBA6:Q9FLQ0,0.010568584315478802,0
Q9C8D1:A0A1I9LQ53,0.013520668260753155,0
O80608:Q9FZ06,0.03380730375647545,0
Q8GYH1:A0A1P8AXB7,0.011276266537606716,0
Q9XFH9:Q9LHE5,0.06745077669620514,0
Q8S8P6:Q9LNC9,0.018974661827087402,0
Q8RWY1:Q9LP03,0.011671604588627815,0
Q9SD25:Q8LPL5,0.010507521219551563,0
Q0WPZ7:O81515,0.010002386756241322,0
Q9C572:Q9LT09,0.010376756079494953,0
Q940H5:Q0WT61,0.01051998045295477,0
Q9ZSJ6:Q9LJ51,0.010137679055333138,0
Q945S8:B3H7H3,0.012313561514019966,0
Q8GY06:Q9ZT42,0.040679074823856354,0
Q8L603:Q9SJZ3,0.01372645702213049,0
Q9SYP2:Q700C7,0.033412039279937744,0
Q9SL70:A0A1P8AN40,0.010739668272435665,0
Q2V4C3:Q9C8M9,0.010738472454249859,0
Q9XIM0:Q9LJL8,0.012035030871629715,0
Q9C932:F4IY34,0.01425537746399641,0
Q8L925:Q7Y220,0.11542996019124985,0
O49518:Q9M2K8,0.011150150559842587,0
Q94CC1:Q949M9,0.0374300591647625,0
Q3EBI7:Q93YQ0,0.011147279292345047,0
Q6PV67:A0A1P8B188,0.023677745833992958,0
A0A1I9LQL9:Q1G3B3,0.009723353199660778,0
Q9SM23:P92534,0.010187926702201366,0
Q9LVV3:Q941L2,0.010432450100779533,0
O49586:Q9LW63,0.010413764975965023,0
F4KDK1:Q9FI02,0.010124115273356438,0
Q39024:A0A1P8AQK1,0.08371379226446152,0
Q9SUC0:Q9LSR5,0.012109832838177681,0
Q9C892:Q9C9T4,0.009884505532681942,0
Q9STS3:P21238,0.016857802867889404,0
Q8LA14:Q9T070,0.010252809152007103,0
Q94AG2:A0A384L1W6,0.12729130685329437,0
Q38893:Q84MC1,0.019849706441164017,0
O48788:A0A1P8BC60,0.013274669647216797,0
Q8VYF7:Q949X1,0.011083792895078659,0
Q9LIJ9:Q9LZI7,0.019857004284858704,0
Q9C800:Q9STN5,0.011183395981788635,0
F4KE50:Q9C569,0.013120809569954872,0
F4J311:P0CG07,0.010046391747891903,0
Q67YR4:Q94EJ3,0.010480237193405628,0
F4I9X5:A0A1P8AYX9,0.009871370159089565,0
Q8H1G0:Q1G3B1,0.031344082206487656,0
Q9FUR2:Q9MBA1,0.02495303936302662,0
Q9ZQQ9:F4I458,0.01440973300486803,0
O80667:Q9FGW7,0.011008095927536488,0
A0A1I9LRC5:B3H5A4,0.00968990009278059,0
A0A178UA90:Q9LVW2,0.061145104467868805,0
A7XGN8:A0A1P8AQV4,0.01021463144570589,0
Q9ZUN8:P92556,0.010711392387747765,0
A0A1I9LMV6:Q9FN05,0.010974480770528316,0
Q9ZW21:Q8GY84,0.16057835519313812,0
P28148:Q9LUK1,0.02034432254731655,0
Q9FGN8:A0A178UA90,0.016103241592645645,0
Q9LX56:Q9SN61,0.013942127116024494,0
Q9FXA1:O24617,0.014582956209778786,0
Q8RWM7:P56782,0.012381852604448795,0
Q0WMY5:Q9LIL5,0.013215243816375732,0
Q6AWW7:F4HZ54,0.04594350978732109,0
F4JZZ1:F4JCN4,0.010502733290195465,0
Q9ZNV9:Q4PT11,0.01901121623814106,0
A0A1P8B6C9:Q9M1Y0,0.010643932968378067,0
Q9SJE2:B7ZWR6,0.017782872542738914,0
Q1G390:Q94K71,0.011002772487699986,0
Q8VZE4:Q9LF68,0.010578537359833717,0
P49107:Q9CAJ0,0.025318751111626625,0
Q9FZ97:A0A1P8B760,0.014088568277657032,0
Q9FN50:Q6IWB2,0.01004501897841692,0
Q9LXK5:F4K6C3,0.009836244396865368,0
Q8LEP7:Q93WB2,0.010984054766595364,0
F4HR31:Q9SIT7,0.010241257026791573,0
Q9LF24:Q9FGJ3,0.044235337525606155,0
Q9SJV5:P93024,0.016634834930300713,0
Q9FN15:Q9C763,0.009803869761526585,0
Q9LT89:F4KAV2,0.07579001039266586,0
A0A1P8BB71:Q5XV94,0.011442471295595169,0
Q6X7J5:Q94JW8,0.6126279234886169,0
Q9C9T4:Q3EC43,0.009916647337377071,0
Q8H1S7:Q9SF38,0.014577919617295265,0
Q9SJW0:Q9FZK5,0.09088389575481415,0
P49243:F4JKW0,0.01865798607468605,0
A0A1P8AW47:Q9LF24,0.011509482748806477,0
Q9SRS1:A0A1P8AXU1,0.009948359802365303,0
Q0WWE3:F4HQ84,0.12146880477666855,0
Q9STH7:Q8L4N1,0.011235867626965046,0
Q1G3F1:Q9SUC5,0.01031282264739275,0
Q39238:A0A1P8AUY5,0.010901276022195816,0
Q9LSR5:F4IVU1,0.010037037543952465,0
Q9LTC3:Q6IDB0,0.01625908724963665,0
Q6NPF4:Q8RYD3,0.061834659427404404,0
F4HPB7:Q6AWX1,0.02197857014834881,0
Q9FMK7:Q8LDV4,0.02343396283686161,0
Q500Z7:A0A1P8B2W3,0.010788368992507458,0
O22287:O80634,0.01159654464572668,0
O81051:Q2V328,0.010049263015389442,0
F4JCN4:Q9SAK0,0.010020365938544273,0
F4JSC0:Q940R4,0.01151906605809927,0
B3H6P5:F4HTE0,0.00992597546428442,0
Q9FYE0:Q2V3K2,0.0101517578586936,0
F4IZ00:Q945N1,0.010481673292815685,0
Q9SK53:Q9SK39,0.12542809545993805,0
F4I499:Q9C640,0.009924434125423431,0
A0A1P8B502:Q5S4W1,0.041739434003829956,0
Q39010:F4J139,0.4237709045410156,0
B3H7J2:Q9FN69,0.010837385430932045,0
Q9ZQZ9:Q8H1F6,0.014204435050487518,0
F4HVS6:Q8LGS1,0.015607470646500587,0
Q8L3Z8:Q94CC1,0.02006930485367775,0
Q39140:Q9M1X2,0.07843305915594101,0
Q2V346:Q9LZA7,0.009885433129966259,0
B9DGD6:Q9FX35,0.010366331785917282,0
Q9SGH5:Q9M0K4,0.05065358802676201,0
Q9ZWC5:Q9ZVI7,0.02605363167822361,0
Q45GG6:Q2HIU1,0.012837654910981655,0
Q0V845:Q84M92,0.07455047219991684,0
O81025:Q9SAJ3,0.011336520314216614,0
B3H784:Q3EDK7,0.010052742436528206,0
F4IDQ5:Q8GZA4,0.019289299845695496,0
Q6Q151:O64866,0.061996616423130035,0
Q9C6V2:Q5PNU3,0.016378585249185562,0
Q9C843:Q6R053,0.08403760194778442,0
A0A1P8BDN2:Q9XIM0,0.010151445865631104,0
O82812:O04590,0.010190466418862343,0
F4IMA4:F4JSC0,0.010345441289246082,0
F4K975:F4JQS2,0.011452647857367992,0
Q08298:Q9C6K1,0.010608464479446411,0
Q9M875:F4HQX1,0.01216611173003912,0
Q9SPI1:Q9SLH0,0.06797810643911362,0
Q9FM80:Q9LP80,0.014092527329921722,0
O64760:Q9SCU7,0.19696389138698578,0
Q3E9N1:Q9FGP8,0.01289574708789587,0
Q0WR81:Q0WNX3,0.014968767762184143,0
A0A1P8AT89:Q9SU89,0.011612494476139545,0
F4JEQ6:F4IB51,0.010098583064973354,0
Q66GQ1:Q0V845,0.01505611278116703,0
Q9CA16:Q9FLU6,0.010126901790499687,0
Q39262:Q9LSZ4,0.021927712485194206,0
Q9ZT84:Q8RWW1,0.012552606873214245,0
Q6DYC0:Q9ZPR0,0.017824262380599976,0
Q9FKH1:F4ICB5,0.02414809726178646,0
Q84K51:Q9LH43,0.010562736541032791,0
Q9SV26:Q1G3L1,0.010224527679383755,0
Q3E9D5:Q8W4R7,0.011506186798214912,0
Q9LMQ2:Q8S8M2,0.01102119218558073,0
O04027:Q67ZB6,0.03889275714755058,0
O04173:B3H7A6,0.013641751371324062,0
Q9C580:B3H7J2,0.010128522291779518,0
Q2V4D5:Q9XI76,0.010087430477142334,0
Q6NPP7:F4JCI4,0.016306454315781593,0
Q9C5X8:Q9C8L4,0.011837715283036232,0
Q84TD6:Q9LV21,0.045093778520822525,0
Q500W7:F4I5Q5,0.01042424701154232,0
F4JML6:Q9M169,0.0114700673148036,0
Q0WQF4:F4KI29,0.012582818046212196,0
Q941L3:Q9M190,0.014896838925778866,0
A0A1P8BGI7:Q6DBD5,0.010750861838459969,0
Q9SVQ3:Q9FMV7,0.012249602936208248,0
Q9LEU5:Q56YQ1,0.010061540640890598,0
Q8LPL5:Q9M9Y4,0.07797562330961227,0
Q9S9X7:B3H614,0.009834731929004192,0
O82394:Q9LM13,0.027864566072821617,0
Q9C8J7:Q3E918,0.029603350907564163,0
Q9LZ59:O48720,0.015662964433431625,0
Q564K3:Q9LYL9,0.14545126259326935,0
B3H6J5:P93822,0.06960930675268173,0
Q8S9J2:Q0WPD9,0.061492275446653366,0
C0LGW2:Q9FFA0,0.011148739606142044,0
F4I8W7:Q9SDS8,0.01787085272371769,0
Q9SHF8:Q9M4T3,0.015603712759912014,0
A0A178V266:Q9STG1,0.024914978072047234,0
Q9C7N3:Q9STE8,0.01141044870018959,0
Q2V309:Q9SY00,0.011516697704792023,0
F4JKW0:Q9LF97,0.03800634294748306,0
A0A1P8AWX3:Q8RWZ1,0.7729470729827881,0
Q9LXA8:P62090,0.01347979437559843,0
A0A1P8B2W3:Q8RXT5,0.011678438633680344,0
P27202:Q8VYP6,0.010921984910964966,0
Q9S7U7:Q9SAD9,0.014478238299489021,0
A0A1R7T3C3:Q1PDL6,0.009909960441291332,0
Q9LDD5:Q8GY72,0.03242171183228493,0
Q9FJN6:Q58G10,0.14263813197612762,0
Q9FJ95:Q8VYQ7,0.011199253611266613,0
Q9CAW3:Q9SVH8,0.010036700405180454,0
Q9ZQC6:Q7Y211,0.010461664758622646,0
Q9M2U6:Q9SI15,0.01119659561663866,0
Q8GUT5:Q9SSM2,0.013510218821465969,0
Q9M9H7:A1L4Y4,0.027940619736909866,0
A0A1P8AR64:Q9FUY2,0.01164559181779623,0
Q9C569:Q501D4,0.010247182101011276,0
Q9FWZ3:Q9FJV0,0.045470885932445526,0
Q5XV94:Q39021,0.1415862888097763,0
F4IZ80:Q8L5W8,0.017664259299635887,0
Q5BPR6:Q9SZK4,0.010290305130183697,0
O48721:Q9SHQ9,0.01258909236639738,0
A0A1P8AP72:A0A1P8B2J0,0.012239484116435051,0
Q9SGS1:A0A178WGK2,0.010993230156600475,0
Q9SUD8:Q9SMN4,0.009969750419259071,0
Q8GWE6:Q9FL63,0.025971515104174614,0
Q9C5C5:Q8VZK2,0.021079590544104576,0
Q9ASW4:Q9LV97,0.011765641160309315,0
Q29PZ2:Q9C580,0.02836967073380947,0
Q8LBW4:A0A1P8B2D2,0.009745112620294094,0
Q9ZR12:A0A1I9LNH2,0.010957770980894566,0
Q9CAQ2:Q8H0U3,0.01959826797246933,0
F4I6H7:Q9SX45,0.010537311434745789,0
O80345:Q9FHL9,0.018395747989416122,0
F4HVW5:P92566,0.010158595629036427,0
Q9LY82:F4I9I5,0.009968387894332409,0
Q9C5J8:Q1PET7,0.0107780322432518,0
B3H5E6:Q9LV81,0.01369892992079258,0
Q8RXU6:F4ID96,0.017655087634921074,0
O49675:Q8LBA6,0.014684590511023998,0
Q9SRQ3:Q8W3M6,0.024120435118675232,0
Q8GYP3:Q8VZ95,0.03506843000650406,0
Q1PEN6:F4I861,0.009943671524524689,0
Q1H5B2:Q9FN84,0.017590362578630447,0
O82760:P55217,0.014902541413903236,0
Q8W109:F4K7X9,0.010092690587043762,0
F4J0L0:Q9FMZ4,0.01564612053334713,0
Q2V4I9:Q8GYM2,0.009947842918336391,0
O23100:Q08733,0.018650492653250694,0
Q9C640:Q8VYD3,0.010184375569224358,0
Q9SX45:Q9LI85,0.01030611153692007,0
A0A1P8AZP7:Q84J91,0.010002409107983112,0
Q9ZQA3:Q9SJG7,0.010432111099362373,0
F4IED7:O82266,0.01449612807482481,0
A0A1I9LLN7:Q9LF66,0.010946149006485939,0
Q8GWP1:F4I6U7,0.01348926406353712,0
A8MS31:Q9LU28,0.010167372412979603,0
Q9LZA6:B3H7D1,0.01360610406845808,0
O82798:Q9ASV6,0.07609515637159348,0
Q06AN9:Q9SJV6,0.024368276819586754,0
F4IEX1:Q9FX44,0.010323774069547653,0
Q0WSF1:Q9C5J6,0.019115611910820007,0
Q7PC79:Q9FGR2,0.010935766622424126,0
Q8LPG1:Q9SJM3,0.011217365972697735,0
P46897:F4HP85,0.05720854923129082,0
Q9LUC7:O23247,0.010070954449474812,0
A0A1I9LQ30:F4IUX9,0.01192648708820343,0
A6QR85:O82319,0.010446570813655853,0
Q9FGM9:Q9ZSK1,0.011755960993468761,0
Q9S746:Q9LQ12,0.01748000644147396,0
P0DN98:B3H4R7,0.009858342818915844,0
Q04613:Q8LFL5,0.009827705100178719,0
Q2L6T1:Q9SN15,0.010429011657834053,0
Q9C878:O49403,0.46019917726516724,0
Q9S7I7:F4JZU2,0.017585119232535362,0
Q8L467:A0A1P8B801,0.013798877596855164,0
B9DF92:Q9FI46,0.01625565066933632,0
O80339:P56801,0.025591973215341568,0
O80884:Q84WM1,0.009906938299536705,0
O80366:Q2L6T1,0.011231506243348122,0
Q9FIS4:Q9LTB9,0.010566248558461666,0
O80920:Q9C803,0.014644821174442768,0
Q9SZE0:Q9FL96,0.010806339792907238,0
Q9M565:F4J0D0,0.010352405719459057,0
Q9SCP4:A8MRE7,0.010003892704844475,0
Q0IGM1:A0A178WNP1,0.00988682359457016,0
A0A1P8BF70:Q9SY74,0.024727744981646538,0
Q5XVA8:O49436,0.012537956237792969,0
Q9FN69:Q8W1X2,0.09811651706695557,0
Q9M0I1:Q8GY50,0.011831581592559814,0
Q949U5:Q9SCU5,0.012111330404877663,0
Q8GY50:Q9CAG1,0.021019205451011658,0
Q58G10:Q9LNZ0,0.08449077606201172,0
Q9SHQ9:P29517,0.058539170771837234,0
Q944Q0:F4IGH3,0.030746346339583397,0
Q9SI63:Q9SV72,0.010175451636314392,0
Q9ZNX9:Q9LYB9,0.02254495583474636,0
O80450:Q9LS86,0.21066470444202423,0
F4IBY8:F4J687,0.010392683558166027,0
Q9C975:O80742,0.012033754959702492,0
O48529:Q1G3Z3,0.010151366703212261,0
O22793:Q9LYX2,0.009852614253759384,0
Q9ZUV6:Q9C5C4,0.024275973439216614,0
Q9M122:Q94AQ4,0.010217122733592987,0
A8MQP2:A0A1P8AW47,0.009951931424438953,0
O81001:Q9FLX9,0.15430891513824463,0
Q9C9N3:O48713,0.03666435927152634,0
Q9S7S5:Q9FID7,0.00992958527058363,0
Q94JM3:Q9T075,0.11149325221776962,0
Q8VY62:Q9LFV5,0.0239150021225214,0
Q5Q0I0:Q9LYD3,0.01565673016011715,0
Q9S7M2:P19172,0.05710792541503906,0
Q9S6Z9:P0C899,0.01326628029346466,0
P92534:Q9FEN9,0.010036580264568329,0
Q8GW13:P82643,0.010259347036480904,0
F4K8I3:Q9C9H9,0.009956300258636475,0
Q3E918:Q9FX34,0.011992909014225006,0
Q39227:F4K6Z5,0.012771859765052795,0
Q9LIL5:A0A1I9LLL5,0.010328828357160091,0
F4JXW9:Q8VZS2,0.009880833327770233,0
Q9LM58:O23369,0.010145017877221107,0
A0A1P8AQA9:Q9M0X0,0.010280671529471874,0
Q9LZD1:Q501D5,0.011752879247069359,0
Q9SW23:Q0WRE7,0.010059132240712643,0
P93316:Q9FKV1,0.012634997256100178,0
Q93VB2:F4IFM3,0.010365383699536324,0
Q9FKQ8:A0MFS5,0.011450131423771381,0
F4J956:Q8GW42,0.00982317328453064,0
Q9LZ00:Q9FGG2,0.01313549280166626,0
Q9LSZ4:Q3S4A7,0.02809746004641056,0
Q38840:F4HVZ5,0.021109694615006447,0
Q6DSU0:Q84W04,0.021053466945886612,0
F4JUA6:F4HWT6,0.010554015636444092,0
Q9M1X2:Q6DYC0,0.014076456427574158,0
Q9C800:O81788,0.12911362946033478,0
Q9LFV5:F4ID12,0.012041118927299976,0
Q5S4X7:Q9CAN3,0.029646366834640503,0
Q9LM78:F4K7X9,0.011794254183769226,0
F4K588:O49545,0.014828324317932129,0
Q84TH8:Q9LIH2,0.010109692811965942,0
Q5S4W1:F4JPQ4,0.010653026401996613,0
Q8S8I9:Q5S502,0.009812615811824799,0
Q9LTD4:Q9M026,0.014795416966080666,0
B3H428:A0A1P8ATM2,0.009740772657096386,0
O48720:O65387,0.010466250590980053,0
Q9M8T8:Q9ZQ68,0.01142717432230711,0
Q9C659:Q9SMR5,0.010475490242242813,0
Q0V7V2:Q9FI44,0.01887054555118084,0
Q9FMB4:B3H7G8,0.010079123079776764,0
Q7XA71:A0A384LJI7,0.010114140808582306,0
A0A1I9LNG9:Q6NPL0,0.009902655147016048,0
P0C7Q8:Q9SKI5,0.04452550783753395,0
Q9LHL7:Q9FM91,0.050327468663454056,0
Q1H5B1:F4K7J0,0.01225855853408575,0
O81826:B3H617,0.010757043026387691,0
Q9CAY6:Q9LX56,0.010808381251990795,0
P92559:Q9STP8,0.011445931158959866,0
Q9ZR12:F4HYH6,0.013641754165291786,0
P55826:A0A1P8B017,0.01017568726092577,0
O04173:Q9M1Q4,0.21849064528942108,0
Q9STL8:P0C8A0,0.010269083082675934,0
P0CAX9:Q9C8L4,0.010066010057926178,0
P0CAY4:A8MQ92,0.010071183554828167,0
Q9LQ74:Q1G3B1,0.00980793870985508,0
Q9FYC3:Q1G3Q4,0.01513265073299408,0
Q8GXH5:F4I861,0.009744475595653057,0
Q9FNA9:O48713,0.01231702696532011,0
O22877:Q9FH00,0.011206117458641529,0
Q0WR08:Q9FID7,0.00981701910495758,0
Q9FLM1:F4J480,0.013000808656215668,0
A8MQ92:Q9C8T5,0.01005466002970934,0
Q8S8T8:O81515,0.010028771124780178,0
Q8LGS1:F4JCI4,0.017993493005633354,0
Q8L7G1:Q66GJ0,0.010890565812587738,0
Q96247:Q9FM69,0.020562810823321342,0
O80339:Q9LSI4,0.6047355532646179,0
Q84UU4:Q9C843,0.01162651926279068,0
O49627:F4IXJ0,0.019910026341676712,0
Q8GXP7:Q9FMS0,0.01277932059019804,0
Q9SIS2:Q3MV14,0.01631280966103077,0
Q9SYQ0:Q5E911,0.012407328002154827,0
Q9SVH8:F4IQS9,0.010087461210787296,0
Q9SWH4:Q8S9M3,0.09081078320741653,0
Q5PNU3:Q56XV8,0.023900970816612244,0
Q9STP8:Q9FGG2,0.01686973311007023,0
Q9SSW0:F4HYC8,0.03001786582171917,0
Q9SJH2:Q1PE51,0.012457096949219704,0
F4I4Q3:Q9FIS4,0.011393548920750618,0
F4IZC5:Q2V4D5,0.009891699068248272,0
Q9LTX4:F4IH25,0.013959790579974651,0
O80470:Q9M995,0.0479041151702404,0
Q7X659:A4FVP6,0.09149723500013351,0
F4IZ03:Q94AX4,0.01134695764631033,0
Q9LZC3:Q9LKZ3,0.014554462395608425,0
Q9XIR8:Q9C737,0.011797061190009117,0
Q9C8J7:F4I540,0.013414856977760792,0
Q9SF37:O64470,0.01172159519046545,0
Q4V399:Q9FX44,0.011244098655879498,0
Q9LS04:Q1PEN6,0.010955661535263062,0
A4FVP6:Q944K3,0.021282609552145004,0
Q9C788:Q9LUU5,0.11296477168798447,0
Q9M0V4:Q4VP08,0.010231406427919865,0
Q9C8Q1:Q3ECY3,0.009989648126065731,0
O49586:Q9FLQ0,0.010567880235612392,0
Q9SKH1:Q9SZA2,0.010296600870788097,0
O49289:Q9S7H1,0.012268361635506153,0
Q9M054:O22846,0.01002719346433878,0
Q9FFR5:Q9SJE2,0.018568310886621475,0
A0A1P8B013:B3H711,0.009771141223609447,0
F4KEP6:Q9SY75,0.012228830717504025,0
Q9SJ20:Q0WSU0,0.029610473662614822,0
O64482:Q9SUX0,0.010271894745528698,0
Q9FJV5:F4I7W1,0.010764023289084435,0
Q8RY12:Q9SB36,0.010964252054691315,0
Q56YT7:Q9C6U7,0.010881791822612286,0
Q9FF17:A0A1I9LLE1,0.014585752971470356,0
Q9SJT8:Q6NPM7,0.012586735188961029,0
A0A178VQ59:O65220,0.011498289182782173,0
Q9S750:Q9LNI3,0.012277322821319103,0
Q9LTS8:Q9SJT8,0.04549301415681839,0
O23337:Q9LU86,0.010783650912344456,0
Q6DSU2:Q9SX45,0.009993978776037693,0
Q9ZNU3:Q9M1F6,0.015734365209937096,0
Q9FLI7:Q1G3B3,0.009782451204955578,0
Q84TK4:Q9SFX3,0.009860942140221596,0
Q9LK65:Q0WPG1,0.01205465942621231,0
Q9M9H7:Q9SII1,0.011757425963878632,0
Q67Y04:Q9FFC9,0.010158578865230083,0
P21238:Q9LIJ0,0.011613769456744194,0
F4K3K4:Q6NM39,0.010136441327631474,0
Q8S8N4:Q93YQ0,0.010888271033763885,0
Q93XY7:Q9FZ92,0.014727274887263775,0
F4JRP8:Q9C7J3,0.01193323452025652,0
A0A1P8AUJ8:F4JF14,0.01070449035614729,0
Q9FE54:Q5HZ00,0.010555215179920197,0
Q9SCT7:Q9FI57,0.009870265610516071,0
A0A1I9LQ30:A2RVP7,0.010231196880340576,0
Q8RX60:Q8W4F1,0.012512708082795143,0
Q8LPH6:Q9FKZ0,0.08853756636381149,0
A0A178WKP3:Q8VYH0,0.013859659433364868,0
Q9M128:Q93ZY7,0.06081607565283775,0
Q9FFA7:F4K064,0.017502080649137497,0
A0A1P8B6C7:O81916,0.010087653063237667,0
Q9LEZ1:F4KBU9,0.010049049742519855,0
Q9LM92:Q9FLU6,0.012839694507420063,0
Q9C9U0:P56788,0.010282098315656185,0
Q43309:F4HYB6,0.010275724343955517,0
A0A1P8AUR3:P94024,0.010007791221141815,0
Q9LEY9:Q9FK47,0.12076278030872345,0
Q29Q18:O48890,0.010334640741348267,0
Q9M367:F4K719,0.01006877701729536,0
O48713:P49177,0.029416099190711975,0
Q6DST9:Q9SIC3,0.011351249180734158,0
Q9M9Z2:F4K742,0.009970824234187603,0
Q9FNY4:Q8LGU6,0.04256105422973633,0
Q9ZU88:F4KE63,0.010438471101224422,0
Q2V4C3:Q9SSF8,0.01845921017229557,0
Q9LPN6:Q9C749,0.011059588752686977,0
Q41916:F4IUX9,0.015726933255791664,0
A0A178UA90:Q9MAI8,0.011784876696765423,0
Q84WM1:Q8GWW7,0.010400841012597084,0
Q2V4D5:Q6NKN2,0.011056788265705109,0
B3H6F7:Q9M9A8,0.00998473446816206,0
Q9C9P4:Q9FIR9,0.02700323425233364,0
O65423:Q9FNL4,0.025046659633517265,0
Q9FFC9:Q9C6Z3,0.010962564498186111,0
Q9FHD1:Q9M042,0.017969613894820213,0
Q9LSP1:Q9C7F0,0.011598466895520687,0
Q2V3K2:Q8GT78,0.010289660654962063,0
Q9C924:B3H5S0,0.0109301982447505,0
Q8S8P6:Q9LYE2,0.010439972393214703,0
Q9FIX8:Q9LUB4,0.010056314058601856,0
O49730:P40228,0.010617859661579132,0
Q9FMQ2:F4I6L0,0.012558131478726864,0
Q9LS60:O22919,0.010759333148598671,0
Q8GYT8:Q8L8C2,0.01191830262541771,0
O49653:Q9C683,0.012116629630327225,0
Q5XV40:O64649,0.013625617139041424,0
Q9C7J3:O49715,0.012508854269981384,0
B3H4V4:Q9LXS2,0.009893856942653656,0
Q8RWW1:F4KEP6,0.012107047252357006,0
Q3EDK6:Q9LVE9,0.010218257084488869,0
Q8L403:Q8RXU6,0.014974961057305336,0
Q2V3X3:Q9FMZ3,0.010007227770984173,0
Q9M386:Q2V4C3,0.010215185582637787,0
F4KGY6:Q8VZT6,0.25359463691711426,0
Q8S8N3:A0A1P8AQT9,0.010209436528384686,0
O64820:F4K4M9,0.010759890079498291,0
F4IWK7:Q9FKB0,0.011208080686628819,0
A0A1P8AXI7:O81025,0.014927417039871216,0
Q8L844:Q9C5W3,0.010596580803394318,0
Q94AX4:Q9C995,0.03678218647837639,0
O04587:Q9M0X0,0.010102440603077412,0
D5K228:Q9LXV2,0.11325699090957642,0
Q9SRP6:Q9LMT1,0.11388416588306427,0
Q9LSA5:Q9FE67,0.03652234375476837,0
O23071:A0A1P8B2D2,0.009952375665307045,0
Q9LRV2:A0A1I9LP79,0.009979329071938992,0
P82643:Q9ZT50,0.009940541349351406,0
B3H6K1:F4HSA3,0.01184870582073927,0
Q9LS48:Q9LTX0,0.010232629254460335,0
Q9C9F0:Q38955,0.03460446745157242,0
Q9M9C5:P94102,0.02204429917037487,0
Q84K51:Q9XIH1,0.11306484043598175,0
Q8GW42:A0A1P8B3C2,0.009820391424000263,0
Q9C7T2:Q0WUZ1,0.01104897353798151,0
Q9SM23:F4HVJ3,0.023334821686148643,0
Q9LTJ3:P27323,0.014252793975174427,0
Q9LF70:F4JML6,0.013295081444084644,0
Q8LAV5:Q9LSW0,0.06658635288476944,0
P82778:Q0WUB8,0.01036617811769247,0
Q9C6K3:Q6DYC0,0.504878044128418,0
F4IJF2:Q9FJ10,0.010190255008637905,0
Q9ZWS9:F4HPF4,0.038122355937957764,0
Q5W9E7:Q9FZ97,0.015485608950257301,0
Q9SY00:Q9FX35,0.013708220794796944,0
A0A1P8AN40:Q9FJ80,0.010246314108371735,0
Q9FNL4:F4K250,0.014512697234749794,0
Q8GZ85:O64584,0.013190212659537792,0
Q9S829:F4KCL7,0.010532711632549763,0
F4JN00:Q2V346,0.011642645113170147,0
P52420:A0A1P8AY68,0.010115139186382294,0
Q1PF74:A0JQ12,0.01743387058377266,0
Q9LTY8:O80438,0.011234920471906662,0
P82735:C0LGN7,0.01021219976246357,0
Q0WRX7:Q9FKZ6,0.010368219576776028,0
P93287:Q93WB3,0.00982148852199316,0
F4IR54:P27900,0.029483109712600708,0
Q84TG1:Q9M9E2,0.010381901636719704,0
Q9FM91:Q9SMP0,0.07685597240924835,0
A0A1P8B3Y4:F4JY92,0.010147801600396633,0
A0A178VUV0:A0A178WKP3,0.017344752326607704,0
F4I4E1:Q9XIP7,0.011876381002366543,0
Q9XGZ2:Q9SCU5,0.11769188940525055,0
A0JQ12:B3H5I6,0.00983328279107809,0
Q9ZWC0:A0A1I9LQ53,0.011848418973386288,0
F4J956:Q9M0W4,0.009869985282421112,0
A0A1P8BER7:F4HPL1,0.009800155647099018,0
Q9LV38:A0A1P8B9R8,0.010011269710958004,0
Q5HZ54:Q9S750,0.01486221607774496,0
Q9M2E4:Q42545,0.011425378732383251,0
Q67Y03:Q9SN61,0.009711921215057373,0
Q93WB3:Q8GXI9,0.012281724251806736,0
Q8GYP4:A0A1P8BAY9,0.009771213866770267,0
Q8H1F6:F4K6C3,0.010348294861614704,0
Q8GXI9:Q84K51,0.05257083848118782,0
O65382:Q94AD8,0.012067261151969433,0
Q9SGR2:A0A1I9LT75,0.010693269781768322,0
Q0PCS3:Q5XVB7,0.01404175441712141,0
O22264:A0A1I9LN21,0.09404861927032471,0
A0A1P8AP72:B3H5D1,0.010110978968441486,0
Q9M9Y4:Q9T0E5,0.02071325294673443,0
Q8S8K8:P29382,0.010959352366626263,0
F4HV48:A0A1I9LPV1,0.010074173100292683,0
O22230:Q5Q0E7,0.016230681911110878,0
Q8LFK2:Q9LU68,0.011436930857598782,0
P27202:A0A1P8ANA9,0.009759999811649323,0
O22287:A0A1P8AQV4,0.009959982708096504,0
Q8RWG5:F4JS55,0.009870966896414757,0
Q9SCK4:Q8VZB2,0.014886203221976757,0
Q8LGE9:Q9M357,0.01841345801949501,0
Q7FRS8:Q84JP1,0.043920766562223434,0
Q9LPW6:Q9FMD5,0.015411878935992718,0
Q9LVD3:Q9LQT8,0.019785825163125992,0
Q8GXF0:Q67YC0,0.023040642961859703,0
Q38840:F4IWK7,0.011839119717478752,0
Q2HIV3:Q9LHG0,0.5717263221740723,0
Q9LZ82:O04336,0.3491671085357666,0
A0A1P8BC60:Q94K76,0.010060545988380909,0
Q9LTY9:F4KHE3,0.010386394336819649,0
A0A1I9LLX4:B3H506,0.016495829448103905,0
F4IQY1:Q9SMN5,0.009787490591406822,0
Q84JG2:F4IG46,0.22684864699840546,0
F4IR55:Q38850,0.6236204504966736,0
Q94C26:Q9STG1,0.010740852914750576,0
F4JKW0:Q9LTH4,0.05163741111755371,0
Q9LPD9:Q8RU07,0.022587556391954422,0
A0A1P8B6G5:A0A1I9LTE5,0.009815863333642483,0
A0A178VYP6:Q5S4W1,0.4276089668273926,0
Q8GYE6:Q0WVW4,0.010473345406353474,0
Q9SF38:Q9ZT42,0.021995434537529945,0
A0A1I9LPV1:Q9ZRT1,0.012008930556476116,0
Q9SS48:Q1G390,0.010475714690983295,0
Q1G3L1:Q9LSN5,0.010907596908509731,0
Q45GG6:Q9M2C9,0.021141670644283295,0
O22793:Q94BN2,0.012038394808769226,0
Q9ZU97:F4JC91,0.012991807423532009,0
Q0WQA4:P0DO23,0.019739236682653427,0
Q67Y99:Q9FYE2,0.010622012428939342,0
B3H572:Q949U5,0.009966804645955563,0
Q9T0A4:Q8L475,0.010542233474552631,0
Q8GZB4:Q0WNX3,0.017614096403121948,0
O81047:Q9ST43,0.09551366418600082,0
Q8GWC9:F4JG50,0.010243597440421581,0
Q9LQZ5:Q3ECF9,0.011557057499885559,0
Q9FGZ5:Q9C5J6,0.01930655539035797,0
Q944K3:Q9AR07,0.032251592725515366,0
Q9ZPR0:Q9SLG8,0.01126182358711958,0
Q0WP36:Q9C7T2,0.03373107314109802,0
F4J687:Q9LZW2,0.016846541315317154,0
A0A1P8BA81:B3H7H8,0.009884128347039223,0
O22951:Q9LFI4,0.010494311340153217,0
Q3E8Z8:P27202,0.010526008903980255,0
F4JSJ6:Q8RXG5,0.010043028742074966,0
Q8W109:F4IZC5,0.013068771921098232,0
F4HPF4:Q84R17,0.010129082947969437,0
Q9C636:Q8LFL8,0.011299407109618187,0
Q9FMD5:B3H563,0.010062548331916332,0
F4I7Y6:B3H797,0.013273678719997406,0
Q8GWS7:Q3EC23,0.009775589220225811,0
Q9M811:Q9FML2,0.06130204722285271,0
O23157:Q9C771,0.01725870743393898,0
O23177:F4JDL5,0.009946459904313087,0
Q9LYQ8:F4J131,0.013259139843285084,0
Q9FTA3:Q9SLH3,0.2705465257167816,0
O22244:F4I3E6,0.015382284298539162,0
Q9LRJ4:F4JX57,0.012532703578472137,0
Q2V397:Q944Q0,0.016694024205207825,0
Q9SLJ2:A0A1I9LLL5,0.010877154767513275,0
A0A1I9LMG4:Q9SHF8,0.010183180682361126,0
Q84UU9:A0A1P8BB71,0.010720918886363506,0
Q9FX76:Q8W4K2,0.010858244262635708,0
Q9SZ51:Q9SL50,0.009978837333619595,0
Q9XGN1:Q8GXE9,0.13793280720710754,0
Q0WQM7:Q8VXY9,0.011865389533340931,0
Q9ST43:A0A1P8B9Z0,0.012019126676023006,0
Q42512:A0A1I9LTJ3,0.011075214482843876,0
F4HVS6:Q9M4T3,0.014415645971894264,0
Q94C90:Q9FM80,0.01174943894147873,0
Q1EBV4:P82782,0.014107760973274708,0
Q9LJX2:Q9LUR0,0.010181608609855175,0
A0A1P8APR3:O49711,0.009968924336135387,0
Q1PEE4:Q84TD6,0.08385016024112701,0
Q9SIA7:Q9C640,0.010698110796511173,0
Q9SVQ3:Q8LBZ4,0.011465436778962612,0
Q9XI36:Q5XV31,0.02328674867749214,0
Q5ICL9:Q3EC62,0.010166405700147152,0
A0A1P8AQ67:Q0V7S1,0.01003976445645094,0
O64640:Q9C5X8,0.01619839109480381,0
Q56XJ7:Q9LMT2,0.043248508125543594,0
B3H713:Q9C7M2,0.009947966784238815,0
Q39214:F4IQY1,0.010347070172429085,0
F4JPD5:Q9FN84,0.01081292424350977,0
A0A1I9LRR3:F4ILE1,0.01177965011447668,0
Q9FFJ9:Q94BN0,0.5532740950584412,0
F4J480:F4I9U3,0.010115064680576324,0
Q9SIN9:Q94JV0,0.011185930110514164,0
F4KAF8:A0A1P8AXB7,0.010188615880906582,0
Q9C926:Q9STM6,0.011959622614085674,0
Q8GYS0:Q3E9I4,0.010324681177735329,0
Q8GWP1:Q8VZ95,0.019915342330932617,0
Q2HIU1:Q9LS46,0.011957264505326748,0
Q6ICW8:Q9SX99,0.011505554430186749,0
Q9C5X8:Q0WMY5,0.01051593478769064,0
Q9LES2:O04350,0.16385138034820557,0
A0A1P8BGG8:Q949R4,0.010455512441694736,0
Q9FLU6:Q84JG2,0.012507185339927673,0
Q8RXC0:Q84RE5,0.011283091269433498,0
F4KE63:Q93Y00,0.02895215153694153,0
Q9M4T3:Q9ZUZ2,0.101850226521492,0
Q9LRQ0:Q6IDA8,0.027070606127381325,0
Q71N54:Q7XBQ8,0.016095560044050217,0
O49420:Q8H0U3,0.011425626464188099,0
A0A1I9LN10:Q9LZ08,0.010075478814542294,0
Q9ZR09:Q8H0W0,0.012071141973137856,0
Q9LDF5:Q2V369,0.010138428770005703,0
Q1G385:Q0WRX7,0.009837254881858826,0
Q9LW63:Q2V4B2,0.010193097405135632,0
Q9SN15:O64556,0.013217038474977016,0
Q93VJ4:Q1G3F1,0.014886540360748768,0
Q9SIW1:Q9FKT5,0.24845507740974426,0
F4IFF3:P55217,0.012434345670044422,0
Q9M0X0:Q9SAF1,0.04737640172243118,0
O48963:Q9T070,0.020336361601948738,0
F4K742:F4IVN9,0.01016540452837944,0
Q3E880:Q6R053,0.012104938738048077,0
F4JI85:Q9ZU97,0.21241752803325653,0
Q9FFR6:Q3ED38,0.010733483359217644,0
F4IA60:Q9FJH9,0.011345671489834785,0
F4IIZ8:Q8L7U4,0.014062786474823952,0
Q9XI76:Q9ZRA2,0.019088510423898697,0
Q9FIV5:Q8LG56,0.011168699711561203,0
Q8VZ65:Q9LHK9,0.01356974896043539,0
Q9FDX6:Q9LS86,0.13430188596248627,0
F4JKZ9:Q8LG05,0.013070440851151943,0
Q3EBM5:F4JK43,0.010236349888145924,0
Q8L9R0:Q8GYT1,0.017562106251716614,0
A0A1I9LSP4:Q2V4F7,0.010775519534945488,0
O81472:Q9FVW6,0.018205301836133003,0
O80943:Q9S763,0.01110939122736454,0
Q0WNZ8:Q8L3Z8,0.1550222635269165,0
Q9FLF7:Q9FFE4,0.014507564716041088,0
Q8GW63:F4ISV4,0.045322440564632416,0
F4JA50:Q9FYB1,0.01114734448492527,0
Q8GYP6:Q38832,0.1536158174276352,0
F4ITP1:Q570R7,0.0892312303185463,0
A0A1I9LM80:Q8H0Z9,0.010030806064605713,0
Q9LXV0:F4K2H9,0.016625551506876945,0
Q1G3V0:B3H6P5,0.009824723936617374,0
F4HRB5:Q93ZM6,0.013071409426629543,0
Q39253:Q8RWW8,0.013278314843773842,0
Q8VZ95:Q17TI5,0.11720345169305801,0
Q9C6V2:Q9LIA2,0.010986207984387875,0
Q9ZR13:Q9S7I7,0.011499829590320587,0
Q9LYC9:Q94F39,0.0160700473934412,0
Q8RXG5:Q9M1X2,0.010021149180829525,0
F4IB55:Q9LSK7,0.011986724101006985,0
B9DHK3:F4K6Z5,0.01798654906451702,0
Q9STS3:Q67Z52,0.018253637477755547,0
B3H5M8:Q9C9A0,0.010103589855134487,0
F4IDQ5:O81323,0.023973068222403526,0
O49553:Q9LXL7,0.01015530526638031,0
A0A1P8AS86:Q9SYH1,0.015253868885338306,0
O23684:Q84JN2,0.010158720426261425,0
F4I9I5:O22783,0.010071654804050922,0
F4JLQ2:F4I9X5,0.010077218525111675,0
Q3EBP7:F4JLQ2,0.014333275146782398,0
O80634:Q8VZN1,0.011863778345286846,0
Q8LBB7:Q9ZSD4,0.09789467602968216,0
A0A1P8B0Q6:Q9LXW1,0.01006304007023573,0
Q67XK8:Q8W4L5,0.37069249153137207,0
Q8LEU9:A0A1P8B5I4,0.009789994917809963,0
Q9S9U2:Q9ZWS9,0.5451246500015259,0
Q2V369:Q1G3U3,0.00986384879797697,0
Q682P6:A0A1P8BER7,0.009916902519762516,0
F4J1U2:Q9CAA4,0.026555350050330162,0
Q8L6Z7:O49586,0.011502747423946857,0
Q9M338:F4JWB9,0.012779824435710907,0
F4JF14:Q9LUA3,0.019342998042702675,0
Q9ZQA3:Q8RWG0,0.01622925139963627,0
Q9LT48:A0A1P8AYJ3,0.010018906556069851,0
O22909:Q9FG51,0.042389314621686935,0
A0A1P8B144:Q9FYC3,0.009961231611669064,0
Q9M9Q6:Q9FRL5,0.08703982084989548,0
Q9LSK7:Q9ZW21,0.42777615785598755,0
O04254:Q8GYI3,0.00997213739901781,0
A0A1P8BB88:Q3ECD0,0.010990179143846035,0
Q3EDD5:P93822,0.016425425186753273,0
Q9CAI2:Q9C6V2,0.01011670846492052,0
Q9M0X3:Q9SVG9,0.01703043282032013,0
Q9SD80:Q9LZP9,0.010037999600172043,0
A0A1I9LRC5:Q9LZ73,0.009942593052983284,0
Q5XUX8:Q9LVW2,0.017641805112361908,0
A0A1P8BAY9:Q9ZUM9,0.010797349736094475,0
O64649:F4I3I2,0.011798935942351818,0
Q940A2:F4IFF3,0.03459802269935608,0
Q9SYK0:Q9SYA7,0.010324646718800068,0
F4I0Z2:O65514,0.010485398583114147,0
Q3EC19:P36428,0.01044024620205164,0
Q9FMU2:Q9FFU3,0.010146069340407848,0
Q9S9T4:A0MFL4,0.010255763307213783,0
Q6DYE3:Q2V397,0.01120719127357006,0
Q67Z52:Q8VYG5,0.044778525829315186,0
Q9SPG1:F4JR96,0.08401153981685638,0
Q9C5V6:B3H555,0.010991878807544708,0
Q3E9N1:Q9FT52,0.010524972341954708,0
B9DFS6:Q5HZ48,0.2641052007675171,0
O04663:F4J5F9,0.010861201211810112,0
Q6DR69:Q1G3V0,0.010206813924014568,0
Q84JV2:B3H6G9,0.010723387822508812,0
A7XGN8:Q0WT24,0.02612225152552128,0
A0JQ16:Q38898,0.01981634460389614,0
Q39022:B3H784,0.21404044330120087,0
F4IK97:Q4VNZ6,0.00981530174612999,0
F4IRC9:Q9FYL3,0.01031429972499609,0
F4ISC6:A0A1P8BH56,0.00972446333616972,0
Q6DUW7:Q1PDW9,0.009996949695050716,0
Q6NPL0:Q9LR11,0.010127918794751167,0
Q9LZQ2:F4JN77,0.0103846350684762,0
A0A2H1ZEC0:Q39079,0.06315600126981735,0
Q9LJF6:Q9ZU92,0.010447327047586441,0
Q9LU68:Q9ZV49,0.011760774068534374,0
F4I350:Q9SUW4,0.011709841899573803,0
O82798:Q9FFR6,0.014678006060421467,0
Q94K21:F4I3G0,0.009755047038197517,0
Q1G322:Q8GXS8,0.011752627789974213,0
A0A1P8BB71:Q9SIW5,0.011861283332109451,0
Q9FFH2:Q94CB5,0.015907136723399162,0
Q8LBW4:Q6PV67,0.012545493431389332,0
Q9SJ47:A0A1P8B630,0.009779867716133595,0
Q9C8T5:Q0WQG8,0.01132925320416689,0
A0A1I9LLJ2:Q9C9H9,0.010131783783435822,0
F4KIL1:D2WL32,0.010787743143737316,0
F4INA9:O82197,0.024408534169197083,0
Q84RJ7:Q9LPN6,0.011194071732461452,0
Q9SI57:Q9SKH2,0.010471256449818611,0
F4JM51:Q9C502,0.012504118494689465,0
O81515:Q9SMN4,0.00973176397383213,0
Q5HZ48:Q8GZ81,0.015538844279944897,0
Q9LXP6:Q9SZN1,0.01013342197984457,0
Q2V3W5:Q9LP80,0.00978876929730177,0
O65655:Q8S8H2,0.0102242948487401,0
F4KD49:Q9M0I1,0.011544824577867985,0
F4JYP3:Q2V483,0.011254674755036831,0
Q93VA3:F4I526,0.01142778992652893,0
Q9FHC2:Q9C5C4,0.011733789928257465,0
Q00958:Q66GP9,0.022573310881853104,0
B3H7D8:B3H4E0,0.009892644360661507,0
Q9ZQP1:Q9SGR2,0.010622353293001652,0
F4I5Q5:Q9LSB2,0.011381784453988075,0
Q9LW60:A0A178UFM8,0.014652463607490063,0
A0A1P8AXB7:Q9ZVC7,0.010243198834359646,0
A0A1I9LNE1:P28186,0.012086900882422924,0
Q9SVD0:B7ZWR6,0.02230124920606613,0
Q1PDW1:Q9SYJ8,0.010650047101080418,0
Q9FJ55:P48002,0.4031173884868622,0
Q9FG51:Q9SZE0,0.011419902555644512,0
Q9SUX0:Q66GP4,0.010299794375896454,0
Q84J91:Q9SZG2,0.010269503109157085,0
O82799:Q9SUM3,0.23605147004127502,0
Q9FMZ4:Q8S8M2,0.012159222736954689,0
Q9C5K8:Q06AN9,0.1989862620830536,0
F4JQS2:F4J139,0.013378324918448925,0
Q94BN0:Q8L5Z0,0.12978769838809967,0
Q5BPV4:Q9LPR9,0.013523590750992298,0
D2WL32:F4J0D0,0.0102372532710433,0
Q9FMI8:Q42606,0.013347327709197998,0
Q9XF04:F4J8D9,0.009914242662489414,0
F4K6C3:Q9S9T8,0.00993128027766943,0
Q9LZX2:Q0WNP3,0.011229983530938625,0
O64837:Q93VH6,0.03610030934214592,0
Q9SCX9:F4J328,0.01051020622253418,0
Q9FLS9:Q9LXU9,0.01154550351202488,0
Q8L7L1:Q9SV97,0.013349945656955242,0
Q9C8F8:F4HTT8,0.010197557508945465,0
Q9C9R6:Q9LH43,0.011439724825322628,0
Q9CAW4:Q570U1,0.028730398043990135,0
Q9ZNT7:F4IPV3,0.010745533742010593,0
P54609:F4KDY1,0.05333287641406059,0
F4HZI8:Q93Z32,0.011276896111667156,0
Q9FHY1:A0A1P8AW86,0.009969241917133331,0
Q2V4B2:Q3EB24,0.009834659285843372,0
F4HR31:P82538,0.010013185441493988,0
Q84VW6:O65628,0.011086417362093925,0
Q1G3Z3:F4J6A1,0.022369112819433212,0
Q3ECP9:F4HWT6,0.013387761078774929,0
Q949U5:Q9M0W9,0.010270731523633003,0
Q9M0K4:Q9LDI9,0.11486216634511948,0
A0A1I9LSM5:O48852,0.010059952735900879,0
Q9C9W9:F4HPD5,0.010760881006717682,0
Q9LK89:Q84W04,0.013355204835534096,0
Q9FDX9:Q9LS01,0.01239147037267685,0
Q38961:A0A1P8BHB4,0.011536468751728535,0
Q9M026:Q84X24,0.08455510437488556,0
Q8GW43:F4I5G3,0.012470067478716373,0
Q9S9V1:Q2V2S7,0.010628744959831238,0
P93732:Q1H5D2,0.018782710656523705,0
Q0IGM1:Q1H5E9,0.009948277845978737,0
Q8VYI6:F4KCH4,0.009906883351504803,0
A0A1P8ASK0:Q9STS3,0.01008240319788456,0
Q9FJK3:Q8GY63,0.02964751236140728,0
Q9XIL5:O22230,0.013483025133609772,0
Q9CAH4:O81915,0.015127832069993019,0
O80958:Q39147,0.010160614736378193,0
A0A1P8B1D7:A0A1P8AP31,0.009755593724548817,0
Q8LAM2:Q3EC92,0.009967069141566753,0
Q9FMS0:Q9LSR5,0.012679889798164368,0
F4J631:Q9SVX5,0.21721386909484863,0
Q9SAU9:Q9M237,0.01279160100966692,0
Q9FGJ3:Q680Q4,0.49017882347106934,0
Q3E9I4:Q2V3K1,0.01005062647163868,0
Q94BZ7:Q8GXT3,0.037726324051618576,0
Q9CAJ1:Q6DYE4,0.010594191029667854,0
Q8L908:F4JZU2,0.012555158697068691,0
O49397:A8MRE7,0.010132241994142532,0
Q2V483:O80575,0.010367448441684246,0
A0A1P8AW47:A0A1P8B760,0.010454251430928707,0
Q9C6B3:F4HTY0,0.06565023213624954,0
O22932:Q9SIW1,0.33795610070228577,0
Q9STE8:Q96524,0.0103447949513793,0
Q8LCH5:A0A1P8BAT6,0.014610416255891323,0
P82773:Q9LJW1,0.010180681012570858,0
F4K6Y8:O48788,0.016924504190683365,0
F4HS13:Q9LSZ5,0.0101248724386096,0
Q9C843:Q9ASW4,0.02545648254454136,0
Q9SLA6:Q1PEU3,0.020217303186655045,0
A0A1P8B4M2:Q3EB28,0.010210278443992138,0
Q9M565:Q9SRX7,0.034798745065927505,0
Q9C9A2:Q9C6T2,0.011263355612754822,0
Q8GT78:Q9SZN7,0.0104935048148036,0
Q949R9:O48721,0.010720363818109035,0
O82320:Q9M0Y6,0.01802603155374527,0
A0A1P8AQV4:Q9M876,0.009895103052258492,0
Q9SII8:F4HRB5,0.043098047375679016,0
A0A1P8B6A7:Q8VYF0,0.013728179037570953,0
F4HYA7:Q7FRS8,0.08419560641050339,0
Q9M1Q4:Q9SJZ3,0.011089074425399303,0
A0A178VMH7:B3H434,0.009848039597272873,0
F4KAB8:Q06738,0.011837025173008442,0
Q9LM46:Q9LX24,0.010405904613435268,0
Q56XM9:Q9LVA2,0.01037986297160387,0
Q9ZVI2:Q9SU89,0.010078958235681057,0
Q9SL50:Q9LW57,0.01011630054563284,0
A0A178UXI0:A0A1P8B2V3,0.010395723395049572,0
F4I8H8:Q8L4M6,0.018771260976791382,0
F4JYW4:A0A178VBJ0,0.010316046886146069,0
Q9LSK8:Q8GYS0,0.01084800623357296,0
Q1PEN6:Q8VYC9,0.01736539416015148,0
Q9M0C5:Q9ZWC5,0.38855308294296265,0
Q8GXR6:F4HU58,0.07295962423086166,0
F4IP00:Q9FFS7,0.009771440178155899,0
Q4F883:Q5YDB6,0.015829170122742653,0
A0A1P8BCC3:P22953,0.017928624525666237,0
F4IY34:Q9SZ42,0.011965585872530937,0
Q9LZ47:P0CB19,0.013375095091760159,0
Q9FKB0:Q94BZ5,0.12002725899219513,0
Q67XI5:F4K4U5,0.013854618184268475,0
A0A178UJ48:Q9LXB1,0.011775343678891659,0
A0A1P8AWK7:A0A1P8AW49,0.009738058783113956,0
P37107:Q9LX28,0.01851794123649597,0
O48890:Q9M1J0,0.01058211363852024,0
Q1G3M8:Q8VY26,0.010769444517791271,0
B3H646:Q9FZ19,0.010031080804765224,0
Q9FIT2:Q9LV38,0.010027197189629078,0
Q39266:Q9ZQR5,0.022590165957808495,0
Q0V7S1:Q9LZ59,0.01705905795097351,0
Q9LNU6:Q9LYX2,0.009919743053615093,0
O48526:Q84MA1,0.01473798044025898,0
Q9FNP4:Q9M0N1,0.05604869872331619,0
Q8RWG0:Q4PT11,0.01217122096568346,0
Q9M9A8:Q9LES2,0.011908171698451042,0
Q9C6C7:A8MQD8,0.010755487717688084,0
Q94C95:Q9LHI5,0.10786731541156769,0
Q9LXU6:Q9CA54,0.01241779513657093,0
Q9SA07:Q94FT2,0.01873345486819744,0
Q84TD6:Q5ICL9,0.47013193368911743,0
Q9LT09:Q9SSC6,0.015261026099324226,0
Q9LZV9:Q9M2N7,0.011867638677358627,0
Q9SKY8:Q2V323,0.009968324564397335,0
Q9FYE2:Q9SV54,0.010201196186244488,0
Q9FZI8:Q1ECQ5,0.013676143251359463,0
P56774:Q94CE4,0.020423052832484245,0
F4ITL6:Q9C5J8,0.010472950525581837,0
Q6IDA8:F4JH53,0.018675053492188454,0
F4ILJ4:Q680L3,0.009896861389279366,0
Q9LVC0:Q9LFG4,0.013310769572854042,0
Q8LBN4:F4HZB9,0.010012462735176086,0
Q1G3B3:A6QR85,0.009961514733731747,0
P92526:Q56XJ7,0.010240836068987846,0
Q9ZVM3:B2GVM8,0.046586643904447556,0
Q9SUN6:Q9XIN3,0.010762166231870651,0
Q8LKS5:F4IQK5,0.013149574398994446,0
Q8GXY9:Q8LGE9,0.010645401664078236,0
Q6DYE5:Q9M9B3,0.013287201523780823,0
A0A1P8B3C2:O49668,0.009818476624786854,0
Q94CL6:Q84K72,0.015225529670715332,0
F4JK43:Q96253,0.009750980883836746,0
Q9FFI9:Q3EBI7,0.011954023502767086,0
Q0WPG1:Q8LCN5,0.011699099093675613,0
Q8GYP8:Q9LFV5,0.04708363488316536,0
O04202:Q8L6Z7,0.037741340696811676,0
Q9FIR9:Q8RXY0,0.05353665351867676,0
Q9LF24:Q56YT7,0.01311956625431776,0
Q8VZ67:Q9LXV1,0.010122628882527351,0
Q94AD1:Q8L9R0,0.012108865194022655,0
Q9FX34:P92518,0.010065644048154354,0
B9DHT4:Q9FHN2,0.014631054364144802,0
Q9LYQ9:Q9C892,0.009839581325650215,0
Q8GYT4:A0A1P8AZN3,0.010771152563393116,0
Q9SRQ3:Q9LTX1,0.03579301759600639,0
Q9M2H7:Q5BPG8,0.010903315618634224,0
A0A1P8AVR2:Q9FX77,0.01019359566271305,0
Q9FMN2:O23100,0.020219875499606133,0
Q96329:F4IXT2,0.017070915549993515,0
Q9SZN1:Q683D4,0.04896416887640953,0
Q9LZ08:B3H641,0.015618450939655304,0
Q8LCN5:Q8VYP8,0.010751892812550068,0
Q5XV31:Q9SHQ5,0.011058962903916836,0
B3H612:P0DN98,0.009818044491112232,0
Q0V7S5:Q9SHS2,0.015573891811072826,0
Q9LY82:Q9M3F7,0.01041420828551054,0
Q9C9H9:Q8GW85,0.011041772551834583,0
Q6AWX1:Q8S8E8,0.029965771362185478,0
F4JCI4:Q8GYP8,0.016197742894291878,0
F4JG03:Q9M073,0.03302771970629692,0
Q9LIQ9:Q9FJ66,0.011320417746901512,0
Q945M9:Q8GWG6,0.016636773943901062,0
F4I3C6:Q9SFB3,0.011422921903431416,0
Q9LS86:Q67ZU1,0.017311472445726395,0
A0A1P8B5I4:O80884,0.009846368804574013,0
Q9SZ58:B0F9L7,0.011335082352161407,0
A0A1P8ANT6:Q9FMC2,0.046132802963256836,0
A8MS31:F4I4E1,0.01062657032161951,0
F4JH53:Q9FGZ5,0.028306109830737114,0
Q680Q4:Q9SGI7,0.015026948414742947,0
Q9M9E2:Q682P6,0.010509856045246124,0
F4J5G5:A8MQH8,0.010028854012489319,0
Q93VR9:Q6NPF8,0.014429273083806038,0
Q9FI57:B3H4V9,0.009771352633833885,0
Q5E915:P56782,0.010734548792243004,0
Q8GXW1:P56779,0.06132439523935318,0
Q5BPR6:Q9FKQ9,0.00988979171961546,0
Q9T0L6:Q9ZW32,0.010747693479061127,0
Q0WT24:F4IK97,0.011607280932366848,0
Q8GZA4:F4HPY3,0.011645041406154633,0
P55217:Q9LJN0,0.010092105716466904,0
Q8GYH1:Q9T0K3,0.01077794935554266,0
A0A1P8AW86:O23077,0.009903480298817158,0
Q9FKT5:Q9LT23,0.1473829597234726,0
O23384:Q9C9T4,0.010684028267860413,0
Q64FQ2:O03982,0.030643751844763756,0
Q9SKI1:Q0WSX8,0.01065262034535408,0
B3H711:O23369,0.009780121967196465,0
Q9FFU5:P0DKG5,0.011368737556040287,0
Q9M051:Q9M8L3,0.01497127115726471,0
Q9FLS0:Q1PF16,0.04104490205645561,0
Q9SHY1:P54609,0.06011592969298363,0
Q9SV72:Q9SS48,0.010554243810474873,0
Q9SKL6:Q9LEZ1,0.011128602549433708,0
Q9FHW2:Q9SU72,0.017941873520612717,0
Q8S8Q0:A0A1P8APR3,0.009987969882786274,0
Q8RYD3:Q9FNB9,0.5227656364440918,0
Q94FT2:Q9LFF2,0.2037660926580429,0
Q9SJ60:F4KGE8,0.01618202030658722,0
P46014:O49698,0.01648433320224285,0
F4I3P9:F4J8Y4,0.009971098974347115,0
A0A1P8BAC6:Q8LEE9,0.010065215639770031,0
Q9LN16:Q8S8G6,0.01645812764763832,0
Q9LXA8:F4IEX1,0.010281482711434364,0
Q9SSD6:Q9LY96,0.01038587186485529,0
Q8VYP6:Q9FYL1,0.014417272992432117,0
Q9SI63:Q9CAE8,0.010150588117539883,0
A0A1P8AYB0:Q9FI49,0.009921533055603504,0
Q9C9Y8:O23006,0.03316115215420723,0
Q9C7X2:Q9SKI0,0.010278278030455112,0
A0A178UN96:Q8RXT5,0.010254538618028164,0
Q9LV88:Q9FIV5,0.010575524531304836,0
Q9C5W3:Q8VWK4,0.02707742154598236,0
Q9FEN9:Q9FGV1,0.2698740065097809,0
A0A384L7B9:Q8LBN4,0.010635172948241234,0
Q9FKF5:O80920,0.012770527973771095,0
Q9SZN7:Q9LUQ8,0.01151803694665432,0
Q0WNP3:A8MS31,0.009969894774258137,0
Q9C5J8:Q9STX2,0.011327891610562801,0
Q8GY13:Q3EAQ8,0.010352371260523796,0
Q9FJV0:Q3E6N7,0.025991836562752724,0
Q39023:Q6ID72,0.017285749316215515,0
F4J4N3:F4K3T5,0.018239125609397888,0
Q9SYJ8:Q67XT7,0.01389806903898716,0
Q9SRX7:F4I9I5,0.009956995956599712,0
F4IG63:A0A1P8BH47,0.013299395330250263,0
Q8W489:Q9C7Z2,0.010327513329684734,0
Q6NQA0:Q0WQF4,0.020354244858026505,0
Q9M8T3:F4JHF7,0.014586562290787697,0
Q8W420:Q1PFS7,0.02780214510858059,0
Q9ZWB4:Q9SHV7,0.015494606457650661,0
Q9LHK9:Q9LTS6,0.04042496532201767,0
F4I3I2:Q9SJ60,0.009832126088440418,0
Q9MBA1:Q9LZA6,0.01547433715313673,0
A0A1P8AZA9:O80396,0.01874450221657753,0
P33077:A0A1I9LM80,0.010597129352390766,0
Q9LF68:Q93ZG7,0.024506105110049248,0
P83291:Q5BPE9,0.011277077719569206,0
Q9S746:Q9C924,0.010492072440683842,0
Q9S7I4:P0CG07,0.010139449499547482,0
A8MQH8:B3H4U3,0.010086354799568653,0
F4IV34:Q0WQN9,0.12047459930181503,0
A0A1P8AZD4:Q9SUQ3,0.014672579243779182,0
O80365:Q9SHX3,0.010730521753430367,0
Q67ZU1:Q3E9D5,0.013146283105015755,0
Q8LPR8:F4J8R4,0.046632759273052216,0
Q9LUC1:Q9T034,0.024281814694404602,0
F4K739:B3H7A6,0.010689069516956806,0
Q9LFG1:F4I7E0,0.010276845656335354,0
Q8VZB2:Q8VXZ0,0.019166553393006325,0
Q9FG44:Q9LTD4,0.011575576849281788,0
Q8LG05:Q8LAW2,0.05546218901872635,0
A0A1P8B3C0:Q9M190,0.010781506076455116,0
Q9XI19:Q9ZVK9,0.009816533885896206,0
Q9SV97:O82248,0.037201207131147385,0
Q9LV99:Q9FMU2,0.010407938621938229,0
Q9LVG8:Q39010,0.09489834308624268,0
A0A1P8B760:Q3E918,0.010105909779667854,0
Q9SR35:F4KD71,0.011813247576355934,0
Q9LIJ9:Q2V309,0.01026842650026083,0
Q45GQ7:Q9FL48,0.05558863282203674,0
A0A1P8B048:Q0WL44,0.011125005781650543,0
Q6NQM0:F4JY74,0.010021000169217587,0
O04294:Q9SJA6,0.2888902723789215,0
Q8VYP8:Q67Y03,0.011419597081840038,0
Q9C803:F4IJR9,0.009961234405636787,0
F4JG50:F4JAZ8,0.019596338272094727,0
Q9LI85:F4I8C2,0.010381581261754036,0
Q9C9W8:F4JNB3,0.010285905562341213,0
Q8RWZ1:Q84WV9,0.01912694051861763,0
Q9LK52:Q9SB51,0.02315126173198223,0
Q9SKH8:Q9C942,0.010257883928716183,0
Q9C4Z6:Q8RU59,0.04391840845346451,0
A0A1P8B0Q4:Q9S6Z9,0.010927229188382626,0
Q940H5:Q9FKC5,0.011436442844569683,0
O65924:A0A1P8AP43,0.010650090873241425,0
O64903:Q9LF88,0.010985508561134338,0
F4I2R3:Q570Y0,0.010090946219861507,0
A0A1P8BF78:Q9FYF8,0.009920933283865452,0
Q6NPP7:F4JUF8,0.013387634418904781,0
Q9CAA4:Q9FTA3,0.09077515453100204,0
Q9SJ21:A0A1P8AUX0,0.010259627364575863,0
A0A1P8AWW1:Q0V7S5,0.010675273835659027,0
Q9FJ66:Q9XIR8,0.010864992626011372,0
Q9FKQ6:P92562,0.010964459739625454,0
Q9MAA7:Q8VZP4,0.03689298406243324,0
Q9M358:Q9SEZ6,0.01645410992205143,0
Q1H5B2:Q9XIQ9,0.015497753396630287,0
Q9MAI5:Q9SCT7,0.012084463611245155,0
Q9FWS4:Q9LQI6,0.011904770508408546,0
B3H6V9:P59231,0.011093220673501492,0
Q94JL3:Q8GZ75,0.12457146495580673,0
Q6R053:O04202,0.37681421637535095,0
Q8LF89:Q8L638,0.02415229007601738,0
A0A1P8BAJ1:Q9SRD8,0.012256715446710587,0
Q9FYE3:Q9LUP4,0.011163664981722832,0
A0A1I9LT34:Q0WVZ7,0.009877191856503487,0
Q5UBY2:Q9FNA3,0.017207197844982147,0
Q8GYD2:Q5HZ54,0.07993888109922409,0
Q9FK30:F4KI29,0.010178973898291588,0
Q9LX28:Q9M7Z1,0.01793903298676014,0
Q38850:P92523,0.02454523742198944,0
F4K4U5:Q9FJI2,0.0135547686368227,0
P92513:A0A1P8BDN2,0.009873742237687111,0
P41151:A0A1P8B1L8,0.24013614654541016,0
Q08891:Q9FMG8,0.01005949079990387,0
Q9LR74:F4IZ03,0.01051992829889059,0
Q9FMV7:Q9CAY6,0.010857677087187767,0
Q9LHE5:Q9SIM1,0.012678501196205616,0
Q9LSZ4:Q8VYA5,0.04741479083895683,0
Q7XHI9:F4IGH3,0.021522045135498047,0
Q8VZN1:Q8W489,0.011026031337678432,0
Q8RW90:Q8VZ15,0.01579977385699749,0
F4IIA9:P0DKG4,0.00994159746915102,0
Q9LT23:Q8GY06,0.2483997344970703,0
Q9XIM0:Q9FFX0,0.010538321919739246,0
Q700C7:Q66GN9,0.046017423272132874,0
A0A1P8ANK5:Q9FLI7,0.009929820895195007,0
Q4PSP2:Q9MAP3,0.011107007041573524,0
Q680L3:Q8RXE7,0.01376585103571415,0
Q9T0E5:Q9LTJ0,0.011066569946706295,0
O64733:Q9LXD8,0.030710596591234207,0
Q6AWV7:Q9C519,0.21852104365825653,0
Q9LIA2:Q93ZZ7,0.010797704569995403,0
Q9SKM0:P21238,0.010572346858680248,0
Q9C519:Q8LAZ7,0.3136976361274719,0
Q9ZVC7:Q9SQN9,0.01086193136870861,0
Q9LXK2:Q9C7G4,0.04442000016570091,0
Q3EDK7:Q9LV27,0.0130368173122406,0
F4JA77:Q8GWA7,0.00981092732399702,0
O81000:A0A1I9LSP4,0.011554993689060211,0
F4JCH0:C0SV91,0.009971575811505318,0
Q8H0W0:Q9SVZ9,0.03412432223558426,0
B3H5S0:Q9T0L6,0.04108615964651108,0
Q9LYB8:Q9M1N8,0.010097759775817394,0
F4K725:Q8H1Q1,0.010457015596330166,0
O04204:Q940Q3,0.025100890547037125,0
Q9M1N8:Q9LU00,0.01115022599697113,0
O80667:Q07356,0.01276678778231144,0
Q9M1Y0:A0A1P8B8B4,0.010593808256089687,0
A0A1P8ANL4:P56778,0.01016194373369217,0
Q8LB54:Q9SJV6,0.10405333340167999,0
Q9C892:P93836,0.009854376316070557,0
Q8L7R2:Q9LDE2,0.013468742370605469,0
Q94CJ5:Q9FIK6,0.01055858377367258,0
F4J8Y4:Q6NQM0,0.010027925483882427,0
Q9LSW4:Q93YV6,0.012011361308395863,0
Q8VYZ1:Q9LVS0,0.0916006788611412,0
Q04614:Q94C26,0.013200843706727028,0
Q9FJS3:F4ILJ4,0.009918317198753357,0
F4IZ00:A0A1P8BCC3,0.009912070818245411,0
Q9FII6:Q84VW6,0.011768181808292866,0
Q9ZUT5:Q2V371,0.010154341347515583,0
Q500W8:A0A1P8B6A7,0.011261171661317348,0
Q94A33:Q9SFT8,0.013363390229642391,0
Q9LU05:Q9SIZ6,0.011797306127846241,0
Q3EBB9:Q9SJJ0,0.014388336800038815,0
Q08298:Q8RY12,0.010254046879708767,0
Q8GWG7:F4JRP8,0.04438066482543945,0
Q9SUD8:Q9XFB0,0.01366648729890585,0
Q9LRM4:A0A1P8B3C0,0.01176292635500431,0
Q38832:Q9LU43,0.039317984133958817,0
O81821:Q8L467,0.433159738779068,0
Q8LCN1:Q9LW29,0.013723003678023815,0
Q9FKC5:Q9LUJ7,0.010884352028369904,0
Q9LDD5:F4IDU9,0.00997860636562109,0
O49518:Q94K97,0.010191022418439388,0
P0DN98:Q9SV30,0.010272582992911339,0
F4JWT7:F4K9G7,0.01661650836467743,0
Q9FJ10:Q6NL24,0.014573931694030762,0
Q9SZ42:A8MQN0,0.010045904666185379,0
Q9C878:Q9FMV7,0.03968816623091698,0
F4J7V3:Q9M274,0.017895344644784927,0
Q9SAC4:Q1PET7,0.013505436480045319,0
Q9LIH2:Q9M811,0.011956663802266121,0
Q9FHN2:Q9CAJ1,0.010372401215136051,0
Q8RXU6:Q9LV21,0.011474007740616798,0
Q8H103:Q9MAA7,0.021197760477662086,0
Q9SW23:Q1G3X9,0.010218709707260132,0
Q9LUN9:Q8VY77,0.009875562973320484,0
Q9C7T4:A0A1P8B2C8,0.010981321334838867,0
B3H563:Q94K61,0.010131140239536762,0
Q93WA2:Q9SST1,0.009892131201922894,0
Q0WVK7:P49243,0.010782155208289623,0
O22152:Q9LNW3,0.6410147547721863,0
B3H7H8:Q9SL91,0.009751975536346436,0
A0A1I9LRZ5:P93284,0.009759293869137764,0
Q1PDL6:Q9LM14,0.01072886772453785,0
Q9FMS4:Q9SJ20,0.021946800872683525,0
Q8L760:Q9M2W0,0.010068550705909729,0
Q39140:Q9SJN2,0.02243448793888092,0
Q04613:F4HR02,0.01053624041378498,0
Q9M670:Q500W8,0.013735181652009487,0
Q39021:Q9LTF2,0.22657623887062073,0
Q9SCZ0:Q9S7M2,0.0460546500980854,0
Q9LUD6:A0A1P8B4M2,0.010110861621797085,0
Q9FFX0:F4IIE7,0.010096566751599312,0
Q08AA8:Q9LTE4,0.010140282101929188,0
B3H635:F4K627,0.009833103977143764,0
F4J2T9:Q9SN67,0.011036532931029797,0
Q8VZT6:Q5Q0D0,0.010978556238114834,0
Q8VY91:Q94A68,0.014648312702775002,0
O64645:Q9LF68,0.04265442490577698,0
Q9LSW0:Q9FZG2,0.015989383682608604,0
Q941B2:Q9LU05,0.010812344960868359,0
Q9LZA6:Q8RYE9,0.015448695980012417,0
Q9T0K3:F4IJF2,0.010002602823078632,0
Q9ZUN8:F4I8H8,0.03742267191410065,0
Q9FN69:A0A1P8B1C5,0.014050527475774288,0
Q949X1:Q9M2Q2,0.013296338729560375,0
Q8L951:F4J5D3,0.011064846999943256,0
F4JN77:Q9ZSJ6,0.010245016776025295,0
Q9FRR8:A0A1P8ASY8,0.010382731445133686,0
B3H7G7:Q9SLB8,0.015433273278176785,0
Q9ZT17:F4KD49,0.010416315868496895,0
Q39147:Q8LAV5,0.019079983234405518,0
Q8VWJ1:F4J865,0.03515486419200897,0
Q9FXC9:A0A178UGU3,0.01145270373672247,0
F4I6U7:Q6DYE3,0.044374797493219376,0
Q9SAB5:Q9ZV87,0.014276096597313881,0
Q58G10:Q9MAM1,0.429490864276886,0
Q9LVV3:Q9C5C5,0.01231755968183279,0
Q8L7M3:Q9SYK0,0.012079709209501743,0
Q2V3J1:Q9ZQ36,0.009930631145834923,0
P29382:F4JNI7,0.011223998852074146,0
Q8L5W8:Q9XI36,0.13557414710521698,0
Q7PC79:Q1G401,0.010139971040189266,0
Q9LFL7:Q9FIT2,0.010651543736457825,0
Q8W4L5:Q8RYD3,0.9048275351524353,0
Q9SUI5:Q9LK61,0.013481127098202705,0
Q8VYI5:Q9LEU7,0.053138066083192825,0
Q9MA39:Q9LTV9,0.21499530971050262,0
Q9FGB0:A0A178VUV0,0.026412710547447205,0
P93005:Q9ZPV4,0.01038688700646162,0
Q8GWA7:B3H721,0.009734302759170532,0
Q9M0N1:Q9LNU4,0.34302568435668945,0
Q0WQN9:Q8L7G1,0.1603497713804245,0
O81025:Q0PCS3,0.03204707056283951,0
F4HWD5:Q9SJW7,0.01494482159614563,0
Q9LEZ3:Q8RWZ1,0.03218559920787811,0
Q2V4I9:Q9FHY1,0.010359242558479309,0
Q07356:B3H612,0.010272443294525146,0
Q9FMC2:Q67XI5,0.025976771488785744,0
A0A1I9LMS4:B3H4R7,0.00976539682596922,0
F4JX46:A0A1P8BG62,0.01014461275190115,0
A2RVJ6:Q9FJ08,0.009762114845216274,0
Q9M2N7:Q9LYD3,0.011568565852940083,0
Q9SK33:Q9SCP4,0.011602255515754223,0
Q9FYK6:Q8GY88,0.011576243676245213,0
A0A1P8B449:Q6X7J5,0.010571440681815147,0
Q9FGT1:Q94AP0,0.011578883044421673,0
Q9LF46:A0A178W3G2,0.010834897868335247,0
Q39191:Q93Y22,0.013993284665048122,0
Q94A98:P0C0B0,0.011273318901658058,0
O81323:Q9LX31,0.03200739249587059,0
A0A1P8B9R8:P62090,0.024444928392767906,0
Q9LTB9:A0A1P8APW5,0.01147849764674902,0
F4JSC0:Q9ZPS7,0.017286209389567375,0
Q9SCK5:Q8S898,0.010991078801453114,0
Q9LSB2:Q4F883,0.022359458729624748,0
Q9C6K1:Q9LUK1,0.012540021911263466,0
Q8LDS4:Q9SD33,0.021761726588010788,0
O23051:Q9SGS2,0.038929570466279984,0
F4IB51:P43298,0.013154128566384315,0
Q8W3M3:Q8LPR8,0.12594757974147797,0
Q8VY16:Q9SRQ3,0.014280888251960278,0
Q9MAN1:Q9FNR0,0.026535486802458763,0
Q9M2N5:Q9SCK4,0.07317308336496353,0
Q8GXE9:Q9SUZ4,0.012199727818369865,0
Q9FF13:P56798,0.011136352084577084,0
F4KIT4:Q9FYM8,0.009955721907317638,0
Q9FFY5:Q9C664,0.010412588715553284,0
B3H7N2:Q9FK15,0.010653229430317879,0
O22846:Q9CAR0,0.013866712339222431,0
Q9SHJ6:F4JUA6,0.011538940481841564,0
F4J3N4:Q8W234,0.08725354820489883,0
O48915:Q9M0H9,0.009851031005382538,0
F4IFT7:Q9SSD6,0.01022554561495781,0
O65691:Q9SV06,0.010893387719988823,0
Q9SSP4:Q1PDW1,0.011979656293988228,0
A0A1P8BBB8:Q9C9Y8,0.010574886575341225,0
Q9FN84:O23088,0.01162333320826292,0
A0A1I9LQ53:Q9SYK1,0.010729115456342697,0
Q84JN2:Q9ASQ2,0.010373610071837902,0
F4IQ29:Q9STN5,0.017230218276381493,0
Q8RWN2:Q7XA63,0.01641741953790188,0
Q9C9N3:Q38824,0.47561749815940857,0
P93283:Q9FGW6,0.009843867272138596,0
Q93VB2:P28147,0.042708877474069595,0
Q8GYJ3:Q9FXF4,0.013534960336983204,0
F4IIL3:Q8VYF7,0.010020396672189236,0
Q1G371:Q9M903,0.01095986645668745,0
Q8VZ15:Q9FZI8,0.01307715754956007,0
O82190:P0DKI6,0.01101311668753624,0
P27323:Q94AG2,0.033763207495212555,0
F4JYE9:Q5BPU6,0.012540941126644611,0
Q9FM83:Q9SRS1,0.3533244729042053,0
Q9FJ95:Q9S745,0.013669515028595924,0
F4JUF8:F4IR55,0.01164925005286932,0
Q9XFH9:O80634,0.020335135981440544,0
F4IUX9:O49687,0.27974697947502136,0
Q9LMT2:Q8H181,0.3570930063724518,0
Q52K84:F4IYB7,0.020145012065768242,0
Q8L6Y1:A0A1P8APD7,0.016713855788111687,0
Q682G3:Q94EJ3,0.010672743432223797,0
P0C2G1:Q9C7N3,0.022670824080705643,0
Q9CAR0:O81445,0.20440445840358734,0
Q8H1Q1:Q8L4S3,0.01043833140283823,0
Q9XIM6:F4KCZ1,0.009871022775769234,0
Q2L6T1:B3H4L2,0.009814421646296978,0
Q8LF20:F4IFM3,0.01238106470555067,0
A0A1P8AZN3:F4J4P1,0.0131874680519104,0
F4KHE3:F4HPS6,0.01987728849053383,0
O49383:Q1G3M2,0.010335412807762623,0
O80742:Q9LK55,0.0101616894826293,0
A8MQN4:Q9LV97,0.010098946280777454,0
Q9SGT0:F4HQ89,0.010077478364109993,0
F4JAZ8:B3H4E1,0.010376708582043648,0
Q4PSE2:Q9STE8,0.020961862057447433,0
O22813:Q9FXC9,0.011770160868763924,0
Q9SLG8:Q8L6Y1,0.011753826402127743,0
O23624:F4IIL3,0.009871646761894226,0
A0JQ00:F4JU69,0.010329201817512512,0
Q9LS71:Q94CC1,0.011008823290467262,0
Q8RXD3:Q9SKM7,0.010064314119517803,0
O03982:Q8GW44,0.03199967369437218,0
Q8LCF5:O64562,0.009862820617854595,0
Q8VYF9:O64837,0.012711675837635994,0
B3H4X6:Q9LRN8,0.00998047273606062,0
Q9FXD3:Q9LIB5,0.011803223751485348,0
Q56XV8:Q9FE25,0.020163128152489662,0
Q9SIT7:Q0WVW7,0.010734646581113338,0
Q9SJC5:Q8LD28,0.010271145030856133,0
O82302:Q9CA36,0.057906974107027054,0
Q9LT25:Q9FIX5,0.08656775951385498,0
Q9FFK1:F4J1T5,0.012866834178566933,0
C0LGW2:A0A1I9LNH2,0.010380721651017666,0
Q9LN63:Q8L5W8,0.8253493309020996,0
Q9LUF3:Q9FKQ6,0.02368469536304474,0
Q8W4C1:Q9M338,0.11008315533399582,0
Q8GYD9:Q9SY40,0.03182028606534004,0
A0A1P8B8B4:A0A1R7T3J3,0.01026851125061512,0
Q9SK69:Q9SCZ0,0.011571760289371014,0
F4HSD5:F4HQ84,0.014757153578102589,0
Q8RWM7:Q945P2,0.011337031610310078,0
P61843:Q3EDG5,0.01051895972341299,0
P92535:Q8LAA6,0.029962999746203423,0
O80438:Q9FJN6,0.045289985835552216,0
Q9FZH6:Q8GX93,0.011334187351167202,0
F4HWA5:B3H5R2,0.009851573966443539,0
Q9FK45:A8MQR5,0.010350126773118973,0
O22286:Q9M0C5,0.30121102929115295,0
P11574:Q9FMB4,0.013278235681355,0
Q8RU59:Q9ZVF4,0.0263554397970438,0
Q9SGS2:Q9S7X6,0.03284452110528946,0
A0A1P8B1G7:Q9FFA0,0.009828302077949047,0
O80396:Q84VV3,0.0143964234739542,0
Q9FYL2:Q9SJH2,0.012246190570294857,0
F4I526:Q9LV56,0.010571412742137909,0
P34795:Q9FRS4,0.010350038297474384,0
Q8GW13:Q9T069,0.010987574234604836,0
Q8GXT3:B3H713,0.014347821474075317,0
Q8LAP6:Q8L981,0.010290532372891903,0
Q949S2:Q39162,0.01255686767399311,0
Q948R9:C0LGM1,0.0135364830493927,0
Q9SLH3:Q8VZ73,0.5837041735649109,0
F4KCH4:Q84JK2,0.023441141471266747,0
F4K9D7:Q8LFL5,0.010083547793328762,0
Q9LVC4:Q9XI19,0.01519212406128645,0
B3H7H1:Q8W1X2,0.05336679890751839,0
Q570R7:Q9LNZ0,0.23319272696971893,0
Q9S763:Q9M2U6,0.01001944299787283,0
Q9SFT8:Q9FNA9,0.02176009491086006,0
Q9LV97:Q9SJ29,0.01024030614644289,0
O65628:B3H5I9,0.014163781888782978,0
Q9LVW2:B3H6V9,0.012922273948788643,0
F4JYN2:Q9C6I7,0.011107252910733223,0
Q940U6:Q9STS7,0.010925964452326298,0
O24629:Q2HIU1,0.010378231294453144,0
Q9LXL7:A0A1P8AUY5,0.009912826120853424,0
Q9LNE6:Q9SAB5,0.013599367812275887,0
O23227:Q8GW83,0.010117396712303162,0
F4HRI2:F4JJ97,0.015075743198394775,0
A0A1P8B4S5:Q9SIS2,0.009944194927811623,0
Q9M0C2:Q84TH4,0.015230185352265835,0
Q38955:O65155,0.017708128318190575,0
Q0WUZ1:Q3E7C8,0.010459449142217636,0
Q9LTC3:P92550,0.012066731229424477,0
F4ICS6:Q8LPH6,0.3548545837402344,0
O04492:A0A1P8BBX7,0.011653787456452847,0
A0MDQ1:F4JEV5,0.010287590324878693,0
Q6NL02:Q39237,0.15713703632354736,0
A8MQP2:F4JEQ6,0.009961025789380074,0
F4HPB7:Q9FKA9,0.011814777739346027,0
O82533:A0A1I9LNG9,0.009854142554104328,0
F4JGK7:B3H6B4,0.009858309291303158,0
Q63Z96:O23384,0.01082924660295248,0
Q9SZ22:O48963,0.017362404614686966,0
Q9SYH1:Q0WSF1,0.014122441411018372,0
Q67YT8:Q9LZI7,0.010202696546912193,0
A8MQX5:Q8GX25,0.010165798477828503,0
A0A1P8AUR6:Q84WK2,0.009996774606406689,0
A0A1P8BCC2:Q93ZR3,0.02136627584695816,0
Q9ZP54:F4HZH7,0.010878871195018291,0
Q8L8M9:Q9SJ47,0.009862671606242657,0
O64627:Q9M1Z3,0.010232445783913136,0
F4HP86:Q9SAK4,0.0268511064350605,0
F4JVA4:P38418,0.011991806328296661,0
O81001:F4KGY6,0.7308191657066345,0
Q38833:Q8L493,0.01698085479438305,0
Q1PDW9:Q3ECQ1,0.00997550692409277,0
Q0WQF4:Q38833,0.03242684528231621,0
Q56YY9:Q9M223,0.009858542121946812,0
Q9LER7:A7XGN8,0.010608933866024017,0
Q7Y220:Q9FHA7,0.04997014254331589,0
Q9LPC8:O65382,0.012422231025993824,0
F4J917:Q9LFM4,0.009974774904549122,0
F4I8L6:Q9LTJ2,0.10483349859714508,0
P92958:Q3C1C7,0.15226800739765167,0
Q9SFB3:A0A1P8ASS6,0.009931902401149273,0
Q84WK0:Q9FYK6,0.11808457225561142,0
Q9FGW7:Q9LSJ1,0.010876270942389965,0
A0A1P8BEG6:Q9FK30,0.012217347510159016,0
Q8LAA7:Q9SHQ9,0.01256224513053894,0
Q9S7S5:O23337,0.010128661058843136,0
O80884:O49397,0.029116714373230934,0
Q9CAN3:Q8H1G0,0.9265162348747253,0
Q9LF97:Q9C9N6,0.038441143929958344,0
Q9FN33:P0DN93,0.01033716555684805,0
P92556:Q9LY49,0.009938133880496025,0
A0A1R7T3J3:F4JU08,0.010500267148017883,0
Q9SAC5:Q5XUX8,0.010152488015592098,0
Q9FFS7:F4IP06,0.01125827245414257,0
Q9CA40:Q6AWW0,0.010295383632183075,0
Q949M9:O80607,0.011927234940230846,0
F4JUM8:Q9ZT17,0.010504777543246746,0
O49403:Q9ZW36,0.2792339026927948,0
Q0WPD9:Q9SLA6,0.013909265398979187,0
Q9SVD1:O64560,0.010355033911764622,0
Q9FMJ4:Q8RWN2,0.018439073115587234,0
Q1PDF2:Q9LT56,0.01683456264436245,0
Q9M9G7:Q9FFH2,0.012591655366122723,0
F4JT86:Q1JPM3,0.022804949432611465,0
Q8L7W2:Q94CL6,0.013884429819881916,0
A0A1I9LQL9:F4J368,0.00986666139215231,0
O64470:Q9LXX5,0.012355530634522438,0
F4HZ54:Q8L5Z7,0.28243163228034973,0
Q9C7F0:F4JVF4,0.016740480437874794,0
F4HZ96:B3H572,0.009854788891971111,0
A0A1I9LT65:A0A1P8BCC2,0.009834748692810535,0
P56788:A0A1P8AVN5,0.010031351819634438,0
Q7XJK8:O82328,0.011047618463635445,0
P92564:Q9SU34,0.010209029540419579,0
F4IUG1:Q9CAL1,0.011282085441052914,0
O80885:A0A1P8AQA9,0.010336062870919704,0
B3H797:P92556,0.009827563539147377,0
A0A1I9LLT6:Q9C555,0.009795332327485085,0
Q8GWK1:Q9FFJ9,0.1916266530752182,0
Q9FK86:Q9SKB2,0.01014747004956007,0
Q9LMM5:A0A1P8B1D7,0.01566648669540882,0
Q5XV54:Q9M8T8,0.010442951694130898,0
F4KG91:Q9LK65,0.015687068924307823,0
Q0WWE3:F4I9V0,0.015305379405617714,0
F4JBG1:Q9LQP3,0.010182032361626625,0
Q9LF34:Q8GWF2,0.016805022954940796,0
P94024:F4J8S5,0.009880723431706429,0
Q9LZI4:Q9STL8,0.010977824218571186,0
Q9LP37:Q94CJ5,0.010271082632243633,0
F4HVJ3:Q9M0C2,0.010589603334665298,0
F4JU69:Q0WVU0,0.010236754082143307,0
Q9FLL3:Q9SKT0,0.010352087207138538,0
F4IIE7:Q9SU67,0.011083347722887993,0
Q9FME3:Q3E8Z8,0.2772340774536133,0
P28185:Q9SRS6,0.12671619653701782,0
C0SV91:Q94C95,0.059832002967596054,0
Q9ZPX0:Q9XI27,0.011583969928324223,0
Q8LGU6:Q9LUA7,0.052594806998968124,0
Q9SV63:P56755,0.014170527458190918,0
Q84W04:Q94A98,0.017793802544474602,0
Q66GP4:Q0WMN5,0.010509532876312733,0
P34791:Q9ZPY1,0.025799915194511414,0
Q7Y211:Q8W3M6,0.011846348643302917,0
Q6IWB2:Q9ZUN8,0.010540629737079144,0
Q8VYQ7:Q9LTS8,0.013742159120738506,0
C0LGN7:F4I3C6,0.011935296468436718,0
Q9LMY5:A0A1P8B3B5,0.009968824684619904,0
Q6DBQ2:Q84JG5,0.012723023071885109,0
O82248:O22908,0.011724350042641163,0
Q0WUB8:Q5PNU3,0.07862873375415802,0
Q9FG23:Q9FJ95,0.011091310530900955,0
O22164:Q9FZ99,0.011148813180625439,0
Q9LJ72:O65924,0.0129710603505373,0
Q94AD8:Q0WP36,0.027323370799422264,0
Q8GW27:Q9LUC1,0.02421310730278492,0
O82381:O80603,0.012360411696135998,0
Q9LTX1:A0A1I9LQA9,0.010109187103807926,0
B3H5B2:Q9C567,0.009859971702098846,0
A0A1P8AYU2:Q38937,0.014852908439934254,0
F4J1R8:Q9C9R6,0.02977793477475643,0
Q7XBQ8:Q29Q18,0.010045784525573254,0
F4JGK7:Q94EJ3,0.01027061976492405,0
F4J2T9:Q9FNA9,0.016911447048187256,0
Q8VZL4:Q9SDS8,0.01343346107751131,0
Q9SVB7:Q9CA16,0.014078031294047832,0
Q84JV6:A0A1I9LPY5,0.010416929610073566,0
F4I8L6:P56782,0.010869305580854416,0
A0A1I9LMB9:Q8GXP7,0.009986937046051025,0
Q9LTF7:Q9LTB9,0.3137170076370239,0
Q9LU33:B9DHA4,0.018836840987205505,0
Q2V4F7:Q9SJE2,0.010602256283164024,0
Q8LG56:Q94CJ5,0.010086467489600182,0
Q9FYL8:Q9SXA9,0.010004227980971336,0
A0A1P8ANA9:Q9LU28,0.01020786166191101,0
F4JWT7:Q9FEN9,0.022736767306923866,0
Q9ZPH4:Q9LQ12,0.04468867927789688,0
A0A1P8AQK1:Q3EDG5,0.010144133120775223,0
Q93WB2:Q94C95,0.07519949972629547,0
Q9LUD6:Q9SR01,0.01109013520181179,0
Q8GXH5:C4B8C5,0.009767371229827404,0
Q42606:O49420,0.010922766290605068,0
Q9XIR8:Q9SV88,0.011520149186253548,0
Q0WQN9:Q9FX77,0.19939975440502167,0
Q9FFA0:B3H7H3,0.00999376829713583,0
O80607:Q8L7G0,0.01818794570863247,0
Q8RWE1:Q8LGS1,0.013925070874392986,0
Q9C9H0:Q9LSE2,0.01722501404583454,0
F4IK97:D3K0M2,0.013714298605918884,0
P0C0B0:Q1PE70,0.011102857999503613,0
Q9LF53:Q4PSE2,0.8139578700065613,0
Q6DBN3:Q9SK33,0.0137153510004282,0
F4IIL3:Q1ECQ5,0.010478156618773937,0
A0A1P8B017:Q9SJZ3,0.010250481776893139,0
F4J7P7:Q9FII6,0.017498021945357323,0
Q9LYC9:Q64FQ2,0.022320235148072243,0
Q9SH31:Q8GWP4,0.01236542034894228,0
Q39079:F4KI29,0.010603157803416252,0
Q9LTX4:Q9SR35,0.010125929489731789,0
Q8LPH6:Q9FNP4,0.26569947600364685,0
A8MQL5:Q08891,0.010435155592858791,0
F4JG23:Q9STV4,0.030060095712542534,0
O80667:O04492,0.01307002641260624,0
Q9LXQ5:Q9LF27,0.01030654925853014,0
Q56YG0:A0A1P8ARQ1,0.009904192760586739,0
Q8W4R7:A0A1P8ANL4,0.010419747792184353,0
A0A1I9LPY5:Q8L9S0,0.012447117827832699,0
Q9STS3:F4JGK7,0.01349641289561987,0
Q9SK33:A0A1I9LSM5,0.00981839094310999,0
Q9LND4:Q84K72,0.0113720977678895,0
A0A1P8BDM7:Q9FXA3,0.010957421734929085,0
A0A1P8BBA6:Q9CAD5,0.012217028997838497,0
Q8VZB2:O80634,0.05442060902714729,0
A0A1P8AW98:O49668,0.009782180190086365,0
F4J480:Q8VYG5,0.012585294432938099,0
Q5Q0C3:Q570C0,0.013605142012238503,0
Q1PE70:A0MFS9,0.012148804031312466,0
Q84UU4:Q9M282,0.010131082497537136,0
P56788:Q9LI85,0.01059082429856062,0
Q8L981:Q9FHW2,0.016400575637817383,0
P43298:Q9FYL8,0.014085742644965649,0
A0A1P8B2W3:Q9LJL8,0.011615277267992496,0
F4JDR1:A0A1P8B3C0,0.010357866063714027,0
A0JQ00:Q9LP03,0.010298243723809719,0
O80885:F4JRF6,0.010782572440803051,0
Q9FJ82:Q06AN9,0.012029197998344898,0
Q8LFB8:B3H6K5,0.009838082827627659,0
Q9FJK3:Q9XI27,0.012569203972816467,0
F4JTD2:Q8L9N1,0.012917766347527504,0
Q9C6K4:Q9SFU5,0.23965822160243988,0
Q9FLI3:F4IS76,0.039840344339609146,0
Q94AQ4:Q9LV56,0.009922781959176064,0
Q94BZ7:O23177,0.010845980606973171,0
P59467:Q9FMZ4,0.07955347746610641,0
Q8VZP4:A0A1P8AQV4,0.010002202354371548,0
F4JF14:Q6NQJ6,0.010504363104701042,0
Q9LK18:Q9LV43,0.010099439881742,0
F4HTT8:Q9FKQ9,0.009919571690261364,0
O64640:Q9M2E4,0.02929246798157692,0
Q9SYK0:A8MQH9,0.01140610035508871,0
Q8GY50:Q8GY50,0.9634838104248047,0
A0A1R7T3B3:Q9LXH7,0.01128244586288929,0
B3H614:A0A1P8ANK5,0.009809560142457485,0
Q9C567:Q9C892,0.009690366685390472,0
Q8VZS2:O48963,0.012991855852305889,0
Q9C737:Q2V4C3,0.010045926086604595,0
A0A1P8B013:Q94AG2,0.010289388708770275,0
Q9LZI7:Q9ZQL1,0.010044741444289684,0
Q9LKG8:F4JH53,0.047681618481874466,0
Q5S502:A0A1P8BAW7,0.009805373847484589,0
A0A1P8BC48:Q9C7J3,0.014241388998925686,0
F4JUA6:Q9SMP0,0.04036188870668411,0
Q1H5B1:Q8RXY0,0.013464738614857197,0
Q8W4L5:Q9M875,0.016845708712935448,0
Q9SAK2:Q9LUA7,0.1568031758069992,0
Q5HZ03:Q9M0X0,0.025743311271071434,0
A0A1P8B760:Q94K76,0.014244744554162025,0
B4F7R9:Q9M169,0.013621401973068714,0
A0A178VBJ0:Q9LZ00,0.13174860179424286,0
Q9M9B3:Q9C502,0.04948657751083374,0
Q9LNF4:Q9FHN2,0.015890082344412804,0
P92513:Q8LBB7,0.009991096332669258,0
Q9M8M1:P25859,0.14644350111484528,0
Q9CAM7:O23085,0.04593644291162491,0
O48788:Q9C9F0,0.029137510806322098,0
F4ICX5:Q9ZQC6,0.011177978478372097,0
Q949X1:Q9SKH2,0.013349363580346107,0
Q94K73:A8MQX5,0.010102842934429646,0
B3H6P5:A0A384L7B9,0.009891794994473457,0
O81127:F4I458,0.13077345490455627,0
O23262:A0A1P8AYJ3,0.00982483010739088,0
A0A1I9LMG4:P49107,0.009906363673508167,0
Q8VXX3:Q5Q0I0,0.011284122243523598,0
Q9FYK0:Q9FMS0,0.1472495049238205,0
Q500Z7:A0A1P8B453,0.01073049008846283,0
Q9FN68:Q9C975,0.017159903421998024,0
Q8L908:Q9MAM1,0.07143664360046387,0
Q9ZUX0:Q9LY82,0.012728415429592133,0
Q96251:Q0WSF1,0.012913132086396217,0
Q9FLS9:F4J6A1,0.012103785760700703,0
Q9FK30:Q500W7,0.018115732818841934,0
Q9SRD8:A0A1I9LTE5,0.009989368729293346,0
Q9LQ12:Q0WVU7,0.025665832683444023,0
A0A1P8AW47:Q9FL63,0.01085005234926939,0
P0DKG5:Q9M1Q4,0.024868762120604515,0
Q8GYP3:A0A1P8APW5,0.011738702654838562,0
Q8GYP6:F4JJN9,0.010715632699429989,0
Q93Y07:B3H641,0.012340177781879902,0
F4IG46:Q8VYC9,0.11121852695941925,0
B3H4U3:Q9LXU0,0.009977794252336025,0
F4J5D3:B3H506,0.03800269216299057,0
Q8S9K3:O65436,0.010303846560418606,0
Q9LVC4:F4I540,0.011680390685796738,0
Q8RUD6:Q9FZ19,0.0103421900421381,0
Q8VYF0:A0A1P8B3C2,0.010830598883330822,0
F4IWK7:A0A1P8B415,0.010415839962661266,0
Q4PT11:Q9LK18,0.010105482302606106,0
O22683:Q8GYJ3,0.021668998524546623,0
F4HSB6:F4IAF4,0.01063347328454256,0
Q9C5J8:A0A178VUV0,0.011182568036019802,0
F4KDK1:F4IB55,0.010277139022946358,0
F4J8D9:Q6NQA0,0.009920771233737469,0
Q9S829:B9DGD6,0.011141522787511349,0
F4K3K4:Q8VYI6,0.009878846816718578,0
Q1G3V0:Q0WPZ7,0.010285009630024433,0
A0A1I9LQG9:O04254,0.010011584497988224,0
Q9LX93:Q1G363,0.012120437808334827,0
Q2PGG3:Q3E8B0,0.010697836056351662,0
Q9ZUM9:Q0WP36,0.061009492725133896,0
P92937:O65554,0.9502008557319641,0
Q93Z91:A0A1P8ASK0,0.009935188107192516,0
A0A178UJ48:Q94A68,0.012625843286514282,0
Q9M843:Q8GW46,0.02340787462890148,0
Q9STY2:Q9SV75,0.009905469603836536,0
F4HS08:F4JBG1,0.014193377457559109,0
Q9M8T8:F4IA30,0.010109230875968933,0
F4JUF8:A0A1P8B013,0.00990937277674675,0
O23100:Q9SU89,0.018811261281371117,0
A0A1P8B3I7:F4JML6,0.010494685731828213,0
Q9FXC9:B3H5A4,0.009876864962279797,0
Q8W4F1:O49687,0.048017051070928574,0
Q9C9X5:Q84JH9,0.010713230818510056,0
Q8L403:F4JG23,0.012017450295388699,0
Q9FXE2:F4HXR7,0.01022271066904068,0
F4K588:Q1PE51,0.012706088833510876,0
O80634:F4IR55,0.012016494758427143,0
Q5E915:F4K5P3,0.015178595669567585,0
Q9SWH4:A0A1I9LN21,0.03734142705798149,0
Q3E8Z8:Q8L8U9,0.01287921704351902,0
Q9M237:Q9C664,0.010287872515618801,0
Q9FFZ2:Q9SX45,0.011333581060171127,0
F4JZH9:Q9M2K8,0.0375373438000679,0
F4I9P7:Q9FJ10,0.018641013652086258,0
Q9SZZ8:Q9SZI2,0.01644979603588581,0
Q9SCU5:O22244,0.013290934264659882,0
Q9ZVC7:Q9FH24,0.010511818341910839,0
F4HSD5:Q9LFD5,0.013432896696031094,0
Q9SMZ2:Q84VG7,0.017566842958331108,0
B3H612:Q9LK19,0.010164204984903336,0
Q9C803:B3H784,0.010210729204118252,0
Q9T0K3:Q84VV3,0.010033583268523216,0
F4JML6:Q8L9R7,0.010407608933746815,0
Q2V3Z5:Q9M843,0.010259070433676243,0
Q94AH2:O65665,0.13712716102600098,0
F4HS13:O23077,0.01069147139787674,0
Q944Q0:Q39162,0.38505539298057556,0
A0A1P8ASS6:Q94BN0,0.013283359818160534,0
P27900:Q8GUN5,0.7062970399856567,0
Q9SJZ3:F4JWA1,0.02371683530509472,0
Q8RWC9:Q9LTT3,0.3566184639930725,0
Q9FMG8:Q944R2,0.01053700316697359,0
Q93Z27:Q9LUA9,0.301960825920105,0
Q9FYE2:Q8RXK3,0.01044493354856968,0
Q9FYM0:Q1G3F1,0.010163136757910252,0
Q9CAL3:F4HQ84,0.012790614739060402,0
F4I861:Q9FML2,0.011550619266927242,0
A0A178WNP1:A0A1P8AM23,0.010224388912320137,0
Q0V7V2:Q6ID72,0.010977878235280514,0
Q8L8L9:B3H7N2,0.01619855687022209,0
Q9S9X6:O49545,0.013090106658637524,0
Q9ZQP5:Q9LT56,0.011917355470359325,0
Q9FV49:P09468,0.01916521228849888,0
A0A1P8ASK0:F4K9G7,0.009992025792598724,0
A0A1P8BAW7:Q9SQZ9,0.01047182735055685,0
O23051:Q9XI36,0.01792214624583721,0
F4K7J0:Q08AA8,0.011272456496953964,0
Q9FRL5:Q9LNC9,0.893509030342102,0
P29381:Q9M2Q2,0.03310290351510048,0
Q9SII1:Q949V6,0.02549833059310913,0
O49403:Q9C564,0.017872342839837074,0
F4J1T4:Q9LTS6,0.011747256852686405,0
Q9LXV0:Q9ZU92,0.01165776327252388,0
F4HUW0:Q06738,0.010029474273324013,0
Q9FGZ5:F4HU51,0.017707860097289085,0
Q9FGY9:F4KHE3,0.06696412712335587,0
Q38955:Q5XVA8,0.01862851157784462,0
Q9FH00:F4HVS6,0.010537891648709774,0
O81057:Q9FYL2,0.03059745393693447,0
A0A1I9LMV6:Q8VYQ7,0.010903914459049702,0
A0A1P8B6G5:Q9XFD1,0.010144451633095741,0
Q9SZV3:Q9SN67,0.011110030114650726,0
O64399:F4JGI3,0.011691521853208542,0
O23177:O04005,0.013240993022918701,0
P94024:A0A1I9LSB3,0.010000373236835003,0
Q94JT5:Q9SJG5,0.010057385079562664,0
Q9FGF1:Q67ZU1,0.011904533952474594,0
Q9SKH8:Q9SUC5,0.0114862360060215,0
Q9SHZ9:Q9LXK2,0.01009917538613081,0
Q8VYP6:Q9FFK1,0.03609049320220947,0
Q8L726:F4HSD5,0.011145607568323612,0
Q9LF24:Q9SJM3,0.013493835926055908,0
Q6NL02:Q9C9Y8,0.10784979164600372,0
Q8GY60:Q8GXC7,0.057467084378004074,0
F4HWL4:Q949N7,0.015114652924239635,0
Q8RW90:O82394,0.01763480342924595,0
O04017:O22932,0.31218597292900085,0
A0A1I9LNE1:Q9S6Z9,0.009787209331989288,0
Q9LV99:Q3ECY3,0.009871370159089565,0
F4JYE8:F4K725,0.01113612949848175,0
Q1G322:Q9LY49,0.012429914437234402,0
Q9LU85:Q9C7K7,0.010737689211964607,0
Q5XET4:P93287,0.009809470735490322,0
Q5XV83:Q9SB92,0.010632547549903393,0
B3H5S0:F4KCZ1,0.01081046648323536,0
F4JK43:Q6NPM7,0.010044162161648273,0
Q3E8G0:O80920,0.011970858089625835,0
Q8GT78:Q04613,0.009960271418094635,0
Q8L8U9:Q8RWN2,0.022489838302135468,0
P59263:Q56YY9,0.013572923839092255,0
Q9SR00:Q9ZPX0,0.01398021262139082,0
A0A178V0E5:Q680L3,0.010450308211147785,0
Q9ZUB5:Q9LHI5,0.033280063420534134,0
Q9M876:B9DFZ2,0.01785479299724102,0
Q9CAG1:Q9M0W4,0.07206316292285919,0
F4I1S7:Q9FRI1,0.018835226073861122,0
Q9SF52:F4HVJ3,0.01195671409368515,0
F4HYR6:Q9SCP4,0.010462547652423382,0
Q9LMM6:Q8L7L1,0.018208272755146027,0
Q76FS5:A0A1P8BCC2,0.015071514062583447,0
F4IVN9:A0A1P8AQU8,0.009933139197528362,0
Q9LV70:A0MFL4,0.010502194054424763,0
Q8GYH1:Q39022,0.07616239786148071,0
Q9SGI7:F4K2D7,0.010153467766940594,0
Q9LPJ7:Q05763,0.011485050432384014,0
F4HYB6:P34791,0.01034918799996376,0
Q8GYP8:F4JK43,0.01009527500718832,0
Q58FY6:F4KI88,0.009997661225497723,0
A0A1P8AZD4:Q9FN68,0.058983612805604935,0
Q94BN0:Q1G3M2,0.020292697474360466,0
Q9S9M7:F4ICB5,0.012678726576268673,0
F4K5P6:Q9SCT7,0.010203070938587189,0
Q9SN67:A0A1P8B188,0.011626513674855232,0
Q9SIW1:F4JU69,0.03414645418524742,0
F4HVJ3:O22920,0.013001466169953346,0
Q9LJZ4:Q9FZG2,0.012294403277337551,0
P57681:Q9FM73,0.010031629353761673,0
Q9FGW6:A0A1P8BF06,0.009958510287106037,0
Q9LYH4:Q8L925,0.011460505425930023,0
Q9FML9:A0A1P8AQA9,0.010136573575437069,0
Q9C6C7:Q8LFL5,0.010622977279126644,0
Q9STR4:Q9LPR9,0.013281273655593395,0
Q9FMZ4:P56788,0.023730114102363586,0
A8MQ92:Q9LFV5,0.010022222064435482,0
Q500W7:Q9M4T3,0.01143184769898653,0
Q9M8T3:F4HZ54,0.11199213564395905,0
O64470:Q9SAD9,0.010626976378262043,0
A0A1P8B801:Q9SSD6,0.010559748858213425,0
Q9SJJ0:Q9LV38,0.06734742224216461,0
O22813:Q0IGK1,0.022600075230002403,0
Q9M0W4:Q8W4L5,0.24753041565418243,0
Q9M2N5:Q9M2C9,0.13829965889453888,0
B3H5I6:F4J368,0.009746938943862915,0
Q9SB50:Q3E9I4,0.011046006344258785,0
Q9SL91:B3DNP3,0.011028862558305264,0
Q8LAP6:Q94JV0,0.011035884730517864,0
F4JYQ8:F4JJC8,0.010046868585050106,0
Q8VZK2:Q9LDF5,0.014449435286223888,0
Q9LRJ4:Q84VW6,0.013795367442071438,0
F4HQX1:A8MQR5,0.010116311721503735,0
Q9C507:Q07356,0.01092896144837141,0
Q94K71:O48713,0.011446922086179256,0
Q93ZY7:Q9ZQQ9,0.01263357698917389,0
Q9ZRT1:P0DH85,0.14221829175949097,0
Q9SSM2:Q66GP4,0.010276510380208492,0
Q8LGE9:D2WL32,0.01616770215332508,0
Q8RWB1:Q9LUP4,0.02171301655471325,0
Q945P1:Q9LXU9,0.01819627545773983,0
Q940U6:Q9LM78,0.021623283624649048,0
P93005:Q9FMD5,0.010628866031765938,0
Q05762:Q9M907,0.010569813661277294,0
Q9STT1:A0JQ78,0.03218895196914673,0
Q9SU91:Q9LJW1,0.010133089497685432,0
Q3EC19:Q3E8Z8,0.00991707295179367,0
Q0WR81:Q8RWT4,0.010142595507204533,0
B3H5T1:F4I4X9,0.010015050880610943,0
F4HZI8:C0LGL4,0.011079679243266582,0
Q8GXC7:Q9SSW0,0.0550420880317688,0
Q8RY81:Q9SUQ3,0.01600981131196022,0
Q2L6T1:Q8GWG7,0.010697746649384499,0
Q9FHD1:Q9FI57,0.009896724484860897,0
Q682U6:Q5XUX8,0.010708664543926716,0
Q9LZR5:Q8GWA7,0.010544619522988796,0
Q9FNB9:Q9FMK7,0.2873114049434662,0
Q05763:F4KBY0,0.0111919566988945,0
Q9SM23:Q94CE4,0.04886839538812637,0
A0A1R7T3C4:Q93ZG7,0.011444526724517345,0
A0A1P8B6C9:O49397,0.01972552016377449,0
Q9C995:Q6NPM5,0.011120595969259739,0
Q5XUX8:F4I499,0.01036631315946579,0
Q6NNK6:B9DFU2,0.010980399325489998,0
Q94EW8:Q9LYQ8,0.02523372881114483,0
F4IZ80:Q3EDD5,0.010117319412529469,0
F4HT07:Q9FG97,0.010216104798018932,0
Q9LK61:Q9SIV0,0.014634564518928528,0
Q9SW40:Q9LV27,0.04737434908747673,0
Q9C8D1:Q9LVC4,0.05003945156931877,0
Q0WRE7:A0A178V0W2,0.010262257419526577,0
A0A384KZU0:Q9FMY4,0.010350920259952545,0
Q1G3U1:Q9SH60,0.010064174421131611,0
F4I9I6:Q9LMQ2,0.014809302054345608,0
Q8LAA7:P82643,0.010010856203734875,0
Q9LRM4:Q9LYB9,0.15969371795654297,0
Q9SCX9:Q9FJV9,0.011366214603185654,0
F4JCM3:Q9XIR8,0.009798809885978699,0
Q9SIS2:Q9LIJ0,0.013921970501542091,0
Q9SIB4:Q9C9X5,0.07638249546289444,0
A0A1P8B630:Q9M0H9,0.00970094371587038,0
Q9LTF2:A0A1P8BAT6,0.012069727294147015,0
Q93ZZ7:Q945M9,0.011213925667107105,0
Q8VZG1:Q9SHX3,0.010050231590867043,0
Q3E870:Q9M8T8,0.009898721240460873,0
Q9SN85:B3H4V9,0.010037385858595371,0
Q6NPP7:Q9FJ32,0.019373763352632523,0
A0A1I9LPE3:A0A1I9LLJ2,0.010155167430639267,0
Q9LJW1:P92554,0.009788698516786098,0
F4K5P3:Q8H1S7,0.010665356181561947,0
Q93VJ4:F4HT43,0.013896998949348927,0
A8MQ79:Q9LT09,0.010165358893573284,0
A0A1P8ANB8:F4JN00,0.01178890373557806,0
Q9LXV9:Q9SSS6,0.010113183408975601,0
Q9FX66:Q9LDI9,0.015406951308250427,0
A0A1I9LN21:Q9MAN1,0.13704095780849457,0
Q5W9E7:Q4VNZ6,0.010301454924046993,0
Q8VZN1:Q8LKS5,0.05310007557272911,0
Q8GYD9:Q9ZW89,0.0357678197324276,0
Q9FHA7:Q9LZ82,0.16990971565246582,0
A0A1P8AQT9:P10798,0.018877798691391945,0
Q9C5U8:F4I6B2,0.024656914174556732,0
Q9SKM7:Q9LEZ3,0.010901683941483498,0
Q0WPR6:F4HT02,0.021641328930854797,0
Q9STG3:A0A1P8ASY8,0.009871581569314003,0
F4JXW9:O04587,0.00990038551390171,0
Q2V346:Q3E880,0.009992110542953014,0
Q9FHF5:Q8GXM1,0.009766566567122936,0
Q9FGV1:Q9SHJ6,0.1242133304476738,0
Q9FFC9:A0A1P8BGB6,0.009885533712804317,0
F4HWK0:Q9SK49,0.010664240457117558,0
Q9M026:Q9SV72,0.011405733413994312,0
Q9FJV0:Q9FKF5,0.012473992072045803,0
Q8H0U5:Q84WV9,0.011397329159080982,0
Q1G390:F4J551,0.01106866355985403,0
Q67XV2:Q8W4F3,0.021729500964283943,0
Q9C778:Q9SYF1,0.011743271723389626,0
Q682P6:Q8LE26,0.020970528945326805,0
Q9SAB5:Q9C9W9,0.11428333818912506,0
Q9T075:Q3E870,0.010371704585850239,0
Q94AB5:A0A1P8BDM7,0.010147582739591599,0
A0A1P8BDE8:Q9ZNT7,0.018226368352770805,0
Q8L467:Q8L493,0.01684979535639286,0
Q9FGW2:Q9FME4,0.009833226911723614,0
Q8GYD2:Q9LNW3,0.3776603639125824,0
Q9SHV5:Q9LYM3,0.011789394542574883,0
Q0WR08:Q9XI46,0.009858837351202965,0
Q8S8Q0:Q38832,0.011339624412357807,0
Q9C942:A0A1P8B3M4,0.015516603365540504,0
Q9SF38:Q8LGI3,0.011286436580121517,0
Q94AD8:Q0WRE7,0.010314151644706726,0
F4HPM6:Q9SVX5,0.0907808318734169,0
Q9C9Y6:Q8L8M9,0.01671684719622135,0
O82595:O81515,0.012935424223542213,0
Q8RXC0:Q9ZT17,0.01264570839703083,0
Q9M8W6:O04027,0.4706548750400543,0
Q9MAN1:Q8RWC9,0.41075655817985535,0
O81915:Q9LZE0,0.014272692613303661,0
Q94KL5:Q8S8P6,0.03185059875249863,0
Q93V58:P46897,0.4581970274448395,0
B3H7A9:Q42381,0.022898152470588684,0
Q94C40:Q8LG89,0.03442557901144028,0
C0SV91:Q8RWG5,0.01100773736834526,0
B3H4X6:Q1G3X9,0.0100602051243186,0
O80575:Q9C7X2,0.012594940140843391,0
F4I4F2:P56784,0.011445197276771069,0
B3H7D8:Q9FKQ8,0.010449890047311783,0
A7UL74:Q9C8F8,0.01364896446466446,0
Q94CC1:A0A1P8B9Z0,0.010346483439207077,0
Q8LPL5:Q9SCR0,0.31835347414016724,0
A0A1P8B6C7:Q9C6T2,0.010086788795888424,0
Q67Y01:Q93ZM9,0.021400470286607742,0
Q5BPP4:Q9STR4,0.014938080683350563,0
Q9LW63:Q9SHZ9,0.010431459173560143,0
Q9M8M7:Q9SHQ9,0.01402443926781416,0
Q0WPG1:Q9XIQ9,0.01159950066357851,0
F4I3E6:F4JT39,0.0128237996250391,0
Q9SKI0:Q56XJ7,0.0104079470038414,0
Q84JE8:Q8VY27,0.011724612675607204,0
C0LGL4:Q94K97,0.012434842996299267,0
Q9LQF0:Q9LK52,0.21495695412158966,0
A0A178W3G2:Q9ST43,0.019400937482714653,0
Q9LW84:O82190,0.010412521660327911,0
A0A1P8AZP7:F4I1S7,0.010628056712448597,0
Q9LYQ9:Q1PEU3,0.039043355733156204,0
A0A1P8B1G7:F4IUG1,0.009975246153771877,0
Q1G3Q4:Q9C9A0,0.029970113188028336,0
Q8LF89:F4K329,0.011278513818979263,0
Q94A98:Q42377,0.01036157924681902,0
P0CAX9:Q6DYC0,0.01027167122811079,0
P82795:Q9LR74,0.010183056816458702,0
F4K5V9:Q9SKH1,0.009691083803772926,0
F4K723:O64560,0.009961710311472416,0
Q8LPR9:F4IQY1,0.00991260539740324,0
Q9LF88:Q2V3W5,0.009979617781937122,0
F4I6U7:Q9SKB2,0.010973567143082619,0
Q9XHZ8:Q0WR94,0.011567304842174053,0
Q8LE92:F4KCL7,0.010362251661717892,0
Q9FKT5:Q9LE02,0.02420949935913086,0
A0A1P8BCC3:Q9C636,0.010272777639329433,0
O82503:Q9FGS3,0.03546958044171333,0
Q9SAI2:B3H4G1,0.01389129739254713,0
O49518:Q9C6Z4,0.009801487438380718,0
Q94JM3:Q8GWP1,0.09571974724531174,0
Q8GW85:Q9LSB2,0.10645973682403564,0
Q9LT31:O24410,0.26957327127456665,0
A0A1I9LM80:Q9LSQ2,0.009978382848203182,0
A0A178UG69:Q8LB54,0.03790513426065445,0
Q9SFB3:Q9M0Y6,0.011054636910557747,0
Q9FWZ3:Q56YQ1,0.00985304918140173,0
A0A1P8AWW1:Q3ECM9,0.009767960757017136,0
F4J0D0:F4IIA9,0.009766031987965107,0
Q9FLF7:F4KI39,0.09508588165044785,0
A0A1P8AUL6:Q38957,0.01081183459609747,0
O81864:Q9T0G1,0.013497376814484596,0
Q9SUI5:Q8LE92,0.010544681921601295,0
Q8RYC6:F4J7V3,0.033287614583969116,0
Q9M2E4:F4IP00,0.010152754373848438,0
P93293:P92562,0.010005945339798927,0
F4HTY0:Q9C7M2,0.011989808641374111,0
Q7XA63:Q9S7P4,0.009842473082244396,0
Q9ZQA3:O81000,0.010860994458198547,0
Q4VNZ6:F4KAV2,0.010100677609443665,0
Q9LTJ0:P0C0B0,0.01115736085921526,0
Q9LSK7:Q8LCH5,0.3162706792354584,0
Q9LMQ2:Q9FXA9,0.01080592256039381,0
Q93ZB0:B3H6G9,0.011682940647006035,0
P82778:Q9SI15,0.012087119743227959,0
Q9LS04:Q9LZP4,0.010382025502622128,0
O50055:Q9FIV5,0.3073071539402008,0
Q9ZU88:P93024,0.015846747905015945,0
Q9FIX5:A0A178UN96,0.010507418774068356,0
Q9AR07:Q8VY26,0.019916562363505363,0
Q9FM80:Q9SJG6,0.011537281796336174,0
Q9FKA0:Q93ZZ7,0.01230747438967228,0
Q9SHG6:Q9FKU2,0.011682209558784962,0
Q9ASV6:Q9LYV3,0.010728497989475727,0
O82533:F4I9X5,0.010054322890937328,0
Q84J91:F4IXJ7,0.013201030902564526,0
Q9LZ97:Q6NLR2,0.03349193558096886,0
F4JGI3:F4K975,0.010113231837749481,0
Q84WL4:Q9SFF7,0.010540710762143135,0
Q9S7I7:F4J8R4,0.01560901291668415,0
Q9STX2:A0A1P8AQ67,0.010843551717698574,0
B3H7G8:O50055,0.010509753599762917,0
F4K4X2:A0A1P8BER7,0.009767824783921242,0
F4HPS6:Q9LZ86,0.018147597089409828,0
Q9MAA7:Q7XHI9,0.047110773622989655,0
A0A1I9LNH2:F4IZ03,0.00986535008996725,0
Q9LR67:Q9ZVK9,0.010028906166553497,0
Q9FNA9:Q564K3,0.02153424732387066,0
Q9LT48:Q5HZ48,0.012052886188030243,0
F4J7G5:F4IUT4,0.010316656902432442,0
A0A1P8BD86:F4ITL6,0.009906458668410778,0
Q8LFK2:Q9FLC1,0.012430785223841667,0
Q8GYT1:O23035,0.013247156515717506,0
Q9SIT7:Q96253,0.010449651628732681,0
F4JUM8:F4HSA3,0.012701714411377907,0
Q9C790:A0A1P8B9B9,0.012222740799188614,0
Q9ZU97:O80742,0.2016332447528839,0
F4I5G3:Q8L4N1,0.013625400140881538,0
F4IS76:F4I9P7,0.011807135306298733,0
Q56YN3:Q8RWE1,0.021208105608820915,0
F4JPQ4:A0A2H1ZE93,0.010302336886525154,0
Q9M038:Q8GXT3,0.027037477120757103,0
Q93Y08:F4J2T9,0.012127507477998734,0
Q8VYI5:A0A1P8AXB7,0.012111063115298748,0
Q94B35:P62090,0.015419051051139832,0
B3H4T5:Q9LS86,0.010087653063237667,0
Q9FRI1:Q9LI86,0.011395223438739777,0
Q9FG51:Q6R053,0.3758167326450348,0
Q9LJX2:Q0WT24,0.010663286782801151,0
O64584:Q33884,0.010783796198666096,0
A0A178W169:Q9SHG6,0.018334487453103065,0
B3H6B4:Q9LNU6,0.009967952966690063,0
Q9SIW5:F4JA50,0.013342698104679585,0
F4I6L0:Q9SB36,0.010328427888453007,0
O82197:Q9LZR4,0.019092615693807602,0
B9DFZ2:Q8GY88,0.015727287158370018,0
Q9SIE1:Q9C7F0,0.030287805944681168,0
P92566:Q1PF74,0.010553483851253986,0
O81515:Q682U6,0.009943109005689621,0
O82328:Q8VXZ0,0.010260610841214657,0
Q9MA93:Q9LJN0,0.010311572812497616,0
O80800:Q9LES3,0.12293747812509537,0
Q5XV54:Q9FPW6,0.24988965690135956,0
F4JEV5:Q9LVM2,0.010133172385394573,0
Q9ZQC8:B6EUC0,0.016514450311660767,0
Q8RWG0:B3H4E1,0.01082363910973072,0
Q9SB36:B3H7J0,0.010295785963535309,0
Q8L5Z7:Q9FI09,0.03862427920103073,0
A0A178WGK2:Q8GY60,0.05556425452232361,0
Q0WVN5:O22951,0.010907978750765324,0
Q9M9Z2:B3H612,0.009777197614312172,0
F4JN00:Q9LM14,0.059525251388549805,0
Q9LZV9:Q8H113,0.010817466303706169,0
O80958:Q93VJ4,0.015127250924706459,0
B3H4B7:Q9SUS3,0.014811563305556774,0
Q9M128:Q9C702,0.11915083229541779,0
Q8GWW7:A0A1P8B6A7,0.018497778102755547,0
Q3E6S9:Q9LXU6,0.015942275524139404,0
Q8LGU6:F4J3N4,0.017488012090325356,0
Q9M4T3:Q9LW12,0.011293276213109493,0
O82248:F4KD71,0.02940252795815468,0
Q9ZR13:Q941L2,0.01050117053091526,0
A0A178VQ59:F4I9V0,0.010462663136422634,0
Q9SND3:F4I9I5,0.010217604227364063,0
Q9LXP6:F4IVN9,0.010200876742601395,0
P36428:Q42384,0.01708306558430195,0
Q9LK19:Q9LYH4,0.010475515387952328,0
F4IQY1:Q9LQI6,0.010506425984203815,0
Q94AJ9:Q8GY61,0.025203188881278038,0
Q2V371:Q8S9M3,0.010615545324981213,0
Q8L5Z0:B3H432,0.013173513114452362,0
A0A1P8BFS0:F4K6Y8,0.010393221862614155,0
Q8GY84:Q9FLM1,0.019892927259206772,0
Q42384:Q9FHF5,0.014305844902992249,0
F4JCN4:Q9FGR7,0.010117955505847931,0
Q9FPW6:F4IT83,0.07494975626468658,0
Q9FG05:Q8LAA6,0.019898975268006325,0
O81000:Q8GXI9,0.012633069418370724,0
F4I350:Q8H112,0.010131326504051685,0
Q9FNY4:Q8L844,0.011150243692100048,0
F4JVF4:A0A178V5Q1,0.010166860185563564,0
P93046:F4HWF9,0.017822423949837685,0
Q8GXY9:F4J1T4,0.00976502150297165,0
Q9LZ47:O49660,0.012474887073040009,0
A0A178VI87:Q8GW44,0.03526351600885391,0
F4JEQ6:O23071,0.010022359900176525,0
Q9LYX2:Q9ZUK9,0.009776946157217026,0
Q9M907:Q9M8Z7,0.011300889775156975,0
O81047:Q8H1R4,0.024892855435609818,0
Q8VYP8:P92535,0.039951033890247345,0
Q9C7Z2:Q9FYE3,0.010096301324665546,0
F4JGI4:F4J917,0.009807439520955086,0
P0DKI6:Q0V7X4,0.020647097378969193,0
O22846:F4I3I2,0.009985516779124737,0
P56798:Q940F4,0.010371577925980091,0
Q6NPF4:Q6NQM0,0.014635383151471615,0
O82381:A0A1I9LT34,0.00992489792406559,0
A0A1P8APR3:Q9LUS3,0.010130387730896473,0
A0A1P8APD7:F4I4Q3,0.01532745361328125,0
A0A1P8B9R8:B3H5E6,0.011019107885658741,0
Q8L9R0:Q9FI44,0.013404617086052895,0
Q9STP8:F4IY04,0.059059884399175644,0
Q3E880:Q940G5,0.010051152668893337,0
O23369:Q9FN84,0.010283293202519417,0
A0A1I9LNB6:F4KE50,0.019926583394408226,0
Q9SSM3:Q9FHL9,0.010431289672851562,0
Q9LX31:Q9LZR5,0.013064044527709484,0
O49586:F4ISV4,0.012803906574845314,0
O22951:Q8LFL8,0.011894440278410912,0
Q6DUW7:Q94CC1,0.010289270430803299,0
Q5HZ48:F4IIZ8,0.012653887271881104,0
A0A1P8AMV0:Q8GWP5,0.011143879033625126,0
Q9LUP4:Q9FM80,0.012810766696929932,0
Q9XI76:Q9LKI5,0.011107935570180416,0
Q8GY11:A0A1P8B2V3,0.009887426160275936,0
P56774:Q9LT23,0.01342686451971531,0
O64698:Q9FF62,0.023399097844958305,0
O82813:Q9CAW3,0.009969613514840603,0
A0A178V266:Q9C995,0.3535151481628418,0
Q8L760:Q9FKN0,0.009764855727553368,0
Q1JPM3:A0A178VYP6,0.5627030730247498,0
Q8LA53:Q0V7S1,0.017064809799194336,0
Q9M1Y0:Q9FL96,0.012381772510707378,0
A0JQ78:B3H7C4,0.009768106043338776,0
Q9SUR9:B3H7H1,0.2375478297472,0
A0A1P8B4T0:Q9LRM4,0.03174041956663132,0
Q9LF68:A0A1P8BAY9,0.00996419321745634,0
B3H6J5:F4HVW5,0.027462465688586235,0
O48963:Q84TK1,0.1400052011013031,0
Q9SFY8:C0SV91,0.009854567237198353,0
Q9ZPS7:Q9FFF1,0.014904010109603405,0
Q1G3Q5:P38418,0.014720089733600616,0
Q9SVW2:F4ILE1,0.01557287760078907,0
Q9ZQR5:B3H6N4,0.01116070058196783,0
Q8GZ75:Q9FLL3,0.010816939175128937,0
Q9M282:Q9LS60,0.009817364625632763,0
Q6X7J5:Q0IGM1,0.01102649699896574,0
Q9SU67:Q9SYH1,0.04643261432647705,0
Q9S7P4:F4ICX5,0.010020891204476357,0
Q9FH32:Q8L7H8,0.013722200877964497,0
Q9XII5:A0A1P8AQK1,0.00987144187092781,0
B3H5A4:Q93YN4,0.010192512534558773,0
Q9FI84:Q9SZ51,0.011254934594035149,0
Q9C749:Q93YU6,0.011853540316224098,0
Q9M7T0:Q9FY46,0.1481948345899582,0
O65436:F4J8U4,0.00986055750399828,0
Q9LY96:Q9LV88,0.009805644862353802,0
Q9M9U2:O80450,0.8548774719238281,0
Q9M1Q4:A0A1P8BF81,0.014931400306522846,0
O22932:Q8LEU9,0.030726028606295586,0
F4JW44:P82795,0.01004007924348116,0
A0A1R7T3I3:Q8L475,0.014728826470673084,0
F4JGU2:Q6DSU0,0.010025306604802608,0
F4IV34:B3H711,0.010585120879113674,0
F4HPL1:A0A1P8AVR2,0.009793486446142197,0
Q84WK0:F4IEX1,0.026808729395270348,0
Q9LJL6:Q9SW23,0.011619806289672852,0
F4K8J4:Q9ASZ4,0.010260670445859432,0
Q9LDY2:P11574,0.04915449395775795,0
Q9C584:O64903,0.018231777474284172,0
Q9SYP2:Q9M128,0.022504866123199463,0
Q8L7U4:Q9M1Y0,0.01341477781534195,0
Q04614:Q9T0E5,0.01227807067334652,0
O04204:Q9C5V6,0.01884864829480648,0
Q9LZQ2:O81323,0.013554482720792294,0
P82773:A0A178WKP3,0.010798919014632702,0
F4IUX9:Q9LTZ9,0.023792484775185585,0
Q9M0X8:Q96329,0.03544154390692711,0
Q9LF97:Q9LM93,0.11840857565402985,0
Q9SVG9:F4HQX1,0.035824913531541824,0
Q8GWV0:P82731,0.010306120850145817,0
Q9FKQ6:Q9SSS0,0.01544440258294344,0
O80624:Q3C1C7,0.012615680694580078,0
Q9CA27:O82533,0.025114232674241066,0
A0A1P8BA81:Q9LJF6,0.010592018254101276,0
F4J139:Q9SSM3,0.03305324539542198,0
F4I806:Q9CAY6,0.010488499887287617,0
F4JY92:A0A1P8B760,0.010602439753711224,0
Q9FH86:Q9FYR2,0.011173090897500515,0
O48704:Q9FE54,0.009920955635607243,0
Q3E7C8:A0A1P8B4M2,0.009813260287046432,0
Q93ZN4:B3H6B4,0.009820139035582542,0
O81315:Q9FHY7,0.010260841809213161,0
Q9FL63:B3H4R3,0.010102338157594204,0
Q9LX56:Q1G322,0.01987183839082718,0
Q9LMK5:Q9SKM0,0.011018100194633007,0
Q9LMT1:B3H6X1,0.011678649112582207,0
Q9LUJ5:Q9T077,0.0101546635851264,0
Q8GZ85:Q39193,0.06294695287942886,0
F4IK40:Q9SH55,0.016379578039050102,0
Q9LF60:Q9M292,0.010182960890233517,0
F4J551:Q0WUZ1,0.010641026310622692,0
Q9C7X2:Q6DUW7,0.009989692829549313,0
A0A178WK49:A0A1P8BH47,0.01040694210678339,0
O80742:Q9M0K4,0.20985989272594452,0
Q9FZF2:Q8W481,0.016785014420747757,0
Q940G5:P36428,0.010653089731931686,0
Q9ZUT5:A0A1P8AP43,0.0110481483861804,0
Q8S8I4:Q84LH8,0.03896065801382065,0
Q9C9F0:Q8L908,0.04831558093428612,0
O49730:F4I8H8,0.011291173286736012,0
Q1G3U5:Q9SUZ4,0.010295127518475056,0
F4K4U5:F4J1W7,0.01018755603581667,0
Q949U5:Q9M051,0.011040891520678997,0
A0A1P8AXB7:Q58G10,0.019651755690574646,0
Q9SKB3:Q84JF7,0.010335901752114296,0
F4J6A1:A0A1I9LNE1,0.010308806784451008,0
Q84JG5:Q9LVD0,0.010508394800126553,0
Q9SAC5:Q56XV8,0.010894706472754478,0
Q9FHG7:Q8H133,0.025832831859588623,0
F4JP79:Q9LZ97,0.07668354362249374,0
O64482:Q8H7F6,0.011111087165772915,0
Q29Q74:Q94AD8,0.019410759210586548,0
Q8RWN2:Q84JE8,0.015023729763925076,0
Q9ZUU2:Q9SRP6,0.01322806067764759,0
A8MQP2:Q9FG51,0.010027672164142132,0
O23337:Q93WA2,0.01014829520136118,0
Q9S9T8:O82328,0.010033330880105495,0
Q8RYE9:Q8LFK2,0.01029845979064703,0
Q6AWV7:A0A178UFM8,0.011343488469719887,0
B3H4Q0:A0A1P8AW70,0.010107426904141903,0
Q9SR01:Q9LQ83,0.013725250959396362,0
Q94ID2:Q9FNR0,0.012632491998374462,0
Q9FF72:A0A178VMH7,0.010476288385689259,0
Q9FMX2:O23369,0.036160510033369064,0
Q9C6I7:Q5XV31,0.04618610069155693,0
Q2V3K2:Q9LRV2,0.01003193762153387,0
F4K739:Q9FGN8,0.016088759526610374,0
Q9ZT42:Q9M054,0.011687065474689007,0
B3H711:F4JNI7,0.009815122000873089,0
Q05466:Q9SVD1,0.024724410846829414,0
Q8W489:A0A1P8ATQ1,0.009941677562892437,0
Q9ZWB4:Q9SW80,0.08114253729581833,0
Q9SYF1:Q6NPL8,0.010989540256559849,0
F4I9E1:Q9SJJ0,0.13619652390480042,0
Q9FV53:Q9M384,0.06321676820516586,0
B3H6V9:F4JS55,0.009843164123594761,0
Q8W4F3:Q9T034,0.031454961746931076,0
Q9LUJ7:Q9ZQR5,0.011235592886805534,0
Q9C6U2:Q9LZC3,0.01033223420381546,0
Q9FMQ1:Q9M223,0.010149559937417507,0
Q9FUA4:Q93ZY7,0.11245162785053253,0
F4J379:Q9LT47,0.010395876131951809,0
B9DFS6:A0A1P8B801,0.043100595474243164,0
Q9FJ10:Q9LHH3,0.010539327748119831,0
Q9FI66:Q9SFB3,0.010882655158638954,0
Q42545:Q9SIW5,0.014681029133498669,0
Q9FIX3:Q2V452,0.03409845381975174,0
Q94C26:Q9FMV0,0.010643902234733105,0
Q84TK4:Q9ZUV6,0.009913248009979725,0
Q9CAE8:Q56FQ1,0.011705528013408184,0
Q9SL50:A0A1P8APR3,0.009852438233792782,0
Q1PDW9:Q9ZR12,0.012476379983127117,0
Q9FG81:P93836,0.015028978697955608,0
Q9LXK5:Q08733,0.010557407513260841,0
F4HU58:Q9SM23,0.021100683137774467,0
Q9LT25:F4HP85,0.01547268033027649,0
F4INA9:Q8GY11,0.010679495520889759,0
Q8L844:Q8L8C2,0.010224810801446438,0
Q9FE54:Q949R4,0.010528392158448696,0
A0A1P8B144:Q9FF72,0.009901640005409718,0
F4I5Q2:Q8LA14,0.010066627524793148,0
Q9C6Z3:Q9ZUE1,0.010564470663666725,0
O81836:Q9FFJ3,0.1676957905292511,0
Q940A6:A1L4Y1,0.010540961287915707,0
Q6DSU0:Q9LUU5,0.012175737880170345,0
Q64FQ2:Q84TH8,0.015551683492958546,0
F4ITL6:Q8GYS0,0.010436511598527431,0
Q9SCT7:Q9ZU35,0.012329663150012493,0
Q3C1C7:Q9LV52,0.03238475322723389,0
A0A1P8BG62:Q9M367,0.009868266992270947,0
F4IEL6:Q8LPG1,0.009879364632070065,0
A0A1P8BF70:A0A1I9LNG9,0.009743908420205116,0
Q38885:F4IK97,0.010022424161434174,0
Q8VY77:O23235,0.00988184567540884,0
Q9LF66:A0A1P8BB71,0.028667515143752098,0
Q2V4B2:Q9C763,0.00979358609765768,0
Q9M338:Q9SZE0,0.011192778125405312,0
F4JQT4:Q94AQ9,0.009908422827720642,0
A8MQD8:Q67ZB6,0.014328129589557648,0
A1L4V7:Q9ZPR0,0.01082307007163763,0
Q9FJY1:Q9XIK5,0.011670003645122051,0
Q1PE51:F4HTT8,0.010245421901345253,0
F4J412:F4HZ96,0.009770075790584087,0
Q84MC1:Q9SCX9,0.012084451504051685,0
A0A1P8ASY8:A8MQJ3,0.009793974459171295,0
Q9XIM6:F4JCI4,0.010041258297860622,0
A0A1P8BB71:Q9LW57,0.0115453926846385,0
Q8RWU5:B9DF92,0.12053217738866806,0
A0A1P8AQV4:Q9SUX0,0.01004590280354023,0
Q3ECY3:Q8VZ40,0.012280930764973164,0
Q08298:Q9SJ21,0.012425574474036694,0
Q67XG0:Q3E7C8,0.010338536463677883,0
Q9LXR9:Q9LXJ0,0.012704160995781422,0
Q945S8:Q9FKH1,0.1587488204240799,0
A0A1I9LLX4:Q9FFI9,0.010204257443547249,0
Q9SK09:Q9FKZ0,0.01432771235704422,0
Q6DYE3:F4JVV4,0.012674820609390736,0
Q94F39:Q9FK47,0.592390239238739,0
Q8S8I9:Q9SUW4,0.010429061017930508,0
Q9LU43:Q94AJ9,0.011991895735263824,0
Q6DSU2:Q9FNY4,0.010504492558538914,0
A0A1I9LN10:B3H4F7,0.009919784031808376,0
Q58FY7:Q9LX93,0.011674655601382256,0
Q9FFR5:Q9M995,0.025411993265151978,0
Q9SR35:Q9LSB8,0.010068763047456741,0
Q9SH17:Q8RU59,0.04895317181944847,0
A8MQW1:Q9SVZ9,0.010774919763207436,0
Q94K88:Q9LR67,0.01237611286342144,0
Q9SIZ6:Q9M0W9,0.011677486822009087,0
Q8L7M3:Q9ZVC7,0.010875175707042217,0
Q5S4W1:Q2V483,0.01074068434536457,0
Q56XV8:A0A1P8B502,0.013370371423661709,0
O48526:B3H6I2,0.010215594433248043,0
Q7Y220:Q9STS3,0.01507262047380209,0
Q9ZW89:Q67Y99,0.035349562764167786,0
Q8H181:Q9SJW7,0.05755070596933365,0
B9DGD6:F4KIU0,0.010012628510594368,0
Q9SMN5:B9UY99,0.010812902823090553,0
Q9LTC3:Q04614,0.029590964317321777,0
Q8RXG5:A7XGN8,0.014878486283123493,0
Q9LJF5:Q9LUN9,0.013827386312186718,0
Q94A68:O65684,0.010207830928266048,0
Q9CAJ0:Q9LXW1,0.16360412538051605,0
A0A1P8AYB0:O65382,0.009928695857524872,0
Q2V4J2:Q9FH32,0.010003674775362015,0
O22908:Q1EBV6,0.0380881205201149,0
B3H4F7:Q94AW8,0.009955216199159622,0
Q8GYS0:Q9LSF1,0.022266965359449387,0
Q8L7A9:A0A178WK49,0.04539281874895096,0
P92561:Q9LM24,0.009893101640045643,0
P92556:Q9XI19,0.009758672676980495,0
C0LGN7:Q8L5Z0,0.011865587905049324,0
Q8GUT5:Q9SGI7,0.012171628884971142,0
Q9SGH5:P94024,0.00996482651680708,0
A0A1I9LSB3:Q9FMI8,0.009938837960362434,0
Q9LMA8:Q94F04,0.04184184595942497,0
Q949N7:O22264,0.11975937336683273,0
O49698:Q9AT60,0.01272498071193695,0
Q945M9:B3H5B2,0.010083213448524475,0
Q9M903:A0A178WGK2,0.01125035248696804,0
Q9M051:F4I5Q2,0.011471772566437721,0
A0A1P8APW5:Q9LEY9,0.020409563556313515,0
A0A1P8AS86:F4JG50,0.024275725707411766,0
Q9SVW3:Q9ZVI7,0.010189744643867016,0
F4JWA1:Q9LF68,0.05096187815070152,0
Q9FX44:Q700C7,0.032097458839416504,0
Q9FGN8:Q76FS5,0.018672604113817215,0
B7ZWR6:Q8VY77,0.01161241065710783,0
Q9LYM3:Q9C5J6,0.013554776087403297,0
B3H5R2:A0A1P8B6C9,0.009791220538318157,0
P32068:Q67XI5,0.01087130792438984,0
Q9FZK5:F4K9D7,0.010556860826909542,0
Q9C9A2:P56774,0.010365967638790607,0
Q9ZNV9:Q9FZH9,0.07526477426290512,0
Q9SLB8:Q9FI66,0.011702999472618103,0
O49160:Q6NL24,0.10690387338399887,0
Q9LUQ8:Q9FW50,0.009955758228898048,0
Q8GWY0:B3H4Z7,0.01976046711206436,0
A0A1P8B6A7:Q9LSW0,0.014691516757011414,0
Q94AV5:Q8GYD2,0.02254609204828739,0
Q9LUC1:Q8S9J2,0.04984055832028389,0
Q9FHT6:Q9S732,0.01856386661529541,0
Q9ZQ60:Q9XHZ8,0.05049527436494827,0
Q3ECM9:F4HRC0,0.010331371799111366,0
Q9ZQ68:Q93YN6,0.013124167919158936,0
F4HRI2:Q8LPR9,0.018835043534636497,0
Q9FUR2:Q9T028,0.01048062089830637,0
Q94K97:Q7PC79,0.027495766058564186,0
Q9SV97:P27900,0.03256705030798912,0
Q9ZUE9:A0A1P8BAC6,0.009881062433123589,0
Q9M670:Q6DSU2,0.010318364948034286,0
Q1G3V9:Q5XVC1,0.009792997501790524,0
Q8LAV5:Q570R7,0.20651446282863617,0
Q9C6V3:Q6NPF4,0.04140041396021843,0
A0A1P8BER7:Q9FJ80,0.009976762346923351,0
Q9LXL7:Q84VQ1,0.01126550417393446,0
Q8GZB4:Q9FHI6,0.01214713603258133,0
A0A1P8B0Q6:Q9LFG1,0.010015553794801235,0
F4HZB9:F4HQU0,0.009859642945230007,0
O23278:O81740,0.012342164292931557,0
Q9ZSK1:Q9SZK4,0.01523225661367178,0
Q8S898:Q9M1Z3,0.02314513735473156,0
Q9CA36:O24629,0.014518829062581062,0
Q9M0H9:Q9FFY4,0.009783091954886913,0
Q9FFL3:Q9LXA8,0.01191796362400055,0
Q9LEY9:F4HYH6,0.020970698446035385,0
O04587:Q9FKV1,0.011074669659137726,0
Q9ZUK9:Q9LEW7,0.010427107103168964,0
Q8LGS1:Q9FHB5,0.016953591257333755,0
Q9SIV0:O82197,0.04922369122505188,0
A0A1P8B830:Q6IDB0,0.011142713017761707,0
Q9LSW4:B3H5I9,0.009863302111625671,0
A0A1R7T3J3:Q9ZQA3,0.010142349638044834,0
Q63Z96:Q8LPR8,0.024883298203349113,0
Q9FJA2:F4K9Y3,0.014750130474567413,0
F4J4N3:Q948R9,0.02290264144539833,0
Q6DUW6:O80607,0.00988602451980114,0
Q8VY26:F4I386,0.010350209660828114,0
Q8L7G1:P82726,0.009983772411942482,0
F4JNI7:O82503,0.010870784521102905,0
Q84WV9:Q2V3J1,0.010167832486331463,0
P92559:A0A1P8AUJ8,0.010188654065132141,0
Q9M9E2:Q05466,0.04976090416312218,0
Q9LVS0:Q0WVN5,0.03969162330031395,0
P82726:F4IRZ1,0.010185591876506805,0
Q1PEE4:A0A1P8AZN3,0.010783492587506771,0
A0A1P8AM75:Q9SKU6,0.010030502453446388,0
Q9LZ00:Q9FVW6,0.017995789647102356,0
A0A1P8B5H9:Q9FI84,0.00990045815706253,0
O81801:F4I431,0.009985075332224369,0
Q9M2U6:Q42606,0.009970109909772873,0
Q8GWC9:F4K6A1,0.009743963368237019,0
Q8S8K8:F4IZ80,0.010095815174281597,0
A0A178VQ73:P0DKG5,0.014138869941234589,0
Q00958:Q9SS48,0.027619993314146996,0
Q9SZF7:Q3EC92,0.010854355059564114,0
P56782:P55826,0.011090257205069065,0
Q9S750:Q9SMZ2,0.010771016590297222,0
Q56XR0:Q9LSZ5,0.09670152515172958,0
O49653:Q9FFG5,0.012271109037101269,0
Q1G3U3:Q8VYD2,0.012288241647183895,0
Q56FQ1:O48719,0.014041281305253506,0
Q9SYG4:Q7Y211,0.016786811873316765,0
Q9ZQQ9:Q9XI76,0.010555243119597435,0
Q7X6Y7:F4JY74,0.01113892626017332,0
Q8L705:Q8H0V1,0.010705930180847645,0
P56779:Q9LEU7,0.04863366857171059,0
Q39021:P92526,0.017711563035845757,0
Q9C8F8:B3H5R2,0.009721457958221436,0
Q3EBM5:Q5XVK9,0.011058327741920948,0
Q9SV75:Q9FYC3,0.01002810150384903,0
Q9FJ55:F4JYW4,0.013318722136318684,0
Q9FFG6:A0A1P8B017,0.009960389696061611,0
F4IG63:Q9STG1,0.016229284927248955,0
Q500W8:Q1G3U3,0.009884807281196117,0
Q8RXE7:Q9LY96,0.010752520523965359,0
Q9FLS0:Q56YJ7,0.010058126412332058,0
Q9ZPX0:O81057,0.13786837458610535,0
Q39023:Q9FXD3,0.029405279085040092,0
Q9STM6:P32746,0.012994750402867794,0
Q9FHB5:Q2PGG3,0.01518566906452179,0
B3H428:F4JYP3,0.01006743498146534,0
Q9FGB0:Q9XF04,0.011057699099183083,0
O23683:Q8W2F3,0.01726708374917507,0
B3H6F7:A0A1I9LP79,0.009814061224460602,0
F4IPV3:O04590,0.010354056023061275,0
P46601:Q8GZ43,0.8372979164123535,0
Q3EDB7:Q2V3Y5,0.00994343776255846,0
Q6NQA0:Q9FJY1,0.010952075943350792,0
F4JUQ2:Q9ZUM9,0.016276320442557335,0
F4I9X5:Q9ZW84,0.00997784174978733,0
F4JU08:Q2V3K2,0.009961006231606007,0
Q9LS86:Q9SCZ0,0.01225933339446783,0
Q9SRS6:O82302,0.027709294110536575,0
Q9SV54:Q8GY13,0.01198488101363182,0
F4JCI4:A0A1P8B1C5,0.010033294558525085,0
Q9LK55:Q9M7T0,0.010597198270261288,0
Q3ED38:Q9XIA0,0.14152757823467255,0
Q8RWW1:Q9FK30,0.010566499084234238,0
A0A1I9LPV1:Q9LK61,0.010263769887387753,0
A8MQH9:Q2V2W8,0.010089668445289135,0
O04719:F4JSC0,0.3204543888568878,0
Q9SV30:Q9M0X8,0.24835439026355743,0
Q0WPQ2:Q8H0Z9,0.011038580909371376,0
Q8GXB7:Q0V7S5,0.02128320001065731,0
Q9SHS2:Q9FYK6,0.011989720165729523,0
Q8RYD3:Q8H1G0,0.8703427314758301,0
Q8S9J2:Q9FI94,0.027683157473802567,0
Q93ZG7:Q8GZ75,0.01935366541147232,0
Q9M811:Q0WNX3,0.04071756452322006,0
Q9ZQ78:Q9SND3,0.014863230288028717,0
Q9LUI0:Q5HZ00,0.057612109929323196,0
Q9C932:Q5Q0C3,0.011911571025848389,0
Q06738:Q0WPQ2,0.010176398791372776,0
Q9SSW0:Q9LFG4,0.02075357548892498,0
Q9LS71:Q9S745,0.011517784558236599,0
O23384:A0A1I9LQ53,0.012503399513661861,0
Q9C969:Q8L705,0.011381837539374828,0
Q5MK24:F4J139,0.014184117317199707,0
F4JBC7:Q9C6Z3,0.014782577753067017,0
Q9LTE4:A0A1P8BGI7,0.01014682836830616,0
Q9SAF1:Q9SD80,0.016578206792473793,0
F4I4Q3:A0A1P8B4S5,0.011128172278404236,0
F4I7Y6:Q9FHD1,0.025308573618531227,0
Q9LK89:Q8GY63,0.011435235850512981,0
Q9SJH6:P92523,0.01086175162345171,0
F4KFD1:Q9FGW6,0.00980364065617323,0
Q8S8P6:Q9LSS7,0.010813543573021889,0
Q9FDX6:Q9XID2,0.013711574487388134,0
A0A178VYP6:B3H635,0.010484384372830391,0
Q8VZ73:Q8VWG7,0.13815367221832275,0
Q9LM92:Q8W494,0.025090008974075317,0
P59231:Q1G390,0.01160882692784071,0
Q9C763:Q9LSI4,0.011398638598620892,0
Q9LXH7:F4I7Y9,0.01076103188097477,0
P93755:Q9SK71,0.14005009829998016,0
A0A1I9LLL5:A0A178W3G2,0.011526573449373245,0
B3H5I9:Q9M9C8,0.011997095309197903,0
A0A1P8AQP2:Q9LFL7,0.010065934620797634,0
Q6NLU6:F4J8D9,0.009938842616975307,0
Q94AD1:Q9LUA3,0.015375867486000061,0
Q0WQF4:Q9FLU6,0.016319943591952324,0
Q9C926:Q9SJ73,0.01061207801103592,0
Q8L8C2:O65687,0.010998798534274101,0
Q4PSS8:Q8W207,0.015976009890437126,0
Q9FM91:F4K6C3,0.010659772902727127,0
Q9FF17:Q9C567,0.015224697068333626,0
F4I9V0:Q9SPI1,0.013136751018464565,0
Q8VXX4:Q9M7X9,0.2949657440185547,0
Q9M9Y4:O64760,0.05462466552853584,0
Q9CA40:Q9SZA2,0.016371190547943115,0
Q8W4S5:Q9STG3,0.01320948638021946,0
Q9XIA0:Q9CA36,0.04309099540114403,0
Q8LE51:Q9ZU32,0.01425223983824253,0
Q2V4C3:Q570M0,0.010016484186053276,0
Q9LP03:Q8VZN1,0.013608402572572231,0
Q9CAA8:F4IFM3,0.010139914229512215,0
Q9LP80:Q9FNZ5,0.013203377835452557,0
Q9LZC3:B3H4E0,0.009930207394063473,0
Q9LZ08:O23262,0.010258291848003864,0
O04350:Q67Y04,0.03049716353416443,0
F4IQ29:F4HWD5,0.020100785419344902,0
Q9CAD5:Q9M9E2,0.022836599498987198,0
Q940A2:Q9FH86,0.0521150603890419,0
Q9FKV1:B9DFS6,0.11379346996545792,0
F4IZ00:Q94JL3,0.01053228136152029,0
Q9ASQ2:Q52K84,0.011686081998050213,0
Q8LFL5:F4IMA4,0.009704059921205044,0
Q941B2:O64640,0.03312874212861061,0
Q3ECR5:Q9LIA2,0.012606623582541943,0
F4KD49:Q9SGH5,0.011152738705277443,0
Q8VYD9:B3H7J2,0.010121813975274563,0
Q9LW77:O80366,0.1356363743543625,0
D3K0M2:Q8RWC8,0.022632932290434837,0
F4J917:B2GVM8,0.012008478865027428,0
Q9M2N7:Q9SCK4,0.010090178810060024,0
Q9XF04:O81445,0.011063473299145699,0
Q9FM73:Q9LM13,0.01171392947435379,0
Q9LF70:Q2L6T1,0.01015204843133688,0
Q8GWA7:Q9LS48,0.010146324522793293,0
Q9LMN5:Q9LP80,0.03644052520394325,0
Q8H103:Q94A33,0.011012646369636059,0
Q8L9S0:Q9LXR9,0.012276068329811096,0
F4I7W1:F4I350,0.009858347475528717,0
Q84VW6:Q9LXL7,0.00997782964259386,0
F4J1T5:Q58FT9,0.010232278145849705,0
Q8H113:O64649,0.016052626073360443,0
Q5PP39:Q9C9Z0,0.05981247499585152,0
F4K9D7:A0A1P8BDN2,0.010630875825881958,0
Q9FZ97:F4I9E1,0.026734119281172752,0
O64757:A0A1P8AM75,0.01078889425843954,0
A0A1P8B531:O80884,0.010238897986710072,0
A0A178UA35:A0A1P8BB23,0.010369631461799145,0
Q8LAA0:A0A384LJI7,0.0141895217821002,0
Q84TD6:Q84UU9,0.06630917638540268,0
Q8W3M3:P56778,0.017699850723147392,0
Q2V397:Q8VZ65,0.009868742898106575,0
Q9C5J6:Q9XEC1,0.01667848601937294,0
Q8H1F8:Q9MAA7,0.017478538677096367,0
Q39237:F4JXC7,0.620291531085968,0
Q9FUY2:A0A1I9LM80,0.010833566077053547,0
Q17TI5:F4IFT7,0.01021229475736618,0
Q9LYQ8:Q9ZQ78,0.024230489507317543,0
Q9FKP0:O81627,0.009996399283409119,0
O49436:Q9FN79,0.010348241776227951,0
B3H5W4:B3H7D8,0.009966122917830944,0
B3H506:P49177,0.25994983315467834,0
O49668:P93284,0.009785485453903675,0
P56801:Q8RX60,0.010481834411621094,0
Q9FMR0:Q9SZV3,0.01443047821521759,0
Q9FN35:Q9SYK1,0.011223114095628262,0
Q8RXT5:Q9SV63,0.012855343520641327,0
P92964:Q9LTX4,0.013400225900113583,0
Q9SI15:Q9LNE6,0.024204155430197716,0
Q8L6X8:Q8GW83,0.009885037317872047,0
Q9M9C5:Q3ED93,0.0168246328830719,0
Q8H0V1:Q9T0B1,0.01074190717190504,0
B3H4V9:Q9M8M7,0.01005901675671339,0
O22798:B3H5S0,0.4717910885810852,0
F4I8F9:Q9FLS0,0.03138815984129906,0
F4K742:F4HVZ5,0.010215537622570992,0
P92535:Q8RXY1,0.02628306858241558,0
F4IP00:Q56Y42,0.010054284706711769,0
A0A1P8ATQ1:A0A1I9LLX4,0.009847715497016907,0
Q9SZN1:Q5MK24,0.014764616265892982,0
P54609:F4JC91,0.021473100408911705,0
Q8L5W8:B3H555,0.011070268228650093,0
F4JXP4:Q9ZQZ9,0.013470413163304329,0
F4I5I4:O64757,0.011243583634495735,0
Q38893:F4JM51,0.014266813173890114,0
Q9FIW6:Q5BPV4,0.04016953706741333,0
A0A1P8B048:O49653,0.010202045552432537,0
A0A1P8B2D2:Q9C7G9,0.009873710572719574,0
O65387:A0A178UA90,0.010537492111325264,0
Q84JF5:Q8L6Z7,0.020023448392748833,0
Q39193:O80438,0.7116068005561829,0
Q3EC92:Q9LUD6,0.009871500544250011,0
Q9SIC3:Q94JT5,0.010635748505592346,0
Q6DYC0:Q9LUB4,0.010402540676295757,0
Q9SZA2:Q3EDB7,0.010817906819283962,0
Q9LVC3:Q56XR0,0.3651595711708069,0
Q6NLU2:Q8LDS4,0.03480352461338043,0
Q9T077:Q9FGB0,0.010371512733399868,0
Q9FMC8:B3H6V9,0.011060922406613827,0
Q6IDA8:Q39023,0.17128166556358337,0
Q8H1R4:Q9M0G0,0.018587851896882057,0
Q8LEE9:Q9FZK5,0.011148094199597836,0
Q9M7Z1:F4I9I6,0.01259305514395237,0
Q9XFR5:O80608,0.017594460397958755,0
O82266:P19172,0.012255946174263954,0
Q9LQF2:Q9FYE2,0.012904669158160686,0
Q00IB6:Q9FJ70,0.04774870350956917,0
F4IGH3:A0A1I9LT65,0.009902416728436947,0
Q9SLH3:Q9SII1,0.145841583609581,0
Q9M0W9:Q9LK55,0.009934569709002972,0
Q9LVG8:Q9M038,0.014862227253615856,0
Q948J9:P93755,0.06550880521535873,0
Q9LYL9:Q39021,0.58348149061203,0
Q7X659:Q8GXP1,0.01588955521583557,0
Q9STV4:Q9FNL4,0.6612251400947571,0
Q9M1F6:Q93ZR3,0.039435096085071564,0
Q9LKI5:Q00958,0.01891576312482357,0
Q9LFG1:Q94K88,0.03375006094574928,0
A2RVQ5:Q84WM1,0.01065676286816597,0
Q9C950:F4JV80,0.0158587284386158,0
O81025:O64482,0.010996396653354168,0
Q67Y99:Q8GYT8,0.014062665402889252,0
Q7G8T1:Q9LS90,0.3686835765838623,0
Q9M875:Q39262,0.01261912938207388,0
Q9C7G4:Q9LM58,0.37315115332603455,0
Q5BPR6:Q9FFA7,0.010849173180758953,0
F4IRZ1:Q8VYH0,0.010969634167850018,0
F4IIE7:Q9FZ97,0.009964634664356709,0
Q8LF20:Q9XFR5,0.19482718408107758,0
F4I6Q0:Q8LPH6,0.03286632522940636,0
Q9SI57:A0A178VQ73,0.010166761465370655,0
Q9FGT1:Q9ZW35,0.023180508986115456,0
A0A1P8B415:Q8VZ73,0.012673181481659412,0
Q9C8Z9:Q9FUY2,0.04569123312830925,0
Q9FJI2:A0A178UGU3,0.01367993839085102,0
Q9LRR3:Q39024,0.026755316182971,0
Q9SUS3:Q9ZR37,0.27289149165153503,0
P0C899:Q9M1F6,0.011070044711232185,0
P83291:Q9FZI8,0.012829300947487354,0
Q1ECQ5:Q0WQM7,0.01664630137383938,0
Q9SIJ3:P32068,0.01120621059089899,0
Q38898:A0A1P8BFS0,0.02247430942952633,0
Q8LBJ0:Q3EC43,0.010145993903279305,0
Q9LY03:P59467,0.01347758062183857,0
A0A1P8BHB4:Q5BPG8,0.009777163155376911,0
Q9M2C9:F4HTY0,0.022399427369236946,0
Q9FGF6:A8MRM4,0.010029315948486328,0
P35632:P92937,0.07002655416727066,0
Q9M1Z3:Q9SJZ6,0.028052670881152153,0
Q9SAD9:A0A1I9LLL5,0.010595417581498623,0
Q1G3B3:P93300,0.009738711640238762,0
F4J5F9:O23684,0.010072041302919388,0
Q9FJS3:Q9FJ95,0.010331816971302032,0
Q9FKU2:Q3E9D5,0.010483301244676113,0
Q9FDX9:O49518,0.009990408085286617,0
Q0V845:Q9FN33,0.017399786040186882,0
Q8S8G6:Q9ZVM3,0.010877862572669983,0
Q9LVV3:A0A1P8AXS6,0.009853020310401917,0
Q6NKN2:Q8GXY9,0.010400346480309963,0
Q39230:Q9M1V3,0.010978042148053646,0
F4JNB3:Q9M8L4,0.01031025405973196,0
Q9M9C8:O81836,0.03403555974364281,0
Q9FI46:Q9M7Z1,0.010453129187226295,0
F4IZ03:F4JUA6,0.010213925503194332,0
Q9C8M9:F4IWK7,0.010231352411210537,0
Q9FW50:Q9LF66,0.010205973871052265,0
Q9LNE6:A4FVP6,0.034158941358327866,0
A0A178UA90:Q84JN2,0.010285009630024433,0
F4K1B1:Q9C9A2,0.010478395968675613,0
Q0WL44:Q9C6I7,0.011903396807610989,0
A0A1R7T3I9:Q9FIX3,0.009845680557191372,0
Q3EDK7:O49292,0.009774856269359589,0
A0A1P8B2N5:F4I7W1,0.00996673759073019,0
Q9CAW4:F4J379,0.010154115036129951,0
Q8LG95:O80624,0.010155430994927883,0
B3H4R7:A0A178VU28,0.009792213328182697,0
A0A1P8AYX9:Q8H0W0,0.010016914457082748,0
Q9LV52:Q9LUI0,0.27071380615234375,0
Q9FHY1:Q9M591,0.011773836798965931,0
Q9LZP9:F4IG63,0.018762964755296707,0
Q9FIZ1:Q0WQG8,0.010443614795804024,0
Q9FHA2:F4JG98,0.042355071753263474,0
Q9LUB4:Q0WPG1,0.010230704210698605,0
Q8VY08:Q66GN9,0.02584373950958252,0
Q8GXT3:Q9CAN3,0.8801546096801758,0
Q8GX93:Q9S9X6,0.011273241601884365,0
Q9LE56:A0A1P8AYX9,0.010215753689408302,0
F4J7V3:Q9LQF2,0.01528546866029501,0
Q56YY9:Q3EBP7,0.011555129662156105,0
Q9M358:Q9SY75,0.012921543791890144,0
A0A1P8B2C8:Q42381,0.010809731669723988,0
Q9FF69:Q39140,0.013921192847192287,0
Q84RE5:Q0WR81,0.010664747096598148,0
Q9SI75:Q9FM91,0.01920691691339016,0
O65687:A0A1P8AWW1,0.009826491586863995,0
Q9LPE9:O81051,0.010484649799764156,0
Q56WD9:B3H7D1,0.010614822618663311,0
F4KDK1:A0A1P8AXS6,0.010120809078216553,0
Q9ASQ2:F4HTE0,0.013588691130280495,0
Q8VYC9:Q9SPE5,0.35161706805229187,0
Q8S8N4:Q9STY2,0.010473775677382946,0
Q9LJ72:Q949N7,0.014604955911636353,0
Q9LFM4:Q9SG92,0.011966963298618793,0
Q9LDE2:O82812,0.011731135658919811,0
F4JCN4:F4J631,0.01041511632502079,0
Q9SRX7:Q9CAL1,0.01069281343370676,0
F4K6N3:O22783,0.01376896258443594,0
Q9CAL3:Q7Y220,0.011556134559214115,0
F4JR37:Q9LFD5,0.016654253005981445,0
Q940A6:Q9LD83,0.010150971822440624,0
Q8H1F6:Q94C26,0.010870786383748055,0
Q9FYL3:A0A1P8B2J0,0.01799391210079193,0
Q9FE67:Q9SVX5,0.8560490608215332,0
Q8L8C2:P46014,0.01225765235722065,0
Q9LF68:O64517,0.06396438181400299,0
Q9LX31:O22182,0.011031856760382652,0
Q4PSS8:P21238,0.010699786245822906,0
F4K383:Q9LJN0,0.010016302578151226,0
Q8GY60:P82795,0.010283473879098892,0
F4KDS0:O49484,0.05696920305490494,0
F4IY04:Q9SKB2,0.014038259163498878,0
Q8GXV6:Q8S8Q0,0.009971397928893566,0
Q84LH8:Q8LBZ4,0.03896629065275192,0
Q9ZVB6:A0A1P8B5H9,0.010264295153319836,0
Q5XVK9:A0A1P8AMV0,0.011235455982387066,0
F4KI29:Q9T0B1,0.009887459687888622,0
B3H555:Q9MA39,0.01022301334887743,0
F4HPL1:Q9ASV6,0.009903810918331146,0
Q9ZPR0:Q8LGE0,0.012000076472759247,0
Q9C569:Q682G3,0.010553369298577309,0
A0A1P8AR64:A0A1P8ANL4,0.009896554052829742,0
Q9SGR2:P93822,0.020136117935180664,0
Q9S9T8:Q8GY46,0.01061443891376257,0
F2Q9V5:O64560,0.010157710872590542,0
Q9LYD3:A0A178UN96,0.010319727472960949,0
Q8GYT4:Q0WPQ2,0.011472424492239952,0
A0A1P8B3M4:P22953,0.0901125892996788,0
B4F7R9:Q9LRR3,0.011467095464468002,0
Q9LR74:Q8L8C2,0.014010756276547909,0
Q56YG0:Q9SFG3,0.010913781821727753,0
Q8GXB7:Q9SJ20,0.014307363890111446,0
F4I458:Q9M995,0.18284697830677032,0
Q9ZRA2:Q9M338,0.029704034328460693,0
F4I7E0:Q8VZB2,0.0103588392958045,0
Q9LEZ3:Q9LTB9,0.25096163153648376,0
Q9SKT0:Q9LW59,0.010848993435502052,0
F4IZC5:F4KCL7,0.01034785807132721,0
Q9SK09:Q9LE02,0.010522209107875824,0
P42776:Q8VWK4,0.36111029982566833,0
Q9M190:Q9M0C2,0.011763481423258781,0
Q9SIN9:O23077,0.020998796448111534,0
O23177:Q8LE26,0.01084467675536871,0
Q9C683:F4JZA0,0.010487775318324566,0
F4IB55:F4IT95,0.01028946228325367,0
Q1PE51:O64866,0.014371278695762157,0
Q3EBI7:B3H4V9,0.010108125396072865,0
Q9LXK2:F4JCI4,0.010577443055808544,0
A0A1P8BH56:Q9LHH3,0.00988656934350729,0
Q6NQM0:A0A1I9LQL9,0.009963564574718475,0
Q9SUD8:A0A1P8BG62,0.010038765147328377,0
A0A1P8BHB4:Q9SLH3,0.014885574579238892,0
Q9LH43:B3H5D1,0.009824158623814583,0
Q8L6Z7:Q9S7H1,0.017142195254564285,0
Q2V3Y5:Q9LV88,0.009823843836784363,0
B3H7D1:Q9FM73,0.009747128002345562,0
Q9FW50:O49586,0.009949767962098122,0
Q9LRJ4:Q9S7X6,0.017372651025652885,0
C5H8J1:A0A1P8AN89,0.00996281299740076,0
Q9XEC1:Q9FGY9,0.03389608860015869,0
Q9FG23:F4IEX1,0.01104110199958086,0
Q9SNB8:Q2PGG3,0.03245779871940613,0
Q9SJZ6:Q8L936,0.012023977935314178,0
A0A178V0E5:F4KIL1,0.011049381457269192,0
Q8GY84:A0A1I9LNH2,0.010790306143462658,0
Q9FMS0:B3H6V9,0.011765172705054283,0
Q39054:Q93VB2,0.014926915057003498,0
Q9LM58:Q9LZW4,0.04457363113760948,0
P92937:Q9SF37,0.15957053005695343,0
F4IIL3:Q5S4W1,0.011043012142181396,0
F4JYE9:O82162,0.010695059783756733,0
Q9LF70:Q9LNT9,0.4071952998638153,0
Q9SJN2:Q8VYF9,0.01066537294536829,0
A0A1P8B9Z0:Q9FV71,0.010635181330144405,0
Q8L7W2:Q0WSU0,0.012370544485747814,0
Q9SPG1:A0A1P8B531,0.021585410460829735,0
O80396:B3H432,0.017197927460074425,0
Q9SSS0:Q94CB5,0.011269384063780308,0
Q94CC1:Q9FXE2,0.011017498560249805,0
Q0V7V2:Q9LFK7,0.038380738347768784,0
Q8LCN5:F4ITP1,0.010233509354293346,0
Q9SCZ5:A0A1P8B188,0.013167154975235462,0
Q9SH31:Q9FGW6,0.00996430404484272,0
Q9M876:Q08733,0.019909143447875977,0
A0A1P8B8B4:Q9SV06,0.012031937949359417,0
P0DKI6:Q8LGG0,0.03126073628664017,0
F4JJF6:Q9SRS6,0.01764819212257862,0
Q9C763:Q9SYP2,0.01051346492022276,0
Q3EDB7:F4IZC5,0.010021917521953583,0
Q8LAW2:Q8L7G1,0.015466895885765553,0
Q9M9C8:B9DFS6,0.0788983479142189,0
Q9SK49:Q9ZU35,0.018240660429000854,0
Q9LTX4:Q949U5,0.010040956549346447,0
Q9LSI4:Q9M128,0.5352046489715576,0
Q9STH7:Q9ZVB6,0.010482288897037506,0
Q9FZ06:P94111,0.01551567018032074,0
F4IBY8:Q9SLA6,0.012652388773858547,0
Q9SK69:Q9SSS6,0.012424040585756302,0
Q9LEU5:P33077,0.0970204621553421,0
Q9T034:Q9LRM4,0.022066576406359673,0
F4I4Q3:Q9SU67,0.26712486147880554,0
Q9C9H0:Q9FIX3,0.010149491019546986,0
Q9SUR9:Q9C6C7,0.01855587027966976,0
O22182:Q9SRS1,0.010754281654953957,0
O81315:Q6NL24,0.026003170758485794,0
Q9M169:F4KGE8,0.015133543871343136,0
Q9SCP4:Q9FZ97,0.01138267945498228,0
F4HSA3:Q9C932,0.08253521472215652,0
Q9FG97:F4JQS2,0.011544212698936462,0
Q9M811:F4KHE3,0.045716118067502975,0
O80958:Q8GWP1,0.010299572721123695,0
Q3EC23:Q9C8Z9,0.010434788651764393,0
B3H4Z7:Q9FKN0,0.0108445193618536,0
Q6DBD5:O81047,0.012322250753641129,0
Q9FFK1:Q8GXP1,0.04548938199877739,0
Q9LIA2:Q9XI57,0.019587621092796326,0
Q9S9U2:Q3EAQ8,0.011576010845601559,0
O48719:Q8L604,0.011194068007171154,0
Q500W8:Q940P8,0.02084563486278057,0
Q8GUN5:Q5PP39,0.18248049914836884,0
A0A1I9LNH8:O04254,0.009857922792434692,0
Q9M7Z1:O82248,0.02047799341380596,0
Q67Y99:Q9LZ47,0.011274205520749092,0
A0A1P8BF06:F4K1B1,0.009783433750271797,0
Q9SZN7:Q8GXF0,0.02046026475727558,0
Q56XV8:F4IXT2,0.01059176679700613,0
F4IJ77:Q9LTX4,0.012623501010239124,0
Q9SZF7:Q9LV95,0.010856869630515575,0
Q9STX2:Q39010,0.06765713542699814,0
O80624:O48713,0.01152538787573576,0
F4K739:Q9LE56,0.012210041284561157,0
Q0V7X4:Q9LK89,0.014259198680520058,0
Q38898:A8MQL5,0.011081147007644176,0
Q93ZI5:A0A1I9LN10,0.009976997971534729,0
Q9XHZ8:A0A1R7T3I3,0.37320438027381897,0
Q42479:O48852,0.2073529064655304,0
Q9LS61:Q84TK4,0.009834952652454376,0
Q7XBQ8:Q9C703,0.009864234365522861,0
Q8GXH5:F4IJF2,0.009804871864616871,0
Q9LYF4:F4IUB8,0.011206084862351418,0
Q9LNC9:Q9ZQA3,0.05626881122589111,0
F4JXC7:F4J328,0.010916604660451412,0
Q948J9:Q94AQ8,0.011025270447134972,0
Q9M8L3:Q3EC92,0.010083726607263088,0
Q570Y0:F4HYC8,0.010138449259102345,0
Q9SKA2:Q681K7,0.01028035581111908,0
Q9LM78:Q9FK47,0.4799533784389496,0
Q9C572:A0A178VQ59,0.010162638500332832,0
Q8RXU6:Q93VH6,0.016593774780631065,0
O49627:Q8S9M4,0.011903077363967896,0
F4IIE7:A0A1I9LRZ5,0.00978029053658247,0
Q38824:Q5YDB6,0.11726193875074387,0
Q9SI63:A0A1R7T3I9,0.009828503243625164,0
A0A1P8BAT6:Q8GXV6,0.009952695108950138,0
Q9C9W9:Q9FDW0,0.12738828361034393,0
Q9CA40:F4JAZ8,0.01475249882787466,0
Q1G3Z3:Q3EC23,0.009854528121650219,0
Q8GZ43:A0A1P8AUY5,0.010605551302433014,0
Q8LPH6:Q8S8H2,0.010668299160897732,0
Q9FX76:Q9STP8,0.012880238704383373,0
Q9LK19:F4I4Q3,0.026964901015162468,0
F4HPM6:F4JYE9,0.01029598992317915,0
P92561:Q9LZI7,0.009895783849060535,0
Q9M1X5:Q9LRN8,0.06144503504037857,0
Q8VY62:Q8VY77,0.01151645090430975,0
Q9SUC5:Q8GXB7,0.01530351024121046,0
Q9FX58:Q9LEZ3,0.16249744594097137,0
Q8S8Q0:F4JNI7,0.010055153630673885,0
A0A2H1ZEC0:Q9LVW2,0.3142405152320862,0
Q9MA50:Q7X6Y7,0.01217799074947834,0
Q8GWF2:Q9FZ99,0.012922793626785278,0
Q9LZA7:Q9LPE9,0.010101638734340668,0
Q9STE8:Q9M0H9,0.009808461181819439,0
F4KCU5:Q8GY88,0.020849978551268578,0
Q9LUJ5:F4I9I5,0.009876850992441177,0
F4JHF7:Q2V3K1,0.009799517691135406,0
Q9SKW7:Q6NMD4,0.010733483359217644,0
Q9LV43:A0A1I9LSM5,0.009817725978791714,0
Q8GWC9:O04017,0.012644568458199501,0
Q3EDD5:Q8LBB7,0.011109324172139168,0
A0A1P8B6C9:Q9FMS0,0.012158118188381195,0
Q9S9X6:Q9LT09,0.01126307062804699,0
Q9SV06:Q9LV52,0.03625163063406944,0
O81864:Q9FJ10,0.010949107818305492,0
Q9C7K7:Q8LPI7,0.014550193212926388,0
Q9S7U7:Q39083,0.022488294169306755,0
Q9ZUE1:A0A178WNP1,0.01008444931358099,0
A0A1P8BG62:Q9LXV1,0.009753623977303505,0
P92523:Q9LW29,0.01188816037029028,0
Q6DYD0:Q9LDF5,0.014202713966369629,0
Q9STK5:Q9LP37,0.010265427641570568,0
Q9SHZ9:O82533,0.010434865951538086,0
Q9LIL5:Q84WL4,0.010227078571915627,0
Q9FYC3:Q6NQJ6,0.013449253514409065,0
Q8RX36:A0A1P8B6C9,0.010359969921410084,0
Q94FT2:B3H4E1,0.010186359286308289,0
A0A178WNP1:Q1G379,0.009794055484235287,0
Q9SJ47:Q9C892,0.009745505638420582,0
Q0WRE7:P27323,0.010449427179992199,0
Q9ZUK9:Q9FF72,0.010094519704580307,0
P93283:Q9M8M1,0.010361343622207642,0
P0DH85:O49292,0.01855516992509365,0
Q9FXA9:P0CG07,0.009904519654810429,0
Q93VT9:Q9SYH1,0.01463503297418356,0
Q71N54:F4KI29,0.01017279364168644,0
F4JPQ4:Q1H5B1,0.010099059902131557,0
Q3EC62:F4HQX1,0.009949037805199623,0
P0DKG4:F4J7G5,0.010401486419141293,0
Q42512:F4J2T9,0.010306954383850098,0
Q2V397:Q9LU05,0.009773735888302326,0
Q9M670:Q39103,0.019913995638489723,0
Q9LYQ8:Q93V43,0.6880812644958496,0
B3H721:A0A1I9LT67,0.00972379744052887,0
Q9SD80:Q9C7N3,0.010294376872479916,0
F4JVF4:F4JTE7,0.011603626422584057,0
F4HWL4:Q9ZQC8,0.02565709315240383,0
Q9SCT7:A0A1P8B9R8,0.01010578777641058,0
P32068:Q8GW83,0.00989940483123064,0
F4I7Y6:Q9FH32,0.012856262736022472,0
Q8GWP4:Q0WMN5,0.012636971659958363,0
Q6E2A4:Q9FE67,0.04702052101492882,0
Q8GYL4:D5K228,0.01574588753283024,0
Q8LGU6:P82773,0.010438106954097748,0
Q9LMT2:Q1G3M2,0.023680999875068665,0
Q9LY82:Q05466,0.042514052242040634,0
O49553:Q9C5X8,0.011531544849276543,0
Q9LZP9:Q9LUB4,0.009840193204581738,0
Q8GYP4:Q9LN01,0.010368810966610909,0
Q8H7F6:F4JVB8,0.038594212383031845,0
Q9FTA3:Q9M349,0.010207459330558777,0
A8MS81:O24606,0.05992325022816658,0
Q9FXA3:F4KG91,0.07842446863651276,0
Q9LYE2:Q9LJ72,0.012750402092933655,0
P82735:Q8H1G0,0.011383754201233387,0
Q1G322:O65628,0.04309548810124397,0
Q9LYC9:Q9SKH8,0.009914176538586617,0
F4I9U3:Q84LH8,0.013539731502532959,0
Q0WRX7:Q9LEU5,0.010619205422699451,0
Q9SCK5:Q1G3Q9,0.011343668214976788,0
Q9C778:Q9FYF9,0.05232470855116844,0
Q8LAA0:P32746,0.0153287248685956,0
Q93WE4:A6QR85,0.011238125152885914,0
A2RVN2:O81821,0.03315375745296478,0
O23683:Q0WVW7,0.010293330065906048,0
Q8L925:Q8GXW1,0.7947847247123718,0
Q9M0X8:Q9C875,0.02359609864652157,0
B3H711:Q9LFI4,0.009965761564671993,0
Q96329:Q39262,0.04761263355612755,0
Q9LUK1:Q9CA36,0.012863694690167904,0
Q0WWE3:O64733,0.01758415438234806,0
Q9FME3:Q84RK2,0.13597773015499115,0
F4IVN9:F4HYA7,0.010216987691819668,0
Q9FIX5:Q8L5Z0,0.027148032560944557,0
Q8LBB7:Q5Q0C3,0.011390884406864643,0
Q39023:Q9LP80,0.03931431472301483,0
Q8LFK2:Q9SZN1,0.015390324406325817,0
Q8LCH5:A0A1P8BCA0,0.016928037628531456,0
Q8LG56:Q9ZUE9,0.010313119739294052,0
O80480:Q9FJ67,0.03462256118655205,0
O65924:Q38822,0.03526587039232254,0
A0A1P8AP43:Q3EC43,0.009820454753935337,0
Q9LK79:F4IYB7,0.014557923190295696,0
F4IJR9:Q9M875,0.009925998747348785,0
F4IK97:P62090,0.012843630276620388,0
A0A1I9LLN7:O82302,0.012048262171447277,0
Q8H1G0:Q94BZ7,0.044296424835920334,0
Q9SZK4:A4IJ41,0.025660289451479912,0
Q9FI44:F4JUM8,0.01062206830829382,0
Q8GXT3:F4J412,0.058088041841983795,0
A8MQ92:Q9SYK0,0.010217915289103985,0
D2WL32:A0A1P8AXI7,0.013108156621456146,0
Q9FYF8:B9DF92,0.01719912700355053,0
Q9FJ49:Q9SGI7,0.08711662143468857,0
F4J480:Q9C580,0.012375704012811184,0
P0CAY4:Q04613,0.009812801145017147,0
A0A1I9LTE5:Q9SN61,0.009951123967766762,0
A0A1P8BDE8:F4HS08,0.012510470114648342,0
O80943:Q9LV43,0.010155047290027142,0
Q1G3V9:Q9T0A4,0.01006158348172903,0
Q9S826:A0A1P8B830,0.009897825308144093,0
Q8GW43:Q8S8G6,0.011025582440197468,0
F4J311:Q1G3U1,0.010234275832772255,0
Q9STG3:Q9MAP3,0.011623614467680454,0
F4J1T4:Q9FZ06,0.02650991640985012,0
F4HQ84:A2RVJ6,0.010123328305780888,0
Q9FL02:Q3EDD5,0.009757678024470806,0
Q8GZA4:A0A1P8B7F5,0.020565887913107872,0
Q8W234:Q8GZA4,0.05672840029001236,0
Q9ZU97:Q9SD25,0.011113918386399746,0
O04204:A0JQ78,0.014048186130821705,0
F4KAV2:Q9ZUV6,0.023490652441978455,0
Q1PE70:Q9LTJ0,0.010499986819922924,0
Q94K21:A0A1I9LT34,0.00984813179820776,0
F4I3E6:A0A1P8BAT6,0.014350982382893562,0
P22953:A0A1P8BBB8,0.010449943132698536,0
A8MQN4:Q6NME7,0.010676792822778225,0
Q9SJY3:Q84JF5,0.010500119999051094,0
Q9LTD4:Q9SHL7,0.012078000232577324,0
O23384:Q9XFR5,0.012785238213837147,0
Q9LQ12:Q8RY81,0.03461945056915283,0
B3H4L2:O65680,0.009917937219142914,0
Q9CA46:F4IV34,0.03050116077065468,0
Q9FGF6:Q9C6Z4,0.010015557520091534,0
Q9FUR2:F4JKZ9,0.012254814617335796,0
A0A1P8BBA6:Q3ECY3,0.01042131520807743,0
Q9LZW4:Q7X659,0.5189065337181091,0
Q949U5:F4I9E1,0.010860743932425976,0
Q5PNU3:Q9FYL8,0.01477824430912733,0
Q9LM14:P29381,0.04636010527610779,0
Q9LN01:Q9FGD6,0.013318347744643688,0
Q9CA92:Q9SVG9,0.03215424343943596,0
Q9FMX2:Q9AR07,0.48102042078971863,0
Q941L2:F4HV48,0.010541437193751335,0
Q5XUX8:Q9ZUB5,0.017723817378282547,0
F4HWF9:Q9SKH1,0.010342678986489773,0
Q39162:Q9CA16,0.03160124644637108,0
P28185:F4JC91,0.015113328583538532,0
Q9M8L4:Q94AQ4,0.010960403829813004,0
Q66GP9:P82778,0.009971949271857738,0
F4K1C7:A0A1P8AYB0,0.010644511319696903,0
Q8GWE6:Q9XIP7,0.022030217573046684,0
Q9SYG4:Q9LN16,0.36271581053733826,0
Q0WR81:Q9SGR2,0.010604147799313068,0
A0A1P8B531:F4J480,0.01062289159744978,0
Q9FMR0:Q6NPF4,0.012625622563064098,0
Q9FKA0:Q93ZN5,0.01567385159432888,0
A0A1P8AZP7:P93755,0.014205485582351685,0
Q8L8L9:O49420,0.011155500076711178,0
Q9C717:Q9LKI5,0.017532173544168472,0
Q8LEP7:Q8H1R4,0.010672769509255886,0
B3H5W4:B3H6X1,0.00974708329886198,0
Q9SRQ3:O81323,0.07463463395833969,0
Q9M8W9:Q2V4J2,0.009984893724322319,0
A0A1P8BCC2:Q5E911,0.01602294109761715,0
Q8VYD9:Q9C8L4,0.010762999765574932,0
Q84JE8:Q9XI36,0.019327497109770775,0
A0A384LJI7:Q9SWI1,0.010422258637845516,0
Q8H0W0:Q8RX60,0.010511541739106178,0
P09468:Q9FHL9,0.01078509446233511,0
Q5W9E7:Q9LQP3,0.010480622760951519,0
Q0WQQ1:Q9SHY1,0.017440572381019592,0
F4J1R8:Q7PC79,0.012909041717648506,0
O49436:Q8W4C1,0.01129668578505516,0
A0A1I9LT34:Q8W4C3,0.00980466790497303,0
P43288:F4IA60,0.042519550770521164,0
O49397:Q6DUW6,0.01139650959521532,0
Q8RXG5:Q9FMX2,0.04780443012714386,0
F4JWQ4:Q5BPV4,0.1357083022594452,0
A0A1P8B3Y4:Q1G3U3,0.009748474694788456,0
Q9LJF5:Q9FJ82,0.01508199330419302,0
A0A1I9LN10:Q8GW63,0.010279144160449505,0
Q9ZV87:Q9LY82,0.04049169644713402,0
Q8LPR9:Q9FG97,0.017074154689908028,0
Q9LYH4:Q9C507,0.010186465457081795,0
F4JRF6:Q94F04,0.011479240842163563,0
Q1G363:Q93ZN4,0.010862648487091064,0
Q9ZVT0:F4HU58,0.011715221218764782,0
O64837:Q2V3J1,0.010330693796277046,0
F4I431:Q9FF62,0.010555638931691647,0
Q1G3F1:F4HT02,0.010094363242387772,0
Q38833:Q3E870,0.011420405469834805,0
P92534:Q8GY06,0.010212051682174206,0
Q9FHK4:Q9C8D1,0.14217086136341095,0
Q9XFB0:Q9FKQ9,0.03331955894827843,0
A0A1P8AXS6:F4HYC5,0.009753539226949215,0
Q8W4L5:Q9ZU32,0.04316696152091026,0
Q9FN84:Q9SIJ3,0.012087037786841393,0
Q570M0:A0A1I9LMG4,0.00990866869688034,0
Q9LXW1:Q944K3,0.013884097337722778,0
Q0WQM7:Q9LSS7,0.01459724735468626,0
O48713:Q9LUK1,0.012185337953269482,0
Q8W420:A0A1P8BHB4,0.01115188654512167,0
O22164:F4J320,0.010123193264007568,0
Q9ATB4:Q9ZQI9,0.025205014273524284,0
Q9FNY4:Q8GYJ3,0.03694751858711243,0
Q7XJJ7:Q9ZPY1,0.018049268051981926,0
F4KHE3:A0A1P8AQK1,0.014834883622825146,0
Q0WPR6:Q9ZR12,0.07272651046514511,0
Q9SMP0:O65387,0.017324743792414665,0
Q9FGP9:A0A1P8B502,0.010661236010491848,0
F4JHJ3:Q6DBD5,0.010024424642324448,0
P0C2G1:Q8LAA7,0.011322802864015102,0
Q9ZQP1:Q8GY13,0.010998513549566269,0
Q9SU34:Q9FGW7,0.010877725668251514,0
A0A1P8B2J0:Q9SIW1,0.1333635002374649,0
F4I8C2:Q8RY65,0.011767293326556683,0
O49715:Q9FIV5,0.012319519184529781,0
Q94F39:Q8H0Z9,0.03598548099398613,0
Q5HZ03:O81916,0.019053904339671135,0
Q0WNZ8:F4KD71,0.03704513609409332,0
Q9SX99:Q9SZ58,0.010372991673648357,0
Q8H112:Q8S9K3,0.010472627356648445,0
P29517:Q9ZUM9,0.14616897702217102,0
Q9XID1:F4IIE7,0.009911109693348408,0
O65665:Q9S9P1,0.07817348837852478,0
Q9LK89:O49383,0.010249109007418156,0
O80535:Q56XJ7,0.04572300240397453,0
P0CG07:O80568,0.009887196123600006,0
Q58FT9:B7ZWR6,0.01152438297867775,0
Q9LXU6:Q3ECU8,0.018584568053483963,0
Q3C1C7:Q9LU28,0.031566914170980453,0
Q8RWB1:Q9ZW36,0.22677810490131378,0
A0MFS5:O04643,0.01054766308516264,0
B3H4F7:Q0PCS3,0.010303554125130177,0
F4JZH9:Q9S763,0.018195059150457382,0
A0A1P8B453:Q56WD9,0.010252117179334164,0
Q9LP80:A0A1P8BAW7,0.009931492619216442,0
Q5HZ54:Q0WNX3,0.11443846672773361,0
Q9M0I1:O23278,0.01070170197635889,0
F4J5G5:A0A1P8AUL6,0.009867367334663868,0
F4I386:Q9LSK8,0.010050520300865173,0
Q9LV56:Q8L925,0.015605621039867401,0
F4HQX1:Q9XI46,0.010481508448719978,0
B3H5A4:Q8GXT3,0.02867368422448635,0
Q9SVH7:F4JRF6,0.011843440122902393,0
O81127:B3H7D8,0.014669239521026611,0
Q9C843:Q9M8Z7,0.015804825350642204,0
Q39266:Q9M9Q6,0.01909293420612812,0
Q6NPF4:F4K725,0.02894577756524086,0
Q6NKS4:A0A1P8B7R0,0.009846438653767109,0
F4J921:Q9LF97,0.021051399409770966,0
A0A1P8B7F5:Q84K72,0.02164234220981598,0
Q9LXA8:Q9LTS8,0.010885963216423988,0
Q9FFF1:Q9LT48,0.013665891252458096,0
Q9FPQ8:Q9C664,0.2015647143125534,0
Q9FDX9:Q9LVA2,0.010720684193074703,0
F4K719:Q9FW50,0.009730406105518341,0
Q3E9I4:Q9M190,0.01066941674798727,0
Q9SGI7:F4HZH7,0.010334241203963757,0
Q38957:Q949R9,0.011980055831372738,0
Q940H5:F4HU51,0.01091663260012865,0
Q9T0B1:Q9XGZ2,0.01085282675921917,0
O22908:Q9FME0,0.011066998355090618,0
Q9FKB0:P93046,0.014366689138114452,0
Q9C640:Q9LX56,0.010250059887766838,0
Q9LHL7:F4IQY1,0.010522963479161263,0
F4HZ96:A8MQ92,0.009855198673903942,0
Q9FG51:Q9C6K3,0.17780223488807678,0
Q1H5E9:Q9LS48,0.011160521768033504,0
Q3E8Z8:B3H4L2,0.009936555288732052,0
Q8LE26:Q9C926,0.01229473389685154,0
C0Z2L5:Q39162,0.8796176314353943,0
Q9CAK6:Q9SZ42,0.010236172936856747,0
Q9SV96:Q9M907,0.01142945047467947,0
Q67XT7:Q93YN4,0.010073638521134853,0
Q9LZP8:F4KEP6,0.5157236456871033,0
Q9SGH5:Q2V3Z5,0.01003809180110693,0
Q9FRR8:O04211,0.03290928527712822,0
Q84WL4:Q9LS01,0.01038119476288557,0
Q9AR07:Q8LEP7,0.012615869753062725,0
Q9LEW7:Q38850,0.06585188955068588,0
Q9FZI8:F4J917,0.01007019728422165,0
A0A178VQ59:Q9C567,0.011070871725678444,0
Q9LF46:F4JXW9,0.0103521216660738,0
F4IP00:F4J7V3,0.010031970217823982,0
Q93ZE3:Q8L7R2,0.010517586953938007,0
Q9FJ55:A0A1P8AXA3,0.016954859718680382,0
O23278:F4K719,0.009958597831428051,0
Q9M9U2:Q1PFW4,0.011792944744229317,0
F4HVS6:Q9FKM4,0.010933424346148968,0
A0A1P8AWH6:Q9M7T0,0.009949050843715668,0
Q9LVD3:F4J5D3,0.010614357888698578,0
Q9M0D8:B3H6I2,0.0102476691827178,0
Q8LG89:Q9M026,0.011409980244934559,0
Q8GW83:Q9C717,0.010605940595269203,0
F4HYA7:Q9SV55,0.09254764765501022,0
F4HS78:F4K383,0.014435854740440845,0
Q9M349:A0A1P8AP43,0.010089975781738758,0
Q8RWM7:F4I458,0.030747581273317337,0
O64640:O80535,0.01993168331682682,0
F4JKW0:Q8GX93,0.017541924491524696,0
B9DHT4:P59467,0.17953342199325562,0
Q9M367:Q39147,0.011555062606930733,0
P82795:A0A1P8BGB6,0.00987823586910963,0
Q9ASV6:Q9XHZ8,0.058297205716371536,0
Q9FLM1:Q9ZWS9,0.24057164788246155,0
Q9M338:Q9MA50,0.011201116256415844,0
Q1G3U1:Q8GYL7,0.009973179548978806,0
Q9C6Z4:Q9SJM3,0.010761109180748463,0
Q9C926:Q2V346,0.009990781545639038,0
Q8VYI6:Q9M2Q2,0.009803717024624348,0
Q39021:Q94AH2,0.387766033411026,0
A0A1R7T3C3:F4IQK5,0.01020000595599413,0
A0A1P8BAW7:A0A1I9LSB3,0.009785706177353859,0
P34791:F4ISV4,0.03822898864746094,0
Q9M3F7:B3H5T1,0.009751767851412296,0
A0A1P8AW76:Q9SSC6,0.029702365398406982,0
Q0PCS3:Q94FT2,0.07003971934318542,0
Q9S9T4:Q9C8L8,0.010045642964541912,0
O49195:F4HPL1,0.009875520132482052,0
Q9LN63:Q9LM46,0.7535501718521118,0
Q42384:Q9FGR7,0.012945452705025673,0
Q9SKH8:Q8RWG0,0.010622210800647736,0
Q9T0K3:Q9SKU6,0.010317189618945122,0
A0A178UXI0:Q8RXH2,0.018522044643759727,0
Q9LTH4:Q5HZ48,0.14895088970661163,0
Q9FL56:F4K6X0,0.011831223033368587,0
Q9SU67:Q9LTC3,0.05979951098561287,0
Q9SKU6:Q84JV2,0.010276702232658863,0
Q8L6X8:O49711,0.01057751290500164,0
Q9LU00:B3H7A6,0.010311461053788662,0
Q9C6V3:Q8LG95,0.011690559796988964,0
F4ISQ7:F4JDL5,0.010905292816460133,0
Q9LW63:A0A1P8B0Q4,0.010468564927577972,0
Q33884:Q9LFV5,0.009954999200999737,0
A0A1P8BA81:F4JUF8,0.011540657840669155,0
F4K1B1:Q9CA93,0.011299588717520237,0
F4KHM4:Q9LFG4,0.011186345480382442,0
Q8L908:Q9LXS2,0.010983745567500591,0
Q9SUW4:Q8LBA6,0.03413906320929527,0
Q6DYE3:Q9LSZ8,0.3354489505290985,0
Q9LZR4:F4HVJ3,0.010781104676425457,0
A0A178WK49:Q9SZI2,0.02147669903934002,0
F4KIT4:Q9LXU6,0.01165811624377966,0
Q9FMV7:A0A1I9LQA9,0.010655309073626995,0
Q94BZ5:Q9LK61,0.01925641857087612,0
Q8GW63:B3H4E0,0.010149613954126835,0
A0A1P8B2D2:Q1EBV4,0.010576335713267326,0
Q8S8H2:B3H4L6,0.009811574593186378,0
Q7X6Y7:Q8RWB1,0.06516650319099426,0
O04005:A0A1P8AS86,0.02051672153174877,0
A0A1P8B1D7:Q8VYZ1,0.010066661052405834,0
Q9C8K7:F4K2D7,0.015119917690753937,0
Q9LW53:A0A1I9LMX5,0.009904751554131508,0
Q94AX4:Q9FME3,0.09523271769285202,0
Q9FHI6:Q8LAA0,0.014741207472980022,0
O80568:Q9FI57,0.009846480563282967,0
Q9CAI2:Q9SI75,0.014984783716499805,0
Q9LUC1:Q9FLF7,0.3097779154777527,0
Q9LTS6:Q9STE8,0.012658257968723774,0
F4IV24:Q9FXF4,0.010190463624894619,0
Q2V4J2:P28147,0.011279652826488018,0
Q9C737:F4K1D3,0.013243808411061764,0
Q94ID2:Q9FZ92,0.02034798264503479,0
Q08AA8:A0JQ00,0.010565875098109245,0
Q58G10:O22951,0.018074272200465202,0
Q8L7R2:O49715,0.01138763502240181,0
A0A1P8ANB8:F4K627,0.010129701346158981,0
Q9LUF3:Q3ED38,0.029503479599952698,0
Q8L951:Q96251,0.009909594431519508,0
P93836:Q9CA40,0.01698213629424572,0
Q9LK61:Q8LCH9,0.012437651865184307,0
F4JQT4:Q9FFJ3,0.010364828631281853,0
Q9SYK0:Q9LXK2,0.011443196795880795,0
Q9FGP1:F4KGT2,0.01003411877900362,0
Q9ZPV4:Q9FYF8,0.010156700387597084,0
Q3EBZ0:Q9SK49,0.020932679995894432,0
Q84TG1:F4JUQ2,0.01049067359417677,0
O64760:Q9LPR9,0.02005411498248577,0
Q8W3M3:F4HPY3,0.03413008153438568,0
F4K725:Q8VZ15,0.01562324445694685,0
Q1JPM3:Q9LSQ2,0.02620924822986126,0
Q9LSS7:F4JS55,0.01031840406358242,0
F4KBU9:Q9FYE2,0.010118424892425537,0
Q9ZQA3:O82197,0.053001463413238525,0
Q84R17:F4K3K4,0.00987204909324646,0
Q9LZE0:Q9SJW0,0.01633857749402523,0
Q9SVH3:A0A1P8BGC5,0.010107599198818207,0
F4IDU9:Q7XBQ8,0.009875333867967129,0
Q9LSE2:Q8LA53,0.4128383696079254,0
Q9SVQ3:O64565,0.010092399083077908,0
Q9STY2:Q9LM92,0.012407886795699596,0
Q9FKQ6:O23006,0.020462512969970703,0
Q9LVC4:A0A1P8AQP2,0.011733880266547203,0
A0A178W169:F4JRI9,0.010119643062353134,0
Q9LZI2:Q38833,0.023059910163283348,0
Q6NPM7:Q38885,0.014836880378425121,0
B9DF92:Q6DBQ2,0.028320228680968285,0
P24100:A0A1P8B1G7,0.01135194581001997,0
Q8L4S3:Q9LV81,0.017283717170357704,0
Q9T0G1:A0A1P8AXU1,0.010140083730220795,0
Q9SM23:Q45GQ7,0.025803280994296074,0
Q8LBZ4:Q0WVK7,0.010872592218220234,0
Q9LPN6:Q9SV11,0.01154396403580904,0
P56788:A0A1I9LQG9,0.010734912939369678,0
Q9LIJ0:F4HWD5,0.012346732430160046,0
Q9C803:F4J4N3,0.010798502713441849,0
Q8L8U9:Q1G3B3,0.009973900392651558,0
Q93V58:Q9LK19,0.18471848964691162,0
Q680L3:Q9C584,0.014025985263288021,0
F4IXJ0:Q9LRV2,0.014833631925284863,0
B3H5T1:Q9M0I1,0.00997191946953535,0
Q8RWN2:Q8LB33,0.04708397015929222,0
Q9SAF1:F4HP86,0.09988254308700562,0
Q9SB92:Q6NPM5,0.014143831096589565,0
Q9LMM6:Q93Y22,0.05009258911013603,0
A0A1P8AWW1:Q9FJ66,0.009898646734654903,0
Q0WPQ2:P56774,0.010662960819900036,0
Q8GX93:F4JR37,0.014228403568267822,0
P0DN93:F4JEV5,0.010494859889149666,0
Q3EB24:A0A1I9LPV1,0.009816314093768597,0
Q9SLJ2:Q9FFS7,0.009999294765293598,0
A8MQJ3:Q5XUX8,0.009926836006343365,0
F4K9G7:Q8GYT8,0.014647274278104305,0
Q94AQ4:Q67Y04,0.010013273917138577,0
O65517:F4IQ29,0.17915497720241547,0
F4I5A5:F4JWB9,0.01057758554816246,0
Q9LHH3:Q9M122,0.011011011898517609,0
Q3ECR5:Q9SUR9,0.013819980435073376,0
P55217:Q9T077,0.010298376902937889,0
A0A178WGK2:Q3C1C7,0.015228897333145142,0
Q9FL48:Q8VY27,0.12349797785282135,0
Q949R9:Q9LZP4,0.010245776735246181,0
O49518:A0A1P8B3M4,0.010087884962558746,0
B3H7G8:Q0WWX4,0.010524800978600979,0
Q8VWG7:Q8L844,0.012692156247794628,0
Q1JPP8:Q9FMV0,0.010554845444858074,0
Q9FGR7:Q9LIQ9,0.012984401546418667,0
Q9LJ51:F4J1W7,0.010152656584978104,0
F4J368:Q9C9U0,0.010358200408518314,0
Q9FFE4:Q08AA8,0.011625424027442932,0
Q9LK52:Q9FFY5,0.011247391812503338,0
P93284:F4JJ97,0.009757387451827526,0
Q9SYH1:Q9SU72,0.01644301973283291,0
Q9C7G4:A4VCL9,0.15516148507595062,0
Q84JF5:Q9FKP0,0.01529636699706316,0
F4K7X9:A0A1P8ARQ1,0.009784610942006111,0
Q9C6V2:A0A1P8AXB7,0.009978885762393475,0
Q9ST43:Q6NLQ4,0.027263814583420753,0
C0LGK4:Q9LUJ5,0.011383584700524807,0
Q9M9E2:Q8GWE6,0.011515960097312927,0
F4J8U4:Q9XIN3,0.010073321871459484,0
Q9SDS8:P93287,0.012630889192223549,0
B3DNP3:Q9LUC7,0.010105363093316555,0
Q1PEE4:Q9SKM7,0.009978145360946655,0
A0A178UA35:F4KCH4,0.011593163944780827,0
A0A1P8ANT6:F4JGK7,0.0291329026222229,0
Q9STR4:Q9LH43,0.010756262578070164,0
Q84JN2:Q1JPP8,0.010022190399467945,0
Q9T0B9:Q8RXD3,0.07369629293680191,0
Q08298:F4HSB6,0.010217202827334404,0
Q9ZW35:P40228,0.09524612128734589,0
F4J1W7:Q8L7W2,0.010154525749385357,0
Q9SHQ9:Q39266,0.5257585644721985,0
Q8L726:Q39214,0.01369382906705141,0
Q2V3K2:Q94A98,0.009934144094586372,0
A0A1P8BFS0:Q949X1,0.010239169001579285,0
Q93WB2:F4J8Y4,0.0099349869415164,0
A0A1I9LLL5:Q9C9C0,0.010626766830682755,0
Q9ZQL1:F4I431,0.009733463637530804,0
Q1G3Z4:Q9LI85,0.00986539013683796,0
Q9ZUU7:Q84RJ7,0.011409190483391285,0
Q9LUI0:Q8RWC9,0.19107775390148163,0
Q9FX77:P93024,0.6489459276199341,0
Q9M0W9:Q9LXB4,0.011588838882744312,0
F4JP79:F4JVA4,0.11806857585906982,0
Q9M0C5:A0A1I9LQ53,0.012542140670120716,0
O82261:Q9M0K4,0.15006710588932037,0
Q9C7X6:P0DKG5,0.016818901523947716,0
Q8L403:F4HZB9,0.011473902501165867,0
Q9SPI1:B3H721,0.010791327804327011,0
Q9C5V6:F4IMA4,0.011017480865120888,0
Q93ZY7:Q8VYI5,0.01967436820268631,0
Q9CA16:Q8VWG7,0.01836898736655712,0
Q8LEE9:O03982,0.011767134070396423,0
Q9LUJ7:Q9C555,0.009962513111531734,0
A0A1R7T3J3:Q9SW23,0.010095076635479927,0
A0A1P8AQT9:Q9SJZ3,0.011926928535103798,0
Q39253:Q9MAM1,0.24792590737342834,0
O82659:Q9S745,0.12436234951019287,0
B9DHA4:Q9CAJ1,0.01284261979162693,0
B3H5M8:Q8LPN5,0.009997615590691566,0
Q84WV9:Q9LXJ3,0.010676312260329723,0
Q9LS60:O49668,0.01010147761553526,0
O81821:P93300,0.010289564728736877,0
Q9SUS3:A0A1P8AQU8,0.01215094793587923,0
O22877:Q6E2A4,0.02043578214943409,0
F4K4M9:Q93WA2,0.009907431900501251,0
O23627:P92564,0.010127893649041653,0
Q9FIG9:A0A1P8BA81,0.01209887396544218,0
Q9LNC4:A0A1P8B017,0.011733071878552437,0
O64733:Q9SEZ6,0.013154896907508373,0
Q9LW84:P34791,0.01217877957969904,0
Q8S8N3:Q9SIS2,0.010067043825984001,0
P69834:B3H434,0.010137445293366909,0
Q9LVC3:Q5XEN5,0.17843589186668396,0
Q9C932:P69834,0.03536497429013252,0
O82503:Q9XFH9,0.10863523930311203,0
A0A178VYP6:A0A1R7T3C4,0.011818989180028439,0
Q9LV95:F4I562,0.010023976676166058,0
A0A1P8B449:Q9CAR0,0.01019198726862669,0
A0A1P8BEG6:O49687,0.05889451503753662,0
Q9FI49:F4IJR9,0.009857033379375935,0
Q9LEY9:Q9C950,0.024936094880104065,0
Q8LPN5:Q67Y03,0.010102896951138973,0
Q9C8Z9:Q1H5D2,0.01619657315313816,0
Q93VR9:B9DHA4,0.018927445635199547,0
Q5BPP4:Q6NLU6,0.035854633897542953,0
Q8LFA9:A0A1P8B8Y5,0.011293943040072918,0
Q9SJJ5:Q8L467,0.030790258198976517,0
F4IYB7:Q9FFE4,0.020475782454013824,0
Q8L6Y1:Q8LGI3,0.014667125418782234,0
Q9M0H9:Q8GYQ5,0.014399317093193531,0
A0A1P8ANS8:F4KEN8,0.009783226065337658,0
O23100:F4KBY0,0.01556340791285038,0
F4IA30:A0A178VU28,0.010368271730840206,0
Q9LV38:Q9SCZ5,0.01265877764672041,0
Q700C7:A0A2H1ZE93,0.025219861418008804,0
Q9M026:Q3ECP9,0.0188811756670475,0
A0A1I9LMX5:Q9LVC4,0.010780120268464088,0
A0A1I9LTC6:O64470,0.010044078342616558,0
Q9C5C4:F4JGI4,0.011380529962480068,0
Q949V6:A0A1P8B4S5,0.010908334515988827,0
Q8GT78:O64627,0.009934687986969948,0
Q8H133:Q4PSP2,0.021178478375077248,0
Q8GXC7:A0A1P8AY68,0.009994740597903728,0
Q94KI8:F4IUG1,0.2101285308599472,0
O22244:Q56YJ7,0.009902446530759335,0
Q96251:Q9LUR0,0.011418054811656475,0
Q8RU07:F4I4F2,0.05587847903370857,0
P40228:F4IH25,0.07058373838663101,0
F4IEB6:Q9FI49,0.01116624940186739,0
A0A1I9LM80:Q9SVW0,0.009978172369301319,0
Q9FGS4:O22920,0.011672556400299072,0
F4I9E1:F4IED7,0.010959582403302193,0
A8MQW1:Q94CC1,0.01040685921907425,0
Q9SSF8:Q8LD28,0.14291317760944366,0
Q9FIX8:P82643,0.010200765915215015,0
B3H617:Q1G3Q4,0.010717502795159817,0
Q56XU4:A7XGN8,0.014456266537308693,0
Q9T0E5:Q9M1X5,0.1249750629067421,0
F4I4E1:Q9FN68,0.10795245319604874,0
A0A1I9LQG9:F4IIL7,0.010425715707242489,0
Q9M8T3:Q9SJH6,0.011691360734403133,0
Q9SND6:Q9ZPX0,0.04696149379014969,0
F4IS76:A0A178WKP3,0.014794334769248962,0
A0A1P8BGB6:F4J139,0.010400415398180485,0
Q9XIR8:Q3EB24,0.009915950708091259,0
Q8VYU4:Q9SIA7,0.012574371881783009,0
Q9C924:Q9M0W9,0.01025872677564621,0
O22287:Q9SR09,0.011063399724662304,0
O81740:Q8RXE7,0.04256146773695946,0
Q9SJW7:A0A178UA35,0.013161237351596355,0
Q9C6U2:B3H4V4,0.009952670894563198,0
Q9SGT0:Q9SD80,0.010103967972099781,0
Q9LQT8:F4IY04,0.39708876609802246,0
Q9C5W0:B9DHT4,0.11631122976541519,0
O65684:Q8H112,0.009843215346336365,0
F4K5V9:Q9XF04,0.009820385836064816,0
O50055:Q39066,0.013189918361604214,0
A0A1P8AVR2:Q9SUC5,0.010550671257078648,0
Q9SN61:A1A6I1,0.009859181009232998,0
O82320:Q9FDX6,0.1604645550251007,0
Q9ZSK1:Q9SJE2,0.012653323821723461,0
A2RVJ6:Q682P6,0.009965806268155575,0
Q9SN93:Q9C8K7,0.016480732709169388,0
O80339:Q1G401,0.01039182860404253,0
Q9SHY1:Q9M274,0.02236873470246792,0
Q84UU9:A0A1I9LRC5,0.010120183229446411,0
F4HV48:Q9ZVT0,0.010841499082744122,0
Q8S8E8:Q9FL87,0.04019170626997948,0
Q9FHB5:A0A1P8BB71,0.014313946478068829,0
Q8LGG0:Q9CAQ2,0.05696339160203934,0
F4JKZ9:A0A1P8BF81,0.01018147636204958,0
Q7XA71:P48002,0.024018460884690285,0
F4JUL3:Q9SBJ1,0.042500730603933334,0
Q8VZR0:B3H711,0.009776380844414234,0
A0A1P8B1L8:A0A1I9LQ30,0.010334238409996033,0
Q9SKB2:Q5BPR6,0.010065383277833462,0
Q9SI15:Q9FKU2,0.014765617437660694,0
Q08891:Q9SHZ9,0.010779927484691143,0
Q9FWZ3:Q9M2N5,0.022669842466711998,0
F4HU58:Q9FUR2,0.012832370586693287,0
Q8L8Y3:A0A1I9LLL5,0.010008646175265312,0
Q9FKP0:Q7XHI9,0.017939766868948936,0
P0DN98:Q7FRS8,0.010129048489034176,0
F4IGH3:Q9LZA6,0.01630530320107937,0
Q8GYQ5:Q8H133,0.3782421350479126,0
Q9FNP4:Q9FK30,0.017864031717181206,0
Q96261:C0LGN2,0.011603725142776966,0
Q9SVG9:Q5HZ03,0.05790725350379944,0
Q9LUU5:Q500W7,0.017995618283748627,0
F4IMQ0:O80920,0.14908425509929657,0
Q8LPR8:Q9FNZ5,0.02877737395465374,0
Q8GWP1:Q9LTY8,0.010006210766732693,0
Q9M9Y4:C0SV91,0.023862730711698532,0
Q8L760:Q66GJ0,0.009786366485059261,0
Q9FZF2:F4JZH9,0.035981860011816025,0
F4K2H9:Q93ZM6,0.014730763621628284,0
Q9LX56:Q9LS61,0.02571972645819187,0
Q9LMA8:Q84W04,0.13703270256519318,0
Q689D6:Q9C569,0.010172411799430847,0
F4IEL6:Q84WV9,0.010160299949347973,0
Q84JK2:O64640,0.049085333943367004,0
Q9LUR0:F4JG23,0.010633684694766998,0
B3H506:Q8VYD9,0.017243430018424988,0
Q9SAU9:Q6DYD0,0.01288992166519165,0
A0A178VQ73:Q9SY57,0.010199795477092266,0
Q9LF40:Q8VZB1,0.01005300972610712,0
F4IZ80:Q9LXX5,0.013060346245765686,0
Q9FH21:Q9LNF4,0.4172340929508209,0
O48721:Q9FFA0,0.010780922137200832,0
Q9SUN6:O23522,0.011200092732906342,0
Q9SCR0:O24617,0.06099604442715645,0
F4KAD6:O49160,0.010473941452801228,0
A0A1P8ATM2:Q9SJG7,0.009801833890378475,0
Q9LXU0:Q8RWT4,0.010019632987678051,0
Q9FE22:Q2V369,0.010900639928877354,0
F4IY34:Q2V3Y5,0.010384785011410713,0
A0A1I9LQ30:F4IGH3,0.009866020642220974,0
Q8RW95:O64855,0.016999315470457077,0
Q84JV2:P46601,0.015508702956140041,0
Q9C9X5:Q9LT25,0.018223239108920097,0
Q93WA2:Q8S944,0.009962150827050209,0
Q9LZX2:Q9FMQ1,0.012203242629766464,0
F4IEX1:Q9FI66,0.010475954972207546,0
Q9SZG4:Q9C5W3,0.010471426881849766,0
B3H6K1:Q9LZA7,0.010742136277258396,0
Q9LV52:Q9ZUE1,0.023471031337976456,0
Q9SF52:Q9LSP1,0.011076985858380795,0
Q8GYL7:O48915,0.01009578537195921,0
Q1PDV2:Q8W497,0.028947237879037857,0
Q9SVB7:Q9SCR0,0.5425610542297363,0
A7XGN8:Q944R2,0.021538779139518738,0
O49711:Q9LNW3,0.025203049182891846,0
Q9SN12:F4I8Q1,0.48622724413871765,0
A1L4Y4:Q9FFA7,0.02314169704914093,0
Q9ZVK9:Q93V58,0.011366019025444984,0
Q9FZH9:Q67Y99,0.015377658419311047,0
Q9ZU35:F4JV80,0.01556562539190054,0
Q9FL96:Q84TH4,0.03409828618168831,0
Q45GG6:Q9FH21,0.07402405887842178,0
F4JG03:Q42512,0.01122839841991663,0
Q9LI85:Q9FYL3,0.013175196014344692,0
Q9FMQ1:Q9FNL4,0.010881641879677773,0
Q2V483:Q8VYU4,0.010105644352734089,0
F4JSJ6:Q9FXA3,0.012849206104874611,0
Q0V7S5:A0A1P8AZD4,0.1308281272649765,0
Q9MAN1:Q9T028,0.012333601713180542,0
Q9LZV9:Q94BN0,0.02187850885093212,0
P82643:Q9SQY8,0.011207842268049717,0
F4KFD1:Q56YQ1,0.00976544339209795,0
Q9M051:Q9M0Y6,0.01203388161957264,0
Q94AI6:O48529,0.011295882053673267,0
Q9C502:A0A1P8AW47,0.011225699447095394,0
B3H6B4:Q84VW6,0.009779931977391243,0
Q9C7Z2:Q9MAI5,0.012889138422906399,0
Q6NM39:Q94AV5,0.013441609218716621,0
F4I6L0:Q93ZV7,0.011714696884155273,0
Q8VYP6:Q9FE22,0.01805528812110424,0
A0A1P8ASS6:O04663,0.010290706530213356,0
Q52K84:F4J3N4,0.01097074244171381,0
A0A1P8AW81:Q94A68,0.011886931955814362,0
F4HXR7:A0A384L7B9,0.010590994730591774,0
F4IBB2:Q8L8Y3,0.010011491365730762,0
A0A1R7T3I9:F4IAF4,0.010137277655303478,0
Q9LU86:Q9T0B9,0.01395364385098219,0
F4J5D3:Q8L940,0.019636839628219604,0
F4JML6:Q9S6Z9,0.026068687438964844,0
Q94AB5:F4JHJ3,0.010503648780286312,0
Q94JL3:Q5BPG9,0.07647785544395447,0
F4HU51:Q9FNP4,0.021164318546652794,0
C0LGN2:F4HWG0,0.011923205107450485,0
Q9FV53:A8MRE7,0.009935055859386921,0
Q94CB5:Q8GXI9,0.024555623531341553,0
F4KA19:Q8W4R7,0.012706498615443707,0
Q9FI66:Q9LF66,0.013034823350608349,0
Q9SN25:Q9LJW1,0.010745501145720482,0
F4HZ54:Q9SUZ4,0.013307901099324226,0
Q9LN10:Q9FYE0,0.013936451636254787,0
Q9SJA6:Q8LCH5,0.2423606961965561,0
A0A1P8BDN2:Q9SN25,0.013325311243534088,0
F4JTE7:Q43309,0.014172946102917194,0
Q8LFL8:Q9SFU5,0.022211482748389244,0
Q9FYK6:Q9M1N8,0.010403516702353954,0
O82533:Q08298,0.010862215422093868,0
Q9M038:Q0V7X4,0.026888608932495117,0
Q9M2Q2:Q9FWS4,0.012110847048461437,0
Q3EDK6:A0A1P8B6G5,0.009792288765311241,0
A0A1P8B1C5:P55217,0.010083148255944252,0
Q9LP03:Q9FH16,0.010638335719704628,0
Q9LRM4:F4I7Y9,0.03309951350092888,0
O65499:Q940G5,0.013303701765835285,0
Q9S7H1:O81627,0.010909604839980602,0
Q45GQ7:Q9FKH1,0.028293311595916748,0
Q9LQF0:Q2L6T1,0.029185647144913673,0
F4KDY1:F4HVW5,0.04176833853125572,0
Q2V328:P92937,0.017589911818504333,0
Q3E9N1:Q680Q4,0.014143330045044422,0
Q5BPR6:A8MQR5,0.009784509427845478,0
F4JGI4:Q9XIA6,0.009975417517125607,0
F4I562:P37107,0.016994191333651543,0
F4KCZ1:Q94KI8,0.021494567394256592,0
P27202:Q9FMU2,0.010047112591564655,0
Q67ZU1:F4IBV1,0.016944803297519684,0
Q681K7:F4J3S1,0.010637541301548481,0
Q9C9U0:P56784,0.01000841986387968,0
Q2HIV3:Q9SU34,0.04660715162754059,0
Q9LUC7:F4JT86,0.009998531080782413,0
A0A1I9LP79:O65514,0.009835794568061829,0
A0A1I9LRZ5:Q9CAT6,0.010323128663003445,0
F4HPD5:A0A1I9LT08,0.010057142935693264,0
Q9LVV3:Q9T069,0.010229609906673431,0
Q9LEU7:Q67XV2,0.13941502571105957,0
Q9C771:Q9SJQ4,0.01181742362678051,0
Q9S9P1:Q8VXY9,0.015222534537315369,0
F4IR54:P0CC32,0.012194919399917126,0
Q9M0K4:Q8W2F3,0.6143078804016113,0
Q9LX24:Q1PFS7,0.009785321541130543,0
Q9LFD5:P55826,0.050646036863327026,0
Q9SV88:Q6E297,0.010262592695653439,0
Q9SG92:O65155,0.029281092807650566,0
F4JWA1:F4HP85,0.017462117597460747,0
Q8GY06:Q9SFY8,0.010579846799373627,0
Q9ZV49:Q67ZU1,0.025083530694246292,0
F4I954:Q8L7G0,0.032259147614240646,0
F4IUG1:O81001,0.16249798238277435,0
Q6NL24:Q2UVJ5,0.06093112751841545,0
Q8LC03:Q9T070,0.016953978687524796,0
F4HYB6:Q9FUY2,0.010561726987361908,0
Q0WR66:Q3E7C8,0.010683654807507992,0
F4K4U5:F4I4X9,0.01078720111399889,0
F4K9Y3:O49518,0.009752722457051277,0
Q9FMG8:Q9FN33,0.010096308775246143,0
O48890:Q0WP36,0.01684141717851162,0
Q9SAC4:Q06738,0.01045827567577362,0
Q8LDV4:Q8S898,0.013788926415145397,0
Q9ZQC6:Q9LTY9,0.010055728256702423,0
Q8S8I9:Q9LTD4,0.010131336748600006,0
Q58CM8:Q9CAW3,0.049359846860170364,0
F4JFY6:P28186,0.01185512077063322,0
Q56FQ1:Q9LUC1,0.10360894352197647,0
Q9C9T4:Q9LQ83,0.011935870163142681,0
F4HYH6:Q8S9M3,0.014897461049258709,0
Q3E6N7:Q96261,0.009982828050851822,0
Q9SJT8:Q56Y42,0.017732368782162666,0
Q8W4E1:Q9C5C5,0.017710275948047638,0
Q9ZW36:Q33884,0.010653505101799965,0
Q93WD7:Q9T0G1,0.01341134961694479,0
Q39147:Q9SJV5,0.011983065865933895,0
B3H614:P46600,0.011305412277579308,0
Q5E915:Q9S9T8,0.013387838378548622,0
Q8S8K8:Q9LPD9,0.010539385490119457,0
F4KGT2:A0A1P8AYB6,0.010583995841443539,0
F4JUF8:Q9STG3,0.010670837946236134,0
Q9SHX3:F4HUW0,0.009847491048276424,0
Q2V3K1:Q9FXD3,0.009866717271506786,0
P19172:F4IP06,0.012984069064259529,0
A0A1I9LRC5:F4J8R4,0.009864069521427155,0
Q9LF66:Q9FJY1,0.011737341061234474,0
Q9FMZ3:Q9FX44,0.014145604334771633,0
Q0WUB8:Q84K44,0.018648222088813782,0
Q6R053:Q0WVU0,0.06835754215717316,0
Q9M591:Q8RWZ1,0.0167256947606802,0
Q9SKH2:O82319,0.030183637514710426,0
Q9M2D8:Q8RXU6,0.013599388301372528,0
A0A1P8ASK0:Q9ZRA2,0.010046173818409443,0
Q8VY77:Q93Y08,0.010813968256115913,0
Q94AV5:Q9SGH5,0.013520227745175362,0
O82381:Q0WQM7,0.015652908012270927,0
Q8GWS7:O80438,0.013430153019726276,0
O65382:Q9LMC0,0.009777369908988476,0
Q9LV99:Q570M0,0.010026208125054836,0
Q9XFH9:A0A1P8BD86,0.010519195348024368,0
F4IFF3:Q941B2,0.019934337586164474,0
Q9C507:Q39204,0.0243926290422678,0
Q56YT7:O80337,0.06690040975809097,0
Q9LHI5:Q9LXV0,0.012517467141151428,0
B3H5U2:Q9S829,0.009802254848182201,0
Q8GY72:Q9SGT0,0.013865351676940918,0
Q945S8:Q9LYH4,0.010331924073398113,0
F4J8D9:Q9SL70,0.010121609084308147,0
Q56YY9:F4HTT8,0.00976672861725092,0
A0A1P8AUR6:Q9C778,0.009901349432766438,0
Q8GW17:Q9SJA6,0.1310080587863922,0
F4K6Y8:Q9CAL3,0.01136163342744112,0
Q9LX86:Q8GWA7,0.010514520108699799,0
Q9SAK2:Q9M367,0.025856977328658104,0
Q1G401:Q9C9Z0,0.010171829722821712,0
Q8RXK3:Q9FJA2,0.08661341667175293,0
O81915:A0A1P8B280,0.012321671470999718,0
F4INA9:F4IA30,0.01007199939340353,0
A0A1P8BGG8:Q56YT7,0.009775127284228802,0
Q8GYE8:Q9FT52,0.01120642852038145,0
Q9SHG6:Q9SLB8,0.06284146755933762,0
Q9FE54:Q9SWH4,0.010813722386956215,0
Q8GXR6:F4K6C3,0.01684676483273506,0
P93732:Q9SS48,0.01832929067313671,0
F4KE63:Q9C9A0,0.012082352302968502,0
Q3ED38:F4JCN4,0.010791062377393246,0
Q0WR08:Q4VP08,0.009827041998505592,0
Q3E9D7:Q38893,0.01255609281361103,0
F4JU69:Q9MAI8,0.010029562748968601,0
Q5YDB6:Q8GWG6,0.010156608186662197,0
Q9C584:Q9LMA8,0.5701608061790466,0
Q6AWW0:A0A1P8B9B9,0.010298896580934525,0
F4J8S5:F4I540,0.009778134524822235,0
Q9M292:Q9LR67,0.010371971875429153,0
Q93ZM6:Q8RWM7,0.021530112251639366,0
P26288:Q0WMY5,0.01169180404394865,0
A0A1P8B7P2:A0A178VQ73,0.009935656562447548,0
Q8VZ40:Q9SCX9,0.015666505321860313,0
Q9SIT3:Q9ZVK9,0.009873293340206146,0
Q9MAP3:Q2V3K2,0.010125950910151005,0
Q8RWZ1:F4ILE1,0.018765972927212715,0
Q9SVD1:P28185,0.01906748116016388,0
Q9FL87:A0A1P8B5I4,0.009730593301355839,0
O80742:A0A1P8BB23,0.010232190601527691,0
Q84X24:Q9LYD3,0.3252132833003998,0
A0A1I9LPW0:Q56XV8,0.009877615608274937,0
A0A1P8B048:Q9XIH1,0.011852783150970936,0
O64399:A0A1P8B6C7,0.011118422262370586,0
Q9SJ60:P0CAY4,0.010012351907789707,0
Q39230:Q9FHY7,0.010242409072816372,0
Q9FIR9:Q9SV88,0.016093460842967033,0
Q9LXP6:O23071,0.010173756629228592,0
A0A1P8AUJ8:Q9T055,0.010039694607257843,0
Q4PSE2:F4J687,0.09942834079265594,0
Q9M357:F4JG03,0.01565263792872429,0
F4J306:Q9M0D8,0.01008606981486082,0
Q9SUC0:Q8RY12,0.012451539747416973,0
Q39191:Q9LTH4,0.018711617216467857,0
Q8L3Z8:Q4F883,0.032829321920871735,0
Q94K97:Q9FTA3,0.013191151432693005,0
Q8LEU9:A0A1P8B735,0.010034930892288685,0
F4HWT6:Q9ZQ78,0.010221553035080433,0
Q5S4X7:Q6R053,0.03068496659398079,0
Q9C6K3:F4KI39,0.10264486074447632,0
Q9FNR0:Q9LUI0,0.01204286515712738,0
Q8GWV0:F4I350,0.012381937354803085,0
B3H7H8:Q9S7I7,0.00991443544626236,0
Q8H1F8:Q9SWE5,0.013726419769227505,0
O22932:A0A1P8AQV4,0.012130538001656532,0
Q9SGS1:Q9M2C9,0.011065560393035412,0
Q9ZW84:Q9C688,0.016600752249360085,0
F4K064:Q9ZP54,0.06921416521072388,0
F4JZA0:Q8GZ81,0.010726739652454853,0
P56782:Q84WM1,0.00983046181499958,0
Q9FHA2:Q9LSI7,0.7152637839317322,0
A0A1P8BER7:P56788,0.010028054006397724,0
F4JYQ8:Q9LQZ5,0.023721802979707718,0
Q94BZ7:Q41916,0.010939483530819416,0
Q1H5B2:F4HSA3,0.021681129932403564,0
Q8L7F9:F4IP00,0.010204384103417397,0
F4JN00:O22793,0.01801956072449684,0
Q0WNP3:Q9LKZ3,0.011532957665622234,0
A0A1I9LT67:Q9LIB5,0.011502166278660297,0
F4ISV4:Q1G390,0.010594612918794155,0
F4JWB9:Q9FKC5,0.011059789918363094,0
P52420:Q9SKL6,0.013227514922618866,0
Q9SUI5:O82266,0.011091014370322227,0
O49292:F4IPV3,0.010047608986496925,0
Q0WPG1:Q9LFM4,0.010885094292461872,0
Q9SN85:Q9FHS0,0.011646131053566933,0
F4JBC7:Q9S9U2,0.012365171685814857,0
P56798:O23647,0.01067014504224062,0
Q9FGS3:F2Q9V5,0.01032976247370243,0
F4IFM3:Q9C942,0.011354255490005016,0
F4JM51:Q3E9D7,0.011945742182433605,0
A0A1P8BD86:Q8GWG7,0.010616357438266277,0
Q6NPP7:F4KE50,0.018290463835000992,0
Q9FX35:F4JH53,0.010364367626607418,0
Q9SFX3:Q8GW42,0.0104664983227849,0
Q8S9M4:Q9XI27,0.010127423331141472,0
P92564:O80958,0.009923815727233887,0
Q9SFY8:Q9FII6,0.010258830152451992,0
Q8LPR5:Q8VZS2,0.06301414221525192,0
Q9FII6:Q9LZ82,0.15831024944782257,0
Q9FYL5:A0A1P8B144,0.010366260074079037,0
Q9C8M9:Q9SSM2,0.05861279368400574,0
Q9CAW4:Q9SN67,0.014576342888176441,0
Q9LZ08:Q9LSZ4,0.012659153901040554,0
Q8L940:Q9C763,0.010680521838366985,0
B3H6F7:Q9LXP6,0.009812767617404461,0
A0A1P8AUY5:Q39253,0.010462233796715736,0
F4JH53:A0A1P8BBX7,0.010594985447824001,0
Q9ZQ60:Q2V397,0.010034476406872272,0
Q9CAY6:F4IR54,0.010087746195495129,0
Q8LB54:Q9FIR9,0.13734808564186096,0
Q9XI27:F4IIL3,0.009855831041932106,0
Q8RXC0:Q9LNE6,0.01310665626078844,0
Q9LW12:Q6NM16,0.010124868713319302,0
Q9LTF2:Q9S9X7,0.017617760226130486,0
O04590:Q66GN9,0.010640710592269897,0
O80961:Q9C7Z2,0.010907262563705444,0
B3H612:Q9M0W4,0.009830213151872158,0
Q9T028:Q9FIK6,0.0102009866386652,0
Q9S746:Q9SJV6,0.012507994659245014,0
Q9C688:F4KGY6,0.6806349158287048,0
Q9LM93:F4I9V0,0.01979927159845829,0
Q1PDW9:Q6AWW7,0.011656473390758038,0
Q05466:O64688,0.04665110260248184,0
Q9ZWA2:Q8GY89,0.08870112150907516,0
F4IIZ8:Q9FFF1,0.012397249229252338,0
Q9C4Z6:Q9FKA9,0.03879531845450401,0
Q9SSM3:Q9LQS7,0.020873894914984703,0
A0A1P8B1G7:Q9M169,0.009932853281497955,0
Q5Q0D0:A0A1P8BC48,0.010469685308635235,0
Q9FF13:Q9LIL5,0.011774705722928047,0
B3H563:Q66GP4,0.009846019558608532,0
Q9XI20:O82503,0.028857452794909477,0
Q9SVW0:F4HQ89,0.010058867745101452,0
Q8LF89:Q5XV40,0.012471961788833141,0
Q8VZ15:Q8GZ75,0.021209770813584328,0
P93300:Q9XI76,0.009932570159435272,0
Q9FYL2:A8MQW1,0.010887255892157555,0
Q9FIK6:Q8H7F6,0.037231624126434326,0
F4K6X0:Q9LHP2,0.02437446266412735,0
Q941L3:F4KII1,0.01470467634499073,0
F4IV34:Q9SFV3,0.011143195442855358,0
O81515:Q9LVC0,0.01005785446614027,0
Q9S9V1:Q8L726,0.013252061791718006,0
Q9FJA3:Q9FN15,0.009814860299229622,0
Q9SYL9:Q9LQF2,0.012185492552816868,0
Q9LNF4:Q8GW85,0.19886285066604614,0
Q9FJ66:F4IEB6,0.011774381622672081,0
Q9LR11:O23235,0.009811455383896828,0
Q9MAI5:Q9LF46,0.021847927942872047,0
Q9SB51:Q9LSF1,0.04018601402640343,0
Q3EBP7:P0C0B0,0.0167128536850214,0
Q64FQ2:A0A1P8AWK7,0.01071561686694622,0
Q08733:Q9STG1,0.02486470341682434,0
Q9LT89:Q9SFT8,0.016082923859357834,0
F4I5I4:Q8RWE7,0.010697600431740284,0
Q8GXG1:Q9SSM3,0.012645228765904903,0
Q9FYL8:Q94AJ9,0.010587251745164394,0
F4HWK0:Q9C995,0.01144438236951828,0
F4JNB3:F4IFF3,0.010236195288598537,0
Q9ZQ78:Q9M8T3,0.01465252973139286,0
Q9M1Q4:Q1G3L5,0.010443638078868389,0
Q8W4F1:Q9LYM3,0.015009427443146706,0
Q8VXX3:A0A1R7T3B3,0.03292043134570122,0
P29382:Q9C8M9,0.02286185324192047,0
B3H5J5:B3H7C4,0.009719817899167538,0
O49730:Q9M054,0.0103879040107131,0
P27323:Q9SD33,0.02821909822523594,0
P57681:Q8L5W8,0.015750059857964516,0
Q9SYF1:Q0WUZ1,0.01734701730310917,0
A0A1P8AW86:P93004,0.010859751142561436,0
Q8LA14:Q9SKI1,0.009901254437863827,0
A0A1P8B415:Q1G3X9,0.010414385236799717,0
A0A1P8BAY9:Q9C6V3,0.010374946519732475,0
A0A1I9LMU1:Q9LNC9,0.01092557329684496,0
F4IXJ7:Q9ZUM0,0.024786686524748802,0
O81000:Q9FH00,0.010094963945448399,0
Q9CAQ2:Q9FGB0,0.037369176745414734,0
Q42440:Q9FK86,0.009891407564282417,0
A0A1P8ANA9:F4ITL6,0.009875746443867683,0
Q8RWG5:Q6ICW8,0.011022676713764668,0
Q9ZPH4:Q93VH1,0.03482014685869217,0
Q1H5B1:O48720,0.011074266396462917,0
O23624:Q9ASZ4,0.01002870500087738,0
Q9FLI3:Q9SH31,0.027760986238718033,0
Q941I2:O49660,0.07452990114688873,0
Q2V369:Q9FHC2,0.009919298812747002,0
A0A1P8AZN3:Q9ZQ60,0.012648043222725391,0
Q2V371:Q9SAU9,0.010104330256581306,0
Q9LUE5:C5H8J1,0.038377951830625534,0
Q9FYE3:Q6NPF8,0.016149891540408134,0
Q9LS86:Q8LFL8,0.02788124792277813,0
B3H6J5:Q9FJV9,0.033917516469955444,0
Q9M995:Q9SZZ8,0.021558208391070366,0
Q9LVW2:Q5XET4,0.011182622984051704,0
Q9SYA7:Q9LW63,0.010245440527796745,0
A0A1P8B6A7:Q9SSP4,0.0138353006914258,0
Q8L5Z7:F4HWF9,0.2013627290725708,0
F4JJ97:Q8S8N4,0.01022792886942625,0
Q8GXY9:O49653,0.010047205723822117,0
P57751:B3H4X6,0.010277925990521908,0
A0A1P8B0Q6:O04202,0.010963735170662403,0
Q9SVH8:Q9C636,0.009895967319607735,0
Q9M073:Q8LA14,0.010598047636449337,0
B3H4U3:A0A1I9LPY5,0.010109168477356434,0
Q9FFZ2:Q5S502,0.009961666539311409,0
Q6NME7:B3H779,0.010049181059002876,0
O48852:F4HWK0,0.010663854889571667,0
Q9FUA4:Q9FIK6,0.0651453286409378,0
Q9M2C9:O82328,0.010383193381130695,0
Q9LFD5:Q9SZ42,0.02403843030333519,0
Q9FXE2:Q9SV30,0.015000094659626484,0
Q8LGS1:Q8W4S5,0.012671570293605328,0
Q8LE51:A0A178WKP3,0.1950463503599167,0
Q8LAW2:Q94K61,0.011189374141395092,0
Q9SMN5:Q9LM14,0.010420824401080608,0
F4HVJ3:Q9SN51,0.016703329980373383,0
Q9LSI7:Q93VQ6,0.04420477896928787,0
Q39230:Q9ZQ36,0.010481486096978188,0
Q8H181:Q0WVN5,0.014488744549453259,0
A0A1P8B6C9:F4KEN8,0.00989166833460331,0
Q8GY89:A0A1P8AWH6,0.009852202609181404,0
Q9LTS6:Q67Z52,0.02037886343896389,0
Q93ZI5:Q9ZVI2,0.00978341419249773,0
Q9FFE4:Q67XI5,0.011194962076842785,0
Q9FG85:A0A178W3G2,0.010409674607217312,0
Q9STM6:Q9STR4,0.018123961985111237,0
Q9SCP4:A0A1P8B3J6,0.009977501817047596,0
O48720:F4I4F2,0.01635577529668808,0
Q9FV71:F4HUW0,0.012026927433907986,0
A0A1I9LT34:P34791,0.01011031586676836,0
A0A1P8AY68:F2Q9V5,0.009889191947877407,0
Q9LMY5:Q9LU68,0.011208860203623772,0
O80961:A0A1I9LLN7,0.010630730539560318,0
Q0WNZ8:Q9CA54,0.020198024809360504,0
P92556:O49660,0.010677081532776356,0
F4JDS7:Q8GXE9,0.009906359016895294,0
F4IYK3:Q3ED38,0.17392225563526154,0
F4IST2:A0A1I9LPE3,0.011858375743031502,0
Q9FNL4:Q9LMN1,0.021674109622836113,0
O23569:Q9M338,0.10206438601016998,0
B9UY99:Q9SKM7,0.011002189479768276,0
Q8S8E3:Q9LHK9,0.04828351363539696,0
A0A1P8B9B9:Q84W04,0.01401823665946722,0
P92518:F4J551,0.009914291091263294,0
A0A1P8BHB4:F4KAD6,0.009715472348034382,0
Q9LFM4:Q9FGR7,0.01034711953252554,0
Q9FV49:C0LGK4,0.015064778737723827,0
A0A1P8AZP7:O22433,0.009835943579673767,0
A0JQ12:Q9SV63,0.010667160153388977,0
Q2V346:Q8VYP6,0.010082735680043697,0
F4IWK7:O22683,0.01003778912127018,0
Q9SGI7:Q93VC7,0.012501346878707409,0
F4I5Q5:Q9SV54,0.0104207843542099,0
A0A1P8B0G6:Q940R4,0.010342694818973541,0
Q9LZV9:Q8L638,0.012280759401619434,0
Q9LXR9:Q9SN15,0.013901382684707642,0
Q9T070:Q2V4J2,0.010247661732137203,0
Q9M2D8:Q501D5,0.056288089603185654,0
Q949R4:Q8VZS2,0.010294303297996521,0
Q94K91:Q8VYH0,0.010564402677118778,0
B3H7H8:Q3E7C8,0.009702335111796856,0
A0A1P8AM23:O80667,0.01070930901914835,0
Q0WNX3:Q9SR09,0.012766413390636444,0
A0A1P8B5H9:Q9FME4,0.009960618801414967,0
Q9C9N6:Q9LE02,0.011053700931370258,0
Q9SCK5:Q9M122,0.011911912821233273,0
C0LGN2:Q9FV71,0.012287989258766174,0
A0A1P8AYJ3:Q9ZUU2,0.009934180416166782,0
Q9SN85:Q6NLU2,0.016407234594225883,0
Q9SI57:A8MQP2,0.01009337604045868,0
Q9SRS6:Q9SV75,0.010460264049470425,0
O64820:A0A384L1W6,0.029838332906365395,0
Q9ZWC0:Q8GYS0,0.016499776393175125,0
Q9SU91:Q8LB54,0.016590528190135956,0
Q8H0U5:Q9S763,0.01211673766374588,0
A0A178UG69:Q8GWG6,0.011367576196789742,0
F4JEQ6:F4HU58,0.009929179213941097,0
Q9CA93:Q9FH16,0.01772577129304409,0
Q9SLH0:O49619,0.01550282072275877,0
Q9SF38:Q9XFB0,0.024720190092921257,0
F4I6U7:P0CAY4,0.01008906215429306,0
Q2V3H0:F4I386,0.009971222840249538,0
A0A1P8AWX3:Q9C9U0,0.010842876508831978,0
F4KIL1:P46416,0.013799433596432209,0
Q9LEZ3:Q9LPR9,0.027433425188064575,0
Q8RWG0:O04719,0.19977565109729767,0
Q8LGE0:P93009,0.013046576641499996,0
F4HQX1:Q9C717,0.016052713617682457,0
Q8RWM7:Q9FYE2,0.010726859793066978,0
O49403:Q9FFJ9,0.5287662744522095,0
Q689D6:Q9LZI7,0.011227275244891644,0
F4K8I3:Q8GYI3,0.00982666015625,0
Q9SJA6:O82320,0.020247234031558037,0
Q1G3L1:O04254,0.010145996697247028,0
Q94CJ5:Q9M2N7,0.011581565253436565,0
Q9LSK8:Q9ZR13,0.010182258673012257,0
Q9LSB2:Q96251,0.012576676905155182,0
Q9LPW6:Q8VZB1,0.012487920932471752,0
F4I9I6:Q8GYQ5,0.18180441856384277,0
Q9C749:Q84WK2,0.011494333855807781,0
Q9FIX5:Q8VYP8,0.14101602137088776,0
Q93VJ4:Q940F4,0.012776491232216358,0
F4JGK7:Q9LMQ2,0.013914487324655056,0
Q8H113:Q9LNC9,0.03196277841925621,0
Q8S8T8:Q8RW95,0.01784944161772728,0
Q9C519:Q9SN25,0.05247659608721733,0
O81323:Q9LM46,0.8084292411804199,0
Q1H5B1:Q84JK2,0.055418819189071655,0
O23077:Q9C6K4,0.6085074543952942,0
Q9FDX9:Q8LFA9,0.011210800148546696,0
Q9SJ73:Q9S9T4,0.010246974416077137,0
Q9FL02:Q9FGW2,0.009769345633685589,0
F4KHE3:A8MQR5,0.010122443549335003,0
Q8LEP7:Q9FMQ2,0.010697165504097939,0
F4K9Y3:O65517,0.018421847373247147,0
A0A1P8AYB0:Q9C7X2,0.009959322400391102,0
Q9FFS3:Q9SRE6,0.11862162500619888,0
Q9C6T2:Q9LF27,0.012535423040390015,0
Q941I2:Q8L940,0.2756013870239258,0
Q9LS46:Q6IDA8,0.029815426096320152,0
F4HYA7:A0A1P8AYX9,0.01005701906979084,0
Q94BZ7:Q8LEE9,0.010770541615784168,0
Q6E297:Q93Y07,0.010982395149767399,0
A0A1P8BF61:A8MS81,0.010695426724851131,0
Q949X1:O04492,0.011595554649829865,0
Q0WWE3:Q9SH17,0.020640837028622627,0
Q9SJG7:Q9LPW6,0.011781499721109867,0
Q9LYH4:Q1G3Z4,0.009853032417595387,0
O65436:Q9C555,0.009863415732979774,0
O80575:F4JUQ2,0.011059995740652084,0
Q9LZI4:F4I9I6,0.015478190965950489,0
Q949N7:Q9SK69,0.04249187931418419,0
Q8RWB1:Q9FHC2,0.019999919459223747,0
Q93V58:F4JDR1,0.017827486619353294,0
Q5S502:Q9FJN6,0.010621456429362297,0
Q9SCR0:Q9LUR0,0.08541987091302872,0
P62090:Q6DSU0,0.025112319737672806,0
Q7XBQ8:Q9FG51,0.011270495131611824,0
Q94C40:Q8LG95,0.019383572041988373,0
Q6ICW8:F4HRI2,0.09567161649465561,0
Q9LJN0:Q8W4F3,0.010560059919953346,0
Q9SJW7:F4HVZ5,0.013223454356193542,0
Q5BPV4:Q1PF16,0.04712739214301109,0
Q9C9N3:A0A1P8AZ61,0.010147673077881336,0
C0LGK4:F4K5V9,0.01075690146535635,0
Q6NLU2:A0A1P8B760,0.014888114295899868,0
Q9T0J4:Q0IGM1,0.01002646517008543,0
Q94CB5:Q9CA73,0.010545085184276104,0
Q9LZD1:Q9FYR2,0.010040657594799995,0
F4J7V3:O81025,0.010899705812335014,0
P0DKG5:O65387,0.01054356712847948,0
Q8VZT6:Q9FH86,0.01328375656157732,0
Q9FJL3:Q9LSN5,0.01718718931078911,0
Q9LHH3:Q9SIV0,0.011722649447619915,0
F4JZU2:P92534,0.009798556566238403,0
Q8RXY0:Q9FV53,0.011270253919064999,0
Q9CAW3:Q29Q18,0.010370146483182907,0
Q9C969:Q84TD6,0.10063757747411728,0
O80943:Q84WM1,0.009986878372728825,0
Q9T0B1:Q1G371,0.01237837877124548,0
P33077:Q9XI76,0.07253412902355194,0
O82503:P55217,0.037485916167497635,0
Q9FJH9:Q9FF54,0.010101198218762875,0
Q9FX34:Q9SJG6,0.011985152028501034,0
Q93ZN4:Q9T0A3,0.010472347028553486,0
Q9ZUU7:Q9M9G7,0.010210084728896618,0
Q1PF16:F4K9D7,0.014425027184188366,0
Q9LIQ9:F4HZ96,0.010425464250147343,0
O64517:Q42606,0.02481747791171074,0
Q9C9W9:A0A1P8B7P2,0.01094276923686266,0
A0A1P8BC60:Q9M054,0.009893064387142658,0
Q39024:Q9M292,0.08288475126028061,0
Q8GWA7:O82266,0.010156842879951,0
Q9FJV9:Q9S9X6,0.012170049361884594,0
Q9C5C4:A0A1P8BH47,0.010565601289272308,0
Q9SRE6:Q9LMM5,0.662420928478241,0
A0A1P8AS86:Q8VYN3,0.01081006322056055,0
Q0WQG8:Q9FKA9,0.011746231466531754,0
Q8GYS0:Q9STT1,0.10149843990802765,0
B9DF92:Q9S829,0.0158494021743536,0
Q3ECR5:Q9LUA3,0.011661439202725887,0
Q9LPD9:P56788,0.014997214078903198,0
Q9SV54:Q9MAI5,0.06112850829958916,0
Q9SSW0:Q93YQ0,0.018320413306355476,0
P0DO23:Q9FJL3,0.027952924370765686,0
Q9SJG5:Q5UBY2,0.011154328472912312,0
Q570C0:Q9LK79,0.019856154918670654,0
Q9FGJ3:Q93Y22,0.18506507575511932,0
Q9M8T3:Q0WQA4,0.1499725878238678,0
Q9LQS7:Q9LK19,0.1511521339416504,0
O80603:Q37001,0.018116941675543785,0
F4KCZ1:Q8S8E8,0.011499765329062939,0
Q3ECY3:O24617,0.012722022831439972,0
Q84WV9:F4IT95,0.011329914443194866,0
Q9FHF5:A0A1P8BBB8,0.009776984341442585,0
Q9FMR0:Q6E297,0.011578813195228577,0
F4ID24:Q58G10,0.047683846205472946,0
Q94C26:Q08891,0.011440844275057316,0
O64640:Q67Y04,0.012796399183571339,0
Q8S9J2:Q8LFB8,0.010461273603141308,0
O49698:Q9XGZ2,0.011231898330152035,0
Q8GXC7:O82197,0.07349317520856857,0
Q9SYP2:Q0WV78,0.014975479803979397,0
B3H5T1:Q9SFX3,0.00997637677937746,0
Q9CAP2:O80480,0.3036687672138214,0
Q39238:Q9CAN3,0.5997029542922974,0
B3H797:Q9SJ29,0.023321757093071938,0
Q9M0C5:B3H713,0.010353042744100094,0
Q9LT31:A0A1P8B5H9,0.010053443722426891,0
Q9C9U0:Q93ZN4,0.01041619572788477,0
Q8S8E8:Q56Y42,0.02197604440152645,0
Q940Q3:A0A1P8B5I4,0.010005097836256027,0
Q1H5D2:O49292,0.010454139672219753,0
Q9FYE3:A0A1I9LTJ3,0.012762555852532387,0
Q9SJN2:Q8H0W0,0.010349981486797333,0
Q1PEE4:B3H4V4,0.00990390032529831,0
F4IIL3:O80535,0.010439771227538586,0
Q93ZN3:P17839,0.015760039910674095,0
Q9FGW2:Q9LHP2,0.010263172909617424,0
O22244:B3H6U9,0.009948628023266792,0
O64562:Q9FNR0,0.010329957120120525,0
Q9C507:O23384,0.01043921709060669,0
Q96251:Q9SZG4,0.010218347422778606,0
Q9M282:Q9FHZ7,0.009841817431151867,0
Q9LZ97:Q94AG2,0.021088367328047752,0
Q9SN67:F4JR37,0.01032287534326315,0
Q9FFU3:F4HWK0,0.01022252719849348,0
Q9SUZ4:O80470,0.01198546588420868,0
Q8LBN4:Q8LE51,0.015318721532821655,0
Q00IB6:O64470,0.01637701690196991,0
Q9LMK5:A0A1I9LT28,0.01268058456480503,0
Q3E918:Q9T0A4,0.010081790387630463,0
Q9SYA7:Q9C6V2,0.010021756403148174,0
P0C7Q8:Q9S7H5,0.2914092540740967,0
Q9FM80:Q9M843,0.010451160371303558,0
Q9FZK5:Q9SVW0,0.010716607794165611,0
Q9SU34:Q9FLD3,0.010505658574402332,0
Q84WL4:Q9SW80,0.12157919257879257,0
B3H434:Q8L5Z0,0.009870301000773907,0
Q9LVM2:P46014,0.012490840628743172,0
O23006:O64733,0.010712474584579468,0
Q9FHI6:Q8LCH5,0.03287702426314354,0
Q9S829:F4JWB9,0.010137490928173065,0
Q9LZE2:Q2V483,0.01014470774680376,0
Q9M1X2:Q9C9A0,0.011592136695981026,0
Q45GG6:Q2V323,0.010303839109838009,0
Q9M0G0:A0A1P8AXA3,0.010096248239278793,0
Q1PET7:Q93ZM9,0.04854605346918106,0
Q9SVH8:A0A1P8APR3,0.009861352853477001,0
Q8LGG0:Q8GW27,0.029485000297427177,0
Q9LTT3:Q1G3X9,0.014064127579331398,0
Q9LDI9:O22152,0.20165203511714935,0
O04005:A0A1P8BFS0,0.011461349204182625,0
F4JZZ1:Q9C790,0.018491467460989952,0
O48704:Q39191,0.010384666733443737,0
Q8L844:Q2V4C3,0.010002861730754375,0
F4JNI7:Q9C9W9,0.011581430211663246,0
F4K719:Q9FFG6,0.00996264535933733,0
B3H4R7:Q8RXG5,0.009747142903506756,0
B3H555:Q1G390,0.009868554770946503,0
Q9LS90:Q8VXZ0,0.020429236814379692,0
Q9ZT42:Q3EC43,0.010524619370698929,0
Q9SPI1:Q9SKB2,0.021875565871596336,0
F4K4M9:Q9S9T8,0.011570713482797146,0
Q9LYM3:Q4VP08,0.010119137354195118,0
F4JVA4:F4HRC0,0.02811402454972267,0
Q8VY16:Q9ZQC8,0.011160764843225479,0
Q7X6Y7:Q9M9C8,0.026228895410895348,0
O80885:Q8VZB2,0.09688257426023483,0
Q500W8:F4JXP4,0.01203825231641531,0
Q39233:Q9LX28,0.09425221383571625,0
O04294:Q9FGP1,0.014880082570016384,0
Q29Q74:Q1G3L1,0.010124667547643185,0
Q8LGE9:Q9FI57,0.010530255734920502,0
Q3ECM9:Q500W7,0.0110267149284482,0
Q9C788:Q9LZ86,0.03451046347618103,0
F4IJR9:F4JZH9,0.009999469853937626,0
A0A1I9LRZ5:F4J687,0.009969676844775677,0
B3H635:Q9ZQ60,0.009907512925565243,0
Q9STS7:Q5S502,0.009919504635035992,0
Q8LCN1:Q9SK53,0.0550619475543499,0
Q8RW90:F4HVW5,0.03159457445144653,0
Q8LB54:Q94AJ9,0.013599111698567867,0
P46014:Q9SH31,0.010702713392674923,0
F4IMA4:Q9LV99,0.009675777517259121,0
Q9XI19:Q8RX36,0.013367685489356518,0
A0A1P8APR3:Q8GZ75,0.010049721226096153,0
Q940R4:A0A1P8AQP2,0.010211054235696793,0
P56801:O81057,0.04901140555739403,0
Q9LF27:O82812,0.011223514564335346,0
Q9FII6:O49653,0.016394196078181267,0
P93755:Q9LP80,0.059262074530124664,0
Q93YN4:A0A1I9LT67,0.009862467646598816,0
Q570R7:Q9C8L6,0.01796053722500801,0
Q9SUM3:Q9SJJ0,0.17902015149593353,0
Q9SK69:Q9LSS7,0.021973561495542526,0
Q9STR4:Q9MA50,0.011881288141012192,0
C0LGM1:B3H6P5,0.010152372531592846,0
A0A1P8B5I4:Q8GYP4,0.009783896617591381,0
F4JM51:F4J0D0,0.010390706360340118,0
O81051:Q9ASQ2,0.015448902733623981,0
Q67ZU1:Q9LT48,0.011148265562951565,0
Q9M0X0:Q3EBI7,0.012055853381752968,0
Q9LST3:Q9SRP6,0.02297436259686947,0
Q8GY11:Q9STG3,0.012788302265107632,0
Q94BN0:B3H4U3,0.012294260784983635,0
F4JGI4:O22287,0.010112863965332508,0
Q39227:F4ITL6,0.011198719032108784,0
Q93ZM9:O48721,0.061271458864212036,0
F4JC91:Q9LTV9,0.01570890285074711,0
B3H7C4:P26288,0.01094235759228468,0
Q9LUU5:Q9FG97,0.01510587614029646,0
Q94C53:Q9M9C5,0.02549043670296669,0
Q9XFD1:Q9ZR37,0.10764272511005402,0
Q5XVB7:Q93VH1,0.011318503879010677,0
Q56WD9:Q8L7M3,0.017263824120163918,0
Q2UVJ5:Q9SIS2,0.017079465091228485,0
Q9LEW7:Q9ZWB4,0.011142621748149395,0
Q8GXR6:Q1G3V9,0.01706223003566265,0
F4I1S7:Q949R9,0.01175052858889103,0
Q94AX3:Q9SYH1,0.010819968767464161,0
P0DN98:F4K1C7,0.009908245876431465,0
Q9SKI1:Q9MAP3,0.012038503773510456,0
Q3C1C7:O80961,0.02149234339594841,0
A0A1P8AQU8:F4IAF4,0.010198084637522697,0
Q9CAL3:Q9SIZ6,0.016374938189983368,0
O80535:Q8L981,0.014906020835042,0
Q4VNZ6:Q84WV9,0.010404093191027641,0
F4KAV2:Q8W234,0.020347008481621742,0
Q9M2R3:Q9CAA4,0.013458842411637306,0
Q9SK39:Q9C749,0.016356272622942924,0
A8MS81:Q9SIW1,0.15115642547607422,0
Q66GP9:O64837,0.010691718198359013,0
Q8W3M6:Q9LDF5,0.020598867908120155,0
Q9SIV0:Q9S9X7,0.012383576482534409,0
Q9ASQ2:O64560,0.013840168714523315,0
Q38832:Q9SJZ3,0.024676544591784477,0
Q9S7M2:A0A1P8BAC6,0.010879657231271267,0
F4IS76:Q8VZ95,0.012060754001140594,0
Q9LV38:Q5XV94,0.011444740928709507,0
Q93V43:F4K2R6,0.6754798293113708,0
A0A178W7H0:F4K0T3,0.010339277796447277,0
F4IG63:Q8LGG0,0.10032456368207932,0
Q8GWK1:Q9T075,0.017815008759498596,0
Q9LFE3:Q9LJF5,0.021695835515856743,0
Q9LQ74:Q945P2,0.009953275322914124,0
Q9LVG8:Q3MV14,0.014490148983895779,0
Q9SYL9:A0A178UN96,0.010035781189799309,0
A0A1I9LLN7:Q9LK55,0.00985373929142952,0
F4HTT8:Q9FJ70,0.010639070533216,0
Q9LMT2:Q9C8D1,0.11172950267791748,0
A1L4Y1:Q8LBB7,0.016416341066360474,0
Q58FY7:Q9ZW84,0.010650904849171638,0
O49292:Q9SGT0,0.010159029625356197,0
A0A384L1W6:Q9SII1,0.02604687213897705,0
B3H4V4:Q9FF13,0.010150502435863018,0
O80568:Q9M903,0.010231991298496723,0
P92534:Q2V4I9,0.009730427525937557,0
Q8GY84:Q93ZB0,0.010394570417702198,0
Q04613:Q93ZE3,0.009900492615997791,0
F4JGU2:A0A1I9LQ53,0.010664557106792927,0
Q9SMZ2:P0DKG4,0.011524948291480541,0
Q8L493:F4K739,0.011924775317311287,0
Q93YQ0:A0A1P8AXR7,0.009937596507370472,0
Q8L5W8:O23684,0.023693162947893143,0
Q8L475:Q9FM73,0.009988381527364254,0
F4IP00:P49177,0.010592741891741753,0
F4JN77:Q9LV43,0.010782934725284576,0
Q9LXP4:Q9FF62,0.016596386209130287,0
F4KIT4:A0JQ12,0.010549853555858135,0
Q41220:Q8LBN4,0.010775540955364704,0
A0A1I9LTE5:P59231,0.010535648092627525,0
Q9FGR7:Q9C9N6,0.010711952112615108,0
Q9FK30:Q17TI5,0.016170592978596687,0
Q9C717:Q39266,0.3048780858516693,0
Q42381:O23157,0.01177141536027193,0
B3H4Z7:A0A178W7H0,0.010832271538674831,0
Q1PF74:B3H7H1,0.2540746331214905,0
F4HPF4:Q9M9Y4,0.013557112775743008,0
F4I5G3:Q6NPF8,0.013800146989524364,0
Q84WK2:Q9SV72,0.010159834288060665,0
F4HTE0:Q06738,0.010144064202904701,0
Q9SH31:Q8W109,0.011018690653145313,0
F4J1T4:Q2V452,0.0455574207007885,0
Q93XM6:Q9FGR2,0.022513730451464653,0
Q9M0I1:Q9M358,0.03530634194612503,0
O49608:Q8GYP8,0.048552751541137695,0
Q1G3V0:O48852,0.010717714205384254,0
F4JX46:Q9FMR0,0.01244203932583332,0
Q6NNH0:Q9LUK1,0.012446555308997631,0
Q9SV11:Q9LW77,0.01933879405260086,0
Q9ZVC7:Q9T0B1,0.009903519414365292,0
Q9XHZ8:Q9ST43,0.3946855068206787,0
Q0WRE7:Q58FT9,0.009898190386593342,0
Q9FF72:F4JNB3,0.009985879994928837,0
Q9SRS1:Q5S4X7,0.010256360284984112,0
Q9SHJ6:F4I9P7,0.020322132855653763,0
Q56YT7:Q9LF60,0.011093918234109879,0
Q94F04:Q9SZV3,0.011531989090144634,0
Q6ID72:Q94BZ5,0.010844138450920582,0
Q0WVN5:Q9LZQ2,0.010394607670605183,0
O49730:B3H6N4,0.010035501793026924,0
Q8LBA6:Q9FJ82,0.013251195661723614,0
F4I3C6:C0LGN2,0.01250178087502718,0
Q9LZP9:Q5XVB7,0.009901374578475952,0
Q8LA53:Q9LF70,0.02033562771975994,0
Q05762:O23247,0.011740258894860744,0
Q9SU72:A0A384L363,0.012511066161096096,0
Q8S8P6:Q8GWK1,0.010857664048671722,0
Q8W4E1:A0A178V0E5,0.011058342643082142,0
A0A1P8AWH6:F4HQ84,0.011184493079781532,0
Q9SSP4:P43297,0.02190876007080078,0
P43292:A0A1P8BDE8,0.32047325372695923,0
Q2V2S7:Q9SUX0,0.010109655559062958,0
Q9AT60:Q9SFG3,0.013596132397651672,0
F4IJ77:Q94A68,0.013797357678413391,0
Q9M8M1:Q2V328,0.01022452674806118,0
F4K725:Q9S7H1,0.022122429683804512,0
Q9LJW1:O82760,0.010264897719025612,0
A0A1P8B630:Q9SYG4,0.012306930497288704,0
A8MQH8:A1L4Y4,0.014059535227715969,0
Q9FL63:Q2L6T1,0.010473315604031086,0
A0A1I9LSP4:O65514,0.010251148603856564,0
Q94AW8:Q9M7X9,0.07691565155982971,0
F4JUM8:Q8GWY0,0.015200194902718067,0
Q5XVA8:Q84J91,0.02122383564710617,0
Q9C6V3:Q8L475,0.012723839841783047,0
Q9LJF6:Q67XT7,0.01010920014232397,0
Q9LT09:Q9C6C7,0.011734416708350182,0
Q9SB36:Q9FYL5,0.011880147270858288,0
B3H7J2:Q8GWP5,0.010199110954999924,0
Q67YT8:Q9SRX7,0.010594173334538937,0
Q67XG0:Q9C9H0,0.01061499398201704,0
Q9FKU2:Q9SYQ0,0.01300639845430851,0
A0A1P8AR64:Q9M8L3,0.010403837077319622,0
O50039:O80513,0.02495517209172249,0
Q8LA14:Q9FGV1,0.012171448208391666,0
Q9SCX9:Q9FLN8,0.01671270839869976,0
Q9C7N3:F4IY04,0.018508007749915123,0
A0A1P8AXU1:Q9ZUN8,0.011745141819119453,0
Q9ZQ36:Q9LUQ8,0.012027780525386333,0
Q9C6Z4:A0A1P8BHB4,0.009725513868033886,0
O22951:F4HTY0,0.012738123536109924,0
F4I7E0:Q9LNT9,0.011372602544724941,0
Q9FE54:Q9SPE5,0.010857194662094116,0
Q8H0W0:Q9T0J6,0.013536283746361732,0
Q3E7C8:A0A1P8B3Y4,0.009697867557406425,0
Q9LRQ0:O48915,0.01031661219894886,0
Q9CAR0:Q8LG05,0.25942111015319824,0
F4HT43:Q9ZUV6,0.013031760230660439,0
Q8LFL8:Q9M223,0.012231550179421902,0
Q9FN79:Q9LV21,0.011866629123687744,0
Q9ZPS7:B3H7N2,0.011593063361942768,0
Q9LZ47:Q3S4A7,0.026263713836669922,0
Q67ZB6:Q9SVB7,0.07907623797655106,0
F4K329:P59263,0.012217758223414421,0
Q9C8Q4:Q9SK39,0.010627730749547482,0
P92561:Q8H1Z0,0.009779620915651321,0
Q9LQQ2:Q9SFV3,0.010216305032372475,0
Q9FJV0:F4JUF8,0.032686423510313034,0
B3H4V9:Q9FRI1,0.010431917384266853,0
Q9LXV2:A0A1P8BF78,0.015164566226303577,0
Q9ZNV9:Q9LUE5,0.5560193061828613,0
Q9LQ12:Q93XM6,0.1183750256896019,0
Q8RWC9:Q6NQM0,0.054360281676054,0
F4K7X9:B3H4Q0,0.009847980923950672,0
Q8LAP6:Q9FJA3,0.010283604264259338,0
Q9LW12:Q9SZG2,0.012028674595057964,0
B3H5I6:Q8VYG5,0.01002660021185875,0
O22161:Q9M4T3,0.08061819523572922,0
Q8LG05:F4JF14,0.020357122644782066,0
Q9C741:Q8GXB7,0.010347082279622555,0
F4I4E1:F4ICB5,0.019557705149054527,0
Q9ZT84:F4J4N3,0.03818630799651146,0
Q9LUI0:F4I8F9,0.051724839955568314,0
Q9FG97:Q9LVE9,0.011766786687076092,0
A0A1I9LSC0:Q56YN3,0.011345600709319115,0
P54609:Q67YR4,0.12996427714824677,0
Q8GW17:O80450,0.5499173998832703,0
O64565:A0A2H1ZEC0,0.028173549100756645,0
Q8VYP6:Q9S9P1,0.016376694664359093,0
Q9LYB8:Q9STX2,0.010555760003626347,0
Q9C8D1:Q9C9R6,0.0908750519156456,0
F4I7Y6:Q8GYP6,0.012955437414348125,0
Q8GWP4:Q9M237,0.01070538628846407,0
Q945S8:Q9LIJ9,0.134683758020401,0
F4I6H7:A0A1P8BF81,0.010402549989521503,0
Q3EDK6:F4J956,0.009763556532561779,0
Q9SLB8:O50039,0.02244737558066845,0
Q9FK86:Q9LK61,0.010043722577393055,0
Q9LS04:Q9LZE2,0.01506870985031128,0
Q9LUQ8:A0A1I9LTE5,0.010410867631435394,0
Q9LK65:P19172,0.013232724741101265,0
Q9FIK6:Q9FN50,0.011013421230018139,0
Q9LKZ3:Q9SB51,0.07427632808685303,0
Q8GYP3:Q9FMB4,0.02580752968788147,0
Q9ZR09:Q8GUT5,0.013074859976768494,0
Q9SJ29:F4JHF7,0.013559999875724316,0
O04643:Q6NNK6,0.009785640053451061,0
Q9SM23:Q9LIA2,0.03381756320595741,0
Q9LTY9:O48713,0.010041454806923866,0
Q9LF70:Q9SJL5,0.012317942455410957,0
Q8GY72:A0A1I9LPY5,0.013991258107125759,0
Q9CA46:A0A178WNP1,0.013663830235600471,0
Q9M0X1:Q9XIK5,0.050084587186574936,0
Q8GWY0:Q8W4F1,0.019681183621287346,0
O82813:Q9M012,0.010023809038102627,0
Q9C924:Q8RWG5,0.010649516247212887,0
Q8VZS2:Q94AP0,0.010096984915435314,0
P43298:F4J1R8,0.010792950168251991,0
Q9C5X8:Q9SKH8,0.010202004574239254,0
Q8S8Q0:Q8LGS1,0.01004860084503889,0
F4I0Z2:Q9FLS0,0.01314287818968296,0
F4IEX1:O82162,0.010203223675489426,0
Q8W207:Q9C8L8,0.014975580386817455,0
Q5XVD2:P35632,0.01369621604681015,0
Q9C8T5:O64785,0.01940595544874668,0
Q0WSU0:O80800,0.022827958688139915,0
Q9LXP6:P27900,0.01218357589095831,0
Q8LCN5:A0A1P8BH56,0.010059981606900692,0
Q9SJJ5:Q9SYP2,0.018587714061141014,0
Q94AG2:F4JKW0,0.012918186374008656,0
O49397:A0A1P8B4K5,0.07372186332941055,0
B3H5R2:O49687,0.01343829371035099,0
B9DFU2:A0A1I9LSZ8,0.010946924798190594,0
B3H7D8:F4IG63,0.019087936729192734,0
Q2V3K2:A0A1P8AZP7,0.009836378507316113,0
P92964:Q94C26,0.03264211490750313,0
Q9S826:A0A1I9LT75,0.010056818835437298,0
Q8GW93:Q9FIX3,0.010402283631265163,0
Q945Q5:Q9FIZ1,0.01006998773664236,0
Q9LNF4:F4I6H7,0.03835250809788704,0
Q9M2H7:Q9FE54,0.009993543848395348,0
Q9FML9:Q94K71,0.010474331676959991,0
Q8GX25:Q9FNP4,0.012831046245992184,0
Q94B35:F4I806,0.010709155350923538,0
Q9M9H3:Q9LTX4,0.012066630646586418,0
A0A1P8B2C8:Q9M0X8,0.010902381502091885,0
Q9M358:Q9SYF1,0.022245733067393303,0
Q8L981:F4JML6,0.013059410266578197,0
Q9LRJ4:Q9FHA7,0.915875256061554,0
O23051:A0A1I9LQG9,0.01054893247783184,0
Q9LNC9:F4JWT7,0.060487300157547,0
F4J7P7:Q9FJ08,0.01065865159034729,0
Q9XIK5:Q9LZ82,0.25634369254112244,0
Q8RYD3:O65628,0.17260125279426575,0
F4J368:O04587,0.00983207207173109,0
Q0WPQ2:Q1G363,0.01321480330079794,0
Q38829:F4J8U4,0.010846062563359737,0
F4K5P3:F4I7W1,0.009847722947597504,0
O65554:A0A1P8B0Q6,0.014981770887970924,0
Q8VYF0:Q9SKI0,0.0103208739310503,0
Q9T075:O81627,0.011014619842171669,0
Q9SN61:Q84JG5,0.0098347133025527,0
Q0V7S1:Q9SUM3,0.01427230890840292,0
Q9ZU92:Q0WNZ8,0.028785327449440956,0
Q9ZR13:F4J7V3,0.01051437109708786,0
F4JLQ2:F4HT02,0.01103025022894144,0
Q6IDB0:Q8GW93,0.01760656014084816,0
Q9LV70:A0A1P8B453,0.009838606230914593,0
B3H4X6:Q9XID2,0.00990215316414833,0
Q9ZNX9:Q29Q74,0.010846724733710289,0
Q9LYL9:Q93WB3,0.017722202464938164,0
Q8W4C3:F4JQS2,0.01130271889269352,0
Q8RWG5:Q9FE25,0.01807677187025547,0
Q9CA54:A0A1P8B1G7,0.009984808042645454,0
A0A1P8B7F5:O65499,0.06917930394411087,0
Q8GY13:O04643,0.010353992693126202,0
Q9FI44:Q9FN15,0.010834547691047192,0
A0A384LJI7:Q3EC23,0.009873609058558941,0
Q9SX99:Q9ZPH4,0.011350593529641628,0
Q9LMM6:Q9LSW0,0.016995541751384735,0
Q9LJZ4:O49195,0.010289299301803112,0
Q9SSM3:Q9SZF7,0.04107785224914551,0
Q9LUA7:Q9SU89,0.014974238350987434,0
Q0WUB8:O65554,0.2534341514110565,0
Q9M357:Q9XED8,0.028750116005539894,0
A2RVP7:Q9FFY5,0.01069286372512579,0
F4JVB8:O22919,0.082436203956604,0
B3H6I2:F4HVJ3,0.009958894923329353,0
Q9SVG9:O24629,0.04533180966973305,0
Q9LZP4:A0A1P8BB71,0.009894754737615585,0
P56755:Q1G3U1,0.010338918305933475,0
F4J631:F4I8Q1,0.0965806171298027,0
B3H4U3:Q9LF88,0.00990179181098938,0
F4JHJ3:Q9LXA8,0.01000776793807745,0
Q9M0Q0:F4JT86,0.010702785104513168,0
Q9ZPH4:Q9SCZ5,0.012434533797204494,0
Q9FME4:Q9LTX0,0.009957312606275082,0
Q9M1F6:Q9M9Z2,0.010279125533998013,0
Q8LPL5:Q9SK09,0.017069358378648758,0
Q94CC1:Q9SKT0,0.011006093584001064,0
O81057:Q8GYM2,0.025960875675082207,0
Q9SK09:Q9LRM4,0.02138439193367958,0
Q9LQZ5:Q9XF57,0.19573239982128143,0
A8MQL5:Q9LM93,0.012344288639724255,0
Q1EBV4:A0A1P8AXB7,0.02749125100672245,0
Q9SCU7:Q9SKI5,0.12239163368940353,0
Q9SB60:F4JTD2,0.026794148609042168,0
F4HV48:Q9FKQ8,0.011580790393054485,0
F4HRI2:O64565,0.012242390774190426,0
Q6NMH5:A6QR85,0.013029051013290882,0
F4I6Q0:P93755,0.05597890168428421,0
Q9ZSJ6:Q9SGS2,0.010778915137052536,0
A0A1P8AVN5:Q9FJI2,0.009988981299102306,0
P21238:Q93YV6,0.025253979489207268,0
Q8W3M3:F4JAZ8,0.08055524528026581,0
Q9M2N5:F4ID12,0.011202817782759666,0
P0C899:Q9ZQH3,0.01308597531169653,0
Q1PDW1:F4IIL7,0.01019430160522461,0
F4IIL7:Q0WR08,0.00985611230134964,0
Q84WK0:Q96524,0.08181380480527878,0
Q8S9K3:Q9FNZ5,0.02130298689007759,0
Q8L5Z0:Q8GW32,0.068552665412426,0
Q940G5:Q9LZC3,0.011374075897037983,0
Q9FN84:Q9C5W3,0.011519174091517925,0
A0A1P8ANT6:Q5PNU3,0.0858246311545372,0
B3H4E1:F4IZC5,0.009913881309330463,0
Q8GXH5:Q1G3L5,0.009747862815856934,0
Q8GWF2:A0A1P8AXU1,0.010222953744232655,0
Q43309:Q9FMP0,0.012197084724903107,0
Q9LV56:F4JT39,0.010163198225200176,0
Q67XT7:Q3EDG5,0.01005102600902319,0
Q1G3U3:Q8H1G0,0.015215116553008556,0
Q9SHG6:Q9SI42,0.01746373437345028,0
Q94K73:A0A384KZU0,0.012400125153362751,0
Q9FFX0:F4JUL3,0.010847294703125954,0
Q9LJF5:A0A1P8AM75,0.010669572278857231,0
Q9LXS2:F4JZZ1,0.011397995054721832,0
Q9SL50:O81740,0.010079978033900261,0
Q6NME7:O80568,0.012925872579216957,0
Q9SCT7:Q9FN33,0.010422113351523876,0
F4HWK0:Q1PEN6,0.010156664066016674,0
Q9FMS4:B3H797,0.013521102257072926,0
Q94F39:Q9ZQR5,0.014415325596928596,0
Q9FIX3:Q9CAW3,0.011009722016751766,0
Q9LV99:Q56YT7,0.010294115170836449,0
Q9LFG4:A0A178V5Q1,0.010143416933715343,0
Q56YJ7:Q9FL02,0.009771974757313728,0
O49160:F4J412,0.011401846073567867,0
Q2V3C1:Q9M7T0,0.013258240185678005,0
P82782:B3H7H3,0.009759376756846905,0
Q9LF34:Q949M9,0.024689052253961563,0
F4IFT7:Q8LF20,0.010480268858373165,0
P43297:Q8L7H8,0.016251055523753166,0
F4HQ89:Q9C969,0.011294071562588215,0
F4JDR1:B3H5J5,0.009880759753286839,0
Q9FLM1:F4J131,0.010383376851677895,0
F4ITP1:Q9FHF5,0.013032115995883942,0
F4JU08:B3H635,0.009946229867637157,0
Q9FZ06:Q9SVZ0,0.029367277398705482,0
Q9LX31:Q9M9B3,0.020844265818595886,0
A0A1P8ARQ1:P93822,0.010504876263439655,0
O80607:Q9FMS4,0.010399586521089077,0
Q94AQ8:O81788,0.03612622618675232,0
Q9LYV3:P94102,0.011424673721194267,0
A0A1P8ANB8:Q570Y0,0.00984816811978817,0
Q9LSI4:Q9ZVT0,0.03929495811462402,0
Q9FHY7:Q39079,0.010185560211539268,0
F4HP86:F4IFF3,0.01794942282140255,0
F4JPQ4:Q9ZV49,0.010682088322937489,0
Q9SN15:F4IV13,0.010784457437694073,0
A0A1P8B760:Q9M1F6,0.011455168016254902,0
A0A178V5Q1:Q9FFS7,0.009741569869220257,0
Q9SUN6:Q9S7I7,0.01193953212350607,0
Q3E8B0:Q9SH60,0.010331566445529461,0
O80742:Q0V845,0.025547323748469353,0
Q8L7G1:Q8GWE6,0.024721184745430946,0
Q9LU86:F4JV80,0.01410346943885088,0
F4KBY0:Q9LTJ0,0.011408962309360504,0
Q0WQM7:Q9LSK7,0.10632665455341339,0
Q1PDL6:Q9LR67,0.010260512121021748,0
A0A1I9LMG4:Q9ZVF4,0.010049528442323208,0
Q39066:Q0WP36,0.010439622215926647,0
Q9LZ59:P92556,0.010095471516251564,0
F4HQ84:O23071,0.03616730123758316,0
F4JYE8:A0A178UXI0,0.011689674109220505,0
F4KE63:Q3EB28,0.01042014081031084,0
F4J480:Q0WUZ1,0.011909044347703457,0
F4ID96:Q9LD83,0.015879346057772636,0
Q9SIN9:Q8GYJ3,0.026201922446489334,0
Q94ID2:F4ICX5,0.011716317385435104,0
Q9C664:Q9ZWA2,0.03393111005425453,0
Q0WQQ1:Q1JPM3,0.31878945231437683,0
A0A1P8BAW7:O22264,0.012970360927283764,0
Q9SVW0:Q0V7V2,0.03237426280975342,0
P92566:B3H5S0,0.010232205502688885,0
Q2V371:Q9FI46,0.00997692346572876,0
Q9LMC0:Q9SKH2,0.011370241641998291,0
Q7Y211:A0A1P8AN89,0.010707798413932323,0
Q9FYB1:Q9LW53,0.03038409911096096,0
Q76FS5:Q6DUW7,0.010506993159651756,0
A0A1P8AP72:Q9FKN0,0.010271609760820866,0
Q9FPW6:C5H8J1,0.16991575062274933,0
A0A178WK49:Q9C800,0.016952840611338615,0
P93005:F4J921,0.010471164248883724,0
B3H7H3:Q94AQ8,0.009919385425746441,0
Q0WP36:O22230,0.03557099029421806,0
Q8GW42:Q1PE51,0.010286363773047924,0
Q0WVW4:Q9FKB0,0.050166159868240356,0
Q9LNW3:B3H6K1,0.08767187595367432,0
Q66GP4:P41151,0.01219315454363823,0
Q66GQ1:Q9SAI2,0.017134038731455803,0
O64903:F4IV24,0.010479511693120003,0
Q9SPG1:A0A1P8AW76,0.18733882904052734,0
Q56Y42:Q9LV91,0.0130683034658432,0
Q9M0Y6:Q9LXJ3,0.01027404423803091,0
Q9FI84:Q8GXM1,0.009889695793390274,0
Q9SHV7:O82319,0.01919271983206272,0
Q07356:Q0WR66,0.01146961934864521,0
F4IY34:A0A1I9LNB6,0.011000116355717182,0
Q84JG2:Q8S8R6,0.17722447216510773,0
Q570Y0:Q949R4,0.01041398849338293,0
Q9CA16:F4JLQ2,0.010622242465615273,0
Q9XIR8:Q9SJY3,0.010158923454582691,0
O64717:Q8GXG1,0.012902462854981422,0
Q9FZI8:A0A1P8BDM7,0.010003346018493176,0
Q9FHB5:Q9LUJ5,0.0136319724842906,0
P82778:Q39103,0.010213238187134266,0
Q8GYP8:Q8L7U4,0.012222225777804852,0
B3H646:F4I5I4,0.009806223213672638,0
Q3EBP7:Q948J9,0.016887551173567772,0
Q9FDW0:Q5HZ03,0.018756002187728882,0
Q7Y220:A0A1P8AW86,0.009883101098239422,0
F4JYN2:Q9SIW5,0.014787989668548107,0
A0A1I9LMB9:Q84RK2,0.010130628943443298,0
A0A1P8ANA9:F4JVF4,0.0100628100335598,0
Q9M9Y4:Q9LTB9,0.07103379815816879,0
Q8GXP7:Q9C7T4,0.01769830845296383,0
Q9STN5:Q3ECQ1,0.010260961949825287,0
Q8GY46:B3H7D8,0.010265353135764599,0
Q9C9Y8:Q8RXY1,0.01449678000062704,0
Q9FH00:Q0WSF1,0.011341486126184464,0
O03982:O64757,0.014992563985288143,0
F4IZ80:Q9SY00,0.020750626921653748,0
Q0WVW7:F4J1T4,0.011273819953203201,0
F4HVW5:Q94KL5,0.5589414834976196,0
Q9LM48:Q9LUD6,0.010758958756923676,0
F4IRZ1:Q9SGI7,0.01120086945593357,0
Q9SU89:A0A1I9LNG9,0.00980481505393982,0
Q9SJH2:Q949U5,0.011322950012981892,0
Q9FYC3:Q93Z27,0.07079041004180908,0
Q9LR67:Q9FL87,0.01031472347676754,0
Q56XM9:Q9SF89,0.015376413241028786,0
Q9SHZ9:Q9SY57,0.010004200041294098,0
Q9FMJ4:B9DHT4,0.05710495263338089,0
Q6NPL0:Q8VY27,0.012196852825582027,0
Q8GYH1:F4KE50,0.015010550618171692,0
A0A1I9LT28:Q9SZT0,0.010682052932679653,0
Q8GT78:F4JU08,0.010819143615663052,0
B2GVM8:Q9FIT2,0.03685766085982323,0
Q9FL51:Q8RXY0,0.01750035025179386,0
Q9SAK0:F4IJ77,0.01027743425220251,0
A0A1I9LQW3:Q9LUS3,0.009976762346923351,0
B6EUC0:Q9SK71,0.046330954879522324,0
F4HWD5:B3H646,0.009967955760657787,0
Q8GZB4:Q8GWA7,0.0099105853587389,0
Q94EW8:Q9SJT8,0.013226977549493313,0
Q9LER7:Q9C519,0.014233089983463287,0
B3H6U9:Q6NMC1,0.009806782938539982,0
F4K6N3:Q9LZ08,0.013261230662465096,0
Q9ST43:Q9LQT8,0.6618574261665344,0
Q9C569:Q8L7L1,0.012592079117894173,0
O48719:Q9LXU6,0.011825772933661938,0
Q9LF88:Q9C7N3,0.010180176235735416,0
Q2V4J2:B3H5A4,0.009788422845304012,0
Q9FUR2:Q8GXP7,0.012380125932395458,0
Q9C8K7:Q5XVC1,0.010804807767271996,0
F4IEL6:A0A1P8B2V3,0.00977297779172659,0
O82328:B6EUC0,0.010630376636981964,0
F4K315:Q9FX58,0.013809925876557827,0
Q8L7L1:Q9FI94,0.014832369051873684,0
O23627:Q9LV81,0.011643985286355019,0
Q9FPQ8:Q94C40,0.45449304580688477,0
P82538:F4KCZ1,0.010133298113942146,0
Q1PEU3:Q6ID72,0.011029652319848537,0
O22783:B3H4F7,0.010028023272752762,0
Q9FUY2:Q0WT61,0.021841466426849365,0
Q94AQ9:F4KEP6,0.010744757018983364,0
O82381:Q9SFG6,0.011463912203907967,0
Q9LF40:F4IP06,0.010549269616603851,0
A0A1P8AUL6:A0A1I9LNA3,0.009861226193606853,0
F4JU69:Q9M0Y6,0.010124578140676022,0
Q9SW40:O81001,0.03199993446469307,0
Q9SGS1:F4JN00,0.01877114549279213,0
Q8GYD2:Q7XHI9,0.25112318992614746,0
Q2V3X3:A0A1P8AZN3,0.010242665186524391,0
Q0PCS3:Q9FE67,0.0799933671951294,0
Q9FT52:Q9FXF4,0.010561509989202023,0
O64560:Q9C636,0.01061243936419487,0
P0CB19:O23051,0.01094338670372963,0
O04203:B9UY99,0.013786082156002522,0
Q6NPL8:Q84K47,0.011693207547068596,0
Q9SZA2:Q9LDD5,0.013624034821987152,0
Q9XIM6:F4HT07,0.009829490445554256,0
Q45GQ7:Q941I2,0.3693717420101166,0
Q8GXV6:Q9FNB9,0.01094226073473692,0
Q9C690:Q8LAW2,0.0781390592455864,0
B3H7N2:A0A1P8B1D7,0.009893007576465607,0
Q84TK1:A0A1I9LRR3,0.020546764135360718,0
Q9LMQ2:Q9C7G4,0.11002518981695175,0
Q00958:Q9FI02,0.014541435055434704,0
F4I4X9:Q29Q81,0.010197305120527744,0
Q9C9Z0:Q9M1X2,0.015716660767793655,0
F4J5F9:Q9T0L6,0.010367042385041714,0
F4KEP6:Q8H112,0.011709872633218765,0
Q9M3F7:P62090,0.011563419364392757,0
F4J917:Q0WQF4,0.010797589085996151,0
Q0WR08:F4I5G3,0.009896945208311081,0
A0A1P8B801:F4K9G7,0.010858536697924137,0
Q8LFL5:F4IR55,0.011306270025670528,0
A0A1P8B188:Q9SVW3,0.010233096778392792,0
Q9LT48:A0A1P8B9R8,0.01031387597322464,0
F4I5Q2:Q38957,0.010995335876941681,0
Q683D4:O65382,0.011485807597637177,0
Q681K7:Q8L9R0,0.010665997862815857,0
B0F9L4:Q9SIT3,0.024804284796118736,0
P22953:Q9LXQ5,0.010363305918872356,0
Q9SPL2:Q8LG89,0.011657709255814552,0
C0LGN7:Q9MAA7,0.025351211428642273,0
Q9ZPR0:Q9SSS0,0.011686508543789387,0
Q8LB33:Q9FFR5,0.061346687376499176,0
Q9LPC8:Q9FWZ3,0.01316911168396473,0
Q9LS61:Q9LJX2,0.010362903587520123,0
Q9FRR8:A0A1P8BAY9,0.00985754281282425,0
Q9C995:Q9LND4,0.021641332656145096,0
Q67YR4:Q9ZT17,0.013324528001248837,0
Q9LS60:Q84TK4,0.009837628342211246,0
O48529:Q9LYE2,0.010723882354795933,0
Q9LYB9:Q8GYP3,0.04845759645104408,0
P36428:O48788,0.020019158720970154,0
Q8L4S3:Q8L925,0.10232224315404892,0
Q1G3V9:Q94A33,0.010078506544232368,0
F4I540:Q9SV55,0.019642075523734093,0
Q9SR09:Q9LF66,0.013936094008386135,0
A0A1P8AN89:Q38961,0.0147993890568614,0
F4HYB6:B3H4E0,0.009728983044624329,0
Q84JP1:Q9SR00,0.013150895945727825,0
Q9SBJ1:F4J6A1,0.07293803989887238,0
F4HZH7:Q9SAC5,0.010447769425809383,0
Q8LE26:Q6PV67,0.028223425149917603,0
O04202:Q1ECQ5,0.2768615782260895,0
O81127:Q945S8,0.05481194332242012,0
Q9FHG7:Q9SCT7,0.010889745317399502,0
Q9FJ67:A0A178V0W2,0.011646945960819721,0
Q9C7X2:Q9SKY8,0.014069748111069202,0
Q9FK45:F4IT83,0.013931219466030598,0
Q9ZRT1:P82538,0.010844290256500244,0
Q9C6V2:Q8VY16,0.01001481618732214,0
Q9SX26:O64640,0.01946062408387661,0
Q8GXI9:Q4V399,0.013749015517532825,0
Q9LZ86:Q9LTT3,0.09023555368185043,0
Q9M843:F4IS76,0.010098597966134548,0
Q3EB28:Q7X659,0.01924656145274639,0
Q58G10:F4JMX1,0.018794788047671318,0
Q3E9V5:F4JXC7,0.009937234222888947,0
Q9ZT17:A0A1I9LPV1,0.010065053589642048,0
Q8GYT1:Q9SJI7,0.02204892411828041,0
B3H5J5:Q2V369,0.009832086972892284,0
Q9ZVF4:F4K4M9,0.010627741925418377,0
Q9LE02:Q66GP4,0.01029876247048378,0
P92550:Q9CAP2,0.016340991482138634,0
P82735:P92564,0.009821636602282524,0
Q9SJE2:F4K742,0.01067639235407114,0
O23247:O64698,0.013577038422226906,0
F4JGI3:Q8W420,0.010787293314933777,0
P27202:O64399,0.01276610791683197,0
A0A1I9LRC5:Q9CAY6,0.009834391064941883,0
Q5XV40:Q9LUC1,0.015124673023819923,0
Q0WPG1:Q6DR69,0.012200525961816311,0
Q9FLL3:Q0WVK7,0.012933882884681225,0
Q9C7G9:A0MFL4,0.010000308975577354,0
F4IXJ0:Q5XVD2,0.012070847675204277,0
Q94JT5:Q9M8L4,0.015758896246552467,0
A0A1P8AMV0:Q1G3M8,0.011937491595745087,0
Q9STE8:Q8GXF0,0.010901299305260181,0
Q9LVD0:F4IMA4,0.010218086652457714,0
Q39021:Q6DST9,0.028033627197146416,0
Q3ECP9:Q9M0W4,0.011433825828135014,0
A0A1P8BAC6:Q58FY7,0.00981981586664915,0
Q9STS3:A0A1I9LSP4,0.015293347649276257,0
Q9C7Z2:Q1G3F1,0.009765719063580036,0
Q9FT92:Q9SLB8,0.2288367748260498,0
B3H4T5:Q94CB5,0.01004441175609827,0
Q9XIA0:Q9LVD3,0.010418146848678589,0
F4J412:Q9SZZ8,0.010136409662663937,0
Q0IGM1:F4JI85,0.010042640380561352,0
A0A1P8AQK1:Q9C7Z2,0.00993192009627819,0
F4IV34:Q9LUN9,0.012018426321446896,0
Q9LZ82:Q94C95,0.2710164189338684,0
Q9LM58:O48529,0.010401124134659767,0
Q9LYE2:Q8VXX4,0.020166946575045586,0
Q9CAJ0:Q9FGM9,0.08940383046865463,0
Q1G3U1:O82503,0.01065773144364357,0
Q9FXA3:F4IEX1,0.013249744661152363,0
Q9FRI1:Q8VZG1,0.019560934975743294,0
Q9FF17:Q8GYH1,0.028812533244490623,0
O23384:Q05762,0.011340545490384102,0
F4K975:Q9SIC3,0.012761631980538368,0
P93316:Q9FRS4,0.009888643398880959,0
O48915:A0A1P8AQK1,0.010228454135358334,0
Q9SGS2:Q9SAD0,0.06925155967473984,0
Q9SJW0:A0A1P8AT89,0.10849125683307648,0
A0A1P8AWK7:A0A1P8BBZ0,0.009873805567622185,0
Q1G3F1:F4KD49,0.010502847842872143,0
A0A1P8BGI7:F4KIT4,0.01060610730201006,0
Q9FN50:F4I9U3,0.01000961009413004,0
Q9LP37:Q39010,0.01835368201136589,0
Q9S9T8:Q9M591,0.010570329613983631,0
Q9LUB4:Q67XK9,0.0099300192669034,0
Q8RXT5:Q7G8T1,0.20457100868225098,0
A0A1P8B4M2:O23085,0.010183866135776043,0
Q7XJK8:Q9XIM6,0.012178157456219196,0
Q93ZN5:Q9CAQ2,0.01372133195400238,0
P92526:Q9LVV3,0.00994287058711052,0
Q949U5:O23177,0.010253607295453548,0
O23071:Q945P1,0.02461479790508747,0
Q8S8K8:Q9FG85,0.01010732352733612,0
A0A1I9LN10:Q9SV88,0.009940200485289097,0
Q9MA50:F4I526,0.011533772572875023,0
Q9M0D8:Q9C8Q1,0.010217474773526192,0
Q8S8I4:Q9LF53,0.1694180965423584,0
Q9LH43:A8MRE7,0.009992744773626328,0
A0A1P8BAJ1:Q8L8Y3,0.010439865291118622,0
Q9FMV7:Q949X1,0.011335212737321854,0
A8MQJ3:Q9C942,0.010023800656199455,0
F4ICS6:Q9ZVC7,0.011189736425876617,0
O49711:O65691,0.009854501113295555,0
Q9LW53:B7ZWR6,0.013310343027114868,0
Q1G371:Q9SMN5,0.010503671132028103,0
Q9C778:Q5BPG8,0.010373669676482677,0
Q8GY88:Q9LV97,0.010045443661510944,0
Q3E9I4:A0A1P8BBX7,0.009981859475374222,0
F4HWF9:O23647,0.019993415102362633,0
Q67Y04:Q84UU4,0.012743311934173107,0
Q8W4F3:Q39237,0.051908522844314575,0
Q9LUN9:Q9LYC9,0.010145880281925201,0
Q9LF68:O81472,0.02986047975718975,0
F4IG46:B3H6G9,0.029921242967247963,0
Q9FIG9:Q84K51,0.02221383899450302,0
Q9XIQ9:Q9SHZ9,0.01031921524554491,0
O24629:P11574,0.013232240453362465,0
Q67Y03:F4K315,0.01030308660119772,0
Q9FJN6:A0A1P8B3C0,0.011400053277611732,0
Q7XA63:F4JRP8,0.010697819292545319,0
A0JQ16:Q9S7U7,0.022944187745451927,0
Q93ZB0:Q8VWK4,0.012236975133419037,0
Q9M9Z2:O65155,0.011457218788564205,0
Q9S7P4:F4ID96,0.01069879811257124,0
