pair_id,pred_score,true_label
P17070:P35686,0.2571737766265869,1
Q69KL9:Q6YW54,0.014449610374867916,1
P0C443:Q0DJ33,0.0349978506565094,1
Q0DJ33:Q6Z9A3,0.0386621430516243,1
Q69JN7:Q8W0F9,0.3912239968776703,1
Q2RBG8:Q852Q1,0.894356369972229,1
Q84T78:Q851S2,0.01258228998631239,1
Q75KU4:Q75L42,0.9446020126342773,1
Q0JDK9:Q84PB8,0.02719738520681858,1
Q10CN6:Q75G93,0.2651568055152893,1
A3AD08:Q5VNJ0,0.01961769536137581,1
Q10PT0:Q852Q1,0.08061865717172623,1
Q6EP66:Q6EP66,0.9390787482261658,1
Q18PR9:Q852Q1,0.7074583768844604,1
Q943E6:Q943Q3,0.9482173323631287,1
Q0JKF5:Q84T78,0.018391307443380356,1
Q84P95:Q9FXT4,0.014285129494965076,1
Q2QY04:Q8RZZ3,0.4831547737121582,1
Q0DEB8:Q5ZD06,0.03005117177963257,1
O82143:Q6ETL3,0.014075706712901592,1
Q94LR3:Q9AQW1,0.012087889015674591,1
Q75KU4:Q9LGV5,0.9432927966117859,1
Q0J466:Q6Q9I2,0.974892795085907,1
Q0JL44:Q84PC5,0.025187859311699867,1
Q6ZKC0:Q84PB4,0.5892112851142883,1
A3AD08:Q6Z2L1,0.12346692383289337,1
Q10CF3:Q53RM0,0.7139409184455872,1
Q0JCK5:Q10RP0,0.4033483564853668,1
Q6Z345:Q84PB5,0.013050097040832043,1
Q0DJ33:Q8S6N5,0.0430787019431591,1
Q8LN25:Q9LIW7,0.02024826966226101,1
Q53RM0:Q7XAL3,0.20092038810253143,1
P12085:Q0DJ33,0.19086556136608124,1
Q0DJ33:Q0J8A4,0.09555768221616745,1
Q84PA3:Q84PD3,0.013821694068610668,1
Q0DJV6:Q6Z437,0.9116220474243164,1
Q0DJ33:Q2QTC2,0.018290206789970398,1
Q6YW54:Q84T78,0.013493090867996216,1
Q2QNJ8:Q5Z8Y9,0.015994656831026077,1
Q10D98:Q6YZ49,0.057611800730228424,1
Q0J8A4:Q6K5G8,0.9690555930137634,1
Q06967:Q06967,0.9708248376846313,1
Q0DJ33:Q67WR2,0.05632365867495537,1
Q0DJ33:Q53RM0,0.18871639668941498,1
Q2R4A0:Q2R5L7,0.22601202130317688,1
A6N077:Q10EF8,0.14418448507785797,1
B8AN76:Q5NBQ0,0.05489926412701607,1
Q10J20:Q8W0E4,0.3284721076488495,1
Q6K3E0:Q9LI00,0.08903415501117706,1
Q0E476:Q8S1G9,0.18207719922065735,1
Q10D98:Q852Q1,0.3223620355129242,1
B7E321:Q2R2W2,0.7259597182273865,1
Q652G7:Q9ZQW8,0.5824009776115417,1
Q10CF3:Q10D98,0.6553932428359985,1
Q0JM17:Q10N90,0.2688070833683014,1
Q6ZKC0:Q93WI9,0.6063885688781738,1
Q84PC4:Q8LN25,0.02878866158425808,1
Q7XI96:Q84J55,0.8897296786308289,1
Q2RBG8:Q2RBG8,0.9723471999168396,1
Q0DJ33:Q6AV34,0.08789759874343872,1
Q84PC5:Q84PD9,0.013288143090903759,1
Q0DIT6:Q6YW54,0.014150883071124554,1
Q10CF3:Q9LI00,0.5286847352981567,1
Q6L545:Q7G7J6,0.7277167439460754,1
Q6ZFU6:Q6ZFU6,0.9649918675422668,1
Q60F23:Q9SXG8,0.08913952112197876,1
P93431:Q6ZKC0,0.8984846472740173,1
A3AD08:B9G4B3,0.10883674770593643,1
Q6H436:Q6H436,0.9650251269340515,1
P14614:Q84PD3,0.01482439786195755,1
Q10J20:Q69Y99,0.13624675571918488,1
P0C5B2:Q10CQ1,0.9702962040901184,1
Q0DJ33:Q0JJS8,0.08619450777769089,1
Q10M74:Q67UK2,0.042077723890542984,1
Q2RB31:Q7XR00,0.021516723558306694,1
Q33BE1:Q6K9C3,0.9029667973518372,1
Q2RB94:Q852Q1,0.8541244864463806,1
P07728:Q84PD3,0.014838585630059242,1
P14656:Q8S7W1,0.026157140731811523,1
Q0JL44:Q6K439,0.2663291394710541,1
Q10CF3:Q852Q1,0.9482080340385437,1
Q10CQ1:Q9XJ66,0.9707215428352356,1
Q5JK84:Q6YW54,0.013662881217896938,1
P37832:Q0DJ33,0.27441295981407166,1
Q2QQD9:Q7XBR2,0.03069159761071205,1
Q6H545:Q6H545,0.9738211035728455,1
Q40680:Q9ZRI7,0.21577148139476776,1
Q6H852:Q9LSU3,0.33899766206741333,1
Q06967:Q84PD5,0.9329620599746704,1
Q6YYW3:Q6YYW3,0.9725567102432251,1
Q0E476:Q10SR3,0.39914655685424805,1
Q6H6T1:Q84P71,0.013671758584678173,1
Q0D6M1:Q6Z6G6,0.04813925176858902,1
Q0JBH9:Q942J6,0.014221821911633015,1
Q3HRP0:Q9LGV5,0.9401736259460449,1
Q0D8Z1:Q10E61,0.05527454614639282,1
A3AD08:Q5VPH3,0.014927190728485584,1
Q6H6T1:Q9AUW2,0.0870768204331398,1
Q5VRY1:Q6Z6L5,0.9493253827095032,1
Q0DWG8:Q2QQD9,0.048095569014549255,1
O82143:Q7XW88,0.11556410789489746,1
Q0DJ33:Q6F2U9,0.1490105241537094,1
Q5J4W4:Q7XXS4,0.16594980657100677,1
Q10CF3:Q8W0E4,0.7352964282035828,1
Q6K9C3:Q6YW54,0.014500254765152931,1
Q851Y9:Q8LMR3,0.06506737321615219,1
C7IZ16:Q5U9F2,0.9665288925170898,1
Q84PA9:Q8LN25,0.1940029114484787,1
P0C355:Q0DJ33,0.06466678529977798,1
B9FSH5:Q0DJ33,0.03057565726339817,1
Q6K8Z1:Q84J55,0.8602691888809204,1
Q0IQF7:Q6ER85,0.04389828070998192,1
Q6Z345:Q84PB6,0.021544350311160088,1
Q0E476:Q7X9A8,0.9708585739135742,1
Q0D541:Q6Z437,0.9609624743461609,1
Q10D98:Q2QWJ9,0.018122171983122826,1
Q7XQY5:Q8S0Q9,0.17726336419582367,1
Q2QQD9:Q33BE1,0.14943906664848328,1
Q6H4V8:Q9ZQW8,0.020815150812268257,1
Q0J466:Q40704,0.9729530215263367,1
Q0DJ33:Q7XUW5,0.07038649171590805,1
Q2QX01:Q943E6,0.16314296424388885,1
Q7F7I7:Q7X8P2,0.5246233940124512,1
P25776:Q6Z437,0.6245113611221313,1
Q6YWQ2:Q84T78,0.09393621981143951,1
Q10N20:Q69Y99,0.653080403804779,1
Q84PB1:Q9FXT4,0.01573645882308483,1
Q6Z437:Q84P58,0.7530812621116638,1
Q0DJ33:Q6Z4A7,0.11799144744873047,1
Q84PA4:Q8LNI5,0.14213180541992188,1
Q53RM0:Q7XQN4,0.042880523949861526,1
Q2R1M8:Q652G7,0.5461434721946716,1
Q2RB94:Q69W36,0.6705095171928406,1
Q6ER94:Q7XKD0,0.4314454197883606,1
Q84J55:Q84P73,0.8730823397636414,1
Q84PD2:Q9AY63,0.01561774592846632,1
Q75M01:Q75M01,0.9670316576957703,1
Q84P93:Q8LNI5,0.0494682602584362,1
Q6ZKC0:Q84PC0,0.40879154205322266,1
O64464:Q7XXS4,0.01863701455295086,1
Q0DEB8:Q7XTE8,0.7887499928474426,1
Q651E8:Q7G6D7,0.9415206909179688,1
Q6K9A2:Q9SSX0,0.16100478172302246,1
Q0JBQ0:Q5VRV7,0.030179431661963463,1
A3AD08:Q6Z437,0.49707862734794617,1
Q6EUP4:Q8S7W1,0.7886222004890442,1
Q2QZ01:Q6Z7V3,0.8681696057319641,1
Q0DJ33:Q7XPL2,0.03731333091855049,1
Q6H6T1:Q84P90,0.04876980185508728,1
Q40682:Q84PD6,0.09417813271284103,1
Q7X6B6:Q851Y7,0.014694551937282085,1
Q6H7A7:Q7X8R5,0.07093901932239532,1
Q5ZD06:Q6K6Z3,0.024718044325709343,1
Q2QWJ9:Q8W0F9,0.01462014950811863,1
Q40682:Q9ZRI7,0.23333433270454407,1
Q6Z730:Q6Z730,0.9698490500450134,1
Q7XPV9:Q7XPV9,0.9709872603416443,1
Q10CF3:Q8W0F9,0.4736480414867401,1
Q0DJ33:Q8H8T0,0.033183857798576355,1
A3AD08:Q6ER85,0.15058152377605438,1
P07728:Q7F2P0,0.013764609582722187,1
Q6K8J4:Q9SXG8,0.023785417899489403,1
Q2QWJ9:Q2QWJ9,0.969129204750061,1
B9G2C8:Q0DWG8,0.4595538079738617,1
Q3HRP0:Q6H7U5,0.9207994341850281,1
Q69Y99:Q9LGE6,0.06924773007631302,1
Q5ZCD9:Q6YW54,0.015726907178759575,1
Q2QYP1:Q2QYP1,0.9722904562950134,1
A3AD08:A3AD08,0.9713878631591797,1
Q0E476:Q2QQD9,0.27348145842552185,1
Q688X1:Q69W36,0.47604575753211975,1
Q67X79:Q6K4K9,0.3825206756591797,1
O82451:Q0DJ33,0.08461141586303711,1
Q0DJ33:Q6Z382,0.28228601813316345,1
Q40704:Q9SAR1,0.9730183482170105,1
P0C389:Q0DJ33,0.022980913519859314,1
Q2QYD2:Q7XR00,0.02600487880408764,1
Q0DJ33:Q6Z2T6,0.024233806878328323,1
Q7XXS4:Q8H3E5,0.01310002338141203,1
Q2R2W2:Q69IL4,0.9012369513511658,1
Q40702:Q944S9,0.9680755734443665,1
Q67VA4:Q6L5B1,0.06690006703138351,1
Q0J466:Q5K4R0,0.9693877100944519,1
Q0DJ33:Q2R1U4,0.028179163113236427,1
Q2QQD9:Q6K7E9,0.069313183426857,1
Q0E476:Q67W29,0.09333627671003342,1
Q6H7U5:Q75KU4,0.9147800803184509,1
Q2QY04:Q9FXT4,0.02448648028075695,1
Q0E476:Q6ETX0,0.9736281633377075,1
Q0J2C6:Q851Z6,0.07405247539281845,1
Q336R3:Q7XU27,0.4889792501926422,1
Q0JLP9:Q75V57,0.9394734501838684,1
Q0E2S4:Q10L32,0.335464209318161,1
Q0JBQ0:Q5VRY1,0.06690001487731934,1
Q9LGU6:Q9LGU6,0.9710006713867188,1
Q5QNB8:Q7XI96,0.7449120879173279,1
Q84PD4:Q84PD8,0.015063134022057056,1
Q0DJ33:Q5Z974,0.1557200700044632,1
Q2R0Q1:Q8RZX9,0.8105735182762146,1
Q65WT5:Q69UI8,0.7681719064712524,1
A3AD08:Q851Y7,0.022574877366423607,1
B9G9X3:Q10S67,0.2447771579027176,1
Q0J466:Q10CQ1,0.9748560190200806,1
Q0DEB8:Q10CQ1,0.9745494723320007,1
A0A0P0WL76:Q7XUV4,0.016681227833032608,1
Q3HRP2:Q9LGV5,0.9398699998855591,1
Q0DJ33:Q0JM17,0.1919238120317459,1
Q2QWJ9:Q7XXS4,0.012423419393599033,1
Q6YU05:Q8LQQ2,0.1652836799621582,1
Q2R1D5:Q7XI96,0.38368305563926697,1
Q10CF3:Q7XXS4,0.15267567336559296,1
Q6EU39:Q9XJ66,0.9725343585014343,1
Q2QY33:Q6ZJR6,0.21159005165100098,1
Q6ER94:Q70G58,0.21384727954864502,1
Q84PB7:Q8S7W1,0.03071608953177929,1
Q5VRZ6:Q84PD3,0.019812878221273422,1
Q7XKR9:Q944S9,0.3058231770992279,1
Q5Z859:Q7XPY2,0.3387831151485443,1
Q2RBG8:Q7XDC8,0.330733060836792,1
Q5Z8L1:Q65XV7,0.6207912564277649,1
Q69WI0:Q7XHZ0,0.5255138278007507,1
P0C5B2:Q6EU39,0.9736612439155579,1
Q7XHQ8:Q7XHQ8,0.9647148251533508,1
Q5Z8Y9:Q5Z8Y9,0.9680315852165222,1
A3AD08:Q5VS59,0.012842105701565742,1
A3AD08:Q69XL1,0.02141215093433857,1
Q84J63:Q9FXT4,0.012241440825164318,1
Q0JM17:Q652G7,0.1693122237920761,1
Q0JHF1:Q6AVM5,0.9708752632141113,1
Q40677:Q6ZKC0,0.4375894069671631,1
Q0DJ33:Q10P60,0.026110772043466568,1
A3C4S4:Q0DJ33,0.029182517901062965,1
Q0JCT1:Q6L4L4,0.47788381576538086,1
P40392:Q0JL44,0.6510390639305115,1
Q6L506:Q6ZKC0,0.6676717400550842,1
Q10C73:Q7XXS4,0.033599305897951126,1
A6N077:Q9ZWR4,0.012750314548611641,1
Q10D98:Q6AV18,0.03789924830198288,1
Q8W0F9:Q8W0F9,0.9710136651992798,1
Q6ZIX2:Q84PC4,0.015466469340026379,1
Q06967:Q6ZDF3,0.8523687720298767,1
A3AD08:Q10HD0,0.015651287510991096,1
Q40704:Q84P62,0.14956068992614746,1
P93431:Q0DJ33,0.20228564739227295,1
Q6Z437:Q84P96,0.6987573504447937,1
Q0JL44:Q84PA0,0.24664835631847382,1
Q6H6T1:Q84P66,0.034242454916238785,1
H2KWD9:Q9ZQW8,0.8291980028152466,1
Q6EU39:Q7XUN2,0.9749906659126282,1
Q0E4Q5:Q10CF3,0.6404238939285278,1
Q84PC4:Q84PD3,0.015562626533210278,1
Q6H6T1:Q84P64,0.4757135510444641,1
Q4W8D0:Q4W8D0,0.9699668884277344,1
Q84PB7:Q8LN25,0.0572674460709095,1
Q84PD3:Q8S7W1,0.14264069497585297,1
A3CAL5:Q4W8D0,0.01394661981612444,1
Q10BA8:Q6H6T1,0.16913381218910217,1
Q0D8Z1:Q6Z9X3,0.108794204890728,1
B9GC17:Q7F0R1,0.10244525969028473,1
Q0JBH9:Q84P79,0.019742777571082115,1
Q6H7J5:Q6YZ49,0.645283043384552,1
Q6K4N0:Q6YW54,0.013994500041007996,1
Q0DJ33:Q84Q77,0.12175416201353073,1
Q06967:Q84P65,0.2763240933418274,1
Q651E8:Q65WV2,0.8737015724182129,1
Q6Z437:Q84PB0,0.958765983581543,1
Q84PD0:Q9FXT4,0.019736045971512794,1
Q2RB59:Q8H2X8,0.9613504409790039,1
P93411:Q53RM0,0.577275812625885,1
Q852Q1:Q8L5K0,0.4592965543270111,1
Q33DK1:Q7XM13,0.9740034937858582,1
Q6Z4K6:Q7XHQ8,0.04015345498919487,1
Q5Z8L1:Q9SDK9,0.44828182458877563,1
Q6K8R6:Q6K8R6,0.972769558429718,1
Q7XHZ0:Q8H7Y6,0.9692713618278503,1
Q6H7A7:Q9LST9,0.040117885917425156,1
Q84PD3:Q9LIX1,0.015186227858066559,1
Q0E476:Q2QY04,0.4623263478279114,1
Q84Q72:Q943E6,0.9608576893806458,1
P28757:Q7XTY9,0.4802038371562958,1
Q10D98:Q6L4F8,0.10618052631616592,1
Q84J54:Q8LN25,0.8546113967895508,1
Q6YW54:Q9ZQW8,0.012958175502717495,1
Q5JK24:Q5JK24,0.9688998460769653,1
Q10CF3:Q69IL4,0.9570606350898743,1
Q0DKY4:Q9LGU6,0.9711977243423462,1
P12330:Q652K1,0.020934274420142174,1
Q0E4Q5:Q2R2L6,0.27317067980766296,1
Q06967:Q69IL4,0.8706939816474915,1
Q6PL11:Q7G6D7,0.9465547800064087,1
Q6H6T1:Q9ZRI7,0.05742591619491577,1
P20698:Q7F2P0,0.013148116879165173,1
Q2QYF3:Q75I13,0.9594144225120544,1
P41095:Q69UI8,0.7223889231681824,1
P0C477:Q0DJ33,0.019033649936318398,1
Q0JM17:Q0JM17,0.9664773344993591,1
Q6ZKC0:Q84P83,0.3324693739414215,1
Q84P97:Q9FXT4,0.04575631394982338,1
Q6H7H9:Q9FXT4,0.018169183284044266,1
Q6EU39:Q6Q9I2,0.9752553105354309,1
Q0JL44:Q10D34,0.7579464316368103,1
P46265:Q0DJ33,0.26790544390678406,1
Q2R2W2:Q2R2W2,0.9720781445503235,1
Q7XXR8:Q851Y9,0.05539901182055473,1
Q0DJ33:Q75I93,0.014471620321273804,1
Q8LR62:Q8LR62,0.9715189337730408,1
Q0DJ33:Q6L506,0.034172892570495605,1
Q6AV18:Q6YZ89,0.055936671793460846,1
Q0DWG8:Q10D98,0.042463865131139755,1
Q0E2S4:Q84P58,0.4360034167766571,1
Q10CQ1:Q9SAR1,0.9742578864097595,1
Q0JM17:Q5JK84,0.9665700197219849,1
Q5W6S3:Q5Z8Y9,0.03239898011088371,1
P93438:Q9LGU6,0.9709874987602234,1
Q0DEB8:Q6EU39,0.9750680923461914,1
Q5VRY1:Q6EUK0,0.09050058573484421,1
Q2R2W2:Q7XI96,0.8663566708564758,1
Q10D98:Q9LST9,0.02622726932168007,1
Q0DJ33:Q2QX01,0.04053158685564995,1
Q40680:Q5Z627,0.18124914169311523,1
Q6H7J5:Q9SDK9,0.5577179193496704,1
Q0JBH9:Q6AVV1,0.02643303945660591,1
Q6EUP4:Q6EUP4,0.9708555340766907,1
Q10CQ1:Q7XUJ5,0.9154885411262512,1
P49030:Q7XHQ8,0.01205920334905386,1
Q6EU39:Q6Z6W2,0.9674997329711914,1
Q0DJ33:Q84TA3,0.031830575317144394,1
Q0DEB8:Q2QW53,0.9747695922851562,1
Q33BE1:Q6YW54,0.014326721429824829,1
Q0DJ33:Q75W16,0.018763605505228043,1
Q2R4A0:Q339M7,0.021337397396564484,1
A6N077:A6N077,0.9610803723335266,1
P0DKK8:Q2QQD9,0.1409856081008911,1
O82143:Q6ZD28,0.03223778307437897,1
Q0DJ33:Q6K2E8,0.0463004894554615,1
Q7XXS4:Q852Q1,0.20397821068763733,1
Q0JBH9:Q84P81,0.016453666612505913,1
Q6YX88:Q6ZA50,0.8350850939750671,1
P0C5B2:Q9XJ60,0.9756122827529907,1
Q84P60:Q84PD5,0.6725058555603027,1
P0C5B2:Q0J466,0.9718338251113892,1
Q40687:Q6YXX9,0.274942547082901,1
Q0DJ33:Q53PC7,0.35969510674476624,1
Q10KN8:Q8W0F9,0.1120273694396019,1
Q6ZIX2:Q84P88,0.012353991158306599,1
P49661:Q0JL44,0.7091642618179321,1
Q655G7:Q6YU05,0.769315779209137,1
P0DKK8:Q5JKR7,0.5749949812889099,1
Q67U94:Q7XHZ0,0.9742612242698669,1
Q0DJ33:Q6ATS0,0.17497111856937408,1
Q0JM17:Q6YW54,0.01369826216250658,1
Q0JD14:Q6ASR0,0.08452863246202469,1
Q10CQ1:Q5K4R0,0.9705864191055298,1
Q65WV2:Q6PL11,0.8837339282035828,1
Q6ZKI8:Q84PD2,0.016416305676102638,1
Q7XI96:Q7XTE8,0.8328237533569336,1
A3AD08:O64464,0.05471399053931236,1
Q65WT5:Q9LI00,0.1405067890882492,1
Q0DN94:Q7F2P0,0.012725964188575745,1
Q651Z5:Q7XTE8,0.7723652720451355,1
O82143:Q5Z6I4,0.5527646541595459,1
C7IZ16:Q2RBG8,0.5313059687614441,1
Q5VNJ0:Q6ZIQ1,0.08730091154575348,1
Q84P63:Q84PD5,0.8087305426597595,1
Q9FE01:Q9FE01,0.9672061800956726,1
O24230:Q0JDK9,0.01331233698874712,1
Q0JBH9:Q84P80,0.02478829398751259,1
Q40682:Q5Z627,0.191831573843956,1
Q7X873:Q7XXS4,0.017172278836369514,1
Q5SN75:Q75V57,0.9426445364952087,1
Q6EUP4:Q7XI96,0.8411501049995422,1
A3AAZ0:Q6H500,0.9736809730529785,1
Q5VRY1:Q5VRY1,0.9686776399612427,1
Q06967:Q6EUP4,0.9723167419433594,1
Q6K1R5:Q6ZL81,0.2563597857952118,1
Q0D4T4:Q6EU39,0.9750356078147888,1
Q0DJ33:Q6ATY4,0.015817759558558464,1
A2ZX50:Q5ZCV2,0.030020058155059814,1
Q5SNJ5:Q9SXG8,0.3877725303173065,1
Q7XHX2:Q7XXS4,0.01589636690914631,1
Q2QNM4:Q2QQD9,0.12489940971136093,1
Q10CX4:Q10CX4,0.9668348431587219,1
A3AD08:Q7XAM7,0.06745868921279907,1
O82143:Q2R1M8,0.6691838502883911,1
Q10D98:Q942Z3,0.19279015064239502,1
Q0J2C6:Q0J2C6,0.9723542332649231,1
Q2QYP1:Q2RBG8,0.9725561141967773,1
Q84PC8:Q9AQW1,0.013045248575508595,1
A3AD08:Q33BE1,0.1249501034617424,1
P28752:Q0DJ33,0.24678783118724823,1
Q10CF3:Q6K2T1,0.5786105990409851,1
Q6K5Q1:Q7XI55,0.29780206084251404,1
P0C314:Q0DJ33,0.02590155601501465,1
Q2QQD9:Q6ESJ0,0.022113317623734474,1
Q5VRY1:Q9LST9,0.07397875934839249,1
Q06967:Q84P68,0.35191723704338074,1
Q2QQD9:Q2QWJ9,0.013946624472737312,1
Q2QW53:Q9SAR1,0.9744806289672852,1
P14614:Q8RZX9,0.29659444093704224,1
Q0DJA0:Q53PC7,0.5960902571678162,1
Q2R4A0:Q7F0H8,0.26120302081108093,1
P46466:Q0DJ33,0.30949100852012634,1
Q0JBH9:Q0JL44,0.3049517571926117,1
Q6EU39:Q9SAR1,0.9746492505073547,1
P14323:Q84PD3,0.01395860593765974,1
Q10S58:Q5Z6F5,0.052514296025037766,1
A3AD08:P49030,0.02042420767247677,1
Q9LST9:Q9LSU3,0.2407030314207077,1
Q9LI00:Q9LI00,0.9717403650283813,1
P12151:Q0DJ33,0.01514454185962677,1
Q8RZX9:Q94LW0,0.25873956084251404,1
Q84PB2:Q84PD9,0.014541098847985268,1
Q10R21:Q7XHQ8,0.02066023461520672,1
O80416:Q5VS84,0.9663259387016296,1
P0C500:Q0DJ33,0.09543311595916748,1
Q0DJ33:Q6H874,0.07468420267105103,1
A3AD08:Q852Q1,0.2768295407295227,1
Q40682:Q6YW46,0.22503016889095306,1
Q6K2E1:Q8LNZ3,0.8492963910102844,1
Q06967:Q2R2W2,0.9728189706802368,1
Q69UI8:Q6H764,0.6649615168571472,1
Q0E0H1:Q7XDT2,0.1481989473104477,1
Q7XN53:Q84PD5,0.3027397692203522,1
Q0E476:Q10S35,0.48637399077415466,1
P25778:Q84PD6,0.020694581791758537,1
Q10Q71:Q10Q71,0.954314649105072,1
Q0JBH9:Q5WAB3,0.24112144112586975,1
Q84P69:Q8RZX9,0.02041468396782875,1
Q0JBQ0:Q6K8R6,0.03460204601287842,1
Q06967:Q84J55,0.973327100276947,1
Q06967:Q7XI96,0.8343843817710876,1
Q0DBD3:Q6YW46,0.36983153223991394,1
Q6Z6M4:Q7XXS4,0.016337141394615173,1
Q84P89:Q944S9,0.03356899693608284,1
Q3HRP2:Q6H7U5,0.8976393938064575,1
Q7XXS4:Q7XXS4,0.971640408039093,1
Q6F388:Q6H6Q7,0.9467331767082214,1
Q0JDK9:Q8W0H5,0.0708680972456932,1
A3AD08:Q67UQ4,0.013763097114861012,1
A6N077:Q07661,0.6294018626213074,1
Q0DEB8:Q0J466,0.9749645590782166,1
Q852Q1:Q8W0F9,0.4109864830970764,1
Q0JL44:Q84P99,0.015455923974514008,1
Q0JBH9:Q6AVA8,0.04942146688699722,1
Q6Z437:Q7XPY2,0.2908751666545868,1
Q6ZKC0:Q84PC1,0.6974582672119141,1
Q0E476:Q6H500,0.9734424948692322,1
A4PBL4:Q8GT06,0.3094469904899597,1
B9FSH5:Q10KN8,0.04270632937550545,1
Q69Y99:Q7X8P2,0.13094304502010345,1
Q10PZ9:Q6EU39,0.9749399423599243,1
Q10LL5:Q6YW54,0.014009559527039528,1
Q2RB59:Q75I13,0.9626628756523132,1
Q10CF3:Q10MW3,0.37542271614074707,1
Q67X81:Q6Z7V3,0.9661102294921875,1
Q0DJ33:Q84VG0,0.5151023268699646,1
A3AD08:Q2RBC6,0.018619224429130554,1
A3AAZ0:Q7X9A8,0.9696388244628906,1
Q2QQD9:Q7F0H8,0.18361976742744446,1
P07728:Q9AQW1,0.015435903333127499,1
Q10CF3:Q943E6,0.5335916876792908,1
Q0JM17:Q2QZ01,0.3421569764614105,1
Q2QLT8:Q65XH8,0.08519677072763443,1
A3AD08:Q2R8T2,0.3320549428462982,1
Q10N20:Q2RB94,0.8737356066703796,1
Q0DJ33:Q40687,0.2988107204437256,1
Q7GBF7:Q7GBF7,0.9692510962486267,1
Q0DJ33:Q2R8Z5,0.019004501402378082,1
Q0JBH9:Q5Z8V8,0.015637563541531563,1
Q10D98:Q10N20,0.49872371554374695,1
Q6ZKC0:Q943W1,0.18151307106018066,1
Q6Z6M4:Q7XHQ8,0.013010493479669094,1
Q10D98:Q2QNM4,0.16269008815288544,1
P48494:P48494,0.9254308938980103,1
O82118:Q7X9A8,0.7853119969367981,1
Q2R1M8:Q7XHQ8,0.04489177092909813,1
Q2QQD9:Q6Z437,0.6818038821220398,1
Q7XP52:Q852Q1,0.3567727208137512,1
Q0DJ33:Q7F9I1,0.3311288058757782,1
Q10CF3:Q6YX88,0.8780867457389832,1
P14323:Q9FXT4,0.013655832968652248,1
B9G2C8:Q69T30,0.6413007974624634,1
Q5JK84:Q5JK84,0.9663837552070618,1
P49027:Q8L5K0,0.0937722697854042,1
Q33BE1:Q5ZCD9,0.9141130447387695,1
P27777:Q0DJ33,0.17864465713500977,1
P15280:Q0DJ33,0.027035502716898918,1
A3AD08:Q2QWJ9,0.034692492336034775,1
Q10CQ1:Q6EU39,0.975285530090332,1
Q10MW3:Q9LGL5,0.9697830080986023,1
Q5Z9J0:Q6K7E6,0.5224769711494446,1
Q0DJ33:Q10MJ1,0.016839254647493362,1
Q10CQ1:Q10PZ9,0.9743422865867615,1
Q5VNJ0:Q75I90,0.09378712624311447,1
Q0JBH9:Q84P76,0.04840870946645737,1
Q2QNJ8:Q2QQS1,0.29411211609840393,1
Q2R8T2:Q69IL4,0.9546079635620117,1
Q5ZD36:Q8S7W1,0.026426995173096657,1
O64422:Q0JHF8,0.4931032359600067,1
Q6K6Q0:Q6K6Q0,0.9701516032218933,1
P27777:Q943E6,0.966327965259552,1
Q71VM4:Q8S7W1,0.5987164378166199,1
Q6K9U2:Q9SDK9,0.5382179021835327,1
Q84PA2:Q84PD3,0.013420814648270607,1
H2KWD9:Q5J4W4,0.8488605618476868,1
Q2QX01:Q7X6B6,0.013650265522301197,1
Q10CQ1:Q2QW53,0.9744186401367188,1
Q40687:Q75WU1,0.07558505982160568,1
Q0JBH9:Q5KQN5,0.014633506536483765,1
A3AD08:Q2R1M8,0.2449192851781845,1
Q8W0F9:Q942Z3,0.05800671502947807,1
Q3HRP0:Q75L42,0.943787693977356,1
Q5K4R0:Q6EU39,0.9720703363418579,1
Q0J466:Q6EU39,0.974753201007843,1
Q10MW8:Q7F7I7,0.8227057456970215,1
Q8LNZ3:Q8LNZ3,0.9633962512016296,1
P20698:Q84PD2,0.012181555852293968,1
Q0D4T4:Q0J466,0.9741899371147156,1
Q84Q77:Q943E6,0.9611488580703735,1
Q0J466:Q10PZ9,0.9749733209609985,1
Q5ZC86:Q5ZC86,0.9707067608833313,1
Q0E4Q5:Q0E4Q5,0.9721428155899048,1
A3AD08:Q6YWQ2,0.04506856948137283,1
P0C2Z3:Q0DJ33,0.06581451743841171,1
Q8LNI5:Q9AUR3,0.3938324749469757,1
B9FJG3:Q0DJ33,0.04253672435879707,1
Q0J466:Q2QW53,0.9745569229125977,1
Q2RBC6:Q4W8D0,0.013295955955982208,1
P07728:Q06967,0.5006672143936157,1
Q2QYF3:Q8H2X8,0.9585356116294861,1
A3AAZ0:Q6ETX0,0.9737626910209656,1
Q10CF3:Q5VRY1,0.6850168108940125,1
Q84J55:Q84JG3,0.04683211073279381,1
Q2R4A0:Q5VRY1,0.10357371717691422,1
A3AD08:Q7XHX9,0.04244692251086235,1
Q75LD8:Q7XXS4,0.01319704670459032,1
Q6ZKC0:Q7XI96,0.8266919255256653,1
Q0E476:Q6YW54,0.055755771696567535,1
Q0E476:Q2QWZ1,0.39865660667419434,1
Q6H7T1:Q7EYP9,0.06837273389101028,1
P14614:Q84PD4,0.01328546553850174,1
B7F6S9:Q18PR9,0.17437931895256042,1
Q6ZKC0:Q84PB8,0.8576028943061829,1
Q6YW54:Q6YW54,0.8449770212173462,1
Q7XGS4:Q9FXT4,0.012104839086532593,1
Q0JL44:Q33BD7,0.11898908764123917,1
B6RRX3:Q9AWX3,0.15175257623195648,1
Q84PC5:Q8LNI5,0.06434910744428635,1
Q7XHZ0:Q84MN7,0.9696395993232727,1
Q10CH5:Q689G9,0.8739733099937439,1
Q10S58:Q8W0E4,0.8735743761062622,1
Q5VNJ0:Q7XXS4,0.012970593757927418,1
Q653Z6:Q84P90,0.24974846839904785,1
Q53RM0:Q9ZST1,0.019994040951132774,1
Q84P94:Q8S7W1,0.15964148938655853,1
Q5VNW0:Q6ZKC0,0.5644177198410034,1
Q0D8Z1:Q7GD79,0.23978979885578156,1
Q10CQ1:Q7XUN2,0.9752958416938782,1
Q6Q9I2:Q84P84,0.1631469428539276,1
Q10D98:Q10KN8,0.24265967309474945,1
P29545:Q40682,0.9261974692344666,1
Q84P59:Q9AQW1,0.014420503750443459,1
Q0DJ33:Q6ZD89,0.15971621870994568,1
Q6H6T1:Q6YW46,0.05523693561553955,1
O64437:Q8LI69,0.08808428049087524,1
Q0D541:Q0D541,0.9694955945014954,1
Q5ZEM1:Q5ZEM1,0.9726558923721313,1
A3AD08:Q852K3,0.09316641092300415,1
Q0DJ33:Q2QLY4,0.03084324114024639,1
A3AD08:Q0DG05,0.012326981872320175,1
P49027:Q10D98,0.09253247827291489,1
Q7X8P2:Q9FWC4,0.020701054483652115,1
Q84T78:Q8GVY2,0.0596926286816597,1
A3AD08:Q7XQY5,0.10225903987884521,1
P49210:Q0DJ33,0.05176336690783501,1
Q10HD0:Q652G7,0.028531227260828018,1
Q8GVH7:Q9AQW1,0.059407688677310944,1
Q0DEB8:Q7XUN2,0.9750270843505859,1
Q5SMK6:Q5VRM0,0.21202217042446136,1
Q0DJ33:Q8H852,0.2941451966762543,1
Q0DJ33:Q6K5G8,0.09709856659173965,1
Q9SNQ2:Q9SNQ2,0.9726926684379578,1
Q0DJ33:Q6ESI7,0.03449186682701111,1
Q5JKR7:Q69UI8,0.5406204462051392,1
Q10MW3:Q10MW3,0.9679128527641296,1
P29545:Q40680,0.9214250445365906,1
Q84PD2:Q8S7W1,0.03442078456282616,1
Q2QW53:Q6EU39,0.9748386740684509,1
Q6K6Z3:Q84PD0,0.058698393404483795,1
Q6Z345:Q84PB7,0.020690103992819786,1
Q9FXT8:Q9LGE3,0.14535892009735107,1
Q10PZ9:Q6Q9I2,0.97308748960495,1
Q5VRY1:Q6K7E9,0.5844742059707642,1
Q10CF3:Q8L5K0,0.2562220096588135,1
Q0DJ33:Q7FB12,0.023639900609850883,1
Q0DJ33:Q0J8M2,0.10665448009967804,1
Q7G7J6:Q852L0,0.7925955653190613,1
Q84JR0:Q944S9,0.06271850317716599,1
Q70G58:Q7XKD0,0.5974175333976746,1
Q0JBH9:Q84P82,0.012667818926274776,1
Q2QQD9:Q9LST6,0.02771076001226902,1
Q7XXS4:Q9LST9,0.024637063965201378,1
P12331:Q652K1,0.020060231909155846,1
Q84PD3:Q9AVE6,0.013950820080935955,1
Q6Z6M4:Q7EYP9,0.1801789551973343,1
O82143:Q40742,0.5456724166870117,1
Q6ZKC0:Q8S6N3,0.02084352821111679,1
Q69Y99:Q69Y99,0.967814564704895,1
Q06967:Q9AQW1,0.7297443747520447,1
Q2QQD9:Q7XZG6,0.011654638685286045,1
Q6ZKC0:Q84P77,0.2240927666425705,1
Q6YVX9:Q9LGV5,0.43619537353515625,0
Q67W82:Q6Z5I0,0.13029690086841583,0
Q53NR8:Q6ES52,0.02723345160484314,0
Q6Z2L1:Q8S0G4,0.04419153556227684,0
Q75GX9:Q6Z715,0.01502237655222416,0
B8YEK4:Q7XT97,0.013343709520995617,0
Q6ZJR6:Q8LH82,0.2196892499923706,0
Q0IZS0:Q8H063,0.036681875586509705,0
Q6Z9U7:Q84PD6,0.09025996923446655,0
Q339D2:Q6L4D4,0.30604758858680725,0
Q5Z818:B9FDB8,0.015686888247728348,0
Q2RBP2:Q10K98,0.30818426609039307,0
Q5ZD08:Q65XK7,0.23647522926330566,0
Q2R1U8:Q5Z402,0.015599513426423073,0
Q0JB88:C0LT23,0.01933145523071289,0
Q6ZIK5:Q84QC0,0.014492546208202839,0
Q2RAK2:Q7F0R1,0.022126946598291397,0
Q8S9S4:Q69S81,0.04035190865397453,0
Q2QY53:Q2RBC6,0.10709551721811295,0
Q10M29:B9GC17,0.3022546172142029,0
Q6K5P9:Q6K537,0.016596520319581032,0
Q7XKC5:Q6ZHA3,0.06551599502563477,0
Q75M35:P51823,0.028628280386328697,0
E3VXF2:Q2R224,0.04655877500772476,0
Q5W7C6:Q8GU82,0.11575349420309067,0
Q84T92:Q9LD61,0.09316209703683853,0
Q7XTB2:Q84UP7,0.014634332619607449,0
Q7F8R0:Q84YK8,0.0471104271709919,0
Q6L4L4:Q10N21,0.18192894756793976,0
A3AVP1:Q0J3Y7,0.056117087602615356,0
Q7XR02:Q109B0,0.02882114052772522,0
Q5QLR2:Q6K968,0.5370251536369324,0
Q69VE0:Q7XUG1,0.3639705181121826,0
Q67UX0:Q6YUS3,0.8263692855834961,0
A3CAL5:Q0DDE3,0.018085315823554993,0
Q7XQA6:Q5SMI4,0.01961333118379116,0
Q8S2A7:Q6L4N4,0.015127839520573616,0
Q6YTW6:Q0JKZ0,0.09322626143693924,0
Q10F25:Q0DZ85,0.019218523055315018,0
Q8GU83:Q6K4V2,0.01877867616713047,0
A3C5A7:Q5ZCC5,0.011924794875085354,0
Q5ZD81:Q5ZA21,0.5495449304580688,0
Q6EU49:Q9FRF9,0.012116335332393646,0
Q336T5:Q5VNW0,0.012869477272033691,0
Q0J716:Q8H569,0.1164078488945961,0
Q8LI34:P12149,0.23967547714710236,0
P0DO10:P14717,0.016533344984054565,0
B8YIE8:Q10Q26,0.2060047835111618,0
Q5SMI4:Q7XBS0,0.01300880778580904,0
Q0JKM9:Q10EF8,0.021307101473212242,0
Q7XPZ4:Q6ZFR0,0.012301563285291195,0
Q0JA81:B6F107,0.26835811138153076,0
Q75LX9:B9EYD3,0.14280875027179718,0
A1YTM8:Q6Z528,0.024149345234036446,0
P0DO02:Q5NAN5,0.13250111043453217,0
Q8RZB5:P12180,0.02697579935193062,0
Q8S1X8:Q75LX7,0.06130871921777725,0
Q10G40:Q69XV0,0.014316186308860779,0
Q7XKK6:Q0DWQ7,0.07035412639379501,0
Q67UU0:P0C519,0.021661946550011635,0
Q10KX8:Q6EPF0,0.9524781107902527,0
Q69UP6:Q2QN26,0.4194045960903168,0
Q0DWH7:Q94JE1,0.08520212769508362,0
Q0J709:Q8S5M8,0.014979491010308266,0
Q2R0D1:Q8W0E4,0.013986009173095226,0
Q0JEB7:Q7X8B5,0.021447448059916496,0
Q6YX89:Q9SE42,0.013924652710556984,0
Q657C0:Q7EXZ2,0.7163406610488892,0
Q75LR7:Q8H5F8,0.14906229078769684,0
Q10Q71:P52712,0.13348031044006348,0
Q10J20:O82766,0.08107467740774155,0
Q6Z965:Q5JMM1,0.023378996178507805,0
Q9FVZ9:Q688X9,0.015458052046597004,0
Q7Y0W5:Q7G6Z5,0.012625726871192455,0
Q6H641:P51431,0.04755574092268944,0
Q5W7C3:Q5NBM8,0.9682567715644836,0
Q84T08:Q0DJR9,0.5268604159355164,0
Q8LNU5:Q0J716,0.052942968904972076,0
Q6K965:Q10MX3,0.02626458741724491,0
Q53KW9:Q84J63,0.013083720579743385,0
Q69SP5:Q7F8Q9,0.9771686792373657,0
Q0D3B6:Q2R1J3,0.8392223715782166,0
Q6K8S5:Q7X7A4,0.34360188245773315,0
Q84PA4:Q8LR09,0.03406217321753502,0
Q69VR7:Q7GBF8,0.03975836560130119,0
P49398:Q948T6,0.025408709421753883,0
Q40682:Q7XR02,0.04365764930844307,0
Q84VA7:Q6YZY5,0.01297490019351244,0
Q8S0Q9:Q6AVI0,0.08239205926656723,0
Q0DY59:Q6AVD0,0.01176468376070261,0
Q7XFU9:Q8W3F9,0.01931343786418438,0
B5UBC1:A3BH85,0.015964601188898087,0
Q2R3P9:Q84SC3,0.053556013852357864,0
A0A0P0VI36:Q7XDB8,0.013062745332717896,0
Q10R54:Q8RU31,0.019535722211003304,0
Q6ZBF6:Q8H7Y8,0.035721320658922195,0
Q8L4E9:Q7XU29,0.03584190830588341,0
Q0J705:P93844,0.06144288182258606,0
A3A8W2:Q7G764,0.07114770263433456,0
Q941Z0:B9FK36,0.02028990536928177,0
Q8RZX9:Q8LI34,0.9283389449119568,0
Q2QZF2:Q9SDI4,0.013722667470574379,0
Q84PB8:Q852N2,0.031413134187459946,0
P0C319:Q2QN36,0.03882644325494766,0
Q8S0Q9:Q2RB59,0.4785093367099762,0
Q9FYN7:Q94J16,0.38499245047569275,0
Q84QC0:Q10PQ9,0.023332979530096054,0
Q5JMH0:Q7FAZ2,0.012275646440684795,0
A3BLC3:Q0JBP5,0.01500078197568655,0
Q5VNW0:Q6YWF1,0.021328043192625046,0
Q67WE2:Q4PR42,0.012231106869876385,0
Q6Z256:A2CIR5,0.12760727107524872,0
Q4PR52:Q8LIL0,0.01331108994781971,0
Q69U49:Q9AUR7,0.01629745401442051,0
Q0DAS9:Q0ILZ7,0.011742609553039074,0
Q67WJ8:Q69KN0,0.18627117574214935,0
Q75LJ3:Q6YZW0,0.02964908257126808,0
O64464:Q2QTY2,0.01783367246389389,0
Q6K4T4:Q0IY07,0.04940330609679222,0
Q6EX42:Q9ST27,0.15033388137817383,0
Q2R352:Q5N829,0.022368039935827255,0
Q53LY0:Q0DWQ7,0.018212972208857536,0
Q5QM27:Q10RE5,0.09198888391256332,0
Q851G4:Q653F4,0.014106209389865398,0
Q336R9:Q0JBY9,0.012961605563759804,0
Q5W6S3:Q69VG1,0.3290073275566101,0
Q10EF5:Q0JAD9,0.1570257544517517,0
P0C401:Q10KN8,0.01898367702960968,0
Q6ZL43:B9FDT1,0.0172277744859457,0
P29250:Q5Z627,0.05593391880393028,0
Q8LI34:Q8S9S4,0.04624159261584282,0
Q0JA81:Q10PR4,0.27510353922843933,0
Q6ETL3:P0DO10,0.012029251083731651,0
Q0IRB0:Q2QM00,0.043999336659908295,0
Q8S985:Q5JK84,0.19020970165729523,0
Q84Z01:Q6Z8M8,0.03178005665540695,0
Q8H5F8:Q9AQW1,0.01368376612663269,0
Q8LT05:Q688X1,0.6329723596572876,0
Q0IZZ8:P0C367,0.01581605151295662,0
Q5NBI2:Q6Z541,0.1106543093919754,0
Q2R3P9:Q6K2E8,0.06885699182748795,0
A2ZNT5:Q94GL5,0.04408585652709007,0
A0A0P0WFC8:Q7XKA8,0.8838546872138977,0
Q0JL73:Q7G4P2,0.059538133442401886,0
Q943F3:Q6Z4G3,0.02121783047914505,0
P0C451:Q9AV39,0.014672080054879189,0
Q75H81:Q6Z345,0.016934135928750038,0
Q6K953:Q9AYE4,0.6886888742446899,0
P0C389:Q5N892,0.025830134749412537,0
Q5NTH4:Q8W5R1,0.02564416639506817,0
Q53Q32:Q2R0L2,0.017421582713723183,0
Q84SL0:Q2R435,0.10260506719350815,0
Q10DU0:Q8H6G7,0.059676267206668854,0
Q6ZKV8:Q5MBR5,0.01592642068862915,0
Q60EA5:Q7XGM6,0.013159883208572865,0
Q0JNI9:Q658I5,0.022442402318120003,0
Q7XLX6:Q9XJ61,0.02160908840596676,0
Q0D3N0:Q942X4,0.012945624068379402,0
Q9FVZ7:Q7F0Q2,0.023981859907507896,0
Q6H545:Q9SDK9,0.5714723467826843,0
Q0DH40:Q6ZGP8,0.1462436318397522,0
Q6ETK3:Q33BI9,0.06513555347919464,0
B9F2U5:Q8H8V7,0.13389593362808228,0
Q6ERS4:Q2RB33,0.7446068525314331,0
Q6Z6M4:Q67UK9,0.0176524817943573,0
Q0J7E4:P24626,0.12324010580778122,0
Q10R47:Q9LST6,0.04379294067621231,0
Q10QE9:Q6Z6W2,0.022265147417783737,0
Q53M52:Q7F1K9,0.08735882490873337,0
Q6L8F7:Q8H594,0.05402553826570511,0
Q336X9:Q5VQL1,0.8995969891548157,0
Q6YYA3:Q10M80,0.01278079766780138,0
Q8S059:Q94CV1,0.013882286846637726,0
Q84ZN6:Q84M85,0.015304912813007832,0
Q5Z5S6:Q651A1,0.015732159838080406,0
Q6YYW5:Q0JHF8,0.01259622909128666,0
Q6ZLA7:Q7XR62,0.01696004904806614,0
Q10GX0:Q851L5,0.026338232681155205,0
Q6K471:Q5N9A1,0.015381506644189358,0
Q9LL45:Q69Y99,0.018272122368216515,0
Q852K3:A0A0P0XL10,0.013015711680054665,0
P12192:Q53M11,0.014748386107385159,0
Q10QE9:Q69XV9,0.011837154626846313,0
Q2R0J4:Q6H6C3,0.015459484420716763,0
A3A8W2:B9FMJ3,0.30636218190193176,0
Q5JK20:Q8S233,0.03770267590880394,0
P0CE66:Q75KA9,0.012236040085554123,0
O04226:Q40682,0.10205786675214767,0
Q69V23:Q9FYP9,0.03475155681371689,0
Q2QM96:Q75LU5,0.5883855819702148,0
Q0IZQ3:B9FDE0,0.015392348170280457,0
Q6AT32:Q10KN4,0.011901095509529114,0
Q10KN4:Q84T78,0.013417080044746399,0
Q9LGE3:Q0DJH7,0.024606885388493538,0
Q5NAI7:Q8LQ92,0.05296914651989937,0
Q8H2V6:Q7XK12,0.04326381906867027,0
Q5CCK3:Q9AUR3,0.04036491736769676,0
Q9LGR0:Q0DR28,0.08218449354171753,0
Q2RB94:Q75I93,0.017424603924155235,0
Q7XUC5:Q7PC76,0.04209611937403679,0
Q6ZH85:Q0JJ01,0.703831136226654,0
Q5JJY5:Q6ZH92,0.0119374580681324,0
Q851C7:Q10CE8,0.37493017315864563,0
Q7F9I1:Q10M18,0.3806530237197876,0
Q0IV63:P0DO02,0.032988425344228745,0
Q9SXP2:Q53Q70,0.1233753189444542,0
Q10PZ4:Q6Z829,0.025704944506287575,0
Q2QP53:Q7XDY9,0.01334418635815382,0
Q67UK2:Q0DBU3,0.20683299005031586,0
Q6K972:Q2R4J4,0.17911013960838318,0
Q0DLD3:B7F8P5,0.014880127273499966,0
A3B9A0:Q9FW70,0.27910658717155457,0
Q10D38:Q84TV4,0.0582120418548584,0
Q657W3:Q7XLC6,0.08160417526960373,0
Q9ASJ1:Q6L4L4,0.05320926383137703,0
Q0DAE8:Q7XFU9,0.21475271880626678,0
Q7F8Q9:P0C587,0.018277747556567192,0
Q10PP8:Q6YX89,0.015084430575370789,0
Q0DY81:Q8W855,0.012658268213272095,0
Q2QZ14:Q9ZST1,0.013867939822375774,0
Q6K3D8:Q5VP70,0.018780702725052834,0
Q53NK6:Q84MN7,0.8328139185905457,0
B9FDB8:Q5VPH3,0.017252923920750618,0
Q2QXY1:Q8W250,0.021006587892770767,0
Q6K687:A3CG83,0.012779767625033855,0
Q0D5R2:Q851S8,0.012015595100820065,0
Q652A8:Q5W7C3,0.03482208028435707,0
Q84UP7:Q75W16,0.025934536010026932,0
Q8RYJ9:Q942X0,0.240924671292305,0
Q5N9W4:Q8LIY8,0.013843774795532227,0
Q6ZD89:Q2QM00,0.13632279634475708,0
A4LBC0:Q8W855,0.01928768865764141,0
P0C340:Q84PB6,0.01691594533622265,0
Q5N794:Q852M2,0.018009765073657036,0
Q1WM15:B6DMK2,0.05483762174844742,0
Q4PR53:Q655X0,0.01372286956757307,0
Q6AVG6:Q7F1X5,0.0323176346719265,0
Q0JCT1:Q851R2,0.12016468495130539,0
Q8GU84:Q851W5,0.039182037115097046,0
Q6K953:Q0JB88,0.14790666103363037,0
Q10DV5:Q7XQ83,0.03463291749358177,0
Q5SML4:Q0J9V5,0.2794283926486969,0
Q2R076:Q84T65,0.15675917267799377,0
Q2QMT2:Q8H6G9,0.013992336578667164,0
Q10A77:Q8RV06,0.015418901108205318,0
Q7XUR3:P25776,0.02156096138060093,0
Q4PR43:Q8H7Y8,0.012655369006097317,0
Q2QWW7:Q75I75,0.016188332810997963,0
Q0JCC3:Q7XPZ4,0.02001158706843853,0
P42211:Q69SP5,0.08033575117588043,0
Q7XSZ4:P0C2Z0,0.015760352835059166,0
Q9LG41:Q943F3,0.01506981160491705,0
Q6YXX9:Q0DFG8,0.03510233759880066,0
Q7XSN9:Q6K1U4,0.15068863332271576,0
Q2RA93:Q94DH3,0.13246981799602509,0
Q7G4P2:P61042,0.012544027529656887,0
Q7XRV1:Q8S0Q9,0.012777373194694519,0
P0DKK6:Q2QZ14,0.01523659285157919,0
Q69TI0:Q6Z2M9,0.11770591884851456,0
Q2QXJ2:Q5JLP4,0.013882908038794994,0
Q6EP58:Q2QN26,0.04452723264694214,0
A2ZRY8:B9FK36,0.01733907125890255,0
Q60F23:B9G5Y5,0.015752876177430153,0
Q94DB8:Q7XSV4,0.03150305524468422,0
Q10NQ9:Q2RB28,0.062059976160526276,0
Q0IQA5:Q8W0E4,0.11393411457538605,0
Q0E4J6:Q10NX8,0.012426641769707203,0
Q7XKU5:Q75LJ4,0.09664393216371536,0
Q8S3R1:Q0JG75,0.025110622867941856,0
Q0DIV0:Q6L5G1,0.01546300109475851,0
Q2TQ34:Q6F388,0.8986522555351257,0
Q8H021:Q10LJ2,0.0185316763818264,0
Q0J0N4:Q9XHX0,0.01213916577398777,0
Q69V23:Q6ZHC8,0.04232790693640709,0
Q652Q0:Q7EZW6,0.015104122459888458,0
Q7FAZ2:Q10CN6,0.02372613176703453,0
Q5ZC83:Q6Z8D0,0.014215719886124134,0
Q10AZ7:A0A0P0WFC8,0.461442232131958,0
Q7XI55:Q6AWX7,0.06304608285427094,0
Q7XKS9:Q0DAK7,0.013073518872261047,0
Q6K4N0:Q6Z4H0,0.07307948917150497,0
Q7XSS9:Q10BT5,0.47026997804641724,0
Q10MG9:Q7XHX2,0.1140274927020073,0
Q7X7L3:Q10LL4,0.2001989334821701,0
P0C0L1:Q6H612,0.014363325200974941,0
Q0DJC7:Q10Q62,0.5682896971702576,0
P0DH89:Q653U3,0.6138150691986084,0
Q7XU31:Q84ZA1,0.16795630753040314,0
B9G5N1:Q37066,0.011549844406545162,0
Q53NF7:Q0E3L5,0.2956879734992981,0
O65091:Q10Q71,0.16231799125671387,0
Q2R8L1:Q10M73,0.013143074698746204,0
Q5SMI4:Q2R0D1,0.011964511126279831,0
B9FUF9:Q8RYJ8,0.35209521651268005,0
Q6L5F6:Q2R8P2,0.01431222539395094,0
Q2QWK1:Q5VNW5,0.01637965254485607,0
Q8GSL4:Q8LQ74,0.8296653628349304,0
Q5Z8Y9:Q10B79,0.021402940154075623,0
C7AU21:Q0IQF7,0.013098636642098427,0
Q2QY37:Q7FMW4,0.2382841408252716,0
Q6ET36:Q6EUK0,0.02753031812608242,0
Q7XTC7:Q6H6N5,0.06374376267194748,0
Q67V78:Q9LIW7,0.012448522262275219,0
Q8H5F8:Q6YZF3,0.013704893179237843,0
Q6YY75:Q6I5B2,0.10315060615539551,0
Q5SN53:B7F845,0.19526991248130798,0
Q7XQ45:Q69T94,0.02047688513994217,0
Q6K2E8:Q6K968,0.35140347480773926,0
Q7Y1Z1:Q0DJS1,0.013742822222411633,0
Q2QQ32:Q5Z8V8,0.06778408586978912,0
Q94LW0:Q9XGY5,0.02132403291761875,0
Q7XSJ6:Q6Z9C8,0.8161983489990234,0
Q0DGD7:Q7F613,0.012658417224884033,0
Q6Z5P2:Q5SMM6,0.032050926238298416,0
B9FXT3:Q10PP8,0.04404018074274063,0
Q6Z9D2:Q32759,0.012606835924088955,0
Q6AT26:Q0JR25,0.01379028894007206,0
Q851L5:Q6Z2T9,0.020545095205307007,0
Q84UL5:Q7XSK2,0.022389475256204605,0
Q8LN25:Q69VG1,0.9666038751602173,0
Q6Z2L1:Q6YW48,0.26218804717063904,0
Q6ZIK7:Q84MH1,0.03318723663687706,0
Q69K55:Q5N7W3,0.01878201775252819,0
Q9SLX0:Q8S6P9,0.03537609428167343,0
Q650U0:B7F958,0.013999027200043201,0
Q0D7I3:Q5QNI1,0.04736245796084404,0
Q69S43:Q8H3Q1,0.9590296149253845,0
Q8H569:Q6ZB90,0.11629237234592438,0
Q69IM9:Q6Z3L4,0.34146222472190857,0
Q5N7A3:P0C579,0.01527799665927887,0
Q6Z4T3:Q5ZCK5,0.17613816261291504,0
Q6ZD89:Q94LW0,0.048217013478279114,0
Q2RBG8:B9G300,0.02152419462800026,0
Q0JAD9:Q0J7P4,0.0905865952372551,0
Q10CX4:F7J0M4,0.013966107740998268,0
Q9FTT3:Q8GVY2,0.01385277509689331,0
Q84P66:P46465,0.18255546689033508,0
Q7XR84:Q9LWN0,0.22280974686145782,0
Q6Z058:Q7XHQ8,0.07315605133771896,0
A9UGV6:Q10MH8,0.015387537889182568,0
Q8LQ68:Q6K8D9,0.035574108362197876,0
Q0DK16:Q69XQ6,0.27474895119667053,0
Q68Y49:Q7XU31,0.7275815010070801,0
Q7XQN1:P0DO27,0.014381363987922668,0
Q7XHQ8:Q2R3P9,0.013556382618844509,0
Q10SU5:Q10N34,0.5462567210197449,0
Q10N21:Q75LH6,0.030445069074630737,0
Q69XV0:Q5Z8V9,0.025678887963294983,0
A3BV82:Q0J2L7,0.43561288714408875,0
Q5Z5R4:Q8SAY0,0.015417349524796009,0
Q65XA0:Q65XV8,0.07443367689847946,0
Q7XPR1:Q6H7U2,0.20122778415679932,0
Q7XTJ3:Q8LH59,0.0450192391872406,0
Q657W3:Q7Y0F6,0.08568340539932251,0
Q6K3D8:A7LFZ6,0.018206005915999413,0
Q6Z232:Q8H398,0.0138305788859725,0
Q0D9S3:P0C380,0.012678754515945911,0
Q7Y0Y6:Q76FS3,0.39496126770973206,0
Q84T94:Q67WJ8,0.45142993330955505,0
Q75GK0:Q84QU8,0.018634526059031487,0
Q0DV66:Q2QT65,0.02625594101846218,0
Q7X7N3:P17784,0.02905370108783245,0
A3B0Y1:P0C5B3,0.022181931883096695,0
Q7XPE8:Q7XSQ9,0.1209285631775856,0
O04985:Q40677,0.030608171597123146,0
Q53NI2:Q9FTT3,0.012142324820160866,0
Q84T08:Q2QZ86,0.025764677673578262,0
A0A0P0VIP0:Q0JGY1,0.014455020427703857,0
Q8S151:Q5VQP7,0.18026135861873627,0
Q6Z2Z4:Q0JJV1,0.10464584827423096,0
Q6ZK57:Q943W1,0.01400274969637394,0
Q0JMH0:Q6IEQ7,0.1124214306473732,0
Q8H5N9:Q84P76,0.1364337056875229,0
Q6Z6T2:P0C328,0.012587902136147022,0
Q6H677:Q651X6,0.012164684943854809,0
Q8H2V6:Q5Z856,0.03540158271789551,0
Q6ZAG3:P37832,0.6462711691856384,0
Q2QWJ9:Q69T99,0.014155698008835316,0
Q75KW7:Q0DJA0,0.6261462569236755,0
Q7XKI7:Q69TU6,0.036904145032167435,0
Q5NB83:Q0DN94,0.014960810542106628,0
Q7Y0F6:Q8H991,0.3600107431411743,0
A3ACF3:Q6L597,0.012091359123587608,0
Q84P79:Q84MS3,0.013845021836459637,0
Q6Z0Q9:Q84NQ7,0.033940523862838745,0
Q0DLD3:Q6AT25,0.017538318410515785,0
Q94JI5:Q10SY2,0.012881404720246792,0
Q2QYR5:Q0JJ01,0.32519257068634033,0
Q6YVY6:Q5Z6K9,0.015741948038339615,0
Q2QQ99:Q2QZ01,0.02159266732633114,0
Q5Z5R7:Q0INT0,0.09288480132818222,0
Q852K6:A9UGV7,0.012331110425293446,0
Q6L5I5:Q6K5F8,0.2940581738948822,0
Q7XUP6:Q8LT07,0.31383898854255676,0
Q5QM06:Q0JMV4,0.017126409336924553,0
Q689G9:Q0E3C8,0.028962282463908195,0
P0C129:Q8W3M0,0.9134319424629211,0
Q7EYV7:Q10SY9,0.037494514137506485,0
Q6K6K7:Q6K669,0.06873295456171036,0
P07730:Q6ZIK5,0.048129379749298096,0
Q40682:Q7F2L3,0.1941867619752884,0
Q10QP3:Q7XD99,0.17416194081306458,0
Q6Z965:Q6AUG0,0.022860219702124596,0
Q7F7I7:Q84KJ3,0.30434876680374146,0
Q6K3T2:P27934,0.02506118081510067,0
Q8S1D9:Q7XI41,0.023829571902751923,0
P0DO09:Q6AWX7,0.025001948699355125,0
Q9ZST1:Q0JD14,0.028698056936264038,0
Q84SC3:Q6YV88,0.015859363600611687,0
Q0DWF2:Q10PC5,0.8766607642173767,0
Q6K4V3:Q7X8Z8,0.07238171249628067,0
Q7XXN5:Q7F731,0.04144130274653435,0
Q0JKZ0:Q69Q02,0.01384901162236929,0
Q69V36:Q655V4,0.5010743141174316,0
Q2HWH1:Q5ZEF1,0.5765392780303955,0
Q6ZC03:Q75W16,0.0191046129912138,0
Q2QNE8:A0A0P0VG31,0.013392387889325619,0
Q7XQU7:Q10SR3,0.6996248960494995,0
Q53NF7:Q7F239,0.3575758635997772,0
Q2R4J4:P0C500,0.14469856023788452,0
Q852N2:Q688Y7,0.013475139625370502,0
Q0DZT4:Q69T30,0.19873082637786865,0
Q7FB12:Q6Z1Y7,0.012795465067029,0
P0DKK9:Q69SG5,0.03946370631456375,0
Q0J5F8:Q6ATV4,0.011921769939363003,0
Q7PC80:Q84P95,0.013700935058295727,0
Q5Z6K9:Q10ND7,0.013195397332310677,0
Q10S70:Q0JJE3,0.01831776835024357,0
Q0E459:Q6K3R9,0.8340713381767273,0
Q6Z058:Q653Z6,0.5598728060722351,0
P93771:Q10P83,0.020975081250071526,0
Q94GF1:Q7Y0Y6,0.035248320549726486,0
Q7XIW5:Q9SE42,0.21542318165302277,0
Q7XE35:Q0J954,0.012560191564261913,0
Q7X6B6:Q5N9W4,0.013173152692615986,0
Q84P60:B9G2A8,0.03614993765950203,0
Q6Z4N4:Q941W1,0.2272121161222458,0
Q84QY3:Q7XEY9,0.1832820624113083,0
Q7XTG7:Q69U54,0.018035637214779854,0
Q652J4:Q10M12,0.021980633959174156,0
Q7XU38:Q94LR4,0.012152723036706448,0
Q5N8X6:Q9SLX0,0.02393866889178753,0
Q851L5:Q2QS13,0.19016043841838837,0
Q7Y183:Q0JEF7,0.042461033910512924,0
Q6L8G1:Q75LV5,0.02123207412660122,0
Q69R21:Q9FRA7,0.014607757329940796,0
Q10CE7:F1SZ42,0.01241216715425253,0
Q0DFC9:Q6K9C3,0.17607569694519043,0
Q69TB1:Q40687,0.03309675678610802,0
Q5ZCD9:Q9ZWR4,0.026163939386606216,0
Q6ZIQ1:B6RGY0,0.04702578857541084,0
Q339K6:Q6H612,0.011856790632009506,0
Q651Z7:Q10EL1,0.29298028349876404,0
Q2R8Z5:Q5VNK1,0.02999212220311165,0
Q339K6:Q8GVP6,0.014866906218230724,0
Q5ZCV2:Q10PR4,0.3815334737300873,0
Q7XKU5:Q56UD0,0.051838792860507965,0
Q8H5T6:Q4JHE0,0.04594109579920769,0
Q6ETQ7:Q7XE35,0.013556450605392456,0
Q5JK39:Q5ZD36,0.013552001677453518,0
Q7EZ44:Q652Q0,0.03011130727827549,0
Q84J63:Q943Q3,0.013128596358001232,0
Q1WM15:Q7XZG6,0.011581050232052803,0
Q2HWG0:B9FDR3,0.41019734740257263,0
Q6EUG4:Q6YXT7,0.03475780785083771,0
Q6Z808:Q6Z1J6,0.2552398145198822,0
Q9AS33:Q6H7H9,0.2518269419670105,0
Q5VR89:Q10PI6,0.019221335649490356,0
Q6K8S7:Q0IQF7,0.015728501603007317,0
Q6ZIK0:Q6AVT2,0.025464564561843872,0
P0C524:Q10GP0,0.014334211125969887,0
B9FJ61:Q5SMI4,0.012600922957062721,0
Q5JNB5:Q67J15,0.07097477465867996,0
Q6Z4G8:Q6AVI8,0.058262329548597336,0
Q2R0L0:Q84PB8,0.04328136146068573,0
Q84PW3:Q0J0G1,0.012089259922504425,0
Q6AUC6:Q6Z1J6,0.022568529471755028,0
Q36996:Q5JLA7,0.011845419183373451,0
Q7XAK4:E3VXF2,0.4941539466381073,0
P28520:Q6K638,0.015208248980343342,0
Q0JP99:B9FHH2,0.012573045678436756,0
Q5JM04:B9FHH2,0.012973779812455177,0
Q0DIT2:Q652Z7,0.014987143687903881,0
Q9LGV5:Q10LZ1,0.6620107889175415,0
Q5NA06:Q9SMB1,0.037867892533540726,0
Q6Z8P4:A0A0P0VIP0,0.09506087750196457,0
P0CH34:Q5JNB5,0.052707623690366745,0
Q75K78:Q8H3C8,0.01475404854863882,0
Q7XT40:Q0JFH7,0.01221128273755312,0
Q10PV9:Q6H849,0.04039876535534859,0
Q6K8J4:Q6H7U3,0.011952579021453857,0
Q10Q07:Q6AST1,0.5311831831932068,0
Q6YW62:Q10F03,0.014406941831111908,0
Q2QN26:Q65XH8,0.610719621181488,0
Q75LJ3:Q6I570,0.01224580779671669,0
Q6Z2K1:Q84PC8,0.012697899714112282,0
Q6L5B5:Q75KA9,0.013093364425003529,0
Q5JLR7:Q6YYW5,0.013664242811501026,0
W0RYD3:Q75GE8,0.019781803712248802,0
Q6YV23:Q0INW1,0.012612747959792614,0
Q2R0D2:P25778,0.015526875853538513,0
Q7F7I7:Q0JGZ6,0.6863197684288025,0
Q5QNB8:Q5ZC82,0.46941038966178894,0
Q5TKP8:Q0JKD0,0.015953408554196358,0
Q10FF9:Q8H594,0.3850131332874298,0
Q6F334:Q5TKD8,0.6918252110481262,0
Q0DJ99:B9FHF3,0.27746859192848206,0
Q5WMW5:Q7F9W2,0.013142399489879608,0
Q5Z6X0:Q942N7,0.24256682395935059,0
Q5NA06:Q851M9,0.03897303715348244,0
Q2QS13:Q8GVF9,0.0285982433706522,0
Q850K7:Q33E23,0.013247216120362282,0
Q7XUN2:Q2QPW2,0.8536060452461243,0
Q7XNY1:Q69TF4,0.18679063022136688,0
Q6H6Q7:Q67WJ2,0.06128385663032532,0
Q84JR0:Q6X4A2,0.6863507628440857,0
Q8H398:Q6Z784,0.9168144464492798,0
A9XMT5:Q652Q8,0.029866833239793777,0
Q0IQN6:Q852K5,0.26931241154670715,0
B9EUM5:Q653N3,0.09316815435886383,0
Q8LGZ9:Q0JQS5,0.014701093547046185,0
P46465:Q9XE33,0.7360987067222595,0
B9FJG3:Q10KY3,0.28398171067237854,0
Q2HWG4:Q942D4,0.01670403592288494,0
Q0DR28:Q75GT3,0.020100092515349388,0
Q6ASS2:Q657C0,0.5302680134773254,0
Q10S93:Q2R222,0.013656179420650005,0
Q7XSB2:Q69XM6,0.014824630692601204,0
Q946J4:Q53M11,0.014086770825088024,0
Q7XA61:Q6AT10,0.339895099401474,0
Q6K4T4:O82117,0.07536192238330841,0
Q7XN12:Q6EU10,0.015977783128619194,0
Q0JKD0:O64437,0.0267662163823843,0
Q8W3D9:Q6Z4G8,0.014013150706887245,0
Q6PL11:Q0PVB3,0.9372692108154297,0
Q6EPN8:P0C524,0.055505819618701935,0
O04433:Q5NAT8,0.015255279839038849,0
Q8H398:Q8H329,0.028417745605111122,0
Q10S72:Q6H4G3,0.29079583287239075,0
Q8W0A1:A3AWH5,0.01825137808918953,0
P0C361:Q9LRE5,0.06474768370389938,0
Q7F8R0:Q7XU29,0.07016422599554062,0
Q0J8Q3:Q64M78,0.013196072541177273,0
P0C485:Q6EX42,0.0124735776335001,0
Q6Z6M4:Q84P99,0.012380706146359444,0
Q8LR86:Q6Z2L5,0.041934866458177567,0
Q2QXP0:Q8S6N3,0.012088264338672161,0
Q53MB8:P52712,0.012904313392937183,0
Q69P80:Q2QN36,0.06359177827835083,0
Q0DJ94:Q5JK35,0.023952480405569077,0
Q69KN0:P0C491,0.025226494297385216,0
Q0JP62:Q8L481,0.014167378656566143,0
Q0JDM4:Q851M9,0.04251271113753319,0
Q10NY2:Q7XPE8,0.11481865495443344,0
Q0DM51:Q60EC2,0.03891640901565552,0
Q65X71:Q655G7,0.07490252703428268,0
Q0IQK9:Q0JD42,0.039624400436878204,0
Q6ETX0:Q6YTW6,0.44464561343193054,0
Q0JFH7:Q6Z7W3,0.013969588093459606,0
Q75KR1:Q69L87,0.023483561351895332,0
B9F1L8:Q7XPL3,0.013497007079422474,0
Q2RB28:Q8S0J7,0.015222779475152493,0
Q7GBF8:Q0JF21,0.015685200691223145,0
P31924:Q94I55,0.012192892841994762,0
B9G2C8:Q941T9,0.3081342875957489,0
Q2QNJ8:Q7XTJ3,0.04952729865908623,0
Q2QVG9:Q0JGK4,0.025426005944609642,0
Q8H339:B7F845,0.12045826017856598,0
Q10LF7:Q7XIF5,0.02596925012767315,0
P0DKK6:Q2RAQ5,0.1130644828081131,0
Q6ATJ8:Q6Z6W2,0.034348566085100174,0
Q0JR55:Q33DK1,0.014489012770354748,0
B9GC17:Q84M47,0.014310496859252453,0
Q5VRG3:Q7XX84,0.02349644899368286,0
B9FMX4:Q5MBR3,0.01704729162156582,0
Q8W0K2:Q9FWU1,0.012175443582236767,0
P0C128:Q948L5,0.9684270024299622,0
Q75HQ3:P0C413,0.012006989680230618,0
Q0IWM5:Q6K9T0,0.021745547652244568,0
Q7XV13:Q10QS7,0.265420138835907,0
A3BN26:P48494,0.02732762135565281,0
Q9LGE3:Q6AUF3,0.026441950350999832,0
Q84MH1:Q8RZQ8,0.0160366203635931,0
O64437:Q10AJ5,0.018858719617128372,0
Q7EZW6:Q5NAZ7,0.053072523325681686,0
Q75KA9:Q6H7U5,0.06329014152288437,0
Q6H6M5:Q5ZD36,0.012722198851406574,0
Q10AZ7:Q6AUG0,0.1903892457485199,0
Q5Z8V9:Q5SNN4,0.03987167030572891,0
Q6K431:Q7Y0B9,0.5918561816215515,0
Q94DD4:Q8GSL4,0.07793380320072174,0
Q0DKY4:Q69RJ0,0.019156277179718018,0
P0C370:Q43011,0.023603204637765884,0
Q40636:Q8S985,0.0144351189956069,0
P0C127:Q0JDC5,0.25461605191230774,0
Q5N941:Q7XSK0,0.012469425797462463,0
Q33AH8:P61042,0.01193529274314642,0
Q0E0C6:Q5KTQ9,0.012774775736033916,0
Q8LIL0:Q6H545,0.1053500548005104,0
Q0IRB0:Q5Z5S6,0.013926471583545208,0
Q10JI3:Q84UL5,0.47214457392692566,0
Q84PB0:Q0D3I7,0.425115168094635,0
Q10CT5:Q0DTM7,0.13599984347820282,0
Q5N8Z0:Q7XU31,0.19855564832687378,0
Q5SMU7:Q2QYW1,0.7368921637535095,0
Q0D744:Q9XHX0,0.012291938066482544,0
Q5JLS2:Q10MB4,0.8168231248855591,0
D5A7J3:B7EA73,0.02156299166381359,0
Q6L5F6:Q942D6,0.17318768799304962,0
Q7XR80:Q8LQH4,0.29662463068962097,0
Q6H4V8:P0C5C6,0.02087314799427986,0
Q2QXJ0:Q40731,0.01756332814693451,0
Q6K8E7:B6RGY0,0.01429208554327488,0
Q6ZCF0:Q75GB1,0.03281378746032715,0
Q8S2E5:Q0JNK6,0.04787225276231766,0
Q4W8D0:Q33BD7,0.015281912870705128,0
Q5NAY4:Q9AR38,0.03830135613679886,0
Q852A1:Q8H8C7,0.012236165814101696,0
Q6Z8K4:Q6Z7V2,0.04022907838225365,0
Q7XPL2:A3B6V0,0.038229960948228836,0
Q5ZBH5:Q0J466,0.10968118160963058,0
Q9ZQW8:Q5KS50,0.2821309268474579,0
Q337C0:Q84Z01,0.013518339954316616,0
Q6ERS0:Q8RV06,0.41968661546707153,0
Q0IU52:Q75LX7,0.015567812137305737,0
Q0DUI8:Q84JH5,0.06719722598791122,0
Q9AUR7:Q2RAV0,0.42362213134765625,0
Q0IMG5:A3BUD2,0.0156987514346838,0
Q69WI0:Q2R2D5,0.03510109707713127,0
Q69RI8:Q9LGU7,0.016308298334479332,0
Q7XQQ2:Q6Z3A8,0.07632782310247421,0
A3A463:Q75GT2,0.01339130848646164,0
Q2QMN7:Q5VRM7,0.015837445855140686,0
Q6K4T4:Q7XRH8,0.04508471488952637,0
Q6K687:Q6YZZ2,0.022923430427908897,0
Q7XPE8:Q5VRH4,0.013865507207810879,0
Q5Z980:A3A8Q4,0.012853661552071571,0
Q6K4N0:Q6ATJ8,0.11787670850753784,0
Q7XE35:Q5JLY8,0.012163699604570866,0
Q6EP66:Q651X6,0.014484599232673645,0
Q7XWU3:Q06967,0.5964887738227844,0
F7J0M4:Q9LL45,0.013480126857757568,0
P0C0M3:Q69W36,0.2005900889635086,0
Q6K508:P49661,0.07237207144498825,0
Q6Z4K6:Q2QT65,0.34463104605674744,0
Q0D3D2:Q8H038,0.01388311292976141,0
Q6H4D6:Q941Y8,0.4286769926548004,0
Q6ZIK7:Q5JMM1,0.2209232896566391,0
Q42993:Q2QZJ8,0.12066081911325455,0
Q6Z256:Q0JEQ2,0.0713038444519043,0
Q69K55:Q7F2P0,0.02881678007543087,0
P0C579:Q10S66,0.015006986446678638,0
Q7Y021:Q75W16,0.037561800330877304,0
Q6L4H4:Q6YZE8,0.9511469006538391,0
B9FDT1:Q5N870,0.01483288686722517,0
Q67WJ8:Q7F8R0,0.2746891975402832,0
Q6EUH7:Q2QM96,0.3380034863948822,0
Q68Y49:Q10Q26,0.7253314256668091,0
Q7XTT4:Q42465,0.01658697985112667,0
B9FL70:Q5Z8T8,0.013637355528771877,0
B9FS74:P0C524,0.02047077566385269,0
Q6ER21:Q7G737,0.9674219489097595,0
Q10LI8:Q05JG2,0.02227395586669445,0
Q6H6C3:Q2QNS6,0.025476498529314995,0
Q5JK39:Q7XEY9,0.02651633881032467,0
Q5W6S3:Q9LWN0,0.45297446846961975,0
Q9AV81:Q9AV47,0.6041465997695923,0
Q7XSV4:Q7XMK8,0.23617325723171234,0
Q6Z2T3:Q6F2U9,0.5055245757102966,0
Q6VAM4:Q6K1Z6,0.63102787733078,0
Q7F613:Q8S230,0.02064642123878002,0
Q0J349:A0A0P0XL10,0.012003797106444836,0
Q8H063:Q6YZI0,0.23639023303985596,0
Q8GRL4:Q0JG98,0.16218261420726776,0
Q01401:Q2R0L0,0.012095469050109386,0
Q7XU31:Q7XPY1,0.060115087777376175,0
Q6ZF86:Q2KNB9,0.029093075543642044,0
Q6F4F5:Q8S0Q9,0.013468543067574501,0
Q6YU88:Q6Z7W3,0.014800566248595715,0
Q6K8R6:Q2QQD9,0.042236920446157455,0
Q6ZLA3:Q6ASY2,0.014386191964149475,0
P56724:Q7XTE8,0.07766866683959961,0
Q657W3:B9G4M9,0.013078348711133003,0
Q5VR89:P25765,0.13105665147304535,0
Q6Z7F4:Q60EW9,0.020676789805293083,0
Q9FTU1:Q7G794,0.015883758664131165,0
Q84NC2:Q10HD0,0.017867518588900566,0
Q2QQS5:Q2QMT7,0.3478247821331024,0
Q6K7S7:Q851Y7,0.022763369604945183,0
P0DKK0:Q851F9,0.059921037405729294,0
Q0JKV1:Q5Z5A8,0.02575852908194065,0
Q7XII4:Q7X7C4,0.012990287505090237,0
Q9FWU1:Q5ZCK5,0.02985961176455021,0
P35683:Q0DNU1,0.2352357655763626,0
B6RGY0:Q43011,0.02513965405523777,0
Q67UL3:Q69KJ0,0.06676001846790314,0
B9GCH9:Q10E64,0.08405297994613647,0
Q6AUV1:Q2R0L0,0.015342076309025288,0
Q6H668:Q9LJ04,0.7177651524543762,0
Q7XDT2:Q53MH8,0.030302105471491814,0
Q6EUK7:Q9LGU6,0.07492034137248993,0
Q0DZT4:O64437,0.028267497196793556,0
Q4PR44:Q6ETK9,0.012594393454492092,0
Q69JW2:Q851W4,0.30995041131973267,0
Q6K309:Q2R3K5,0.01298658549785614,0
A1YTM8:Q338G6,0.017021959647536278,0
Q2QQJ5:Q688Y7,0.014831331558525562,0
Q0JH50:Q2QQR2,0.45232605934143066,0
Q4PR43:Q7G7C7,0.011997856199741364,0
P0C434:Q0DST9,0.022381866350769997,0
Q7XV05:Q2R3F5,0.4125920832157135,0
P0CH34:Q9SSX0,0.31505462527275085,0
P93844:Q0JPT4,0.24845026433467865,0
Q5QN13:Q0E1D7,0.013411170803010464,0
Q9LGU7:Q7XS69,0.30655914545059204,0
Q5ZA21:P0C370,0.019727110862731934,0
Q0DLD3:Q9FUD1,0.06155484914779663,0
P12139:Q94E49,0.041070617735385895,0
Q0D4J7:P0C290,0.5225901007652283,0
Q10GM3:Q5SMM8,0.23788145184516907,0
Q7G8Y3:Q2R482,0.44499000906944275,0
Q84JH5:Q7Y0W5,0.027607915922999382,0
Q6Z2J3:Q6AT12,0.02968389168381691,0
Q942A1:Q0DZ85,0.02311727963387966,0
P20907:Q5N863,0.012096213176846504,0
Q651Z5:Q6Z1Y7,0.016758693382143974,0
Q0J9V3:Q7XEZ1,0.3812730610370636,0
Q6L5F6:Q7XSJ6,0.4306255280971527,0
A1A699:Q10MC0,0.02391323447227478,0
Q42971:Q7X7E9,0.015066586434841156,0
Q84P64:Q5QNI1,0.21654994785785675,0
Q8H7Y8:Q942Z3,0.22517816722393036,0
Q5VMQ5:Q84PD3,0.017426414415240288,0
B9FAF3:Q0D7I3,0.036205094307661057,0
Q9LWM4:Q6F353,0.8812678456306458,0
Q6ATS0:Q6H6E6,0.02218603901565075,0
Q5Z8S0:Q5N6V8,0.7792556881904602,0
Q6K9G1:P0C509,0.01440990250557661,0
Q6H612:Q10RK1,0.011664179153740406,0
Q7XX84:Q655X8,0.013572153635323048,0
Q6YW46:Q0IMV4,0.0931740552186966,0
Q8S3Q9:Q10QA5,0.6620268821716309,0
Q53JG7:Q8RYK0,0.08764415234327316,0
Q7XQT2:Q7EYP9,0.056597866117954254,0
A2ZVI7:Q7XI75,0.5585172772407532,0
Q6EP66:Q851L5,0.0725214034318924,0
Q942J6:Q2RBS4,0.044685449451208115,0
Q8RU95:Q7XR83,0.15067480504512787,0
Q6K9C3:Q0DLD3,0.023155130445957184,0
Q6H764:P0DKK0,0.18757666647434235,0
Q6J1A5:Q5K5B6,0.01733705773949623,0
Q8S1Z0:Q84PD0,0.02080107107758522,0
Q10QH3:Q67X45,0.012401924468576908,0
Q7XWS7:P0DO09,0.012168667279183865,0
Q7XQ45:Q6YZZ2,0.014725878834724426,0
Q8LIY8:Q10PQ9,0.19614990055561066,0
Q7DNA1:A6BLW4,0.4668671190738678,0
Q67J17:Q32766,0.013734245672821999,0
Q10SX7:Q10GM3,0.022123241797089577,0
Q8LMR2:Q84ZT0,0.06261280179023743,0
Q4PR52:A3A2W2,0.012398791499435902,0
Q0J8A4:Q84TX2,0.01566465198993683,0
Q851V1:Q6K4T4,0.024324821308255196,0
Q2R482:Q8LQH4,0.5518407821655273,0
Q5QM06:Q109G2,0.20797930657863617,0
P0DKK7:A3ANB5,0.11770021170377731,0
Q7XTK3:Q7XKS9,0.024573914706707,0
Q6Z256:Q94DD4,0.024560729041695595,0
Q5QMZ9:Q5VRI5,0.0467848926782608,0
P0C0L1:Q2KNB4,0.024483710527420044,0
P07730:Q6F4N5,0.013750416226685047,0
Q5VRH9:Q75LU8,0.4953877627849579,0
Q6Z3A8:Q0E0I1,0.020855406299233437,0
B9F1C0:Q10Q80,0.024530986323952675,0
Q8S9S4:Q8W0A1,0.013450304046273232,0
Q75LX9:Q0J952,0.40705251693725586,0
Q2R185:Q10S32,0.22297297418117523,0
Q7FA29:B8YIE8,0.020633583888411522,0
Q7XQR9:P0C325,0.03093099035322666,0
Q7XI14:P12149,0.028734399005770683,0
Q7F0Q2:Q7XKK6,0.0225426834076643,0
Q8LLP5:Q5SMM6,0.2093391865491867,0
Q2R4Z5:Q6K881,0.01268375851213932,0
Q653B6:Q6ZJD3,0.016970057040452957,0
Q0JNL7:Q5Z5B2,0.4493217468261719,0
Q10RP4:P31674,0.03638826683163643,0
Q0DM51:Q0DZ85,0.015886304900050163,0
Q6Z2J3:Q6Z6T2,0.013232302851974964,0
Q6H7E4:Q6ATG6,0.32940104603767395,0
Q5Z8P0:Q7XSK2,0.014190524816513062,0
Q8GRI8:Q7XHQ8,0.10861275345087051,0
Q5QM84:K4PW38,0.027134964242577553,0
Q7X996:Q84J55,0.9553529620170593,0
B7F8P5:Q65XV8,0.015347279608249664,0
Q8LR50:Q654M1,0.0375312976539135,0
O82766:Q9ZTP5,0.021035723388195038,0
Q8H936:Q7XV97,0.7220155596733093,0
Q10L32:P50156,0.4446121156215668,0
Q6ZH94:Q58G87,0.04700208455324173,0
Q7X923:Q6EQG2,0.018417540937662125,0
Q8H3C9:Q943F3,0.012578423134982586,0
Q94LU9:Q7XQQ1,0.025007516145706177,0
Q6YSJ5:Q69TF4,0.014141974039375782,0
Q9AS33:Q2QWJ9,0.022656768560409546,0
D5A7J3:P0C380,0.018824517726898193,0
Q84PB1:B6RGY0,0.028819037601351738,0
Q2QM00:Q10HC9,0.013747058808803558,0
Q84SN3:Q0IZQ2,0.22873054444789886,0
Q851R2:Q7XUN6,0.012768988497555256,0
Q7XUW5:Q65XH8,0.2636725902557373,0
Q9XJ54:Q6K8S1,0.6440726518630981,0
Q6ZJ08:Q67TP9,0.04923214763402939,0
Q0J952:P40978,0.022202372550964355,0
Q6ZA27:Q53NF0,0.011629538610577583,0
Q10PC5:Q5VS72,0.10699684917926788,0
Q0JB89:A3CAL5,0.060972101986408234,0
A3AZ89:Q7F8T6,0.020241646096110344,0
Q942D6:Q0DXB1,0.6615428924560547,0
Q6ZKC0:Q5VR07,0.397889643907547,0
Q10R47:Q75LJ4,0.06483236700296402,0
Q5SN75:Q7XT40,0.051537513732910156,0
Q7XLC6:P0C579,0.012098249047994614,0
Q6ZJ91:Q652V8,0.03853381797671318,0
Q7EZ57:P0C477,0.01642281375825405,0
Q7XTV3:Q6K548,0.02251281589269638,0
Q0DDF6:B9F166,0.023801535367965698,0
Q5N941:Q0IWM5,0.012698817066848278,0
Q10I26:P38385,0.051878251135349274,0
Q7X7A4:Q9AY63,0.020207392051815987,0
Q2QZ14:Q0E2Z7,0.0278287623077631,0
Q10AZ4:Q9LST6,0.27887508273124695,0
Q10K98:Q7XFK2,0.01313858013600111,0
Q5Z8P0:Q943L2,0.1368708610534668,0
P0C413:Q7XPW8,0.014839932322502136,0
Q6Z2T6:Q5Z880,0.04310141131281853,0
Q64MA1:P0C0M3,0.28462716937065125,0
Q8LHA8:Q7F1X5,0.31070950627326965,0
Q2QYR5:Q0IQK9,0.013347125612199306,0
Q5NBN9:Q9FYP9,0.04456888511776924,0
Q0JA29:P14614,0.2442181557416916,0
Q0JHP8:B9EUM5,0.04250055178999901,0
Q0E2Y1:Q9LHZ7,0.025990337133407593,0
Q0J8R9:P52712,0.03139984607696533,0
O82427:Q851R5,0.0817299634218216,0
Q6EU49:Q2QXY1,0.07655181735754013,0
Q0DHE3:Q8H2J9,0.022782400250434875,0
Q6YVX4:Q7XFK2,0.01746043562889099,0
Q7EYP9:Q4JL76,0.17150016129016876,0
Q10JI3:B9FAF3,0.08004897087812424,0
Q0J090:P31110,0.04184553027153015,0
Q7FAY6:B7EJ91,0.016732454299926758,0
Q0IQB6:Q10MJ1,0.10606441646814346,0
Q9LST7:Q2R1D5,0.196866974234581,0
Q7XAQ6:Q0ILQ6,0.12900638580322266,0
P15280:Q69JN6,0.09652388840913773,0
Q69R21:Q0JP11,0.06851203739643097,0
Q94JJ4:Q10QA5,0.34084591269493103,0
Q7XUN2:Q6K9N1,0.30087801814079285,0
Q0DG35:P0C0X5,0.01581353321671486,0
Q10S65:Q5CCK3,0.06495335698127747,0
Q53JY8:B9FS33,0.025309821590781212,0
Q948L0:P93431,0.06388174742460251,0
P17814:Q0JPT5,0.43822216987609863,0
Q6L5H6:Q10K62,0.11394359916448593,0
Q5ZC87:Q0JPT4,0.019294574856758118,0
Q5VRM0:Q5KQN0,0.022653929889202118,0
A3BH91:Q0J3L4,0.03659910708665848,0
Q6H612:Q6L4H4,0.030102312564849854,0
Q10F39:Q2R4Z8,0.013080029748380184,0
Q0D6M1:Q0J7T6,0.015887517482042313,0
P0C482:Q5W6G0,0.01579594984650612,0
Q5VRM7:Q7EZ44,0.05628856644034386,0
Q7XPY2:Q2R1M8,0.2646116018295288,0
Q657X6:A3ABE1,0.013797012157738209,0
Q5NAZ7:Q7G6D7,0.20581340789794922,0
Q2R222:Q5NAN5,0.09412584453821182,0
Q9AWM8:A0A0P0WGX7,0.19762051105499268,0
Q0JKT4:Q8H0B6,0.014319655485451221,0
Q652Q1:P94029,0.013683455996215343,0
Q2RBJ2:Q2QWT4,0.01787935011088848,0
Q5JMR9:Q7G4P2,0.06871908158063889,0
Q10K98:Q8RZ40,0.0705673024058342,0
Q6ZKL8:Q84R36,0.40505629777908325,0
Q9LGH4:Q75HV0,0.16849632561206818,0
Q7X8P2:Q10D00,0.08367323130369186,0
Q69XM6:Q69XJ0,0.299226850271225,0
P0C032:Q69TH6,0.04283995181322098,0
Q69T21:Q6L8F7,0.15901197493076324,0
Q7XU27:Q0DGD7,0.012742978520691395,0
Q67V61:Q9FXM3,0.43022775650024414,0
Q5N800:Q655V5,0.022160526365041733,0
Q7XSS9:Q7XDH8,0.777182400226593,0
Q9LWV3:Q10K62,0.16405756771564484,0
Q53PC7:Q0INT0,0.6581462025642395,0
P0C343:Q5N808,0.012466581538319588,0
Q75L84:Q84PB6,0.021283501759171486,0
Q67UE8:B7F8N7,0.012295453809201717,0
Q43007:Q2R712,0.03187871724367142,0
Q7X7L3:Q5Z5A8,0.05816042423248291,0
Q7XZZ3:Q0D4Z6,0.26797232031822205,0
Q0DLG0:Q75GX9,0.012484927661716938,0
Q5N942:P24626,0.41333895921707153,0
Q8S151:P0C322,0.017445676028728485,0
Q6AT10:Q0JG99,0.2161841243505478,0
Q2QPW1:B9F1L8,0.03499492630362511,0
Q53PP5:Q7X6J9,0.012669260613620281,0
Q6Z2J3:Q6YZI0,0.02347787655889988,0
Q7F0H8:Q69R21,0.14001639187335968,0
Q6Z2M9:Q8H3C7,0.12772436439990997,0
Q943I6:Q5VN19,0.6513752937316895,0
Q7XTJ3:Q0DZP5,0.3734530508518219,0
Q6YT00:Q943I6,0.11649477481842041,0
O24210:Q6Z1Z3,0.021687550470232964,0
Q6EN42:Q94IB1,0.7694029211997986,0
O24174:Q0DGS1,0.053676020354032516,0
Q5VP70:P41345,0.036502618342638016,0
Q6K8X6:Q0E3C8,0.06849105656147003,0
Q6K4T4:Q5VMJ3,0.057657916098833084,0
Q6Z6G6:Q5VS72,0.09686598926782608,0
O04433:Q6H8D5,0.24945910274982452,0
Q33E23:Q8H3A7,0.029875626787543297,0
Q0JJ05:Q6PS57,0.02819809876382351,0
Q109B0:Q9FRF9,0.011789772659540176,0
Q75G46:P12194,0.012511193752288818,0
Q2QYW5:Q0DZE0,0.02388308197259903,0
Q0DHJ5:Q0J035,0.02896387316286564,0
Q7XI55:Q6YW51,0.016434097662568092,0
C7J0A2:Q6Z4T5,0.09553223103284836,0
Q2RBJ4:Q6H4V8,0.02327299304306507,0
Q6Z5M0:Q5VP70,0.22654889523983002,0
Q10QS9:Q53NK6,0.6954845786094666,0
Q2QSR8:Q5N9A1,0.012233554385602474,0
B9G193:Q6H3Z6,0.012395953759551048,0
A0A0P0WFC8:Q6AWY2,0.8793741464614868,0
Q7XLR1:Q43594,0.4611344337463379,0
Q0E3V2:Q8H3C7,0.011913666501641273,0
Q9AS36:Q9FXM3,0.6435112357139587,0
Q8W0A1:Q6YV23,0.012096933089196682,0
Q6ZCZ2:Q6Z232,0.06538241356611252,0
P93771:Q0JJD1,0.018337277695536613,0
Q0DAS9:Q6K8R6,0.012486605904996395,0
Q6K687:Q84MN0,0.5076028108596802,0
P0C2Y4:Q5NA06,0.01656428910791874,0
Q6Z234:Q2QNG7,0.01894213631749153,0
Q69XQ6:Q0E088,0.014887494035065174,0
Q652N5:Q94FT8,0.02178931050002575,0
Q7XEY9:Q67X79,0.1351735144853592,0
Q852K5:Q6ZD28,0.01322929561138153,0
Q7XHR2:Q67W82,0.11025825887918472,0
Q10B98:Q10PT0,0.014754310250282288,0
Q5N7W4:Q6K2E8,0.14214985072612762,0
Q5Z9N5:Q01882,0.0280624870210886,0
Q652N5:Q69L99,0.015097841620445251,0
Q338B9:Q2RBC6,0.08970651775598526,0
Q69JW3:Q6Z0E2,0.033328037708997726,0
Q0DBU5:Q40731,0.26402977108955383,0
Q9FUD1:Q8S2G4,0.0283500999212265,0
Q32766:C7J0A2,0.012720557861030102,0
Q6EQX3:Q69QB8,0.15345008671283722,0
Q6ZK48:Q2QYR1,0.018893755972385406,0
Q6ES10:Q7Y0B9,0.6143020987510681,0
Q2QR07:P0C325,0.029826972633600235,0
Q7XIV8:Q6Z7F4,0.018230708315968513,0
Q6K6S5:Q84LK7,0.01676301658153534,0
P0C524:Q5W6M3,0.04186991974711418,0
Q2QMH2:Q852A1,0.012968868017196655,0
Q2RAR6:Q9FWK4,0.031936343759298325,0
P0C290:Q7FMW4,0.015434942208230495,0
Q5KQI6:Q0JNR2,0.014085817150771618,0
Q0J951:Q7XSK2,0.013366535305976868,0
Q67UC7:Q6ZKC0,0.40580496191978455,0
Q18PR9:Q10PV9,0.06969531625509262,0
Q84P96:Q6ZGL4,0.05893050506711006,0
Q40682:Q84J54,0.18298284709453583,0
Q7XKR9:Q7G6Z5,0.012806673534214497,0
Q0D4J7:Q53MB8,0.22887305915355682,0
Q5NBI2:Q5JN07,0.03992881625890732,0
Q5N8X6:Q8H021,0.013499713502824306,0
Q6YWP9:B9G5Y5,0.012935823760926723,0
Q10S66:Q2R2T4,0.019540874287486076,0
Q75L42:Q0JA82,0.3976020812988281,0
P0C2Y7:Q8VXB1,0.041178323328495026,0
Q69J40:Q7XPM8,0.9369234442710876,0
Q5JNT2:Q5ZAJ0,0.0230514258146286,0
Q94JF3:P0C0X5,0.024985263124108315,0
Q6K2T1:Q8H395,0.3698560893535614,0
Q6Z5I0:Q65XL5,0.04025686904788017,0
Q2R4Z8:Q76I22,0.012465298175811768,0
Q7XUF4:Q9LD61,0.2557726502418518,0
Q6K215:Q0E3V2,0.039398640394210815,0
Q7XQQ2:Q10P01,0.020335128530859947,0
Q0DKE8:Q67UI2,0.021022336557507515,0
Q8S625:Q5Z8S0,0.7261639833450317,0
Q58G87:Q2RBJ6,0.14831368625164032,0
Q53NK6:Q6K508,0.019931821152567863,0
Q7XUF4:Q3HRP1,0.8972123265266418,0
Q6K7E6:Q69UI2,0.09245075285434723,0
Q6YW62:Q7XUW4,0.08768995106220245,0
Q654B3:Q6ZL42,0.6924420595169067,0
Q9AV23:Q0DZE0,0.04180428013205528,0
A2ZRY8:Q6AVI0,0.7248985767364502,0
Q53N87:Q7XLX6,0.01777629368007183,0
Q2QS71:Q7XPE8,0.05254192277789116,0
P42211:Q6IVC3,0.03178378939628601,0
Q60EY1:Q75GA5,0.10914237797260284,0
Q84PB3:Q10LF7,0.28635773062705994,0
Q5Z678:Q2R2Z0,0.019765282049775124,0
Q7XCA7:Q2QW55,0.01389379519969225,0
Q7XWK5:P0C290,0.03657090291380882,0
Q5Z6F5:Q9SDK9,0.2674274146556854,0
Q56UD0:Q6K2M1,0.012388576753437519,0
A3AGM4:Q6ZJM9,0.30266863107681274,0
A3AD08:P28520,0.014374710619449615,0
Q94LR4:Q0JF58,0.012725464068353176,0
P0C506:P0C5A4,0.017360134050250053,0
Q8L4E7:Q0E0Y3,0.03331425413489342,0
Q9AR88:P40392,0.0197273101657629,0
Q53Q70:Q6YY75,0.8577933311462402,0
Q75G84:Q10RB4,0.012884263880550861,0
Q2R3Y1:Q0DN94,0.06684131920337677,0
Q2QYH7:Q5ZEM1,0.019583923742175102,0
Q0DEC8:Q0JKX1,0.03885306790471077,0
Q5NAY7:Q8LH59,0.023147378116846085,0
Q5Z9N5:Q10MN6,0.4336255192756653,0
Q7XDQ7:P0C031,0.49710813164711,0
Q75IR6:Q6Z2T9,0.014715765602886677,0
Q5Z6F5:Q69R21,0.056151509284973145,0
Q5Z8K3:Q6YSJ5,0.11633962392807007,0
Q7XUV2:Q75WU1,0.013216632418334484,0
A2ZP58:P94029,0.01886816881597042,0
Q7XN53:Q6K8E7,0.014618945308029652,0
Q8S628:Q0JDA2,0.013137981295585632,0
P41344:Q0E1Z0,0.013728666119277477,0
Q851M9:P0C506,0.0459049716591835,0
Q0JDM4:Q6ATV4,0.021017497405409813,0
P0C0X5:Q8W3M0,0.07716292142868042,0
Q6ZL43:Q67UQ4,0.05999695137143135,0
Q5VS45:Q8H7S7,0.012040549889206886,0
Q10HL3:Q336X9,0.4486660957336426,0
B9F1L8:Q10QL5,0.1955440640449524,0
Q851X7:Q0JH50,0.028798330575227737,0
Q8H383:Q84ZD2,0.017953019589185715,0
Q8H8C7:Q5ZBH5,0.014779469929635525,0
Q2QMT2:Q6ERE5,0.027409477159380913,0
Q9AV88:Q5N800,0.012861654162406921,0
Q5N7B4:Q2R483,0.016639797016978264,0
Q7XXL2:Q84J55,0.8944689631462097,0
Q6H7T1:Q0J930,0.02132168971002102,0
Q5ZAY0:B9F655,0.6384756565093994,0
Q0DDI1:Q2QUS0,0.012076419778168201,0
Q7GD79:P17814,0.6308390498161316,0
Q84QC0:Q69NF5,0.021856913343071938,0
Q6EUP4:Q10S83,0.8889778256416321,0
Q84LK7:Q7XPL2,0.01552543230354786,0
Q2QY04:Q0DC45,0.01964348368346691,0
Q9FU27:Q6YW64,0.38282519578933716,0
B9F4Q9:Q75G87,0.08353865146636963,0
Q6Z2M9:Q8H7S7,0.41352739930152893,0
Q0E2Y1:Q0DBS1,0.04437435418367386,0
Q10JL1:Q6EP49,0.015560286119580269,0
G9LZD7:Q2RB31,0.33994150161743164,0
Q7XKV5:Q10JI3,0.013014057651162148,0
Q10LP5:Q653S3,0.10604772716760635,0
Q7XNX6:Q5ZC83,0.012422141619026661,0
Q9XE33:Q6Z6W2,0.8886653780937195,0
Q60EQ4:Q0DDI1,0.057835519313812256,0
P0C380:Q6Z869,0.0804009661078453,0
Q7XS74:Q6YS30,0.16026489436626434,0
Q84ZA1:Q5W6F1,0.02306155487895012,0
Q9FTY0:P53683,0.4757753312587738,0
Q53NR8:Q0DY81,0.016008425503969193,0
Q6Z2U5:Q43007,0.015585419721901417,0
Q6EN45:Q6H6P0,0.023403309285640717,0
Q8H6G8:P18566,0.014159703627228737,0
Q5SMI4:Q69S43,0.07922399044036865,0
Q7X7V2:Q7G768,0.11879651993513107,0
Q6Z7F4:P56724,0.023876626044511795,0
Q01882:Q84Q77,0.014457575976848602,0
Q8VXB5:Q5N9W4,0.012895253486931324,0
Q8W3M0:Q5Z859,0.6346122622489929,0
Q69P88:Q6ZIK7,0.013394183479249477,0
Q7XC57:Q10J20,0.3243389129638672,0
Q9LST6:Q5VNW5,0.01895187795162201,0
Q7XKQ8:Q8GU85,0.017522701993584633,0
Q0JPT4:Q0JJ01,0.8507868051528931,0
Q6H6D2:A3BDI8,0.03753132000565529,0
Q8S2G4:Q7G8Y5,0.05330386757850647,0
Q9XJ54:Q6K9C3,0.4344927966594696,0
Q10QP3:Q5N6V0,0.6739590764045715,0
Q8GVY2:P93422,0.04856276139616966,0
Q2R0W8:Q0DJR9,0.0491374246776104,0
Q0JA75:Q6K9G3,0.017751188948750496,0
Q10N79:Q6K508,0.013220563530921936,0
O65091:Q6ZAL2,0.01285248901695013,0
Q6H6Q7:Q6L589,0.6925269365310669,0
Q2QXR8:Q5NAZ9,0.017392246052622795,0
Q0J705:Q8LQX2,0.017488529905676842,0
Q65XH8:Q0J8J8,0.07982464134693146,0
Q6I570:Q6L5C4,0.01642550341784954,0
Q7XN11:Q0DWA9,0.014712794683873653,0
Q7FAZ0:Q8H7Y6,0.02054479531943798,0
Q8LM92:Q0JFH7,0.013255970552563667,0
Q6YZI0:Q0JKD0,0.10702826827764511,0
Q650T9:Q40677,0.07926803082227707,0
Q2QNC3:Q6H668,0.014655265025794506,0
Q6L5F7:Q8LQM5,0.4242592751979828,0
Q94JI5:Q67VW6,0.012771687470376492,0
Q5QMZ9:Q84NJ4,0.7324326634407043,0
Q7XWP3:Q6AVV1,0.19659636914730072,0
P35682:Q8H016,0.025764403864741325,0
Q69X58:Q84ZA1,0.034415777772665024,0
Q69TW5:Q7XXS4,0.02317703515291214,0
Q33AH8:Q6AVI8,0.129659503698349,0
P17784:B9F676,0.014463367871940136,0
Q8LI30:Q5QLR5,0.012831062078475952,0
Q6H7M1:Q6K3B1,0.021087469533085823,0
Q0D9S3:Q7F731,0.014891499653458595,0
Q0DC45:Q84PC8,0.013010322116315365,0
P53682:Q7XKF4,0.0943043977022171,0
Q84P81:Q5VN19,0.3173404633998871,0
Q8LQ68:B1Q3J6,0.023214835673570633,0
Q6ZDQ1:Q6ZBS8,0.17781388759613037,0
Q7Y0C8:Q0JAD9,0.013321737758815289,0
Q7Y1V5:Q10KN7,0.057842135429382324,0
Q5Z6B6:O04986,0.1969679594039917,0
Q84NP7:Q0DAS9,0.011860948987305164,0
Q0JI49:Q0DJY3,0.03573078662157059,0
Q8GU89:Q10Q47,0.013040824793279171,0
Q338X7:Q2R041,0.027546925470232964,0
Q8LIY0:Q2R4Z4,0.013013905845582485,0
Q6ZH45:B8YEK4,0.016054371371865273,0
P49030:Q8LJA9,0.03323117643594742,0
A3ABE1:Q2QMT2,0.01739264838397503,0
Q0DDI1:Q5JM82,0.012278596870601177,0
B9FCV3:Q5JN63,0.014749802649021149,0
Q5K4R0:Q2R637,0.5170982480049133,0
Q2R9X2:Q7Y1E6,0.21742235124111176,0
Q10SM2:Q6EUH7,0.021986359730362892,0
Q5ZD81:Q5JM57,0.025051182135939598,0
Q7XBW5:Q75HZ9,0.1402669996023178,0
Q7XRH8:Q6K537,0.01354906614869833,0
Q5VQG4:Q6H628,0.021717533469200134,0
Q657X6:Q6Z312,0.1674693077802658,0
Q10CN6:Q0DKP3,0.09624256938695908,0
Q9LWN0:Q93VB5,0.6657367944717407,0
Q7DNA1:Q7XL73,0.019308870658278465,0
Q7XBR2:Q9ST27,0.2032880336046219,0
Q336X9:Q10CQ8,0.7536983489990234,0
Q7GDL5:O80416,0.9631215929985046,0
Q2QW44:Q5JNT2,0.06720037758350372,0
Q5Z627:Q5JNT2,0.0216079019010067,0
Q7XUF4:Q948T6,0.39040860533714294,0
A3BKF2:Q0D5R2,0.013596313074231148,0
Q8W2X5:Q6Z4T3,0.027974456548690796,0
Q5ZBY9:Q10PP8,0.02903088927268982,0
Q6YU88:Q5JL08,0.10214436054229736,0
Q7XP01:A3ABE1,0.08751346915960312,0
Q7X7E6:Q10CE7,0.012011097744107246,0
Q69XV0:Q6ESZ9,0.07800646871328354,0
Q851W4:Q0JGM8,0.018743690103292465,0
Q67UU0:Q60EW9,0.030454182997345924,0
Q93VB5:Q7Y0F2,0.16395226120948792,0
Q10PT0:Q0ILZ4,0.013988794758915901,0
Q6YW46:Q0DVX2,0.04982001334428787,0
Q5JN63:Q7EZ44,0.041972070932388306,0
Q0J4P2:Q2QP54,0.33507630228996277,0
Q84P59:Q0JA82,0.02825121581554413,0
Q10L32:Q704V3,0.054383277893066406,0
Q60EJ6:Q2QYR1,0.026744110509753227,0
Q0J705:Q943E6,0.22411370277404785,0
Q0J716:Q8LIY8,0.03986778482794762,0
Q6YV23:Q7XTC7,0.026350611820816994,0
Q10RK1:Q5Z8V9,0.012030982412397861,0
Q6ZFT5:Q5W659,0.06644314527511597,0
A0A0N7KIY3:Q69Q02,0.03929659351706505,0
P0C497:Q8S1V1,0.013723439536988735,0
Q0E4K1:Q5VRB2,0.015074717812240124,0
Q75K32:Q6YTF5,0.07584461569786072,0
Q851S7:Q6EP66,0.15070049464702606,0
Q75K32:Q0JJ01,0.4790099263191223,0
Q6H6T1:Q84P83,0.026269858703017235,0
Q3HRP2:Q2QM17,0.534380316734314,0
Q942X0:Q7XTE8,0.5743087530136108,0
Q5W727:Q10DK7,0.022334342822432518,0
Q8H7Y6:Q2QWW7,0.0198317002505064,0
Q338N2:Q10S58,0.020513111725449562,0
Q75GM1:Q7XV21,0.0430171936750412,0
B9F1L8:Q2QYW1,0.5012869834899902,0
Q94CT7:Q6ZAL2,0.22060692310333252,0
Q9SSX0:Q6YX89,0.025064462795853615,0
Q336R9:Q2R237,0.01244277786463499,0
Q6Z965:Q6ZKL8,0.02679990604519844,0
Q0JKF5:P48599,0.0314730741083622,0
Q7XQN4:Q654M1,0.09012839943170547,0
Q7XCJ7:Q6L5F4,0.7917860746383667,0
Q84KJ3:Q7X7E9,0.01783105544745922,0
Q852K0:Q69T21,0.044486235827207565,0
Q75LR2:Q5CCK1,0.013957954943180084,0
Q60GC1:Q0JJZ6,0.02026933990418911,0
Q7FAZ3:Q69RC4,0.03266635909676552,0
P0C0L1:Q0E459,0.18928800523281097,0
Q6I570:Q6ZDY8,0.01374803762882948,0
A3BDI8:Q8LR34,0.11450572311878204,0
Q2QNE3:Q75GA5,0.3119383752346039,0
Q10D00:Q2QMT6,0.017844364047050476,0
Q7G4G7:Q9LWV3,0.5900904536247253,0
Q9SDK9:P49100,0.09704954922199249,0
Q3HRN9:Q7XT08,0.0843084529042244,0
Q5SMI4:Q84NC5,0.01256415992975235,0
B9G9X3:Q42971,0.02517215721309185,0
Q5ZC82:Q6AUK5,0.014911365695297718,0
Q5Z402:Q8H5T6,0.021056512370705605,0
Q2QWK1:Q5N7A7,0.012212845496833324,0
Q9AY63:Q76I22,0.025427713990211487,0
Q6BDZ9:Q5VPH3,0.024892833083868027,0
O80416:Q6ZL81,0.35779985785484314,0
Q5VRM7:Q0JKI9,0.07532259821891785,0
Q7XHC4:Q9AWZ8,0.01812790147960186,0
Q6K4V3:Q5ZD81,0.6663314700126648,0
Q10P67:Q2R4A0,0.029052291065454483,0
P29618:Q53WJ1,0.5055868029594421,0
Q6Z4K6:Q851W4,0.28634411096572876,0
Q2QWJ9:Q7XEK4,0.015037725679576397,0
Q7XS75:Q6K9U2,0.4339449107646942,0
Q7XKU5:Q9FWK4,0.1811489313840866,0
Q0DHE3:Q6ES52,0.05151698738336563,0
Q0J9J6:Q6Z7V2,0.028365585952997208,0
Q75HW2:Q948L0,0.020556701347231865,0
B9G434:Q653H7,0.0617278590798378,0
Q69J40:Q8H383,0.6657343506813049,0
Q2R0L2:Q10PS6,0.01621115766465664,0
P0C467:Q6F6A2,0.014445695094764233,0
Q850K7:Q5Z6G5,0.01925939880311489,0
Q4PR44:Q75IQ4,0.012706316076219082,0
Q653T6:Q5N8Z0,0.3321031630039215,0
Q65XK7:Q6K9N6,0.22150368988513947,0
Q0JCR9:Q0JG99,0.017227834090590477,0
P0C337:P12149,0.1054292842745781,0
Q6YYC0:Q94EC4,0.016125736758112907,0
Q7EXZ2:Q7XV21,0.016836965456604958,0
Q7X7N2:Q6IVC2,0.07392566651105881,0
Q2RAQ5:Q6K4K9,0.658791720867157,0
Q7F0R1:Q6Z1D5,0.6895217895507812,0
Q2RAP0:Q6K3D8,0.015921369194984436,0
Q84PA3:Q7XMI0,0.013537387363612652,0
Q75V57:Q7Y180,0.819229245185852,0
Q6YZ54:Q8GU83,0.17996297776699066,0
Q851S2:Q84T94,0.014128217473626137,0
Q7XPW8:Q6Z7V2,0.054939884692430496,0
Q10DU0:Q0JLS6,0.08547571301460266,0
Q6K972:A3ANB5,0.10821135342121124,0
Q76CY8:P0C5C6,0.07116084545850754,0
Q2R066:Q5Z6F5,0.20553480088710785,0
Q0JNR2:Q688J2,0.01235962938517332,0
Q2R114:Q6YVX7,0.02507992461323738,0
P35684:Q53QI0,0.021381227299571037,0
Q75LL6:Q10MI9,0.44072553515434265,0
Q4PR48:Q7XXR8,0.015442845411598682,0
O81263:Q84P95,0.012290132232010365,0
Q5W7C3:Q8SAY0,0.04395390674471855,0
Q10PC5:Q5VQK9,0.013980040326714516,0
Q84PD2:Q5N829,0.02395043335855007,0
Q5VQL3:Q75GB1,0.018164655193686485,0
Q852K6:Q283L3,0.512706458568573,0
Q2QNE3:Q942X4,0.01520546805113554,0
Q6ERE5:A3AB67,0.021035952493548393,0
Q6EU94:Q8LH82,0.2748832404613495,0
P49661:Q6Z232,0.024923337623476982,0
Q6K609:Q8GVY2,0.1416642665863037,0
Q0D9C7:Q0D744,0.05615171790122986,0
A0A0P0XII1:Q5VRM7,0.046359118074178696,0
Q0DJC5:Q10KT6,0.015436545014381409,0
Q10SX6:Q5ZCL8,0.014443553984165192,0
Q53NL5:A9UGV7,0.012051469646394253,0
O64464:Q7GCM7,0.016407132148742676,0
Q75LJ4:Q7XN30,0.09066031128168106,0
P40978:Q9LGQ6,0.023643646389245987,0
Q8LQ68:Q5VN19,0.3051745593547821,0
Q0DBU5:Q53M52,0.5218256711959839,0
P0C319:Q7XUN6,0.01807868480682373,0
Q10NQ3:A3BV82,0.028533656150102615,0
Q9AV49:Q60E61,0.32016417384147644,0
Q8H5F8:Q6ER22,0.014358325861394405,0
O23877:P0C328,0.025339532643556595,0
Q8H6H4:Q69UI1,0.03506634756922722,0
Q8LH82:Q942D6,0.34087616205215454,0
Q7XEZ6:Q0DWH1,0.039376575499773026,0
Q7XI14:P37398,0.04911563917994499,0
Q5N7A3:Q8GSD9,0.01782076805830002,0
P31691:Q5VQP7,0.024209465831518173,0
Q9FWT5:Q64MA3,0.016206910833716393,0
Q7X7X4:A3AVP1,0.01219860091805458,0
Q0JBY9:Q7XAQ6,0.34624049067497253,0
Q6YZ49:Q0J4D4,0.03764704614877701,0
Q8L4L4:Q7XR80,0.04074786975979805,0
P0C127:Q7XRV1,0.014924675226211548,0
Q75GM1:A1A697,0.15802909433841705,0
Q0JKT4:Q5SML5,0.03307027742266655,0
Q9AWX3:Q0DG05,0.013053945265710354,0
Q851L6:Q9M4X7,0.013194355182349682,0
Q71VM4:Q67IX6,0.20474720001220703,0
Q0JEP3:Q0J8Q3,0.012373022735118866,0
Q339D2:Q7XT08,0.013193887658417225,0
Q0DAE8:Q0INY7,0.030416084453463554,0
Q75K78:P49210,0.013811069540679455,0
Q0J3L4:Q6Z1C0,0.20589399337768555,0
Q10SM7:Q0J6H8,0.012023027054965496,0
Q2QNM1:Q10M00,0.43090325593948364,0
A3C6G9:Q84PA9,0.3881802260875702,0
Q6H3Y7:Q942P9,0.02483009174466133,0
Q2QSB9:Q6ETX0,0.02130575105547905,0
Q84ZA1:Q7XUV4,0.01873786188662052,0
Q6Z2X3:Q10Q71,0.6633095145225525,0
Q2RBS4:Q7F2Z1,0.34360429644584656,0
Q42993:Q8LNV6,0.014219105243682861,0
P14323:Q7X6B6,0.013550043106079102,0
P41344:Q0JB92,0.0536905936896801,0
Q8RZV7:Q9FWU1,0.013086291961371899,0
Q6ZCY2:Q9SXQ6,0.020960820838809013,0
P0C328:B7F8P5,0.01312209852039814,0
Q67VW6:Q6YSA9,0.013325666077435017,0
Q6ZGY0:Q0DXB1,0.387542188167572,0
Q67UK2:Q2HWH1,0.27930495142936707,0
Q5ZEM1:Q0JB88,0.059491563588380814,0
P0C2Z6:Q7F8T6,0.02072311006486416,0
Q40638:Q5QN13,0.01288230437785387,0
Q5K5B6:Q2QYD2,0.05981706455349922,0
Q69L93:Q0DGP6,0.025052988901734352,0
Q0IUL4:Q0J0A4,0.012330298312008381,0
Q0DZP5:Q7XM13,0.8833814859390259,0
Q10P83:Q5W6M3,0.013037065044045448,0
Q5Z6N9:Q7XLY8,0.6657412052154541,0
Q6K9G3:Q6K8S1,0.06203439459204674,0
C7IZ16:Q40665,0.4082048833370209,0
P46609:A3C4H3,0.17257824540138245,0
Q7XKC4:Q6AVP4,0.02074732445180416,0
Q7XP52:Q0D519,0.01297575980424881,0
Q7F9U3:Q6K5P8,0.03990395739674568,0
Q10Q80:Q67UK2,0.025227924808859825,0
Q7F2L3:Q7XK44,0.49256840348243713,0
Q8GRS2:Q6Z3A8,0.3547990620136261,0
Q10CE4:Q6YUB8,0.018588727340102196,0
Q7G7C7:Q94GM9,0.014007563702762127,0
Q8GU85:Q67VW6,0.02280336245894432,0
Q2HWG4:Q654M1,0.17853844165802002,0
Q7XUH5:Q6EPN6,0.013722151517868042,0
Q9ZWR4:P29250,0.01303690392524004,0
Q948L5:Q9LG41,0.16339942812919617,0
Q3T5N4:Q2R3K3,0.1158420592546463,0
Q6YVY0:Q0D3I7,0.9151065945625305,0
Q6Z2M9:Q8L556,0.34766295552253723,0
Q5N7A3:Q6YWS8,0.019160211086273193,0
Q40636:P0DO03,0.015679573640227318,0
Q0DK10:Q6AVT2,0.10532929003238678,0
C7J6G6:Q942A8,0.012892179191112518,0
Q943E7:Q5JK20,0.1461564004421234,0
Q6YSJ5:Q2R2Z0,0.02571162022650242,0
Q7XAK4:P37832,0.3168823719024658,0
Q6EP77:Q851J8,0.04758762940764427,0
Q5ZEF1:Q10D97,0.25792381167411804,0
O04138:Q6ZCC4,0.01308875996619463,0
Q2QN30:Q6H7H9,0.04070808365941048,0
Q0J2L7:Q0JCC3,0.7775370478630066,0
Q6VBB2:Q7XPL3,0.016494324430823326,0
Q10SM2:Q84QC0,0.02016020379960537,0
Q0E0P0:Q84MF1,0.027302606031298637,0
Q75GK0:Q69K55,0.1456051468849182,0
Q5Z6F0:Q7X7V2,0.5403571128845215,0
Q6Z7V2:Q9FWC1,0.07966425269842148,0
Q6YZA4:A3C4S4,0.014908193610608578,0
Q6Z6L1:Q942P9,0.018112514168024063,0
Q53LU4:Q6YXY2,0.013804775662720203,0
Q8LIY8:Q5VQG4,0.018364636227488518,0
Q84YK8:Q0JKV1,0.01657533086836338,0
Q0DXS3:Q67X81,0.1563497632741928,0
Q58G87:A3AZW5,0.04232531785964966,0
Q0J6T3:Q0JNI9,0.05774163082242012,0
Q7XWK5:Q7GDL5,0.027441198006272316,0
Q6Z256:B1B534,0.18817706406116486,0
Q8H991:Q75LD8,0.059522032737731934,0
Q8H8U0:Q5Z8Q9,0.02873699739575386,0
Q6H852:Q84TV4,0.04227590933442116,0
Q769E5:Q75GB1,0.08223702013492584,0
Q7XD65:Q10NX8,0.024673370644450188,0
Q6L568:Q42980,0.01678362488746643,0
Q5W6S3:Q6YPD0,0.4441152513027191,0
Q53RM0:Q8H7Y8,0.02961517684161663,0
Q0J0S6:A0A0P0VIP0,0.014088558964431286,0
Q6Z5M0:C7AU21,0.021161815151572227,0
Q6ZDQ1:Q5JLR7,0.05740435793995857,0
Q850K7:P0C437,0.013885117135941982,0
Q8GU82:Q7GBK0,0.01245786901563406,0
Q5N829:Q2R4J4,0.11311791092157364,0
Q9S827:Q5Z6G5,0.4599890410900116,0
Q36996:Q10PZ9,0.012585723772644997,0
Q7XC37:B9G2A8,0.03033401444554329,0
Q67IX6:Q10CQ1,0.015985796228051186,0
Q7XTS4:Q0JFZ0,0.07551198452711105,0
Q7F1X5:Q650T9,0.11117949336767197,0
Q40637:Q10QS7,0.016001155599951744,0
Q84J50:Q75GT2,0.03006538189947605,0
Q94LR3:P25778,0.012909886427223682,0
Q6ZLB0:Q336V8,0.9575433731079102,0
Q8GSL4:Q2R1V8,0.05605839565396309,0
P27939:P0C401,0.017144186422228813,0
Q0J7N5:Q4PR44,0.013328040018677711,0
Q0J7U6:Q6Z2T9,0.04305477812886238,0
Q10PI6:Q0D541,0.021680662408471107,0
Q852A1:Q2R4Z8,0.011957190930843353,0
Q5JN63:Q53PH2,0.24839206039905548,0
Q6H6S3:Q0J090,0.9611231088638306,0
Q10P87:Q0J7U6,0.04670491814613342,0
Q7EXZ2:Q7GBF8,0.1035667434334755,0
Q6Z4G3:Q10CQ8,0.020780371502041817,0
Q94EE4:Q69QR8,0.014377066865563393,0
Q69K55:Q8RZQ8,0.020672142505645752,0
Q84Q77:Q0JDC5,0.0393696129322052,0
Q5JN07:Q6H765,0.014076887629926205,0
P37890:Q8H936,0.2780652642250061,0
Q7F2L3:Q7XAK4,0.9210733771324158,0
Q10SX7:Q8LIL0,0.01407337374985218,0
Q0DWQ7:Q6ZA27,0.011990580707788467,0
Q84QC0:A3ABE1,0.012584896758198738,0
Q10B67:Q75H77,0.26959794759750366,0
Q8LIG4:Q6Z401,0.4165475070476532,0
Q75GT2:Q851K0,0.013509823940694332,0
Q10LQ2:Q0J006,0.42560097575187683,0
Q2RBR1:Q7X809,0.13503877818584442,0
Q6IVC2:Q5QMN5,0.23717384040355682,0
Q2QXZ2:Q2QLY4,0.05978091433644295,0
Q10MG9:F7J0M6,0.052798785269260406,0
Q6ETK9:Q7XUW3,0.015606305561959743,0
Q6ZDJ7:Q943L2,0.08331065624952316,0
Q5ZCV2:Q69Q02,0.015950141474604607,0
Q10E50:Q6YUE5,0.012178023345768452,0
Q69P51:Q6H849,0.016918040812015533,0
Q6YYZ1:Q8H383,0.07951246947050095,0
Q7FAH2:Q10BU2,0.044280316680669785,0
Q8H5F8:Q75LX7,0.058427151292562485,0
Q93WI9:Q0DI31,0.031209025532007217,0
Q8GU84:Q6Z0Q9,0.013494789600372314,0
Q8LIL0:Q53PC7,0.19097094237804413,0
Q2RA93:Q0DV66,0.06573129445314407,0
Q6F334:Q2QMT5,0.41166922450065613,0
Q7XVM8:Q5QMP3,0.01978129707276821,0
Q9FWT5:B9FFA3,0.04467150196433067,0
Q10PQ9:Q6ZJJ1,0.173127681016922,0
P40393:Q2QWZ1,0.5529840588569641,0
Q7XUP6:Q2RB31,0.02852117456495762,0
Q2R435:Q0JA82,0.013936546631157398,0
Q0DHL4:Q7X7E9,0.012421068735420704,0
Q7X996:Q0JAD9,0.5656993985176086,0
Q84PA2:Q10P83,0.011764965020120144,0
A2ZVI7:O64422,0.30696481466293335,0
Q0IUB5:Q2QXZ2,0.16795790195465088,0
Q75HV1:Q0DUI8,0.09485470503568649,0
Q84QY3:Q6Z7L8,0.23116938769817352,0
A2ZX97:Q0JL46,0.017742570489645004,0
Q2R712:P46609,0.04604049399495125,0
Q7FAX1:Q650U0,0.013758191838860512,0
Q2RBR1:Q10L32,0.3210359215736389,0
Q10F39:B9G2E6,0.014049750752747059,0
Q84JH5:Q5NAW2,0.021327665075659752,0
Q67UI2:Q9AV57,0.015955423936247826,0
Q7XUW4:P0C334,0.043726902455091476,0
Q339X2:Q8H2J9,0.01227536704391241,0
Q0JLP9:Q8H4D4,0.26712748408317566,0
Q2R4Z8:B9FXT3,0.013809441588819027,0
Q6AV21:Q10HD0,0.014577063731849194,0
Q5Z9Z3:Q75HE5,0.19572503864765167,0
Q5VQP7:Q7DNA1,0.2381540983915329,0
Q69TN4:Q6EPG8,0.022207273170351982,0
Q84PD3:Q5Z5Q3,0.01656867191195488,0
Q6K7E9:Q0J035,0.1386188119649887,0
Q65XV7:Q7G6K7,0.09627261012792587,0
Q6ESR4:Q75IR6,0.0149289695546031,0
Q0D4J7:Q6Z9A3,0.48661404848098755,0
Q1EHT7:Q0JF58,0.05128315091133118,0
Q10MR0:Q69IL4,0.7105804085731506,0
Q10BA8:Q0J3Y7,0.12028107792139053,0
Q8H2V6:Q6K5P8,0.04616914689540863,0
Q6ZHA3:Q6K3R5,0.04807249829173088,0
A3BN26:Q0JDM4,0.11062677204608917,0
Q84Q72:Q8H5T6,0.11635350435972214,0
Q69UI8:Q7XM31,0.05908016115427017,0
P0C380:Q33BI9,0.015438571572303772,0
Q2QMN7:Q5NAZ9,0.022597137838602066,0
Q7XTS4:Q8H5X5,0.017225734889507294,0
Q7XZZ3:Q75LX9,0.36754271388053894,0
Q657B3:Q9FRF9,0.01199221983551979,0
Q10Q47:Q7PC73,0.012477904558181763,0
E3VXF2:Q10M12,0.13177064061164856,0
Q0JQF7:Q7FAT5,0.015259901061654091,0
Q75KW7:Q6YXZ1,0.07078582048416138,0
Q7Y0D4:Q6EUH7,0.04731323570013046,0
Q7X7X4:Q2QQ32,0.01655654050409794,0
Q7X8P2:Q6YZX6,0.20852923393249512,0
Q5WAB3:Q652U9,0.22760024666786194,0
Q338X7:Q10R09,0.014732799492776394,0
Q0J8Q3:Q7XSQ5,0.05410926416516304,0
Q7XQ97:Q7X8R5,0.19050124287605286,0
Q655R6:Q2QZ37,0.015604697167873383,0
C7J4U3:A3BLC3,0.012920321896672249,0
Q5JN42:O64464,0.05359398201107979,0
Q0J8A4:Q0J2R1,0.23846255242824554,0
Q6F2Y7:Q5Z8N6,0.023655502125620842,0
Q67W65:Q0DLB9,0.04600175842642784,0
B9FM64:Q6YSY5,0.030105961486697197,0
Q7Y0V9:Q9LSU3,0.05768958479166031,0
Q2QWT4:Q6K991,0.015420896001160145,0
Q7XUN2:Q67VA4,0.15906302630901337,0
Q0DTM7:Q0JLE4,0.27219247817993164,0
Q0J032:P0CD23,0.03847048431634903,0
Q53WJ1:Q7Y1V5,0.04526762291789055,0
Q7XPK1:Q7XUW5,0.1331014782190323,0
Q5Z8L1:Q10KL8,0.6880549788475037,0
Q7XUU0:P93422,0.013218424282968044,0
A3A8Q4:Q0J8M2,0.02564898133277893,0
Q69XK5:Q0JPA6,0.013000908307731152,0
Q7XT07:Q6AWY8,0.0796770453453064,0
Q6Z3Y6:Q10R21,0.026412928476929665,0
Q10QE9:Q7EYV7,0.029102547094225883,0
A2CIR7:Q2QP13,0.014739438891410828,0
Q2QMN7:Q8GVF9,0.02795574627816677,0
Q6ER21:Q7XAK4,0.9283909201622009,0
Q338P6:Q10G56,0.014203891158103943,0
Q5N892:A0A0P0X0C0,0.013737059198319912,0
Q6K762:Q0DZF3,0.115453340113163,0
Q69T21:Q67VW6,0.21889737248420715,0
Q6AU07:Q6AV22,0.315411239862442,0
Q69LE0:Q8S857,0.12162242084741592,0
Q0DJC7:Q5KTQ9,0.017087740823626518,0
Q6F4N5:Q6F357,0.013414350338280201,0
Q75LH6:Q6MWE5,0.05378062650561333,0
Q8H384:Q7XU74,0.016067184507846832,0
B7F9G7:Q2TQ34,0.09964312613010406,0
Q69UP7:P24626,0.0170567836612463,0
Q6ZIV7:Q5I396,0.024966828525066376,0
Q9FVZ7:Q84P62,0.07095339149236679,0
Q8GU82:Q6H5L4,0.012104411609470844,0
Q5Z9Z0:Q75KD7,0.011825247667729855,0
Q0DIT6:Q0D4T4,0.27041324973106384,0
Q6ZBF6:Q0E4J6,0.014080464839935303,0
Q2R2Z0:Q6YVX9,0.034334853291511536,0
A2PZN8:Q84J63,0.016097160056233406,0
Q6ZA50:Q10N05,0.026607414707541466,0
Q7XEJ5:Q852F6,0.01675010286271572,0
B7F958:Q6ZBF6,0.038747310638427734,0
Q94JE1:Q6H795,0.12917008996009827,0
Q655X0:Q5N8G1,0.06652076542377472,0
Q7XN53:Q0JEB7,0.12949971854686737,0
Q0DWG8:Q283L3,0.16503214836120605,0
P48494:Q2QNS6,0.020706182345747948,0
Q6Z4N3:Q84ZD2,0.014894566498696804,0
Q0JMW0:Q5VRH4,0.013437462039291859,0
Q7XUT9:Q84PC0,0.012122846208512783,0
Q10QE9:Q8H594,0.060762908309698105,0
Q0D847:Q8H0B2,0.029809419065713882,0
Q8W2X8:Q2R0J4,0.013324662111699581,0
Q84P60:Q3HRP0,0.5893734097480774,0
Q6ZKB2:Q8LPZ7,0.03349025174975395,0
Q0E088:Q0E4J6,0.012123399414122105,0
P38419:Q651Z5,0.0699760839343071,0
Q69TH6:Q64MA1,0.021357769146561623,0
O65037:Q75HE6,0.06587895005941391,0
O04985:Q7XI14,0.03476974368095398,0
Q69XK5:Q53JI9,0.05109694227576256,0
Q8GU85:Q7XRF1,0.012622782960534096,0
Q7EZR4:Q9LGU6,0.022095875814557076,0
Q2QP53:Q10ST8,0.011723770759999752,0
Q5SN75:Q2R837,0.6481464505195618,0
Q5JK35:Q7XIF5,0.01217640656977892,0
Q7Y0F6:Q68Y52,0.18340222537517548,0
Q5NBN9:Q2R0Z3,0.013031556271016598,0
Q5VM82:Q6Z9D2,0.12025518715381622,0
Q9AWX3:Q2R3A1,0.02498527802526951,0
A3C6G9:Q84TX2,0.01295084971934557,0
Q6L5F4:Q655R6,0.3713153004646301,0
Q0J7E4:Q8GSI0,0.35277795791625977,0
P12192:Q2R837,0.013834923505783081,0
B9F2L1:A3AD08,0.02933826483786106,0
Q75HA6:Q6YU05,0.6502276659011841,0
Q7XX84:P16081,0.017382344231009483,0
Q943Q3:Q75IS2,0.23052285611629486,0
Q40648:Q6I5Q6,0.035733725875616074,0
Q6YZA4:Q6Z965,0.013483422808349133,0
Q2R4Z8:Q6YSA9,0.012395478785037994,0
Q5JMF3:Q6EUK7,0.6273228526115417,0
Q10KL8:Q7XV21,0.02424319088459015,0
Q75IC7:Q0DG35,0.021192757412791252,0
Q6YV04:Q651E8,0.9131410717964172,0
Q652V8:A0A0P0WQ90,0.31128033995628357,0
Q8W0F9:Q75I90,0.0560004897415638,0
Q5NA06:Q10D00,0.0446942113339901,0
Q4PR40:Q2R2L6,0.01490197516977787,0
Q7X7C4:Q6Z0D9,0.013588505797088146,0
Q9AV39:P0C422,0.017859263345599174,0
Q2R2W2:Q6Z2U5,0.17657509446144104,0
Q8L481:Q9AY63,0.012285122647881508,0
Q6AV21:Q6YZF3,0.023334534838795662,0
Q40638:Q6L512,0.014212911017239094,0
Q67X81:Q6YX88,0.7043082118034363,0
Q2QZ14:Q10QA2,0.01691458560526371,0
Q7F9R9:Q2QM69,0.014156167395412922,0
Q40703:Q84P64,0.4512306749820709,0
Q5SMY5:Q0J3D9,0.13332109153270721,0
O24174:Q6H795,0.11740674823522568,0
Q6YZW0:Q7XT08,0.02096354030072689,0
Q10L71:Q9SMB1,0.07713582366704941,0
A3AF13:Q60DX8,0.013390272855758667,0
Q851F9:Q67UU0,0.01274766307324171,0
Q10Q62:Q10KN8,0.5026602745056152,0
Q5N897:Q6I5I8,0.7221910357475281,0
Q6H6T1:Q84KJ6,0.02276236191391945,0
Q0JAI1:Q84P80,0.23752175271511078,0
Q0DKE8:Q4PR44,0.012488648295402527,0
Q336N8:Q10CN6,0.33180102705955505,0
Q2R3A1:Q851K0,0.016708681359887123,0
Q10QA2:Q9AXA6,0.3762412965297699,0
Q5Z974:Q84PA0,0.24095244705677032,0
A3C4N5:O82118,0.2500987946987152,0
P0C343:Q0JJD4,0.01212249230593443,0
Q5Z5I4:Q84P95,0.07269277423620224,0
Q60DG4:Q9XGY5,0.0296012070029974,0
O82427:H6TFZ4,0.013127622194588184,0
A9UGV6:P53684,0.01669565960764885,0
Q6K2T1:Q69LA6,0.016345743089914322,0
Q10PC5:Q10QW8,0.019689194858074188,0
Q5VRI5:Q10MI4,0.032909050583839417,0
Q8L5K0:Q6Y9P5,0.015289521776139736,0
Q7XJ02:Q84QK0,0.01696901023387909,0
Q851S7:Q53JF7,0.018875425681471825,0
Q652F9:P48599,0.06763281673192978,0
Q5Z6F5:B7F6S9,0.21683762967586517,0
Q8H7U1:Q655S1,0.21876707673072815,0
Q5VRJ8:Q10A30,0.018580708652734756,0
Q69SA9:A2ZU80,0.020656561478972435,0
Q5JKR7:Q10MI9,0.38423895835876465,0
Q8RV06:Q6YW51,0.01664281263947487,0
Q6KAJ4:Q6K881,0.12355055660009384,0
Q941T1:Q0JH50,0.05872137472033501,0
Q6YVX7:Q6YVX4,0.7133834958076477,0
Q6Z4H0:Q9FU53,0.025904729962348938,0
Q8H8N3:Q8W0W3,0.040224481374025345,0
Q851C7:Q0J0A4,0.01973835565149784,0
Q5N9N2:Q8GSL4,0.7080754637718201,0
Q53WK1:P17814,0.01596194878220558,0
Q84P81:Q6YZZ6,0.013034412637352943,0
Q6YPG5:Q6Z7W3,0.013595553115010262,0
Q10A77:Q6ZKF0,0.029585961252450943,0
Q10E64:Q6EPZ0,0.34486445784568787,0
Q0JL46:Q0DJ33,0.017530491575598717,0
Q6Z2G9:Q2R712,0.029957188293337822,0
Q6F334:P0C322,0.2502248287200928,0
Q6I5C3:Q0DXB1,0.8061767816543579,0
Q53PC7:Q8GVZ8,0.037420161068439484,0
Q6K9N6:Q6YZZ7,0.014286178164184093,0
Q851S7:Q942D4,0.028071284294128418,0
Q9SMB1:Q7FAD5,0.023229418322443962,0
Q6Z955:Q6ZCY2,0.13083982467651367,0
Q6ZHJ5:Q65X70,0.012423785403370857,0
Q33AH8:A2ZVI7,0.09012788534164429,0
Q0JQF7:Q75KK8,0.5755218863487244,0
Q7XLY8:Q69MT2,0.016850953921675682,0
Q0DDF6:Q75KA9,0.013413429260253906,0
Q688J2:Q7XQT2,0.016315339133143425,0
Q6ZDJ7:Q2QYL3,0.020732255652546883,0
Q852N6:Q8S2E6,0.6130890250205994,0
Q6TAQ6:Q7FAZ2,0.020442038774490356,0
Q6EUK0:Q6ZG77,0.027279723435640335,0
Q0D4T4:Q7Y183,0.12507295608520508,0
Q942D6:Q6AV18,0.1689693033695221,0
B9G2C8:Q40648,0.33220723271369934,0
Q2R0K3:Q84PA0,0.04739702492952347,0
P0C407:Q53M11,0.014054236002266407,0
Q69S39:Q84PC8,0.012316678650677204,0
Q0DWG8:Q9AXB0,0.015137694776058197,0
Q283L3:Q0D3S3,0.03468771651387215,0
Q5VNM3:Q10GM3,0.11665091663599014,0
A3AVH5:Q2QZF2,0.01774509623646736,0
Q64M78:Q7XWS7,0.015703432261943817,0
P92812:Q7XPK1,0.013464023359119892,0
Q10MN6:P37890,0.02074672281742096,0
Q0JHP8:Q10RE2,0.014715622179210186,0
Q5W727:Q6YVJ0,0.013770795427262783,0
P0C503:P93844,0.023673690855503082,0
Q851L5:Q6ER94,0.19660158455371857,0
P0C331:Q69XQ6,0.017626559361815453,0
Q7XRX3:A1YTM8,0.021465573459863663,0
Q5VRM7:A3B0Y1,0.012147839181125164,0
Q0IRB0:Q6Z2J1,0.510019838809967,0
Q688S6:Q8H7U8,0.01342671550810337,0
Q36996:P0CH35,0.01331273466348648,0
Q8H274:Q6Z4T3,0.0126119926571846,0
Q5VSB7:Q6ESF0,0.044925011694431305,0
Q10KL8:Q9AS33,0.4693787097930908,0
Q10NT7:Q75HW2,0.1342516392469406,0
Q10MR0:Q9FTY0,0.5848009586334229,0
Q0DST9:Q6ZF85,0.014661379158496857,0
Q6AVD0:Q8S9S4,0.01325884647667408,0
Q7F8Q9:Q36996,0.020997390151023865,0
Q0J8Q3:P40392,0.022548671811819077,0
Q07661:Q84P65,0.03316280618309975,0
Q0JDA2:Q75LL6,0.021640781313180923,0
Q69TH4:Q6UTZ2,0.014419035986065865,0
Q69NX5:Q9XJ54,0.477118581533432,0
Q7X993:Q6YWQ4,0.043727047741413116,0
Q94LW0:Q10N20,0.5157950520515442,0
Q0JJ01:Q6L4H4,0.9390479326248169,0
Q7XPF7:Q9LGR0,0.03601657226681709,0
Q6H434:Q9AQW1,0.18507009744644165,0
P0C377:B9EYZ1,0.012328932993113995,0
Q7Y1V5:Q2KNB4,0.031480588018894196,0
A3BNA1:Q7XHZ0,0.07886967062950134,0
Q75L11:Q0J9Y2,0.41035589575767517,0
Q851Y9:Q6EQG2,0.014087860472500324,0
Q65WW7:Q2QM96,0.2233693152666092,0
Q10M29:Q5VRH4,0.10441563278436661,0
Q10R93:Q0J3L4,0.014798556454479694,0
Q5ZEG0:Q5VNN5,0.014424693770706654,0
Q84MP7:P52428,0.03138801082968712,0
Q7X7L3:Q7XDT2,0.0925866886973381,0
Q7X7A4:Q6Z312,0.3430587947368622,0
Q84P77:P49397,0.01951815001666546,0
Q6YX88:Q0JCU7,0.26987549662590027,0
Q0DUR2:Q2QQA3,0.8998794555664062,0
Q75LD5:Q53JF7,0.012457375414669514,0
Q6ZCF0:Q7XSQ7,0.019551804289221764,0
Q2R4J4:Q84Q83,0.013833838514983654,0
Q5Z9S8:Q4PR44,0.012027273885905743,0
Q53N47:Q653B6,0.015082917176187038,0
P0C0M2:Q6F388,0.38871344923973083,0
Q53RM0:Q942A7,0.047061722725629807,0
Q9FW70:Q76I22,0.019414499402046204,0
P48494:Q5J4W4,0.478453129529953,0
P53684:Q9XGP7,0.1899222433567047,0
Q94IW5:Q6Z869,0.07055195420980453,0
A0A0P0X004:Q9AVE6,0.0151740787550807,0
Q5NB85:P0C434,0.017690086737275124,0
Q6K471:P25766,0.07630684226751328,0
Q2QXB3:Q7G737,0.5908723473548889,0
Q7FAY6:Q6Z9C3,0.013479175977408886,0
Q5SMU7:Q7XCA7,0.02848600223660469,0
Q5NBQ0:Q8S1Z0,0.014885437674820423,0
Q0JLS6:Q6AV18,0.14037100970745087,0
Q5Z5B7:Q7XUH5,0.04062773659825325,0
Q7Y1H8:Q7FMW4,0.013961813412606716,0
Q6I5B3:Q8S2G4,0.012857002206146717,0
Q6ERE5:Q8H7Y6,0.10973936319351196,0
Q2R075:Q10D34,0.6169430017471313,0
Q6Z965:Q75HQ0,0.18023495376110077,0
Q8RU31:Q6H8D5,0.5344510078430176,0
Q2QZ37:Q7Y0F6,0.03905068337917328,0
Q8GU88:Q0JMY1,0.014558414928615093,0
Q65XK0:Q53WP9,0.03004400245845318,0
P0DO01:Q6I5I8,0.3966324031352997,0
Q0DXB1:Q2V0P1,0.6265508532524109,0
Q53JY8:Q7X7X4,0.012811130844056606,0
Q6K2E1:Q7F1X5,0.04470415413379669,0
Q6Z5I0:Q6L4S0,0.24281616508960724,0
Q53WK4:Q0D7E4,0.0478876456618309,0
Q40742:Q0E2L3,0.11564617604017258,0
Q5SND2:Q10QR9,0.02744446136057377,0
Q942J6:Q2QY10,0.047929637134075165,0
Q10C28:Q0JCC3,0.7923259139060974,0
A3AD08:Q65XV7,0.11724594980478287,0
Q0DKN3:Q7FMW4,0.016967585310339928,0
Q6Z8B9:Q10S70,0.023525124415755272,0
Q339K6:Q7XR62,0.012899542227387428,0
Q8LQX2:Q2R4J4,0.033872637897729874,0
Q84PC0:Q7XC35,0.017558634281158447,0
Q0DVX2:Q60GC1,0.06329189985990524,0
P0C5B2:Q0J0G1,0.013983877375721931,0
Q7Y0W5:Q7XI40,0.027052326127886772,0
Q2QY33:Q8GVV6,0.20305311679840088,0
P46466:A3C4N5,0.6190252900123596,0
Q0J0S6:Q2R483,0.11273930221796036,0
Q5W6L9:Q0JBQ0,0.02396502159535885,0
Q7PC73:Q10RR9,0.012484773062169552,0
Q8W1L6:P0DKK6,0.014471559785306454,0
Q852Q0:Q654B3,0.7948245406150818,0
Q0JIC2:P49030,0.03578547015786171,0
Q69JW2:Q0DKN3,0.10450321435928345,0
Q5JLA7:Q69VR7,0.012325996533036232,0
Q6ZAG3:Q7XFU9,0.13355393707752228,0
Q6Z0D9:Q2R0D2,0.014929032884538174,0
Q0E1Z0:Q10KN7,0.03714236244559288,0
Q0JGK4:Q2QXJ1,0.012271855026483536,0
Q9AV81:Q6ZJ48,0.0486973375082016,0
Q7G6Z2:Q10CE8,0.045507486909627914,0
Q6H7J3:Q2QXP0,0.035086244344711304,0
Q6ZLA3:Q2QSR8,0.013498715125024319,0
Q6Z869:Q0JA75,0.041235484182834625,0
Q8LPZ7:Q5QMN4,0.12255462259054184,0
Q69RG7:Q7XPW5,0.07575207203626633,0
Q6K209:Q2QXY1,0.012217377312481403,0
Q6K9G3:Q7XI14,0.03362119197845459,0
Q84P76:Q0DKP4,0.4476803243160248,0
Q8H274:Q6EUF1,0.017719542607665062,0
Q7XPV9:Q5N7B4,0.01699514128267765,0
Q0D4Z6:Q2QX01,0.12048852443695068,0
Q0DKP3:Q53KS8,0.021130681037902832,0
Q6L545:Q67UX0,0.16997459530830383,0
Q6H6T1:Q10P67,0.020602909848093987,0
Q5W726:Q84S07,0.043724335730075836,0
A0A5S6RB44:P0C1Y4,0.011905964463949203,0
Q10HL3:B9FK36,0.12277636677026749,0
Q6ZJD3:Q6K973,0.013823128305375576,0
Q6K8R6:Q8L4E9,0.06979655474424362,0
Q8S1N1:Q7F0Q2,0.014367896132171154,0
Q7GBK0:Q67UX7,0.30811235308647156,0
Q10R93:Q7XIV8,0.014063999056816101,0
Q0JMD4:Q7F1X5,0.18341736495494843,0
Q7Y1Z0:Q6ZB90,0.08748682588338852,0
P0C128:Q5VRN0,0.1683177500963211,0
P12151:Q6H5U3,0.013046912848949432,0
Q0D4J7:Q8S7W9,0.6425331234931946,0
Q6ZIK0:Q0J9V5,0.10446695238351822,0
P69674:Q94JF3,0.013546980917453766,0
Q7XAK4:Q6ZCY2,0.6493245363235474,0
Q10PC5:Q851X7,0.017480088397860527,0
P35687:Q84ZM7,0.04548080265522003,0
Q5Z856:Q76BW5,0.012885830365121365,0
Q10S65:Q8W5R1,0.23888316750526428,0
Q6Z2T9:Q67X45,0.5284380912780762,0
B9F676:Q0JL46,0.012926079332828522,0
Q5Z8Z7:Q6K2E8,0.22444649040699005,0
Q9SXG8:Q2KNB4,0.05732863023877144,0
Q654M1:Q84PC5,0.019532931968569756,0
Q6YXW6:Q0D622,0.024365467950701714,0
Q0IP28:Q0D3J9,0.027249053120613098,0
Q7XQN1:Q5NAI7,0.4223664402961731,0
Q2R114:Q0E0P0,0.014533801935613155,0
Q5VQL3:Q9AR88,0.012074259109795094,0
Q7XPZ4:A3BKF2,0.01258708257228136,0
Q0JFH7:Q75K78,0.017032155767083168,0
Q60EJ6:A3BKF2,0.054277773946523666,0
Q10S65:Q6Z9F4,0.7727767825126648,0
Q0E4J6:Q6K2T1,0.015562585555016994,0
Q10B19:Q6F2Z1,0.012686500325798988,0
Q6K271:Q7F0Q2,0.028278348967432976,0
Q75GK3:Q851W4,0.01385064609348774,0
A2CIR7:Q6AVD0,0.020517462864518166,0
Q7XMJ2:Q8H2J9,0.01350130420178175,0
Q69KN0:Q5N941,0.016415392979979515,0
P27932:Q852Q2,0.4148896634578705,0
Q84P69:Q2QX45,0.1505809873342514,0
A9XMT5:A0A5S6RB44,0.014515235088765621,0
A0A0P0XCU3:Q851V5,0.012637445703148842,0
Q6VVA6:Q337A0,0.03360104560852051,0
Q6F2Y7:P35687,0.40496644377708435,0
Q8W2X5:Q7XK44,0.44595202803611755,0
Q67UX7:Q84NC5,0.1369919627904892,0
Q8L481:Q6ZGU9,0.01163474004715681,0
Q84P62:Q8LNU5,0.03881513327360153,0
Q67U69:Q6Z6T2,0.012620880268514156,0
Q2QYW2:P0DKK7,0.07344622910022736,0
Q5CCK3:Q7F239,0.017522526904940605,0
Q67X83:Q6ERU3,0.016133416444063187,0
Q0JMB2:Q0DXS3,0.022144556045532227,0
Q0J5V5:Q10M41,0.045925285667181015,0
Q6EU94:Q53WK4,0.393853098154068,0
Q53M52:Q84PD4,0.030355025082826614,0
Q69PS6:Q7EZD7,0.06025243550539017,0
Q5Z9E5:Q0E4A8,0.38615086674690247,0
Q652N5:Q84PA3,0.014953223057091236,0
Q0DJC7:Q7XDC8,0.06029566749930382,0
Q40723:Q10LJ2,0.10714145749807358,0
P04373:Q8H507,0.012888169847428799,0
Q69TG5:Q654U4,0.09658920019865036,0
Q9SLX0:Q2RB59,0.7145644426345825,0
O82427:Q7X660,0.014490270987153053,0
Q0DXZ1:Q5Z9J0,0.04435877129435539,0
Q6ZG85:Q6YPG5,0.0134951863437891,0
Q6AV21:Q7XUN2,0.5043764710426331,0
Q53P09:H2KWD9,0.29833313822746277,0
Q5Z413:Q7XMK1,0.012053241953253746,0
Q7XUW4:Q8LR63,0.3776743412017822,0
Q0J649:Q7X745,0.14230801165103912,0
Q6ZF86:Q6ES51,0.20421317219734192,0
Q2HWG1:Q7XPY7,0.014379565604031086,0
Q6ZJ08:Q0JBH9,0.10584127902984619,0
Q0E0C6:Q0DK35,0.01644000969827175,0
P0C443:Q75HQ0,0.3116559088230133,0
Q2QYL8:Q84Q83,0.020254001021385193,0
Q5Z7L0:Q6H711,0.019728759303689003,0
Q40723:Q7EXZ4,0.03184790536761284,0
Q7XTS3:Q8H2T0,0.08032246679067612,0
Q0J3L4:Q9LDN2,0.028918206691741943,0
Q5VQL3:Q10E64,0.02220810018479824,0
Q6ZBH9:Q75GK0,0.3900322914123535,0
Q2QSL4:Q84ZD2,0.15719549357891083,0
Q7F2E4:Q9FDX8,0.428506463766098,0
Q9XHL5:Q67VD7,0.011683379299938679,0
Q8S7W1:Q2QXJ2,0.02525581419467926,0
Q2QP13:Q6PS57,0.013365834020078182,0
Q7XPM8:Q7XI41,0.19732029736042023,0
Q5W6Z9:Q76EJ0,0.014413776807487011,0
Q75I54:Q84JH5,0.42491552233695984,0
Q84P84:Q2QW44,0.05814981460571289,0
Q84P95:Q8S230,0.01321878470480442,0
B9FFD2:P46520,0.017324013635516167,0
Q10CE7:Q5W6F1,0.01434140931814909,0
Q7XIF5:Q5Z8T3,0.01633528806269169,0
Q0J0G1:Q0JF21,0.011920484714210033,0
Q10SX6:Q9FU27,0.08095615357160568,0
Q9AWM8:B7F958,0.11566027253866196,0
Q75RY2:Q84NP7,0.03944209963083267,0
Q32759:Q6L512,0.012852015905082226,0
Q10LH0:P93422,0.027925139293074608,0
Q0JM17:Q7XTL7,0.10313787311315536,0
Q10LJ2:P17070,0.1079857125878334,0
Q5ZCI1:Q6H7J5,0.6772069334983826,0
Q5JNJ5:Q6H4L9,0.012302550487220287,0
Q2QMH1:Q6ZJ91,0.041942935436964035,0
Q8LR62:Q06967,0.8472152948379517,0
Q2QLW3:Q7XR46,0.06794051080942154,0
Q69IL4:Q84P66,0.40162983536720276,0
A3ANB5:P12123,0.11076130717992783,0
Q69LA1:Q7XKF3,0.015047803521156311,0
Q8W0E4:Q2RB59,0.4604204297065735,0
Q5NAT0:Q10I26,0.1120552346110344,0
Q5JLD8:Q8S0F0,0.3933093547821045,0
Q0JB92:Q5W6L9,0.33833327889442444,0
Q5JNS0:Q6L8F7,0.02084018848836422,0
P40393:Q6Z4G3,0.20476248860359192,0
P0C1U5:Q6YWS8,0.013236083090305328,0
Q10F03:Q2QUP1,0.01389270182698965,0
Q6AT90:Q0IV63,0.8445535898208618,0
P0C2Z3:Q6EPF0,0.1925126165151596,0
P0DKH0:Q7XKR9,0.04252105578780174,0
Q40677:Q75GB1,0.15620338916778564,0
Q8H2X8:Q84MQ9,0.9623987078666687,0
Q2QNU0:Q0JIC2,0.40010911226272583,0
Q6ZF85:Q0J8M2,0.019650816917419434,0
Q8GU88:Q6ZKM2,0.11774419993162155,0
Q7XUF4:Q7XDC8,0.5423889756202698,0
Q0JFN7:Q2R352,0.014011755585670471,0
Q0JNK5:Q84MM9,0.542020320892334,0
Q9AS33:Q6K439,0.19943271577358246,0
Q43007:Q6YXH8,0.14117224514484406,0
Q2QNU0:Q0JKX1,0.38425764441490173,0
Q6Z345:B9FGV7,0.013344503939151764,0
Q0E3L5:Q0IXP9,0.027919907122850418,0
Q5N855:P31673,0.03363674879074097,0
Q6ERE5:Q69T30,0.35944637656211853,0
Q6Z8F5:Q6H6N5,0.014986276626586914,0
Q6Z8L2:Q9LST6,0.016839398071169853,0
Q2R4A0:Q0JFN7,0.03062520921230316,0
Q7F8U7:Q6K9C3,0.06092054396867752,0
Q84PB5:Q10Q62,0.022114554420113564,0
Q6K990:Q6Z2U5,0.01588781736791134,0
Q84QU8:Q8LN49,0.01657341979444027,0
Q69L93:Q0DIT2,0.012319481931626797,0
P49661:Q6AWX8,0.08498942852020264,0
Q6ZJJ1:Q10KN4,0.012541544623672962,0
Q5JKR7:P62125,0.08743466436862946,0
Q6AWY1:Q7XUV2,0.027337446808815002,0
Q6ESJ0:Q6ZAL2,0.018049350008368492,0
P56724:Q5Z5B2,0.023157445713877678,0
Q658H5:A3A8Q4,0.030245957896113396,0
Q69KP0:Q337A0,0.47136861085891724,0
Q8S985:Q7XS74,0.7582303285598755,0
Q84T92:Q84P80,0.08328647166490555,0
Q5ZE00:Q8W0F9,0.015170975588262081,0
Q0D3S3:Q7XR91,0.01238875463604927,0
Q6ERW7:Q53PC7,0.048347312957048416,0
Q84UQ1:Q8W0F1,0.060869958251714706,0
Q75HJ0:Q9LHY9,0.45006319880485535,0
Q9ST27:Q01882,0.036771345883607864,0
Q6Z398:Q8H8C7,0.01360531896352768,0
Q7XE50:Q75KH3,0.014503213576972485,0
Q5VP70:Q53QK0,0.06907208263874054,0
Q10MH8:Q6EU94,0.554211437702179,0
P0C5D6:O22567,0.35917121171951294,0
Q75HB1:Q60EW9,0.015172610059380531,0
Q6ESG1:Q10MW6,0.01360040158033371,0
Q5CCK1:Q93VD5,0.013477600179612637,0
Q7X8B5:B7E7M8,0.016933772712945938,0
Q0DKF0:Q652P9,0.01930581033229828,0
P83466:Q69JN6,0.01743300072848797,0
Q6ZBP3:Q7Y183,0.2913094460964203,0
Q8S920:B9G4B3,0.679723858833313,0
P35681:Q6ZH85,0.1032816544175148,0
Q6ZKB2:Q8GU84,0.012068614363670349,0
Q5ZD06:Q5N9N2,0.3168973922729492,0
Q5QM06:Q9S827,0.10405419021844864,0
Q5W6G0:Q4PR48,0.012339324690401554,0
Q0D5G4:Q70G58,0.02487909607589245,0
Q6ZK57:Q40704,0.6000726819038391,0
P0C364:Q60EW9,0.016681892797350883,0
Q6EPQ3:Q0JD14,0.058628231287002563,0
Q109G2:Q7XM21,0.23462478816509247,0
P04373:Q6AWY7,0.013685560785233974,0
Q2R0D4:Q2QMW1,0.023672131821513176,0
Q5NAI7:Q5NTH4,0.08960558474063873,0
Q0ING3:Q651X6,0.01249645184725523,0
Q7XR60:Q5TKP8,0.09458908438682556,0
Q0JNB6:Q7XIT1,0.013514232821762562,0
Q7XJ02:Q0JD14,0.034467894583940506,0
Q67VA4:Q653U3,0.36879244446754456,0
Q7XX84:Q655V5,0.06446798890829086,0
Q6H434:Q657X6,0.24799571931362152,0
Q10MN8:A3CCP9,0.03185549005866051,0
Q6Z2T9:Q652U9,0.019335221499204636,0
Q5NB25:Q5Z8V7,0.40185293555259705,0
Q7XSJ6:Q5JL08,0.6353904604911804,0
Q84T03:Q7XD82,0.20842786133289337,0
Q0DWC7:Q8S6N5,0.012360109947621822,0
Q6K3B1:Q0JHU7,0.6948840022087097,0
D5A7J3:Q0JG75,0.02828305959701538,0
Q6ET36:Q75IQ4,0.01892794482409954,0
Q8H384:Q9LGH8,0.031350940465927124,0
Q5JJY4:Q2QZ80,0.020168229937553406,0
Q6AWY2:Q6ZCR3,0.015509319491684437,0
Q10MH8:Q6YVJ0,0.22648859024047852,0
Q6ZIF9:Q6Z746,0.013340509496629238,0
Q9SXP2:Q6EPG8,0.01639326848089695,0
Q10CF3:Q8L556,0.966998279094696,0
Q5VRD1:Q84PB6,0.3777163624763489,0
Q0J6P7:Q6ETX0,0.06298083811998367,0
B7EJ91:Q9LG86,0.3923826217651367,0
Q7XDH8:Q9FU27,0.6632577776908875,0
Q67J17:Q0DUI1,0.20045720040798187,0
Q942D6:Q5JLP4,0.03838590905070305,0
Q5VQ69:Q5Z5R7,0.023859113454818726,0
Q7XPY7:Q2R2Z4,0.012882268987596035,0
Q6YWQ4:W0RYD3,0.012152368202805519,0
Q2RBC6:Q84NC5,0.016493141651153564,0
Q7XN30:Q2R4Z4,0.013982410542666912,0
Q5VRR0:Q6ESG1,0.041560299694538116,0
Q0JJD1:Q0JP11,0.11365704983472824,0
Q6YXY2:Q10LL4,0.09308262169361115,0
Q84PB6:Q5W659,0.03734350949525833,0
Q6L5C4:B9F7C8,0.12924818694591522,0
Q10QH1:Q5VNN5,0.02618989907205105,0
Q6ZFU6:Q7XHX9,0.027422402054071426,0
Q652A1:Q67UI2,0.8530306220054626,0
Q6ZBH6:Q2QN30,0.21312697231769562,0
Q7XR06:Q6YZM6,0.24296371638774872,0
Q5NBJ3:Q5VS72,0.023675767704844475,0
Q2R1D5:Q0E2L3,0.28745219111442566,0
Q6ZJJ1:Q7XEK4,0.02030405029654503,0
Q6ZLA3:Q6Z4G8,0.01556090172380209,0
Q0JBQ0:Q851S2,0.022892264649271965,0
Q6YW51:P27939,0.01649373583495617,0
Q0J9X2:Q5NAT0,0.0485408715903759,0
Q7FMW4:Q84R49,0.014274448156356812,0
Q3HRN7:Q5Z6F5,0.553366482257843,0
Q5KQH7:Q2QWT4,0.024992840364575386,0
Q7X923:Q2R9D2,0.08572738617658615,0
Q651Z5:P31110,0.01618744432926178,0
Q6Z5P2:Q2RBB1,0.014120875857770443,0
P83466:Q43007,0.012202643789350986,0
Q6Z6L4:Q0ILZ4,0.24445383250713348,0
Q7XCJ7:Q33DK1,0.3158527910709381,0
Q5SMI4:Q7F8T6,0.012158540077507496,0
Q0JR25:Q67UE8,0.0124924685806036,0
Q7XUV4:Q7DNA1,0.015203787945210934,0
Q69QQ6:Q6ZD63,0.7817078232765198,0
Q5VQQ5:Q0J0G2,0.1359698325395584,0
Q0DA21:Q2R637,0.016821201890707016,0
Q0JCR9:Q0JF21,0.01276175957173109,0
Q0JEE2:Q5JN63,0.018187176436185837,0
P0C506:Q2QYR5,0.09758936613798141,0
Q0ITS8:Q6I5W0,0.013370059430599213,0
Q0JPA6:Q943E9,0.029601791873574257,0
A9UGV6:Q0J952,0.01210696529597044,0
Q6I5B3:Q0J4I1,0.05564909055829048,0
Q6ATJ8:Q75LR7,0.5249428153038025,0
Q0JKD0:Q6ERW5,0.01398539263755083,0
Q9LL45:Q01881,0.014296968467533588,0
Q67VU7:Q2QYE1,0.012544253841042519,0
Q5NBT9:Q8LIY8,0.15246817469596863,0
Q7XIM7:Q852A1,0.014752036891877651,0
Q6AUK6:Q8S1X7,0.012571403756737709,0
Q10N79:Q67WN8,0.01242892723530531,0
Q5ZE07:Q10CV4,0.012393372133374214,0
Q6H638:Q5Z8N6,0.031004587188363075,0
Q7XBW5:Q9LWV3,0.20453201234340668,0
Q94LR3:Q5N7W4,0.013614872470498085,0
Q6F4F5:Q67UX0,0.04374513030052185,0
P49216:P27934,0.014263398014008999,0
Q69TI0:Q0E4A8,0.014717238955199718,0
Q688L5:Q10S82,0.014941471628844738,0
Q0J9W0:Q652V8,0.4667778015136719,0
Q0JBQ0:P0DO08,0.01494890358299017,0
Q69RG7:Q0JCT1,0.09753885120153427,0
Q6K8J4:Q69V23,0.015016088262200356,0
Q5CCK3:Q6K6Q0,0.026526231318712234,0
Q6YZA9:P0DO03,0.019802866503596306,0
Q8S3Q9:Q76EJ0,0.9485134482383728,0
Q336N8:B9FFA3,0.2495385706424713,0
Q6K4T4:Q69T94,0.07478182762861252,0
Q69T31:Q6H7M7,0.013587881810963154,0
Q0INW1:Q6Z2M9,0.0677822008728981,0
Q6ZB90:Q10Q65,0.026204723864793777,0
Q84LM2:Q7XNS7,0.017289619892835617,0
Q9LWN0:Q2QVG8,0.9330174326896667,0
Q0INZ4:Q7X7V2,0.0678282305598259,0
Q68Y49:Q94FT7,0.2830382287502289,0
Q6Z358:Q5KQN0,0.02284129150211811,0
Q7XR61:Q10MW6,0.018290424719452858,0
Q0JJV0:Q0JA75,0.014382021501660347,0
Q7XI55:Q0JJV1,0.027730023488402367,0
Q69T51:Q7XP01,0.10064706951379776,0
Q6Z234:P0C0L0,0.0214086901396513,0
Q2RBK2:Q10AZ4,0.08789771050214767,0
P12331:Q69WI0,0.01797523908317089,0
Q6ZJ08:Q69KN0,0.02045859955251217,0
Q7G8Y3:Q0DHC4,0.49524393677711487,0
Q10E50:Q0DJ94,0.21566157042980194,0
Q69TI0:Q6H3Z9,0.020873891189694405,0
Q7XCL0:Q339K6,0.013808812014758587,0
O64464:Q6L4L4,0.12621600925922394,0
Q0DGP6:F7J0N2,0.04411668702960014,0
Q6YX88:Q05JG2,0.16514502465724945,0
Q6YWS8:Q10MI9,0.016064899042248726,0
Q6H3Z3:A0A0P0VIP0,0.012530696578323841,0
Q652K1:P0C377,0.011763187125325203,0
Q7XPF8:Q6EUK7,0.013819518499076366,0
Q6K5X1:Q69L87,0.02223188802599907,0
Q10CX4:Q2HWG0,0.06013018637895584,0
Q0DNU1:Q5KQI4,0.8305503726005554,0
Q0E474:Q5NB83,0.1980515569448471,0
Q69LD8:Q8W3E8,0.014101499691605568,0
Q8LMR9:Q0JGS5,0.7966511249542236,0
Q6Z4T3:Q655S1,0.01727374456822872,0
Q56UD1:Q84UQ1,0.03231712430715561,0
A3A8W6:Q6AVZ9,0.016844553872942924,0
Q8H2J9:Q10R93,0.012895092368125916,0
Q40638:Q4PR52,0.0236196368932724,0
Q6YW50:Q942X0,0.015944374725222588,0
Q2R8T2:B9GDE5,0.013946063816547394,0
Q6Z058:Q2RAD9,0.4425829350948334,0
Q9FVZ7:Q6L4F8,0.2793382704257965,0
Q6AVD0:Q8L4P8,0.11332321166992188,0
Q6ZJM9:Q6K8J4,0.027386505156755447,0
Q10RE5:Q10L91,0.14487110078334808,0
Q1WM15:Q5Z8T8,0.012919149361550808,0
Q5ZCC5:Q5NB83,0.014916272833943367,0
Q6AUQ7:Q9ARX2,0.014613771811127663,0
Q94IB1:Q6ZH29,0.03323564678430557,0
B9G193:Q655X8,0.01804274134337902,0
Q53MD1:Q0JL46,0.02311590127646923,0
Q2R073:Q6YXT7,0.0521608404815197,0
Q0JHP8:P48600,0.11288344115018845,0
P27934:Q942J6,0.015014084987342358,0
Q0E3L5:Q9FTZ2,0.015050086192786694,0
Q8H5F8:Q53JY8,0.01403688546270132,0
Q5WA72:Q0DIT6,0.1462980955839157,0
Q6YXY2:Q60EZ2,0.12312214821577072,0
P0C337:Q6EU30,0.09239237010478973,0
Q5KTQ9:Q5N9J9,0.018286800011992455,0
Q7XMK8:Q9LHY9,0.25451740622520447,0
Q6F334:Q9FU53,0.5476014018058777,0
Q2R2L6:Q0DKA5,0.13443623483181,0
Q6I5C3:Q9SDK9,0.7020950317382812,0
Q2QWJ9:Q6ZLA3,0.019317898899316788,0
Q6K3B1:Q5VNW5,0.028431937098503113,0
Q8VXB1:Q2RBG8,0.03260550647974014,0
Q84TA3:Q6ZDF3,0.05235869809985161,0
Q67VP4:Q2R4J4,0.11587923765182495,0
Q0DXB1:Q6ZCX1,0.015129625797271729,0
Q5ZD08:Q42993,0.020701469853520393,0
Q5JL96:Q0D9C7,0.4399665892124176,0
Q0JBF0:Q6Z8K4,0.18231619894504547,0
Q8S091:Q6YUL8,0.11123829334974289,0
Q0JD07:Q946J4,0.013747013173997402,0
Q10CX4:Q6I5B3,0.011852926574647427,0
Q852L2:Q6H545,0.03357270359992981,0
Q0IQU1:A4PBL4,0.0460364930331707,0
Q0D9C4:Q84SC3,0.16384118795394897,0
Q10S65:Q5Z8T8,0.025402188301086426,0
P12212:Q5JK52,0.012218780815601349,0
Q6YS30:Q2QWZ1,0.4356648623943329,0
Q9XHY7:Q6YX88,0.12585535645484924,0
Q2QUN2:Q69W36,0.08704090118408203,0
Q7XPK7:Q7XP59,0.012472989968955517,0
Q0D7E4:Q8LIY0,0.020933641120791435,0
Q75K78:Q84P94,0.013945886865258217,0
Q8S230:Q6YUL8,0.03388236090540886,0
Q6H711:Q5Z818,0.8166429400444031,0
Q10QW3:Q6YZZ7,0.03695475682616234,0
Q7F9W2:Q7XCK6,0.01447006780654192,0
Q946J4:Q6K7R9,0.011945880018174648,0
Q943E9:Q10SR3,0.3645264804363251,0
Q0DCM5:Q6ZIU9,0.07899191230535507,0
Q2R8T2:Q67VL7,0.450612872838974,0
Q0J2L7:Q0JIC2,0.7924953699111938,0
Q9SNQ2:Q10T43,0.033050280064344406,0
Q69UI8:Q69S81,0.24156883358955383,0
Q5VNW0:Q0J290,0.01947077177464962,0
Q0D5P3:Q0JD14,0.020554810762405396,0
Q7XUU0:Q10BA8,0.012765273451805115,0
Q9FDX8:Q0E459,0.6314231753349304,0
Q0DVU4:Q7XWK5,0.01198186818510294,0
Q84T92:Q6F303,0.27259278297424316,0
Q5Z6F5:Q69XV9,0.019213473424315453,0
Q4PNY1:Q7XUF4,0.05131974443793297,0
Q69J40:Q53WK1,0.04739939793944359,0
Q851G4:Q5Z6I4,0.031733669340610504,0
Q0DIV0:Q75W16,0.013767383061349392,0
Q5VRJ8:P29619,0.1789802759885788,0
B9G4M9:Q6K687,0.01611929014325142,0
Q7XBA5:P0CD22,0.012678764760494232,0
Q5ZC86:P12186,0.015553273260593414,0
Q7XKK6:P0C129,0.9750524759292603,0
Q5Z8P0:Q8H8U5,0.05986722931265831,0
Q84NC2:Q6K9U2,0.503588855266571,0
Q0D4Z6:B9GDE5,0.019957944750785828,0
Q6YYX9:Q6EPG8,0.2842915952205658,0
B9EY52:Q0IQU1,0.021096346899867058,0
Q0JBZ8:Q10LP5,0.014805410988628864,0
Q9FYP9:Q69UI8,0.1272248923778534,0
Q75IS2:Q10RB4,0.015279673039913177,0
Q2QWK9:Q2R237,0.012559897266328335,0
Q9ARX2:Q6ZJS7,0.014183384366333485,0
Q0DJY3:Q337B8,0.015259459614753723,0
Q69SP5:Q2QXR8,0.02461032196879387,0
Q7XUS2:Q75HP9,0.0391499325633049,0
Q9SXP2:Q7XUF4,0.17724508047103882,0
Q53PC6:Q8S1Z1,0.042203571647405624,0
Q5N7A7:Q8H383,0.014684704132378101,0
Q10LJ2:Q9AVE6,0.020223332569003105,0
Q10CH5:Q84P71,0.01799936778843403,0
Q7XR47:Q336M7,0.015726817771792412,0
Q9FYN7:Q651X7,0.05380064249038696,0
B9F166:A3BN26,0.01575704850256443,0
Q69L93:Q6ZIV7,0.02097366750240326,0
Q0J932:Q7EZD5,0.01607748307287693,0
P43279:Q7XX84,0.012746348977088928,0
Q84P99:Q8S1Z0,0.012861701659858227,0
Q6ESR4:Q10BT5,0.0738869160413742,0
Q43009:Q338Z7,0.03319225460290909,0
Q6Z7I3:Q5VN46,0.012050674296915531,0
Q10A30:Q651U1,0.026582568883895874,0
Q6Z5M3:Q8H6H2,0.014423104003071785,0
Q6ZLK0:Q0DDF6,0.018604177981615067,0
P0C451:Q2KNB5,0.014114165678620338,0
Q10PP8:Q2RAP3,0.15006978809833527,0
Q5JK84:Q10Q08,0.38077303767204285,0
Q5NBN9:Q7XAK4,0.03454669937491417,0
Q2R3B4:Q69L93,0.01395350880920887,0
Q5Z5R7:Q6Z6D6,0.032265957444906235,0
Q10MW6:Q10CT5,0.013324919156730175,0
Q8H395:Q7XR52,0.21577052772045135,0
Q7XQ45:Q10NX8,0.013130083680152893,0
O82766:Q6ZD28,0.017934909090399742,0
Q7Y0Y8:P49216,0.10083609074354172,0
P0C491:Q7XI55,0.032080989331007004,0
Q2R185:Q2QYR5,0.22587847709655762,0
Q65WW7:Q6AWY4,0.04568471014499664,0
Q70G58:Q7XL03,0.03226761892437935,0
Q8H2X8:B9FI63,0.037527672946453094,0
Q851G4:Q65WV2,0.016174372285604477,0
B9FS33:Q94CS9,0.21555475890636444,0
Q0DF13:Q84PC0,0.01190576609224081,0
Q2RA93:Q7G794,0.27925634384155273,0
Q6K2E1:Q7XVN7,0.01474955677986145,0
Q0D744:Q7XW88,0.013815251179039478,0
Q7XPT0:Q7EXZ4,0.012650074437260628,0
Q8H3C9:Q5ZD36,0.016905605792999268,0
P48494:Q2QXP0,0.018605751916766167,0
Q6ETK3:Q2R9D2,0.2635509669780731,0
Q75I90:Q6ATS0,0.1880861222743988,0
Q0JL46:Q6Z5P2,0.015164139680564404,0
Q69TI2:Q67WE2,0.013318747282028198,0
Q0DKM4:B9FSH5,0.05502316355705261,0
Q6H7U2:Q0DG05,0.013215417973697186,0
Q657X6:P29620,0.4057008922100067,0
Q10Q26:Q5Z6F0,0.23553848266601562,0
Q6YTI3:Q0DGD7,0.013387249782681465,0
Q8L4L4:Q6Z8L2,0.014534296467900276,0
P0DKK9:Q6Z1Z3,0.348825067281723,0
Q60EZ2:Q7XMK1,0.1362564116716385,0
Q652I1:Q84PB4,0.06251920759677887,0
Q2R1U4:P0C0L0,0.02817094884812832,0
Q8H016:Q53RH0,0.025286275893449783,0
Q2RBJ4:Q6ZGU9,0.012416149489581585,0
Q0JKZ0:Q6I588,0.03771817684173584,0
Q6K1Z1:Q5VS84,0.8363736271858215,0
Q8H4L3:Q6K9F6,0.013026381842792034,0
Q5ZEM1:Q7F731,0.13254837691783905,0
Q6ZJW8:Q10CQ8,0.38568854331970215,0
Q6K3R9:Q6ES51,0.9399468302726746,0
P12139:Q0JHZ2,0.01837088167667389,0
B7FA90:Q7XM16,0.014093323610723019,0
Q8LR50:Q2R3A1,0.021380405873060226,0
Q69T58:Q9MAX6,0.7685189247131348,0
Q8H4S6:Q84P79,0.0559903047978878,0
Q942J6:Q657X6,0.018071431666612625,0
Q8S7M7:Q07078,0.4449421465396881,0
Q5WAB3:Q69KP0,0.19017204642295837,0
Q0J3L4:Q6L4N4,0.07020551711320877,0
Q2QN26:Q6ATJ8,0.45366165041923523,0
Q6ZJM9:Q69T21,0.8822839856147766,0
P37832:Q7XKC5,0.09994906187057495,0
Q7XGU4:Q6K1S6,0.056756194680929184,0
Q8LI34:Q10EJ2,0.04368435963988304,0
Q8RU95:Q0J006,0.05640929937362671,0
Q688J2:Q10S83,0.020040063187479973,0
Q6L4L4:Q0DZF3,0.4240916669368744,0
Q2QYU7:Q7XXR8,0.13783161342144012,0
Q6Z0E2:Q10NQ3,0.046118929982185364,0
Q2RBJ2:A3BH85,0.09771599620580673,0
Q7XD65:Q6YXH8,0.9388508200645447,0
Q6ZL81:Q0DJY3,0.022957652807235718,0
Q5VNK1:Q8W0W4,0.5796117186546326,0
P0DKK9:A0A0P0X004,0.13969790935516357,0
Q5ZCK5:Q6F2Z1,0.06604627519845963,0
P20907:Q7XKK6,0.019260156899690628,0
Q75I13:Q8GU86,0.025245940312743187,0
Q10N20:Q6Z5P2,0.7546696662902832,0
Q0DLB9:Q6I628,0.06421512365341187,0
Q0JI49:Q69IM9,0.9589943289756775,0
A0A0P0XCU3:Q0JMY8,0.011792373843491077,0
Q7F613:Q6ETW4,0.02053825743496418,0
Q6EP31:Q7XI55,0.2809528112411499,0
Q2QY37:Q84P97,0.5143508315086365,0
Q7XEJ5:Q10QP3,0.08848400413990021,0
Q764B9:P0C291,0.01517697423696518,0
Q0JEF7:Q338B0,0.017038969323039055,0
Q7XVM8:O23810,0.01264413632452488,0
Q0E0C6:A3BYC1,0.021766422316432,0
Q84P81:Q7XBW5,0.02339106611907482,0
Q10MN6:Q5VRH9,0.24366047978401184,0
Q7Y0V7:Q6H641,0.05188501998782158,0
Q9FWU1:Q7XDP2,0.012270179577171803,0
Q7F9U3:Q84QU8,0.07554282993078232,0
Q69JZ7:Q10G81,0.26203328371047974,0
Q5ZC87:Q6ZDF3,0.04022065922617912,0
Q0DWT8:Q6YWQ2,0.06862626224756241,0
P0C361:P0C0L1,0.13559041917324066,0
Q6YVX4:B6RRX3,0.09577379375696182,0
Q67VZ8:Q7XII4,0.01227042730897665,0
Q8RZV7:Q07078,0.16181324422359467,0
Q10N20:P17814,0.8189235925674438,0
Q851Y7:P35684,0.017854483798146248,0
Q40731:Q8H2X8,0.19126562774181366,0
Q67UF5:P42211,0.05178755149245262,0
Q8LNU5:Q6ZL94,0.10355032980442047,0
B7F845:Q2QP13,0.01268444862216711,0
B9EY52:Q53LQ0,0.04087558016180992,0
Q2R2W2:Q5NA06,0.8366584777832031,0
Q8RYK0:Q84P89,0.11038883775472641,0
Q9LD61:Q0DWH1,0.01898333430290222,0
Q5Z8V8:Q75M08,0.026893390342593193,0
Q652J4:Q42982,0.022072220221161842,0
Q9SDK9:Q2QVG8,0.4407587945461273,0
Q6Z715:Q84J50,0.0328868106007576,0
Q6AUV1:Q2QXB3,0.05344897508621216,0
Q0JB89:Q10LH0,0.02728492021560669,0
Q5JMF2:Q6ZD63,0.20488233864307404,0
Q9AWS0:Q6AV22,0.9658942222595215,0
Q2R4Z4:Q6YUU5,0.017774855718016624,0
Q8LNW4:P62727,0.015041197650134563,0
Q7FAS1:Q8W0F1,0.01746223308146,0
Q0JF58:Q943F3,0.016843372955918312,0
Q6I588:Q6K4N0,0.03285403177142143,0
P0C503:Q7XZF7,0.021970726549625397,0
P0C579:Q6YYZ1,0.015454326756298542,0
Q7XR62:P47909,0.011818078346550465,0
Q53K52:Q2QWK9,0.014341883361339569,0
Q9AXA6:Q5SMQ9,0.02104984223842621,0
Q94HF1:Q67WR5,0.15426509082317352,0
Q69TG5:Q9ASI1,0.07827211916446686,0
Q6H7U5:Q0J8J8,0.3115360736846924,0
Q84R94:Q7XES5,0.020805373787879944,0
Q6YZW2:Q94LW3,0.7787152528762817,0
O82143:Q2QSB9,0.1687099039554596,0
Q10HL3:Q9ZTP5,0.0182613767683506,0
Q0DBS1:Q2QWT4,0.08978690952062607,0
Q0JL75:Q7XLP4,0.4095115661621094,0
Q9FYP9:Q6EUK0,0.07791754603385925,0
Q6YXZ4:Q10M80,0.03766065463423729,0
Q6Z4G3:Q8S983,0.05624822527170181,0
Q10S44:Q6H7T1,0.02071656845510006,0
P14717:Q6ZCX1,0.01629205048084259,0
Q75KE5:Q65XG6,0.808211624622345,0
Q6Z7F4:Q5Z5S6,0.015365532599389553,0
Q10MI0:Q6ZLC4,0.03867742046713829,0
Q6ZHA3:Q8LQJ9,0.2969073951244354,0
Q6ZI50:Q58G87,0.034761711955070496,0
P0CE66:Q10R21,0.014955631457269192,0
Q8W0W3:Q8L4P8,0.6205159425735474,0
Q75GX9:Q9LGQ6,0.015540778636932373,0
Q0JBP5:Q75KH3,0.01940011978149414,0
Q94LU9:Q762B4,0.028604036197066307,0
Q5SMU7:Q5W7C6,0.10905516147613525,0
Q94CV1:P0C389,0.01222397480159998,0
Q0DXB1:Q5QM27,0.3631439805030823,0
Q33BI9:Q0E1D7,0.04083966463804245,0
P0C386:Q84T92,0.09845688194036484,0
Q6YXH8:Q0J233,0.9712455868721008,0
Q10S72:Q9ZST0,0.02435368299484253,0
P27932:Q8LHH9,0.025264784693717957,0
P0DKK1:Q6YU05,0.013514860533177853,0
Q0DKW8:Q9FRA7,0.01779492013156414,0
Q8H3A7:Q8LQX2,0.02310553565621376,0
Q6K471:Q84QC0,0.017028866335749626,0
Q0J0K1:B9F655,0.5630598068237305,0
Q40638:Q9AQW1,0.012235223315656185,0
Q5TKP8:Q7X7C4,0.013996097259223461,0
Q7XUJ2:Q2TQ34,0.015942372381687164,0
Q0JGS5:Q850M0,0.06876353919506073,0
Q69VD5:B8YIE8,0.11622245609760284,0
P0C0M3:Q0E2Q3,0.01561438012868166,0
Q8LR86:Q8S3Q9,0.9712681174278259,0
Q6L5C4:Q2QYY8,0.48249921202659607,0
Q7Y1Z1:Q6YWR4,0.11476945877075195,0
Q0DY72:Q9SLY8,0.035468604415655136,0
Q75KU4:Q10LN5,0.4763583242893219,0
Q6Z312:P0C031,0.22396321594715118,0
Q69UZ3:Q8S985,0.2889765799045563,0
Q2QMG2:Q53N47,0.023958001285791397,0
Q5W6Z9:Q84ZN6,0.01210883166640997,0
Q8S1Y9:Q84TB6,0.4140406548976898,0
Q7XD66:Q10NT7,0.012348854914307594,0
Q2QUN2:Q7FA29,0.01461069006472826,0
Q60EJ6:Q5W7C6,0.05057444050908089,0
Q7XA61:Q6H4M2,0.471633642911911,0
Q2QPW1:Q6EP66,0.07747694104909897,0
Q6H4D6:Q0J0N4,0.04643930122256279,0
Q6K687:Q0D9C4,0.07813658565282822,0
Q0DWH1:Q94E96,0.02307048998773098,0
Q6K3D8:Q8RZ35,0.030868707224726677,0
B9FGV7:Q0DJA3,0.012570271268486977,0
Q6YVY0:Q2QZ14,0.03483913466334343,0
Q0JLP9:Q6YRM6,0.25010037422180176,0
Q6YWQ2:Q7XBS0,0.025999626144766808,0
Q8RZ40:Q0JJV1,0.043981634080410004,0
Q0DV32:Q7XBW0,0.08851112425327301,0
Q84P65:Q2QYW1,0.20727460086345673,0
Q6ZFT5:P53683,0.2323826551437378,0
Q2QMH2:Q9SMB1,0.04451049119234085,0
P27934:B9G125,0.023761415854096413,0
Q5TKP8:Q0JD85,0.021688412874937057,0
Q852K0:Q2QY10,0.03205132484436035,0
B7F6S9:Q6EUG4,0.19995610415935516,0
Q2QZF2:Q8H4S6,0.023507092148065567,0
Q2QZF2:Q84P63,0.022864555940032005,0
Q0J6T3:Q67VA4,0.033388663083314896,0
Q7XMI0:Q9SDK9,0.021285776048898697,0
Q0JB92:Q8H384,0.04877191409468651,0
Q2QXY3:Q7XII4,0.36243391036987305,0
Q67J17:Q08480,0.14170680940151215,0
Q84PD9:Q7XHR2,0.016590341925621033,0
Q0J0N4:Q68Y48,0.012794448994100094,0
Q0D4J7:P0C2Z6,0.6644939184188843,0
Q0JJ01:Q10N34,0.7071153521537781,0
Q7XTY9:Q0DY59,0.015400731936097145,0
Q5MBR3:B9FMX4,0.017163941636681557,0
Q652N5:Q10E61,0.014793685637414455,0
Q6H7U5:Q69S81,0.4757685661315918,0
Q5ZEG0:Q84P63,0.027435455471277237,0
A1A698:Q2R480,0.14880989491939545,0
Q942D6:Q10LF7,0.2848922908306122,0
Q0ILQ6:Q5QMT0,0.0339510403573513,0
P0DKK9:Q6ZDJ7,0.13326820731163025,0
A0A0P0V5U9:Q6YZE8,0.14649735391139984,0
Q6ETW4:Q6Z4P2,0.016622981056571007,0
Q6Z1D5:Q6ZKV8,0.2664951682090759,0
Q69TW5:Q65X92,0.7815026640892029,0
Q852K5:Q7G6Z5,0.013194146566092968,0
Q0J290:Q2QZ86,0.01955479383468628,0
Q7XIM0:Q84TV4,0.33010759949684143,0
Q8LIG4:Q9FWC4,0.12021994590759277,0
Q8LJJ9:Q6Z9U7,0.4072047770023346,0
B9EY52:Q6Z2L5,0.021551519632339478,0
P0DO27:Q5Z5B2,0.012316153384745121,0
Q6AVA8:Q0IY07,0.01885210908949375,0
P41095:Q7XQ88,0.02740854024887085,0
Q9LG41:Q6YTW6,0.06845638900995255,0
Q651V6:Q6Z7K5,0.07347525656223297,0
Q5VRY0:A3BKM2,0.041713740676641464,0
Q6Z2T8:Q0IU52,0.012092064134776592,0
Q0JC27:Q6ZBS8,0.6373222470283508,0
P20698:Q9LGH8,0.0163120087236166,0
Q6ZIK7:Q8W0F9,0.01986907236278057,0
Q6H7T1:Q0E3I9,0.016275539994239807,0
Q94EE9:Q2QXM3,0.016129497438669205,0
Q0E079:Q6K602,0.017293790355324745,0
Q6Z1C0:Q8H384,0.21206779778003693,0
Q6Z2J1:Q84LM2,0.04982565715909004,0
Q6YYB0:Q7XLX6,0.01952865719795227,0
Q6YUE5:O24174,0.012947827577590942,0
Q6H5J0:Q9FR35,0.0722203254699707,0
Q7XQU7:Q7X7N3,0.27734747529029846,0
Q6YVX9:Q10R18,0.32973045110702515,0
Q6YVX4:Q5Z8Q9,0.5576714277267456,0
Q10DU0:Q9LRE6,0.31720536947250366,0
Q84MP7:Q657W3,0.014601418748497963,0
Q7XQ88:P12192,0.014956945553421974,0
Q7XSS9:Q8S3R1,0.1528521031141281,0
Q0JGK4:Q5W676,0.015787502750754356,0
Q0JNB6:F7J0M4,0.012181187979876995,0
Q69TB1:Q0JNL7,0.11263852566480637,0
Q8H485:Q6PL11,0.9404882788658142,0
Q10HC9:Q5QMM3,0.1258745938539505,0
A2CIR7:Q10B79,0.5211620330810547,0
Q10NQ3:Q0J8J8,0.024668805301189423,0
Q2QQ99:F1SZ42,0.012113576754927635,0
Q8H4S6:Q10KN8,0.3178105056285858,0
Q8S230:Q0JLC5,0.02196454256772995,0
Q7XCG7:Q852L0,0.012757852673530579,0
Q10HD0:Q84P62,0.021090582013130188,0
A3C6D7:H2KWF1,0.14378921687602997,0
Q6VVA6:Q8GU88,0.01724701002240181,0
Q7XFK2:Q7XSQ5,0.01931791380047798,0
Q3T5N4:Q6Z2Z4,0.41364142298698425,0
Q8S9Z2:Q2QY53,0.4107528626918793,0
Q7XKC8:Q2R0D4,0.015343884006142616,0
P35684:Q6YWF1,0.01743033528327942,0
Q9ZP20:Q9XG81,0.038990169763565063,0
Q4PNY1:Q8GVZ6,0.017186759039759636,0
P30287:Q8S0S6,0.02473398484289646,0
Q9AWL7:Q6ZIQ1,0.12988188862800598,0
A3BKM2:Q7XS69,0.6171941757202148,0
Q5VRW2:Q8LQQ2,0.17531011998653412,0
Q10HD0:Q9XJ61,0.02335168980062008,0
Q75KR1:Q7XIT1,0.01255695428699255,0
Q5UG13:Q94LW4,0.9303572773933411,0
Q8LJJ9:Q53NI2,0.02547634206712246,0
Q10R21:B9EUM5,0.31413891911506653,0
Q69QZ0:Q4PR49,0.018749693408608437,0
Q0DVX2:Q6ZAC1,0.19910882413387299,0
Q58G87:Q84PC4,0.038858648389577866,0
P0C343:Q2QVI1,0.15143300592899323,0
Q5W6M3:Q6EPQ3,0.02727659046649933,0
Q9FR35:Q6J1A5,0.018705422058701515,0
Q5JK20:Q10GB1,0.5127643346786499,0
P35687:Q75KU4,0.5871087312698364,0
Q84PA3:Q7XQT2,0.013660590164363384,0
Q5N9W4:Q5ZC87,0.013301493600010872,0
Q0JI49:Q8W250,0.35089486837387085,0
Q7XDB8:Q69TU6,0.038561366498470306,0
Q2R8Z5:A3C6D7,0.19139109551906586,0
Q9AWZ8:Q6Z9C3,0.026459872722625732,0
Q6K5Q0:P12203,0.014461821876466274,0
Q84UQ3:Q0DKY4,0.04445905238389969,0
Q5Z9E5:Q7XI08,0.5576545000076294,0
Q2QQS5:Q8H339,0.8935953378677368,0
Q6ZD95:Q9LIX1,0.016623903065919876,0
Q6K548:Q40665,0.2190665751695633,0
Q43008:Q339M7,0.024066297337412834,0
P0C130:Q69T58,0.8640686273574829,0
Q84P89:B9FJH4,0.014946150593459606,0
Q6Z955:Q7XKE9,0.05982229858636856,0
P0C457:Q7XU38,0.013373601250350475,0
Q339D2:Q69LA6,0.017904024571180344,0
Q5VRD1:Q9FDY4,0.7903671264648438,0
Q6H647:Q10S83,0.15348957479000092,0
Q6K7R9:Q7X8D4,0.01486177183687687,0
Q7XJ02:Q69NX5,0.1488928198814392,0
Q6L8F7:Q10LI8,0.027633581310510635,0
Q5N7A7:P0C5A4,0.012267799116671085,0
Q6Z6M4:Q10D34,0.5680610537528992,0
Q651Z7:Q6YVY6,0.2213086634874344,0
Q6AWX8:Q7XPW5,0.08851144462823868,0
O82451:P93422,0.13565170764923096,0
Q3HRP2:Q10MG9,0.5708506107330322,0
Q84NQ7:Q7G4P2,0.01599598489701748,0
Q84ZT0:P93422,0.016385069116950035,0
Q84Q92:Q5W670,0.9715630412101746,0
Q67UK2:Q2R4A0,0.19439159333705902,0
Q9FWQ2:Q5W727,0.011965869925916195,0
Q0JKG7:Q9S827,0.5556594729423523,0
Q6K1S6:Q6Z6M4,0.20833447575569153,0
Q941V3:Q94GL5,0.014473400078713894,0
Q6Z9D2:Q2QWJ9,0.025663524866104126,0
Q7XUN6:Q8GU88,0.01374060194939375,0
Q84JI0:Q6ZJJ0,0.04834384471178055,0
Q5VPH3:Q0D6F4,0.014808746986091137,0
Q2QLW3:Q3HRP2,0.4252774715423584,0
Q7X8H9:Q0DJS1,0.012052629142999649,0
Q0JL44:Q8GSD9,0.08639366924762726,0
Q3HRN9:Q0JBQ0,0.4832323491573334,0
Q7XC35:Q5Z6F5,0.22316782176494598,0
Q8W0H5:Q9FWV6,0.4660045802593231,0
Q6K2E8:P50156,0.4708798825740814,0
Q8H3Q1:Q10MQ0,0.42465850710868835,0
Q6ZA50:Q84PD9,0.13160362839698792,0
Q7Y0W5:Q7XSR9,0.022746492177248,0
Q10MI9:Q6H6Q7,0.39954903721809387,0
Q6K8R2:Q9SLX0,0.15860635042190552,0
Q7XBS0:Q6ESF0,0.026031238958239555,0
A3BMN9:Q6ZKI8,0.3684164583683014,0
A0A0P0V5U9:Q655G7,0.4259946942329407,0
Q75GI4:Q8W855,0.013647466897964478,0
Q9AWZ7:Q6EN45,0.13135941326618195,0
Q7XI96:Q6Z2L1,0.38504159450531006,0
Q94GL5:Q65XK1,0.9016804099082947,0
Q0D3S3:Q05JG2,0.022609492763876915,0
Q5VNJ0:P0C319,0.013601163402199745,0
Q5U9F2:Q6EN45,0.5692100524902344,0
Q6AVN2:P29618,0.6125581860542297,0
Q6EP31:Q5N941,0.13767723739147186,0
P0C477:Q652K1,0.01335789542645216,0
Q40665:Q7XAL3,0.2826288044452667,0
Q0E3I9:A1A698,0.07720061391592026,0
Q07078:Q10HL3,0.3888866603374481,0
Q2QMN7:Q7Y1L9,0.022300586104393005,0
Q5QNI5:Q5VRH9,0.5144198536872864,0
Q688Q9:Q8H3I4,0.014662906527519226,0
Q6K1Z1:Q9LD07,0.022479835897684097,0
Q336M7:Q8LQ74,0.19377130270004272,0
B9FDR3:Q84P80,0.1322808712720871,0
Q53JG7:Q69L99,0.01709747314453125,0
Q6L4H4:Q6Z7W3,0.19089071452617645,0
Q6K2T1:Q6YYZ2,0.11121439188718796,0
Q6YUA8:Q6L4N4,0.017116082832217216,0
Q69S81:B9FMJ3,0.19992950558662415,0
Q7XEZ4:Q0J361,0.05015213415026665,0
Q6YX89:P93407,0.013452413491904736,0
Q653B6:Q42972,0.018460771068930626,0
Q6H6S3:Q8L556,0.9634666442871094,0
Q6Z9F4:Q9SLX0,0.8695353865623474,0
Q7XKK6:Q7X7N2,0.037442028522491455,0
Q8VXB1:Q67X81,0.03390754014253616,0
Q0J932:Q6ZIV7,0.02347344346344471,0
Q5VNU3:Q5W6H5,0.013822391629219055,0
Q0DUI8:Q69T30,0.11675087362527847,0
Q69JN7:Q6ESZ9,0.4179207980632782,0
Q0DKM4:Q8S2G0,0.1170923113822937,0
Q8S233:A0A0P0VG31,0.02303028106689453,0
Q69NP0:P0DKK2,0.01633375883102417,0
Q60EX6:Q0JNL3,0.37740540504455566,0
Q5Z8V7:Q8S1G9,0.029688958078622818,0
Q67WE2:Q69UP7,0.012637540698051453,0
A3C4S4:A3BE68,0.0951651856303215,0
Q68Y48:Q0D7I3,0.08243542164564133,0
Q10F25:Q8S1D9,0.32016703486442566,0
Q6L8F9:Q10N21,0.019143834710121155,0
Q6K471:Q10LF7,0.06885815411806107,0
Q7XP65:Q8LIG4,0.6373050212860107,0
Q07078:A0A0P0XII1,0.2630826532840729,0
Q5WA72:Q0IMS9,0.021886607632040977,0
Q6YZW2:Q8S2A7,0.029388997703790665,0
Q2QXR8:Q7X8H9,0.012519428506493568,0
Q6K5I0:Q10T32,0.01321170199662447,0
Q5VMI0:Q5Z6F5,0.17934377491474152,0
B9FUF9:Q7XKC0,0.1222902312874794,0
Q0JA83:Q2R9X2,0.01884918287396431,0
Q7GCM7:Q5VSB7,0.017106814309954643,0
Q6H7M1:Q9XGY5,0.015917301177978516,0
Q0DKE8:Q35322,0.04858006536960602,0
Q6H852:Q5VQ69,0.20804241299629211,0
Q10QK7:Q84YK7,0.01256770920008421,0
Q69Q02:Q7XTK3,0.02200285717844963,0
Q2R1J3:Q0IUU4,0.5932773947715759,0
Q53N90:Q8H016,0.018085705116391182,0
Q10F25:P0C386,0.19459491968154907,0
Q2QYW2:Q69VE0,0.15623259544372559,0
Q6K7V6:Q0JGS5,0.027392759919166565,0
Q6YV23:Q852F6,0.013659178279340267,0
Q7XT97:Q69TY5,0.01318273600190878,0
Q2QS14:Q6Z461,0.020984113216400146,0
Q8LSQ2:Q10Q07,0.28286123275756836,0
Q65WW7:Q7XEZ4,0.03523048385977745,0
Q8H3A7:Q84SN3,0.38317567110061646,0
Q84P88:B9GAG9,0.01247477252036333,0
Q69QJ7:Q6YUA8,0.012491104193031788,0
Q6K8Z4:Q9ZQW8,0.03170057386159897,0
Q5ZCD9:Q67UK2,0.4083969295024872,0
Q67V78:Q7XPE8,0.022505545988678932,0
Q94EE9:Q6F353,0.2921043634414673,0
P25776:Q67UX6,0.17251650989055634,0
Q6ZJ05:Q8LNW6,0.054918836802244186,0
Q0D9R7:Q6H668,0.644214391708374,0
Q94JF2:Q6ERE5,0.056624796241521835,0
Q8H8T0:Q5VRB2,0.015140551142394543,0
Q10PZ6:Q9LJ04,0.043946221470832825,0
Q7XQ97:P0DKK4,0.0812709853053093,0
Q93VD5:P0DKG9,0.023329466581344604,0
Q6F2Y7:Q75I93,0.026928549632430077,0
Q75IS2:Q7F0Q2,0.02109481766819954,0
Q9SLY8:Q5Z8V9,0.019117286428809166,0
Q5VN06:Q0J8M2,0.1956595927476883,0
Q7XBA5:Q6K8R2,0.015156584791839123,0
Q6Z836:Q5QMN5,0.01861504279077053,0
Q0D5B9:Q6H6R9,0.04959931597113609,0
Q851S7:Q69K07,0.019858697429299355,0
Q94EC4:Q0DDF6,0.02110419236123562,0
Q7X660:Q10D97,0.01221764087677002,0
Q6H805:Q0DCM5,0.027742261067032814,0
Q6EPZ0:A2CIR7,0.6968796849250793,0
Q0D3D2:Q6AU80,0.015354846604168415,0
Q5Z8L1:Q852L2,0.025121847167611122,0
P0C522:B9FUF9,0.1182880625128746,0
Q6K6N7:P0DO01,0.09381449222564697,0
Q5QNI1:Q67W29,0.021416589617729187,0
O04138:Q7F239,0.01498920377343893,0
Q2RBJ6:Q6ZFT5,0.07737477868795395,0
Q7XI08:Q7XRV0,0.30899307131767273,0
B9FKM7:Q8W250,0.06433536857366562,0
B9F3B6:Q7XZZ3,0.036149509251117706,0
Q7XLP4:Q6K478,0.013758081011474133,0
Q5Z9P8:Q7XBS0,0.019136328250169754,0
Q69SV0:Q53MD3,0.019971949979662895,0
Q6AWX8:Q84TV4,0.2079048901796341,0
Q6K9G1:P0DH88,0.019928131252527237,0
Q67U94:Q7Y0F6,0.5419749617576599,0
Q7XBW5:A3BKF2,0.05336941406130791,0
Q8LQH4:Q69TF4,0.06866844743490219,0
Q943K1:Q6H8D6,0.12318243831396103,0
Q6ASR0:P12173,0.012816033326089382,0
B9FDR3:Q0INM3,0.02493838407099247,0
O23810:P0DKJ9,0.01628027856349945,0
Q7XHL3:Q0DKW8,0.014823856763541698,0
Q0D8N0:Q8GU83,0.03496594727039337,0
Q2RBJ2:Q2R066,0.039735097438097,0
Q84P66:Q8S5N2,0.03223738074302673,0
Q69NK8:Q7XQN4,0.09660721570253372,0
Q7XSQ9:Q75G68,0.3590385913848877,0
Q2RBC6:B7ECS8,0.011923654936254025,0
A3AJ77:Q9MBD8,0.022670594975352287,0
Q7XXL2:Q53P09,0.17016847431659698,0
Q7F9U3:A3BLC3,0.05626274272799492,0
Q5Z402:Q6EP66,0.0259713064879179,0
Q5N9A1:Q7XPE8,0.013550984673202038,0
A4PBL4:Q9AUR7,0.1849903166294098,0
Q60EX6:A2PZN8,0.5354084372520447,0
P0C491:Q10LZ1,0.03801270201802254,0
P30298:Q652A1,0.11524420976638794,0
Q69IL4:Q8LQ68,0.05135038122534752,0
Q6EUP4:Q0JHF1,0.8086605072021484,0
Q7XUG1:Q10EF8,0.06368346512317657,0
Q5Z818:Q6Z7V2,0.04663912579417229,0
Q6Z8B9:Q0JF21,0.02651246450841427,0
Q10S35:Q6Z8K4,0.0345756858587265,0
Q337A5:Q2HWH1,0.02723308838903904,0
Q0JBZ6:Q5N829,0.1460006982088089,0
A3AJ77:B9FCV3,0.013083497062325478,0
Q0JP62:Q6Z5N4,0.11567234992980957,0
Q283L0:Q9LWR0,0.15582041442394257,0
P0C503:Q53M11,0.023502971976995468,0
Q6L5F5:Q8LHA8,0.03893042355775833,0
Q7GBF8:Q0JIZ1,0.06838998943567276,0
Q0J649:Q94LW0,0.05041590332984924,0
Q8W0F9:Q2QYS3,0.014830213971436024,0
Q7EZ57:Q5VNW5,0.02670367620885372,0
Q84PD3:Q8RZ35,0.060774654150009155,0
Q8S059:Q84P83,0.014437953010201454,0
A3AWA4:Q69TY5,0.016005558893084526,0
Q8RUV9:Q75KV9,0.020947130396962166,0
Q8S0G4:Q7G8Y3,0.21246099472045898,0
Q10MX1:Q657X6,0.12174709141254425,0
Q10LF7:Q0DJC5,0.023420225828886032,0
Q0JCC3:Q0JBH9,0.050496991723775864,0
Q109R6:Q6AUR2,0.07184617966413498,0
Q5NAT0:Q5JJY4,0.04778074100613594,0
Q2R5L7:Q94I55,0.01479946356266737,0
Q6YWQ2:Q0DAK7,0.014679408632218838,0
Q0JBH9:Q7XVA8,0.034240394830703735,0
P93844:Q0DKP3,0.03105831705033779,0
Q7XV13:P29545,0.1336500644683838,0
Q9AWS7:Q5QM06,0.9033018946647644,0
Q7XU74:Q10S44,0.01268015056848526,0
Q8H4H5:Q5Z8T8,0.014315388165414333,0
Q0DJ45:Q5SMY5,0.04586923494935036,0
Q8LT07:O64422,0.09959708899259567,0
Q336R9:P0DO09,0.012896815314888954,0
Q69LA1:Q7XTV7,0.014025144279003143,0
Q0DX67:Q10CN6,0.47282084822654724,0
Q7XK12:B9FSC8,0.015329445712268353,0
Q75KA9:Q5JJY4,0.016437873244285583,0
Q70G58:Q5SNL7,0.016638675704598427,0
Q7F830:P0C467,0.025884365662932396,0
P0C437:Q53Q70,0.06327775865793228,0
Q7XQR9:Q6Z9R8,0.5493146777153015,0
Q6ZFW0:Q9ARX2,0.012139197438955307,0
Q93WI9:Q0JA83,0.026340380311012268,0
Q6K990:Q0D7E4,0.025215541943907738,0
Q2R041:Q652A8,0.026705993339419365,0
Q10QW8:Q0E342,0.033094778656959534,0
Q10P87:Q2QSB9,0.017530446872115135,0
Q0DAK7:Q5JK52,0.017616812139749527,0
Q6ZG85:Q5JNA1,0.014115097932517529,0
Q6Z4P2:Q94DR2,0.062227874994277954,0
A3AB67:Q8RYL1,0.012403896078467369,0
Q5ZA21:A9UGV5,0.01310102641582489,0
Q0DLA3:Q6H711,0.09329640120267868,0
Q10T67:Q2QY53,0.137141615152359,0
Q652B0:B9G2E6,0.02169703133404255,0
C7J2Z1:Q6ZLC4,0.28356701135635376,0
Q76EJ0:Q2QW55,0.7786776423454285,0
Q0JNS6:Q2R1V8,0.3276827037334442,0
Q2QM55:Q0JF48,0.015697455033659935,0
Q6YWS8:Q10N04,0.016960272565484047,0
Q4PR53:Q7XV21,0.01237292867153883,0
Q0JBY9:Q5SNN4,0.23987875878810883,0
Q5ZCD9:Q9AR88,0.017334792762994766,0
Q6Z0Q9:Q84Z01,0.02043752372264862,0
Q10E64:P0C522,0.42561808228492737,0
P25766:Q10F25,0.23800888657569885,0
Q0DXS3:Q6L8F7,0.017843646928668022,0
Q6Z5M3:P53683,0.1739627867937088,0
P18566:Q84ST4,0.01896781288087368,0
Q338X7:Q6ZIX2,0.036446463316679,0
Q10MH8:P37890,0.039001043885946274,0
Q0J9J6:Q0JEF7,0.014737479388713837,0
Q5N863:Q6K833,0.014577150344848633,0
Q339M7:Q2R483,0.01400682982057333,0
Q5VNM3:Q75I54,0.7923796772956848,0
Q7X6B6:Q0J705,0.01815131865441799,0
Q5VNU3:Q9SLX0,0.2973349690437317,0
Q53P49:Q0J185,0.09930187463760376,0
H6TFZ4:P47909,0.012057803571224213,0
Q8RYL1:Q7Y0V7,0.0343497097492218,0
Q6Z1G7:Q0INW1,0.015147757716476917,0
Q6ZHA3:Q4JHE0,0.5421487092971802,0
Q7F1X5:Q10QR9,0.03259686380624771,0
Q0JA29:Q0E0I1,0.4378964602947235,0
B9GC17:Q10FZ7,0.06171128898859024,0
Q6AWY7:Q2RAP0,0.0339452363550663,0
Q2QUC5:Q6ZD28,0.016622241586446762,0
Q5VQY3:Q69TG5,0.016475167125463486,0
Q0JG99:Q5Z627,0.026611987501382828,0
Q7XV13:Q7EXZ2,0.08120866119861603,0
Q6ZIK0:Q0J709,0.01810958981513977,0
Q0JBH9:Q851M9,0.03410744294524193,0
Q851L5:Q8W2X8,0.013330580666661263,0
Q6Z1I5:Q6KAJ8,0.013524222187697887,0
Q84UQ3:Q0IQN6,0.34672871232032776,0
Q6YT98:Q35322,0.012574538588523865,0
O24230:Q5NTH4,0.012646736577153206,0
Q10QL5:Q6Z6S1,0.06467126309871674,0
A1A699:Q84T61,0.2626548707485199,0
B9FUF9:Q653S9,0.09784439951181412,0
Q94LU9:Q10NQ9,0.04909859970211983,0
Q6K602:B9GC17,0.013579060323536396,0
Q5VR07:Q0JBQ0,0.02588622085750103,0
Q7XD65:Q69VD9,0.6846985220909119,0
Q5ZE00:Q53WK1,0.01525901909917593,0
Q5W670:Q7G4P2,0.03543002903461456,0
Q67IX6:Q2R0L2,0.014144581742584705,0
Q0DLB9:Q7XD96,0.24540357291698456,0
Q657X6:Q2QSB9,0.015637626871466637,0
Q6Z955:Q2QMT7,0.14139175415039062,0
Q5VRR0:Q6Z4G8,0.060484182089567184,0
Q7G764:Q8GT95,0.05904282256960869,0
Q6F2Z1:P41095,0.02007388509809971,0
P0C488:Q94J16,0.054268088191747665,0
Q6L482:A3A2W2,0.05464005097746849,0
P0C0M2:Q3HRP1,0.5941631197929382,0
Q10MN3:Q0D9C4,0.01306830532848835,0
Q0PVB3:Q6Z4N6,0.31748342514038086,0
Q10QH1:Q10N90,0.18857522308826447,0
Q7XXR8:Q7XD65,0.6072072386741638,0
A0A5S6RB44:Q53MB8,0.012533590197563171,0
Q0E0H1:Q10N79,0.03672058507800102,0
Q7XQZ6:Q0DJS1,0.019069552421569824,0
Q5ZC83:Q43594,0.03435445576906204,0
Q8LNW4:P0DKK8,0.06426793336868286,0
Q7XU29:Q5VQG4,0.018935631960630417,0
Q2HWG0:Q7XUR3,0.03611042723059654,0
Q4PR43:Q8RV06,0.01250216644257307,0
Q0JMY1:Q6L5E5,0.2971351742744446,0
Q75HP9:Q6K9X3,0.16226987540721893,0
Q336V5:Q4PR48,0.012354414910078049,0
Q8S1N1:Q5SMK6,0.11072521656751633,0
Q6K7E9:Q8H3C8,0.037291254848241806,0
Q852A1:Q6H647,0.013227078132331371,0
A0A0P0XM10:P0C392,0.015206120908260345,0
Q652V8:Q10EF5,0.23189233243465424,0
Q69XV0:Q9AWU4,0.016093125566840172,0
P0C377:Q75LL6,0.013590427115559578,0
Q9SNQ6:P49027,0.07252833992242813,0
Q6Z0E2:Q6ZHE5,0.01386366505175829,0
Q0DWG8:Q6ZBF6,0.05423391982913017,0
Q84QK0:Q69KJ0,0.02068464271724224,0
Q0JR55:Q8H569,0.09059356898069382,0
Q8H6G7:Q2KNB9,0.02880583517253399,0
Q7XUA8:Q9SDK9,0.02608201839029789,0
Q942A7:Q7XPW8,0.022304341197013855,0
P52712:Q5UG13,0.01577652059495449,0
Q2R0K3:Q0IQF7,0.02190873585641384,0
Q2R0Q1:Q8H930,0.04473951458930969,0
Q6Z6D6:Q5Z5R7,0.0325569324195385,0
Q2R3P9:Q6YZA1,0.016940489411354065,0
Q8S7M7:Q6YVY0,0.6048589944839478,0
Q10Q99:Q2R837,0.03266103193163872,0
A3C053:Q5W6H5,0.012548612430691719,0
Q10N79:D7UPN3,0.0184943750500679,0
Q10S27:Q852K3,0.20770759880542755,0
Q94JF2:Q7XSB2,0.012283052317798138,0
Q5Z7L0:Q6Z4G8,0.012826847843825817,0
Q6YZ49:Q6ZLA7,0.1916254311800003,0
Q851L5:Q2RBB1,0.01618639938533306,0
Q84P76:Q69QR8,0.09682466834783554,0
Q7XNY1:Q6Z310,0.019449304789304733,0
Q6AT90:P0C132,0.9716739654541016,0
A3BH85:B9FAF3,0.0785255953669548,0
Q8GSI0:Q2QLT8,0.09469711035490036,0
Q9MAX5:Q941Z0,0.03907020017504692,0
Q942A8:Q0ILJ3,0.014554872177541256,0
Q7XSQ9:Q7XQR9,0.5694754719734192,0
Q5NBN9:Q2QWX8,0.012046849355101585,0
Q704V3:Q8H4L8,0.014170283451676369,0
Q6ZC69:Q8RYL0,0.04564478620886803,0
Q7XKF3:Q2QUS0,0.01187345664948225,0
Q2QZJ8:Q6YZE8,0.9077510237693787,0
Q0JP99:Q5JNT2,0.04548901319503784,0
P0C451:Q7XKC4,0.034330010414123535,0
Q5N892:Q5JJI4,0.018887823447585106,0
Q6Z2Z4:Q8H3E5,0.01885279268026352,0
Q0DEC8:P0C437,0.025322983041405678,0
Q84TV4:Q5Z6B1,0.022993169724941254,0
P37890:Q69LE7,0.01362121757119894,0
Q6ZGM7:Q6K2E1,0.013301399536430836,0
Q60E61:Q75KK8,0.35187146067619324,0
Q75L42:Q7X7C9,0.695861279964447,0
Q0DYP5:Q7XR51,0.04897715896368027,0
Q84P65:Q6L5D4,0.0674486979842186,0
P0C587:P29618,0.6579833626747131,0
Q6ZCC4:Q84P93,0.013338550925254822,0
P0C515:Q2KNB5,0.013646230101585388,0
Q6K478:Q8H3Q1,0.01497040968388319,0
Q7XAP4:Q69TH8,0.01426322478801012,0
Q10S82:Q10QH3,0.012770064175128937,0
Q336V9:Q5Z678,0.016793211922049522,0
Q7XMK3:Q52RG7,0.07693571597337723,0
Q6EU39:Q339D2,0.09927760809659958,0
Q5ZCI1:Q6EPG8,0.21621914207935333,0
Q652Q8:Q75LI2,0.029487675055861473,0
Q6Z9D2:Q6H4R6,0.039920348674058914,0
Q40702:Q0JIZ1,0.08022405952215195,0
Q33DK1:P49398,0.13182957470417023,0
Q7XAK4:Q7XPK1,0.484637975692749,0
Q7Y138:Q8H4D4,0.08060449361801147,0
Q8H7S7:Q67X40,0.019095446914434433,0
Q6Z0I4:P0C5D1,0.041434574872255325,0
Q6YYB0:Q67W82,0.33315983414649963,0
Q69P88:Q651D5,0.02689000405371189,0
Q01883:Q8H274,0.011920449323952198,0
Q8S1Z0:A3B6V0,0.1281387358903885,0
Q0DDF6:Q9FVZ9,0.03788349777460098,0
Q5N7B4:Q67VW6,0.01364866178482771,0
Q6YZY5:Q6K8S7,0.014247766695916653,0
Q7G8Y5:Q75IV7,0.025568081066012383,0
Q6AUW3:Q06397,0.03137024864554405,0
Q6ERS4:Q0JR55,0.1890867054462433,0
Q6EP77:Q8GU83,0.05431602522730827,0
Q69NK8:Q0JFZ0,0.29984596371650696,0
Q7XGM6:Q852K0,0.012578505091369152,0
Q688Y7:Q8W3D9,0.016561975702643394,0
Q0J3H7:Q8RU31,0.899899959564209,0
Q6I544:Q7X6L2,0.015358032658696175,0
Q84QA7:Q5NBQ0,0.030566781759262085,0
Q8H4S6:Q0DKE8,0.0783693939447403,0
Q942J6:Q7XQR9,0.0638258084654808,0
Q10S32:Q852M4,0.048692476004362106,0
Q7G768:Q5N8Q4,0.1872560977935791,0
Q9FR35:Q851M9,0.13494865596294403,0
O64422:Q65XV8,0.10718975216150284,0
Q2QM47:Q7XWK5,0.15747730433940887,0
Q6YWQ4:Q94I55,0.012427451089024544,0
Q10S70:Q94EC3,0.016584550961852074,0
Q5JK84:Q0D5R2,0.01863875612616539,0
Q0D5R3:Q655G7,0.15003684163093567,0
Q8GU85:Q0DXZ1,0.01736210100352764,0
B9FHH2:Q9AVE6,0.011858857236802578,0
Q2QYD2:B9FJH4,0.02123173512518406,0
A0A0N7KJT8:Q6ES10,0.48863735795021057,0
Q8S625:Q84PA0,0.24380984902381897,0
Q7G794:Q6ESJ0,0.048885490745306015,0
Q6AWY1:Q0J0B2,0.02378380112349987,0
Q6H805:Q2QN36,0.3464532792568207,0
Q10L91:Q75LD8,0.07186984270811081,0
Q5W6H5:B9FM64,0.013879150152206421,0
Q52RG7:Q5Z5R7,0.013505189679563046,0
Q338N2:Q6YTF1,0.012852787040174007,0
Q6EUG4:Q9FXT4,0.025627920404076576,0
Q941X2:Q2QWW7,0.029168639332056046,0
Q7XI45:P17814,0.021792655810713768,0
Q0JAA0:Q53NK6,0.2150593101978302,0
Q6H442:I6PL68,0.48383480310440063,0
Q851X7:Q6YSY5,0.01512575801461935,0
Q84J63:Q0DV32,0.01328192837536335,0
Q0JFZ0:Q9FXT4,0.02434442937374115,0
Q10LR9:Q6YK44,0.01375820953398943,0
Q7X6J9:Q53RM0,0.015032832510769367,0
Q8H2J9:Q6ZCC4,0.013162488117814064,0
Q5NAW2:Q6Z345,0.4140169322490692,0
Q6AWY4:Q10LP5,0.02229597419500351,0
Q337A0:Q3HRP5,0.6891524195671082,0
A3AAZ0:Q652A1,0.868600070476532,0
A3C057:Q6ZC69,0.029966069385409355,0
Q6EP66:Q6K8S0,0.21883609890937805,0
Q7FAY6:Q7XKF4,0.012319308705627918,0
Q10E61:Q10J94,0.013484911993145943,0
Q6H501:P0C5B2,0.013242669403553009,0
Q7X993:A3BF39,0.02071116305887699,0
Q2QZF2:Q7X742,0.025591600686311722,0
Q941Z0:Q6L545,0.02185206674039364,0
Q0D7E4:Q6H7S2,0.08973930776119232,0
Q84P79:Q10MW8,0.11932840198278427,0
Q84VG0:Q6ZIB9,0.07829766720533371,0
A2ZVI7:Q8GW05,0.2039402574300766,0
Q6ZBH6:Q10Q99,0.5422645211219788,0
Q5VMP0:Q75I93,0.014206379652023315,0
Q69SP5:Q7GCL7,0.07139777392148972,0
Q69WS3:Q6IVC3,0.961103081703186,0
Q94LP4:Q6H852,0.03801865130662918,0
Q9M4X7:Q6Z6L4,0.013307683169841766,0
Q0ILZ4:Q6VBA4,0.13675205409526825,0
Q6K7G9:Q9XE33,0.10296139866113663,0
Q8H507:O65857,0.04000946506857872,0
Q7XPL3:Q6K990,0.016476277261972427,0
Q69NX5:Q0J9V3,0.12964026629924774,0
Q7XJ02:B6DMK2,0.01613032817840576,0
Q0JPT5:Q84P80,0.10702840238809586,0
Q0IUL4:Q8H7Y8,0.012798893265426159,0
Q337A0:Q0D9C7,0.7106903195381165,0
Q5NB11:Q60E61,0.018691210076212883,0
Q6Z4F1:Q8LGZ9,0.08326319605112076,0
Q6K641:Q8RYL1,0.053723182529211044,0
Q6F388:Q8H4S6,0.30377981066703796,0
Q6Z730:Q7XUW3,0.034626852720975876,0
Q10SU5:A2CIR7,0.4180348515510559,0
Q9FXT8:A9UGV7,0.016359155997633934,0
Q2QQ96:Q8S059,0.21315956115722656,0
Q67V81:Q0DWF2,0.9707800149917603,0
Q67UK9:Q0E3V2,0.011953913606703281,0
Q8RYM9:P0C1U5,0.014093670062720776,0
Q6ZF89:Q10PI5,0.014419338665902615,0
Q6YW54:Q7X809,0.012169897556304932,0
Q69XJ0:Q64M78,0.32257935404777527,0
Q7XSQ5:Q6YZZ6,0.06567440927028656,0
Q8GT95:B7F8N7,0.0279624555259943,0
Q0D9R7:Q75WV3,0.0697077065706253,0
Q4PR44:Q67UF5,0.01519901491701603,0
A3A2Z8:Q5Z9E2,0.1767338365316391,0
Q75HX5:Q67W65,0.020992055535316467,0
B9FJG3:Q6ZCZ2,0.25529202818870544,0
Q5N8Q4:Q0IMG9,0.04958038032054901,0
P40978:Q7FAY6,0.01509991567581892,0
Q337Y2:Q6K6Q0,0.03343724086880684,0
Q5VS84:Q7XBA5,0.8939846158027649,0
Q10GX0:Q7XDD0,0.025798911228775978,0
Q7XU27:Q0DSV9,0.053018391132354736,0
Q9FUD1:Q53NL5,0.016212116926908493,0
Q6YWP9:Q6ZFT5,0.014025506563484669,0
Q8GU86:Q5N9X2,0.015463029034435749,0
Q9LSU3:Q653B6,0.017597466707229614,0
Q84PB0:Q0DDI1,0.051057517528533936,0
Q6YZ97:Q0JIC2,0.02512369118630886,0
Q7XRV0:A0A0P0V4R0,0.3445720374584198,0
Q8H8U5:Q6ZJU3,0.042965736240148544,0
Q5Z8V9:A2ZX50,0.045356642454862595,0
Q0J7U6:Q2QP54,0.14152942597866058,0
P38419:Q5JL08,0.061428170651197433,0
Q6H7M3:Q688L5,0.023121284320950508,0
Q9ZTS1:Q6YZW0,0.05706087499856949,0
Q6ZKB2:Q84P68,0.011876316741108894,0
Q84UT5:Q6K3B2,0.01197396032512188,0
Q10MQ2:Q6ZGU9,0.011946308426558971,0
Q84P60:Q6AUK6,0.015063601545989513,0
Q6Z9C8:B7F924,0.8707384467124939,0
Q10M73:Q5VNN5,0.014861575327813625,0
Q0JG89:P27932,0.014616958796977997,0
Q6ERW7:Q6K9N6,0.018231883645057678,0
Q942X8:Q07078,0.19572754204273224,0
P0CH34:Q5JK84,0.1636807918548584,0
Q7XC54:Q84S18,0.0779518410563469,0
P0C2Y7:Q2QZL4,0.13550275564193726,0
B6RRX3:Q0DN94,0.012935151346027851,0
Q5QNI1:P0C130,0.10993757098913193,0
P12139:Q10KF0,0.017034560441970825,0
Q75IW1:Q75IV7,0.012122867628932,0
Q0INY7:A3A8W6,0.014144599437713623,0
Q0E4K1:Q8S6N5,0.015754619613289833,0
P12153:Q75KH3,0.015690026804804802,0
Q0JDC6:Q9LWV3,0.05352353677153587,0
Q2QZF1:Q94JF2,0.012368123047053814,0
Q84J50:Q8LMI4,0.07543345540761948,0
B6F107:Q10N03,0.03896356001496315,0
Q852M2:Q6YTF5,0.014915485866367817,0
F7J0N2:Q9XG81,0.012438765726983547,0
Q0E0Y3:Q5ZAY0,0.34866848587989807,0
Q6K1R5:Q6YZX6,0.10530950874090195,0
Q5SML4:Q2QNF7,0.058185119181871414,0
Q6K1S6:Q6Z6K9,0.09238307923078537,0
Q01881:Q0JB88,0.012670278549194336,0
Q0JA81:Q84P97,0.03931408002972603,0
Q84P62:Q657S5,0.017309000715613365,0
Q0DKF1:A3BN26,0.06705746799707413,0
Q8GRT8:Q10LL4,0.4388660490512848,0
Q2QYH7:Q94CS9,0.08224280178546906,0
Q8LT05:Q0DKM4,0.6044010519981384,0
Q6ASW7:B7F6L8,0.014495608396828175,0
Q9XJ29:Q9FXT4,0.01428921241313219,0
P0C494:Q6AT41,0.022852031514048576,0
Q84UL5:Q9FRG8,0.44897791743278503,0
Q7XKU5:Q2R9X2,0.20000970363616943,0
Q0IWF3:Q6ZJ05,0.5724510550498962,0
Q8LIF2:Q94DE2,0.014326775446534157,0
Q7XYS3:Q7XZF7,0.019338874146342278,0
P0DKJ9:Q7X7K8,0.3970741629600525,0
Q10EJ2:Q6K6K7,0.022459879517555237,0
Q75L84:Q6IVC2,0.40013009309768677,0
B9GBM3:Q5CCK1,0.019903670996427536,0
Q7XPJ0:Q7XH05,0.09203541278839111,0
Q0D9R7:Q10S27,0.05817704275250435,0
Q0DBU3:Q10CE7,0.06222757324576378,0
Q10LJ2:Q10F03,0.0222662091255188,0
Q7XPF8:O65857,0.014087981544435024,0
Q2R3Y1:Q0E3M2,0.5813927054405212,0
B9FFD3:Q2QM55,0.01618834212422371,0
B8AN76:Q6K990,0.09924671798944473,0
Q6H7U5:Q84NJ4,0.4903578758239746,0
Q5QNM6:Q5SMM8,0.6572319865226746,0
Q6Z232:Q84TV4,0.013460795395076275,0
Q6Z955:Q0JC10,0.1824382245540619,0
Q10R21:Q6Z256,0.32042035460472107,0
Q2R4J1:Q2R2P7,0.03251640126109123,0
Q6YTF1:Q6Z7I3,0.012928411364555359,0
Q941X2:Q69T29,0.015306499786674976,0
Q8LR86:P35682,0.07222415506839752,0
Q8RYJ9:Q851W5,0.4694228172302246,0
Q75GK3:Q9AXA6,0.012191524729132652,0
A2CIR7:Q6K687,0.5439873933792114,0
B9FFD2:Q9FDY4,0.02580326236784458,0
Q93WI9:Q8H507,0.05793642997741699,0
Q68Y48:Q8W2X8,0.013549533672630787,0
P94029:Q7XR46,0.017275307327508926,0
Q7XWP3:Q5N8F2,0.0216537918895483,0
Q0DJY3:Q10KY3,0.02416164055466652,0
Q7XBS0:Q6I5B3,0.012329714372754097,0
Q0J0G2:Q84J54,0.018115496262907982,0
Q0IP69:Q942P9,0.02858603373169899,0
B9FTR1:Q0JA29,0.09536245465278625,0
Q10NX8:Q3HRP1,0.07189059257507324,0
B5UBC1:Q0DM48,0.012197676114737988,0
Q9AR38:Q2QWZ1,0.11321407556533813,0
Q6YW53:Q7XC51,0.014895972795784473,0
P25776:Q84P94,0.021016115322709084,0
Q851Y9:Q7XVB3,0.013027808628976345,0
P0C470:Q6YYW5,0.012286718003451824,0
Q7XX84:B9F2U5,0.01619819365441799,0
Q7XKC5:Q0JR55,0.012955309823155403,0
Q0ILQ6:Q7XEZ1,0.4232860207557678,0
Q84NJ4:Q8LNI5,0.5688773393630981,0
Q05JG2:Q6Z7W3,0.01724100671708584,0
Q7XUJ5:Q84PB5,0.014810201711952686,0
Q5W6L9:Q4PR53,0.012127053923904896,0
Q9SNQ2:Q84P93,0.02254415862262249,0
Q53RB0:Q6L5D4,0.18653737008571625,0
Q7FAD5:Q69ST6,0.02132612280547619,0
Q6ASR0:B9G4M9,0.0130827771499753,0
Q6MWG9:Q10KX8,0.10153871029615402,0
Q5VRV7:Q0JB88,0.02594595216214657,0
A0A0P0XII1:Q8W3F9,0.0193613450974226,0
Q6Z058:Q0INZ4,0.5551311373710632,0
Q0J3L4:P46466,0.14413347840309143,0
Q69T58:Q75G93,0.5059873461723328,0
Q2R8T2:Q7XSQ9,0.16753415763378143,0
A3BF39:Q5VRL3,0.013991373591125011,0
Q851S7:Q53P09,0.11919313669204712,0
Q0JKD0:Q5QM25,0.012308746576309204,0
Q94FT8:Q5Z7J0,0.2126237452030182,0
Q6AT33:Q338C0,0.11202361434698105,0
Q7XKK6:Q6EPF0,0.9178096055984497,0
O64464:Q75HV0,0.08148202300071716,0
Q9AV50:Q0JD85,0.10596032440662384,0
Q6Z382:Q9FWQ2,0.016601746901869774,0
Q0JG89:Q6EPP9,0.04033399373292923,0
Q6H7U3:Q10EF2,0.014395703561604023,0
Q6ZA74:Q653Z6,0.5215098857879639,0
Q6I544:Q0J6H8,0.014488360844552517,0
Q10S70:Q6Z4N6,0.013620664365589619,0
Q653B6:Q84ZC0,0.03588338568806648,0
Q337A0:Q2QP13,0.013691633939743042,0
Q69UP6:Q6H6C3,0.09822054207324982,0
Q6Z4N4:Q94DM8,0.04193320497870445,0
Q6AT32:Q5CCK1,0.012421151623129845,0
Q7XT40:Q7XUJ5,0.015623948536813259,0
Q9SMB1:Q10E64,0.062294453382492065,0
Q6K1U4:Q67UP9,0.6175536513328552,0
Q10N20:Q10KN4,0.14750269055366516,0
Q84PA0:Q0J716,0.07676030695438385,0
Q5ZEF1:Q6F388,0.5286362767219543,0
Q6L5D4:Q6Z6G6,0.37818607687950134,0
Q6F357:Q5N794,0.018558084964752197,0
P60137:C0LT23,0.012837025336921215,0
Q5VS45:A0A5S6RB44,0.011732958257198334,0
Q2QV94:Q1WM15,0.06223013624548912,0
Q10E61:Q0JGK4,0.0249369777739048,0
P12139:Q75IV7,0.012764856219291687,0
Q84PA0:Q5JJV0,0.018778467550873756,0
P0C325:Q6YS30,0.09861943870782852,0
Q6H628:Q7XIF5,0.019494805485010147,0
Q75LD8:Q0DKY4,0.019757980480790138,0
Q2QZ86:Q0DG05,0.013224134221673012,0
Q3HRP1:Q0JMB2,0.5587981939315796,0
Q2QZF2:Q60GC1,0.013500267639756203,0
Q33E23:Q5Z859,0.5967127680778503,0
Q0JF01:Q2QTY2,0.01402205228805542,0
Q7XT07:Q6H3Y7,0.029793500900268555,0
Q67X40:Q8H0B6,0.017109692096710205,0
Q7F731:Q5ZAY9,0.0510900616645813,0
Q7XQ45:Q5JNA1,0.020874138921499252,0
Q75GB1:Q6K8Z4,0.05229463055729866,0
Q0ING3:Q5JMM1,0.02133921906352043,0
Q6ZJR6:B9FFD3,0.02384762279689312,0
Q6ZIF9:Q5VNN5,0.012744207866489887,0
Q9FXT8:Q5JMR9,0.566260039806366,0
Q6H6M5:Q94E75,0.037777841091156006,0
Q0DBU3:A3BT52,0.16544950008392334,0
Q2QYE1:Q0JHU5,0.02149008773267269,0
G9LZD7:Q7XR00,0.5802406668663025,0
Q6K7B8:P0C328,0.01629580184817314,0
Q2QW53:Q6I628,0.014794871211051941,0
Q0JBZ6:Q8S919,0.4829045236110687,0
Q7XUP7:Q84P84,0.016344301402568817,0
Q69RJ0:Q7XN11,0.014470266178250313,0
P61042:Q6L4L4,0.0124521404504776,0
Q6ZBH6:Q75LU5,0.81658935546875,0
Q7X8D4:Q0D5R3,0.012760157696902752,0
Q6ZLD3:Q2QTY2,0.013040328398346901,0
Q10RE2:Q6K977,0.023038852959871292,0
Q338B9:Q6YXH5,0.8748888373374939,0
Q6Z2J1:Q5W794,0.3266936242580414,0
Q2QTY2:P49397,0.023896662518382072,0
F9W301:B9FXT3,0.08957111090421677,0
Q75IM9:Q7XEY9,0.030760738998651505,0
Q60DX8:Q10GP0,0.013128722086548805,0
Q109G2:Q688J2,0.04979526996612549,0
Q10MI4:Q6K3R5,0.01844012551009655,0
Q7XRX1:Q7XR91,0.029573757201433182,0
Q6K4E7:Q5Z7J0,0.07962832599878311,0
Q5SN75:Q84S18,0.28033971786499023,0
Q7XI41:Q5QNI5,0.055284153670072556,0
Q689G6:Q6H6R9,0.02451908215880394,0
Q84UQ1:Q7XDD0,0.0652049332857132,0
Q5N749:P07728,0.026688724756240845,0
Q7X6B6:P0DH89,0.023194391280412674,0
H6TFZ4:Q2QXR8,0.01314748264849186,0
Q0JCK5:Q7Y183,0.2834016978740692,0
Q0JIF2:Q6K4E7,0.15911580622196198,0
Q7XH05:Q5VMI0,0.021761396899819374,0
Q6F332:Q75G93,0.36180660128593445,0
P0DO03:Q0DVU4,0.012701096013188362,0
P0DKJ9:Q10ED2,0.22351694107055664,0
P0DO09:Q6EP66,0.013722431845963001,0
Q69U54:Q6ESR4,0.015606668777763844,0
Q6ZCZ2:Q0DNU1,0.45455142855644226,0
Q84SC3:Q0E2Q3,0.11547496169805527,0
P0DKK9:Q84Q92,0.8292259573936462,0
Q5N8J1:Q5N8Z0,0.013961381278932095,0
F9W301:Q0DRX6,0.022587774321436882,0
Q7XKV4:Q6Z234,0.01219633687287569,0
O04986:Q5ZC88,0.2974070906639099,0
Q8H569:Q0JP99,0.20272159576416016,0
Q8LIB3:Q6YZE8,0.6082529425621033,0
Q6X4A2:Q0JJ05,0.3809938132762909,0
P0C440:A0A0P0VUY4,0.015129598788917065,0
Q5VRY1:Q6K965,0.018680067732930183,0
Q7XD66:Q10QH1,0.012501249089837074,0
Q0DJ94:Q7G7C7,0.04671024903655052,0
Q5N8J3:Q9SDG8,0.01847742311656475,0
Q6ETL2:Q6K3R5,0.012934979982674122,0
Q8LIY8:Q0JD42,0.017627988010644913,0
Q5JM04:Q6YX89,0.014660844579339027,0
Q6YYZ2:Q5N8Z0,0.2974139451980591,0
Q75GK3:Q6Z1G3,0.012571473605930805,0
Q6YZ99:Q9AWS7,0.08361214399337769,0
Q0D5R3:Q5NAZ9,0.013482259586453438,0
Q84VG1:Q8S985,0.27250561118125916,0
Q6Z8L2:A3BKM2,0.017879778519272804,0
Q7XCG7:Q5VN06,0.013478800654411316,0
Q5ZAY9:Q2QXJ0,0.015062528662383556,0
Q6ZBS8:Q7Y1L9,0.033364538103342056,0
B4XT64:Q6YZM6,0.046579759567976,0
Q10M00:P0C328,0.016410980373620987,0
Q5NBN9:Q0DWG8,0.020668623968958855,0
Q7X7N3:Q53WP9,0.019502509385347366,0
Q75W16:Q7XE48,0.013421100564301014,0
Q94EE9:Q6Z401,0.02550208941102028,0
Q0D5G4:Q0J7U6,0.4200603663921356,0
Q7XEJ5:Q5QM25,0.012539801187813282,0
Q8RYL0:Q8GU83,0.01692943088710308,0
Q2QQS1:Q10CF3,0.7662619948387146,0
Q94LW0:Q852M4,0.013910839334130287,0
Q7F0H8:Q6YWQ2,0.20004677772521973,0
Q94E96:C7J6G6,0.015245887450873852,0
Q10QH1:Q6H6V4,0.3082089424133301,0
Q2QVG9:Q67WE2,0.018355753272771835,0
Q8H2P8:Q6YWR4,0.3724155128002167,0
B9FGV7:Q5Z8Y9,0.01226886548101902,0
Q0E2P1:Q7XUT9,0.0356457494199276,0
Q0J2L7:P31110,0.15426914393901825,0
Q8H569:Q84P83,0.09197433292865753,0
A2ZVG7:A4PBL4,0.018001597374677658,0
Q6I570:O22567,0.012000230140984058,0
Q75GA5:Q5VNJ0,0.11943040043115616,0
Q8RYJ8:Q84ZT0,0.1701807975769043,0
A3AB67:Q5N712,0.015543937683105469,0
Q7XI40:Q851V5,0.014683720655739307,0
Q6ZJU3:Q6K5X1,0.6164644360542297,0
Q7Y0E8:Q94LW4,0.2679152488708496,0
Q0DI31:Q10D34,0.3459412157535553,0
Q6L597:Q5JMR9,0.016874434426426888,0
Q6EUG4:Q67VL7,0.6186270117759705,0
Q67W29:Q7XLY8,0.018374137580394745,0
Q7Y138:Q2QQA3,0.21022121608257294,0
Q0DJR9:Q5Z5A8,0.1244482547044754,0
Q6K3B1:Q338C0,0.02114901877939701,0
Q0DAK7:Q5VQL3,0.01451024692505598,0
Q652J4:Q6L8G1,0.015166522935032845,0
Q6ZIK7:Q653V7,0.015123832039535046,0
Q93XI4:Q9XGP7,0.026832634583115578,0
P0C386:Q852M2,0.08069724589586258,0
Q5Z8Z7:Q9AV81,0.6780335307121277,0
Q94DH3:Q6ZJD3,0.123188816010952,0
Q6L597:B9FMX4,0.011803427711129189,0
P0C322:Q5QNM6,0.32797160744667053,0
B9F2Y7:Q7XT97,0.017641833052039146,0
O22386:Q0DY81,0.015540370717644691,0
Q8H2T0:Q7XIZ1,0.1539405733346939,0
Q69JZ7:P0DKK3,0.033060576766729355,0
Q7EZ57:Q10PZ4,0.042888786643743515,0
Q5Z9J0:Q5N9Q7,0.10312017053365707,0
Q852N6:Q6ETK3,0.8475797772407532,0
Q60E70:Q75IM9,0.01754283905029297,0
B9FM64:Q84PD2,0.015080890618264675,0
P48489:Q5N9N2,0.8248565793037415,0
Q10M41:Q652A8,0.04577815532684326,0
Q0E3C8:Q0ITW7,0.021809624508023262,0
A0A0P0XL10:Q2QYP1,0.015293496660888195,0
Q655X0:P0DKK0,0.2799868583679199,0
Q40687:Q6H805,0.47175589203834534,0
Q6Z6G6:Q2QP86,0.05539805814623833,0
Q0DM51:Q7XFU9,0.016581490635871887,0
Q0J716:Q67VA4,0.07808408886194229,0
Q76BW5:Q10QW8,0.01539496798068285,0
Q6K3E0:Q10PR4,0.31277209520339966,0
P0C334:Q6YZZ6,0.015021688304841518,0
Q8LJU5:Q652U9,0.019606342539191246,0
Q2QWZ1:Q5Z6F0,0.5442894101142883,0
B9G434:Q0DLA3,0.016097242012619972,0
Q6K7R2:Q94LW3,0.7268893122673035,0
Q6F2U9:Q10CE8,0.49863988161087036,0
Q94FT7:Q6Z433,0.05545273423194885,0
Q6H442:Q8H8N3,0.018833709880709648,0
Q7XTV3:Q67VC8,0.07252884656190872,0
Q2QYW1:Q0JEZ8,0.05164432153105736,0
Q7XWS7:Q84J63,0.012393077835440636,0
Q7XSQ5:Q6H676,0.05511825904250145,0
Q0J0G2:Q6MWE5,0.04384027421474457,0
Q10PW9:Q8GVE1,0.06754061579704285,0
Q6H7J3:Q6YZW0,0.5688504576683044,0
Q0DUI1:Q7XT97,0.0366843044757843,0
Q94EE4:Q8GRL4,0.09017125517129898,0
Q7XHN8:Q0DRV6,0.1751488745212555,0
Q75IZ7:Q10E49,0.15151488780975342,0
Q69LE0:Q6ZC69,0.020019588991999626,0
Q5VRY1:Q6Z2W3,0.042481038719415665,0
Q6Z256:Q6YT73,0.168355792760849,0
Q7XPT0:Q6ZKV8,0.021213030442595482,0
Q851C7:Q8RYL0,0.018097257241606712,0
Q0JHZ2:Q336R3,0.05361160263419151,0
Q6ZC69:Q84P62,0.043590132147073746,0
P0C127:Q84NC2,0.9615917205810547,0
A3BT52:Q6H7U3,0.013169780373573303,0
Q2QYW5:Q5N6V0,0.30102404952049255,0
Q10PL5:Q84PC8,0.012300959788262844,0
Q655Y0:Q5Z627,0.0293319970369339,0
A3AVP1:P0C364,0.015705468133091927,0
Q8H7S7:Q10G56,0.02801075018942356,0
Q0JI49:P0CH34,0.5138012766838074,0
Q6YXY2:Q6AVI1,0.524848222732544,0
Q60EN8:P0DKK0,0.038644224405288696,0
B9G193:Q9XE33,0.9451918005943298,0
Q8H569:Q84P79,0.07766367495059967,0
P0C314:Q6Z382,0.029582444578409195,0
Q9AWS0:Q8H021,0.3627420961856842,0
Q941T9:Q10CQ8,0.03308582305908203,0
B9F3B6:Q0JEE2,0.027508189901709557,0
Q5VQ69:Q336P2,0.19455572962760925,0
Q9AUR8:Q653S9,0.03230832889676094,0
Q9S827:Q6AVG6,0.07352401316165924,0
Q8S626:Q5ZDJ6,0.01890646480023861,0
Q0JJ05:P40978,0.014494813978672028,0
Q6YZB2:Q655V4,0.013485297560691833,0
Q7Y1H8:Q8W0W4,0.7958018183708191,0
P37890:Q7F1X5,0.014844424091279507,0
Q0JDC5:Q7EZD5,0.24956193566322327,0
Q0J968:Q942N7,0.01868167147040367,0
Q7XWP1:Q6L589,0.5196153521537781,0
Q69NG5:Q0JMY1,0.02333640120923519,0
Q6K548:Q6H500,0.03658681362867355,0
Q7XUA8:Q8H384,0.029491472989320755,0
Q03200:Q2QUN2,0.014107135124504566,0
Q94LW3:Q0J9J6,0.3798149526119232,0
Q5VP70:Q336R3,0.016628479585051537,0
Q851R5:Q7XPJ0,0.31454095244407654,0
P30287:Q69L19,0.012779506854712963,0
Q10CI8:Q2R374,0.4300346374511719,0
Q7XTH4:Q69T22,0.02031596563756466,0
Q651B6:B1B534,0.48135533928871155,0
P27777:Q6K8Z4,0.019477589055895805,0
P0C325:Q6Z1Y7,0.023646561428904533,0
Q0JBZ6:Q75GE8,0.5796954035758972,0
Q0JFI2:Q6ZCZ2,0.09446040540933609,0
Q6ZDF3:B1B534,0.9404441714286804,0
Q10P01:Q84QM3,0.05572759732604027,0
Q7F0Q2:Q8GU89,0.01398207526654005,0
Q6I5Q6:Q7XZZ3,0.10914840549230576,0
Q0JCC3:P31924,0.045488350093364716,0
Q5Z6X0:Q0J969,0.18320684134960175,0
Q9AXA6:Q94DT9,0.06089406833052635,0
Q75GX9:Q76FS2,0.10823588818311691,0
Q7F1M0:Q10PR4,0.36471471190452576,0
Q10NB9:Q0J185,0.15838365256786346,0
Q6Z351:Q5JN42,0.017039652913808823,0
Q5JKR7:Q69UI2,0.46587926149368286,0
Q6ZF89:Q6Z2G9,0.025130629539489746,0
Q69T94:Q2QP86,0.021809298545122147,0
Q6K3E0:Q6K9C3,0.38357987999916077,0
Q6Z0Q9:O22386,0.04894637688994408,0
Q943E9:Q6ZLA7,0.05088309571146965,0
Q53NR8:Q65WY8,0.12731654942035675,0
Q7G6D7:Q6K9X3,0.3129478394985199,0
Q0DWQ1:Q2R2P7,0.049639422446489334,0
Q7XPY2:P29250,0.021648338064551353,0
Q75WU1:Q8H991,0.05234614014625549,0
Q0J349:Q75KP8,0.015650466084480286,0
Q10MK2:Q6K9A2,0.0183956827968359,0
Q652Z7:Q6VMN7,0.028279965743422508,0
Q69XL1:Q9ZTS1,0.022282322868704796,0
Q653N3:Q7F613,0.02151072397828102,0
Q6ZD89:Q9AWU4,0.044394757598638535,0
Q0DG35:Q69RJ0,0.3098810613155365,0
Q0JHZ2:Q7XLC6,0.01700146496295929,0
Q84Q83:Q2QQS1,0.020211298018693924,0
Q6ESR4:Q5VQY3,0.013648644089698792,0
Q6I576:Q0JFH7,0.01931394636631012,0
Q2QZ80:A2ZX97,0.018598943948745728,0
Q7XTH4:Q6Z6T2,0.01293647289276123,0
Q84PA4:B9FTR1,0.015314260497689247,0
Q5N8F2:Q75GT3,0.08332787454128265,0
Q7XSN8:Q8H063,0.1591579020023346,0
Q7XUJ2:P0C457,0.012577815912663937,0
Q2R3F5:Q7Y180,0.6089622378349304,0
Q2QMW0:Q7XP52,0.048054538667201996,0
Q6K968:Q69QQ6,0.7480340003967285,0
Q7X7V2:Q6Z5M0,0.030359411612153053,0
Q6K3B2:Q69T31,0.08991196751594543,0
C7IZ16:Q7XGU4,0.04942607134580612,0
Q94E75:Q6VMN7,0.013709899969398975,0
Q5KQN0:Q339D2,0.019134830683469772,0
Q0J349:Q6Z2K1,0.013461075723171234,0
Q0DHJ5:Q5N892,0.022433051839470863,0
Q6H7E4:O81277,0.01864594779908657,0
Q69S81:Q9XGP7,0.05386615917086601,0
Q6I621:Q6EU39,0.3869416415691376,0
Q84PB2:Q84T08,0.013061356730759144,0
Q7XAL3:Q6Z715,0.030185014009475708,0
P0DKK6:Q9FE64,0.016667867079377174,0
Q6KAJ8:Q0ILZ7,0.012015159241855145,0
Q7XIV8:Q7XDQ7,0.021929655224084854,0
Q10R47:Q7PC73,0.01749921217560768,0
Q851J9:Q6K991,0.0131168682128191,0
O65037:A3B9A0,0.09648537635803223,0
P29619:Q6I576,0.37051042914390564,0
Q67VR7:Q84P79,0.04087908938527107,0
P27939:Q6K678,0.015614247880876064,0
Q6EUF1:Q6YUB8,0.6559783816337585,0
Q69TG5:Q6ERE5,0.03995169326663017,0
B9FJ61:Q6K9C3,0.07029974460601807,0
Q10SM7:Q6H4N0,0.012260432355105877,0
Q5QMT0:Q656A5,0.013157160952687263,0
Q75H81:Q6K4N0,0.05161270126700401,0
Q2RBR1:Q10A77,0.19356669485569,0
P0C328:Q6H7M3,0.1373887062072754,0
Q10J20:Q69QA6,0.37711724638938904,0
Q5Z653:Q0DKP3,0.013300460763275623,0
A2CIR5:Q5NAT0,0.04979058727622032,0
A3BKM2:Q9SLX0,0.6811227202415466,0
Q8LKW0:Q6K973,0.024355197325348854,0
Q6EQ60:Q2RAV0,0.322648823261261,0
Q53NF7:Q6YWP9,0.14180825650691986,0
Q9LWV3:Q67UX7,0.28272688388824463,0
Q7XGM6:Q7XQ12,0.013890487141907215,0
Q5SMU7:Q2RAV0,0.7646320462226868,0
Q7XUC5:Q69LE0,0.04424199089407921,0
Q0JFI2:Q0E4Q5,0.03188873454928398,0
Q10LF7:Q8S0F0,0.01914123259484768,0
Q65XV8:Q0DLG0,0.01390081923455,0
Q8H4L8:B9G9L9,0.012049006298184395,0
Q5ZE00:P17070,0.052058227360248566,0
Q69RI8:P55857,0.036417264491319656,0
Q6YXH8:Q10AZ7,0.48329588770866394,0
Q2R2Z0:Q653U3,0.061258476227521896,0
Q5JMM1:Q5VN19,0.7303256988525391,0
Q7EZD7:Q5Z6F0,0.4644952416419983,0
Q6Z8F5:Q5VQ09,0.031296610832214355,0
Q8S1D9:Q6H6P0,0.015735942870378494,0
Q9FXM3:Q852K6,0.42871999740600586,0
Q65XV7:Q10NB9,0.3745083510875702,0
H2KWF1:Q6ESJ0,0.019308241084218025,0
Q53N47:Q75KU4,0.5743867754936218,0
P93431:Q6L5F7,0.5330385565757751,0
Q7XSN6:Q850K7,0.01398338284343481,0
Q8H8U5:Q6F388,0.06771382689476013,0
Q10MI9:Q10MW8,0.30289605259895325,0
Q5KQI4:Q5Z980,0.022967765107750893,0
Q67J15:Q7EYP9,0.4169583320617676,0
B9F2Y7:P0C358,0.053160157054662704,0
Q9FTZ2:Q8RZQ8,0.023467401042580605,0
Q0JEF5:Q84YL3,0.09265828132629395,0
Q7XUJ2:Q657G7,0.012018400244414806,0
Q7XSK1:Q9AVE6,0.011855022981762886,0
Q5N794:Q2RBB1,0.012149382382631302,0
Q2QXB2:Q9AWX3,0.018354112282395363,0
Q6Z2T9:Q6YWS8,0.012924780137836933,0
B9FS74:Q60F23,0.07158447802066803,0
P35681:Q8GT06,0.029419610276818275,0
Q0DXZ1:Q2R2W8,0.015656255185604095,0
Q53MB7:Q7XX84,0.03002169169485569,0
B9FUF9:Q656A5,0.025853125378489494,0
Q7XVN7:P62125,0.017255082726478577,0
Q6L4D2:Q7FA29,0.013342349790036678,0
Q8H5D4:Q6ZIU9,0.37810853123664856,0
Q6K972:Q7XRF1,0.02216227725148201,0
Q6ZFU6:Q8H936,0.7319581508636475,0
Q6H601:Q9AXB0,0.013472567312419415,0
Q6YUX0:Q84PB3,0.07665669173002243,0
Q6K973:Q9AVE6,0.011828365735709667,0
Q6L538:Q10GP0,0.019162992015480995,0
Q10SR3:A2ZP58,0.11710365861654282,0
Q67TP9:Q6AUC6,0.08002056926488876,0
Q8S6P9:Q6Y9P5,0.013123390264809132,0
Q6EUH7:Q8GVY2,0.07738500088453293,0
Q69UI8:Q9LIW7,0.014460842125117779,0
Q5ZC83:Q6I544,0.012890498153865337,0
Q0DHF6:Q8GVF9,0.055478740483522415,0
Q69TH8:Q8W3F9,0.013142361305654049,0
Q651D5:Q7XD65,0.45797404646873474,0
Q03200:Q0DY81,0.012160280719399452,0
Q7XHW5:Q8H2X8,0.11244793981313705,0
Q0DC45:Q7XFE1,0.012038062326610088,0
B9F676:Q6ESG1,0.013668568804860115,0
B9X287:Q6F388,0.13004739582538605,0
Q03200:Q7XSN6,0.020208455622196198,0
Q2QQA3:Q6Z965,0.016010219231247902,0
Q0J5F8:Q0IWM5,0.01275702752172947,0
Q65X92:Q6Z964,0.017666442319750786,0
Q2QYL3:Q0ITS8,0.01510212104767561,0
Q69WS3:Q0J8G4,0.046272873878479004,0
Q0JBH9:Q10S55,0.01990686170756817,0
P40393:Q10B63,0.10622270405292511,0
Q6Z955:P17654,0.026879554614424706,0
Q7F0J0:Q2QP53,0.05055276304483414,0
Q336R9:Q7Y0Y6,0.025426004081964493,0
Q5JK52:Q0JEF5,0.06202417612075806,0
Q84P82:Q852F6,0.012095719575881958,0
Q6K5I0:Q0J360,0.05071127414703369,0
Q6Z8C8:Q10LP5,0.12310104817152023,0
Q6Z2Z4:P0C282,0.03377528116106987,0
Q336P2:Q6ZHC8,0.41825753450393677,0
Q69T30:P0C491,0.08098002523183823,0
Q10PL5:Q10AI8,0.013597937300801277,0
Q8RZZ3:P40393,0.5864140391349792,0
Q8W0W3:Q7XXL2,0.2556493282318115,0
Q6Z1Y6:Q69S43,0.4989743232727051,0
Q9XGP7:P92812,0.012625457718968391,0
Q6YYX9:Q6YZA9,0.02583128772675991,0
Q2QMB3:Q6K1Z1,0.49416419863700867,0
Q0D6F4:Q2QP86,0.014042237773537636,0
Q7G737:Q6H658,0.28329548239707947,0
P0C383:Q5NB85,0.013493487611413002,0
Q8LN49:Q9LGB4,0.012892499566078186,0
Q6ZHA3:Q84MS3,0.07475234568119049,0
Q6L482:Q7F1K9,0.14306055009365082,0
Q5Z6G5:Q6K1R5,0.266968697309494,0
Q9SDG8:Q8H3E5,0.018664466217160225,0
Q2R9D2:Q67UW5,0.08412589132785797,0
Q10LI1:Q2QR54,0.015707215294241905,0
Q6YZE2:Q7XQN4,0.016505960375070572,0
Q10JI3:Q7XPR4,0.01582765392959118,0
Q7XL73:A3A8W2,0.0473974347114563,0
Q65XK7:Q6YZ97,0.16053663194179535,0
Q2QM77:Q10M41,0.4460360109806061,0
Q0JCT1:Q84P65,0.08326232433319092,0
Q7XAP4:Q5TKG3,0.028276557102799416,0
Q7XSK1:Q5QNA6,0.012409411370754242,0
Q8H038:Q6EUG4,0.02898751012980938,0
Q6K5P9:O64464,0.02836785279214382,0
Q6H4G3:Q6YZA9,0.038657963275909424,0
Q9LD07:Q7GCM7,0.012196368537843227,0
Q339D2:Q75KA9,0.019687118008732796,0
Q8S1Z0:Q84NC2,0.1581684798002243,0
Q10SX7:Q2QWZ1,0.059987153857946396,0
Q0JLS6:Q2KNB7,0.019864020869135857,0
Q0JDC6:Q6ZBH9,0.014445753768086433,0
Q651A1:Q75M08,0.07527697086334229,0
Q5SMQ0:P12212,0.011820679530501366,0
Q9FWU1:Q852M0,0.01222298201173544,0
Q5N6V0:Q10CE4,0.0199366994202137,0
Q0E0A6:Q7XAP4,0.436138391494751,0
Q6Z6T2:Q75HQ0,0.018460867926478386,0
Q0DB53:Q7PC76,0.1240774616599083,0
Q7EY72:Q7XVA8,0.05424152687191963,0
O82143:Q0DGP6,0.4688448905944824,0
Q6H7U3:Q2QZF1,0.011629318818449974,0
Q6KAE5:Q8W0H5,0.07856088876724243,0
Q69TI2:Q84PD0,0.02401512674987316,0
Q6K8S1:Q67UU0,0.3214820325374603,0
Q6ZG77:P0C5C9,0.07048474252223969,0
Q653T6:Q6Z6K9,0.15564458072185516,0
Q6VAK3:Q688R3,0.7664358019828796,0
Q7XEZ6:Q8S0F0,0.09410097450017929,0
Q10L91:Q10LR9,0.017802787944674492,0
P0C522:Q7XTV3,0.030070483684539795,0
Q10PP8:Q338P6,0.01306480448693037,0
Q84P89:Q7XAQ6,0.07028088718652725,0
Q9LGH4:Q10EF5,0.1789652556180954,0
Q53WJ1:Q9ZQW8,0.11870306730270386,0
C0LT23:Q5CCK3,0.014690697193145752,0
Q10SU5:Q5NB83,0.06154092773795128,0
Q7G6Z5:Q94JJ7,0.013512888923287392,0
Q5JMR9:Q0J9W0,0.42930862307548523,0
P42863:Q8H329,0.028701504692435265,0
Q9FWQ2:Q6Z6S1,0.020259955897927284,0
Q9AYE4:P92812,0.12700079381465912,0
B8AN76:Q2RAX3,0.5946151614189148,0
P12194:Q6YU05,0.015559141524136066,0
Q0DIV0:Q69VG1,0.05903775617480278,0
Q7EZR4:Q0ITW7,0.01319623738527298,0
Q0JLS6:Q8W2X8,0.012598923407495022,0
Q8S7E1:Q6AV34,0.021852845326066017,0
Q06398:Q0IZQ3,0.024112330749630928,0
Q5N870:Q53RJ5,0.15860910713672638,0
Q2QLY4:Q5Z9P8,0.015367415733635426,0
Q7G794:Q7XQA6,0.6288608908653259,0
Q67UX7:P49100,0.3068501651287079,0
Q6K991:Q6ZHS4,0.013292736373841763,0
Q0E2Z7:Q9AV57,0.03794465959072113,0
Q9AS75:Q6H468,0.5852791666984558,0
Q6Z955:Q9XGY5,0.02769411914050579,0
Q6H6Q7:Q10S67,0.1615942269563675,0
Q84VK7:Q6KAJ4,0.013402345590293407,0
A3BLC3:Q9FNU2,0.10611311346292496,0
Q69L87:Q0JEF7,0.019210506230592728,0
Q7XP01:Q7XUW5,0.24360595643520355,0
Q339M6:O23877,0.01640251837670803,0
Q75HQ0:Q7XSA2,0.20768192410469055,0
Q75LI2:Q5WA72,0.015130189247429371,0
Q84VG1:Q6Z348,0.36596056818962097,0
Q7F757:A3C053,0.01227919477969408,0
C7J4U3:Q60EY1,0.013196179643273354,0
Q7XQ45:Q2QXB2,0.055772509425878525,0
Q2RB31:Q0J0N4,0.012735220603644848,0
Q8H5N9:Q851W4,0.08619017153978348,0
Q6Z2T6:Q75IR6,0.015314427204430103,0
Q5ZD36:Q84PB6,0.015572542324662209,0
Q0JP62:Q0DA21,0.014043654315173626,0
Q2QYW5:Q2R1U4,0.028293654322624207,0
Q69K55:Q0DJS1,0.020496556535363197,0
Q6Z7L3:Q8W0K2,0.027219688519835472,0
Q5JKN1:Q69VD9,0.6081317067146301,0
Q53JF7:P35686,0.015766192227602005,0
Q0J952:Q10ST8,0.012571148574352264,0
Q0DRV6:Q0JLE4,0.06567730009555817,0
A3C5A7:Q67UU0,0.012109057977795601,0
B7E7M8:Q8S1X7,0.01371237076818943,0
Q652Q0:Q93VD5,0.021216144785284996,0
Q941T1:Q2QM59,0.17078515887260437,0
Q5Z5C9:Q94HF1,0.03957880288362503,0
Q8SAY0:A2ZNT5,0.014684866182506084,0
Q5SNN4:Q4PR39,0.01606339029967785,0
P0C494:Q60GC1,0.01753034070134163,0
Q2QUN2:Q6K9U2,0.05535287782549858,0
Q2QQS5:Q10MN6,0.39782336354255676,0
P0C130:B7F7K7,0.014171089045703411,0
Q852M1:Q6K3D8,0.015105289407074451,0
Q8H5T6:Q9AUR3,0.013562798500061035,0
A6N077:Q8H594,0.14048287272453308,0
Q0ITS8:Q8S919,0.37253475189208984,0
P42211:I6PL68,0.05181087926030159,0
Q10PQ9:A2ZX97,0.23468127846717834,0
Q0J9V3:Q8H398,0.23605994880199432,0
Q7EXZ2:Q84YJ9,0.012848660349845886,0
Q5VRV7:P0C5D6,0.3242548406124115,0
H2KWF1:Q5K5B6,0.03909476473927498,0
Q2QP53:Q5JK52,0.014493010006844997,0
Q7Y001:Q94JF2,0.0136286411434412,0
Q69KL9:Q6L5I5,0.233078271150589,0
Q2QYM3:Q5Z9S8,0.5246758460998535,0
Q7XNS7:Q6Z5M0,0.3459184169769287,0
Q10D38:Q5JK90,0.051752448081970215,0
Q67VD7:Q336T5,0.011621084064245224,0
Q7XRU4:Q2RB59,0.26062026619911194,0
Q84KJ3:Q2QNE8,0.014477172866463661,0
Q8S9Z2:P0C5D6,0.3794901967048645,0
Q0DKY4:P0DO09,0.014060038141906261,0
Q75HX5:Q5ZCD9,0.41774749755859375,0
Q94DM8:Q84VG0,0.4037122428417206,0
Q7F731:Q9XGX7,0.03815880045294762,0
Q6ZA50:Q6ETK9,0.050304628908634186,0
Q6Z8B9:Q6AUW3,0.1472245305776596,0
P30287:P0C127,0.09477468580007553,0
Q0JBH9:Q84P99,0.013677231036126614,0
Q42980:Q0IMV4,0.013360683806240559,0
Q2QXM3:Q652A1,0.24789373576641083,0
P46520:Q654D9,0.012452010996639729,0
Q84P94:Q6ZG77,0.020414598286151886,0
Q5K5B6:Q84PD9,0.03043322078883648,0
Q7Y0Y6:Q6YSF3,0.5229260325431824,0
Q6L4N4:Q65XL5,0.17772223055362701,0
Q6YW54:Q2QM59,0.03709535673260689,0
Q10MN8:Q0DHC4,0.08065026998519897,0
Q7Y0D4:Q7FAZ3,0.013958974741399288,0
Q10P01:Q6VAK3,0.19474637508392334,0
Q948L0:Q9FDX8,0.020983869209885597,0
Q84TX2:Q5VN06,0.06399188935756683,0
Q653B6:Q0JKZ0,0.012662366032600403,0
A2CIR7:Q6Q9H6,0.9121947288513184,0
Q6ATR0:Q0J0A4,0.018764574080705643,0
Q6ZBP3:Q84P83,0.019845252856612206,0
Q75KV9:Q6EU14,0.36789587140083313,0
Q4PR42:Q7X7E9,0.01194846536964178,0
Q75HZ9:Q10JL1,0.018433112651109695,0
Q688J2:Q7G6Z2,0.013141539879143238,0
Q6AVD0:Q10GP0,0.012484882958233356,0
B9X287:Q6AWY7,0.13114586472511292,0
Q851M9:Q2RAP3,0.09901990741491318,0
Q6L5G1:Q6YXH5,0.7728095054626465,0
P14323:Q336R9,0.012944966554641724,0
Q5Z8Y4:Q84P68,0.020266501232981682,0
Q84M43:Q60GC1,0.0345897302031517,0
Q6AWY3:A3ABE1,0.021625179797410965,0
A3BMZ5:B9FJG3,0.013710642233490944,0
Q75IQ4:Q7XD99,0.01663537696003914,0
Q6ZA06:P0C579,0.013071690686047077,0
Q6YZZ7:Q5N855,0.014686064794659615,0
Q7XUS2:Q6Z0I4,0.014720970764756203,0
Q658G7:Q5QNI1,0.2161487340927124,0
P0DO08:Q7XSN6,0.013469993136823177,0
Q6ZCF0:Q655X0,0.02996976487338543,0
Q6I5Y0:Q6ZIK5,0.5154171586036682,0
Q7XTB2:Q651U1,0.039340633898973465,0
Q0JBP5:Q2QN26,0.409210205078125,0
Q60EN8:Q10S44,0.015128090977668762,0
Q7XMK1:Q6YV04,0.046693719923496246,0
Q0E4A8:Q67VR7,0.19463489949703217,0
Q84QA7:Q2QM17,0.1649741381406784,0
Q0E342:Q94E75,0.11183692514896393,0
Q6L5B1:Q6H7U3,0.013103119097650051,0
P28752:Q6K669,0.16052153706550598,0
Q5QNI1:B6DMK2,0.020997926592826843,0
Q6ZJD3:Q2QY07,0.04996399208903313,0
Q67WQ7:Q5JNC0,0.015477627515792847,0
Q851S2:Q84ZD2,0.011916415765881538,0
Q6Z234:Q6K215,0.1517850011587143,0
Q69NK8:Q6K833,0.0904371365904808,0
Q8H859:P0C2Z0,0.013474932871758938,0
P51823:Q10S93,0.05011070892214775,0
Q5Z653:Q94IW5,0.015138926915824413,0
Q9ST27:A3B6V0,0.7500562071800232,0
Q94J16:A3C053,0.015052762813866138,0
Q7XW27:Q8H7U8,0.13509030640125275,0
Q9FUD1:Q6Z7V3,0.2761436402797699,0
Q8S6P9:Q7XPM8,0.04418046027421951,0
Q6H668:Q10PZ4,0.05258553847670555,0
Q94EE9:Q60E60,0.09154335409402847,0
Q7XBR2:Q6H468,0.28675007820129395,0
Q53MD1:Q6K9T0,0.14797653257846832,0
Q5JME8:Q65XK7,0.41569405794143677,0
Q8H3A7:Q3HRP1,0.2671376168727875,0
Q2RBS4:Q2R2W2,0.8747920989990234,0
P0C0L0:Q0E0H1,0.05841076001524925,0
Q84P89:Q7XPM8,0.07403290271759033,0
Q7X742:Q75HQ3,0.013991988264024258,0
Q2QVI1:Q5VS45,0.022994352504611015,0
A3C5A7:Q0J059,0.011659556068480015,0
Q43009:Q6YK44,0.01382444053888321,0
Q65WT0:Q94JF2,0.012250722385942936,0
P0C494:Q0DWQ7,0.012903806753456593,0
Q69KP0:Q10MQ2,0.012879614718258381,0
O49068:Q0DKP4,0.15076550841331482,0
Q6YWK8:Q8LHP0,0.014861121773719788,0
Q2QM69:Q84QA7,0.012299430556595325,0
Q10MI0:Q6ES52,0.020689304918050766,0
Q7XS69:P41095,0.049913253635168076,0
A1A697:Q6L5B5,0.02069959044456482,0
Q8H2V6:Q0JQ97,0.31353047490119934,0
Q5VS72:Q7XUK4,0.013171078637242317,0
Q2QS14:Q10C73,0.14766021072864532,0
Q8GU89:Q7GCM7,0.01609157584607601,0
Q7XRS1:Q946J4,0.013989657163619995,0
Q84M47:Q6K3E0,0.018067581579089165,0
Q7XMK8:Q8H569,0.3749518096446991,0
A1L4T4:Q2QQA3,0.03404626622796059,0
Q10LG8:Q65X71,0.016332007944583893,0
Q10B79:Q69TF4,0.11894503980875015,0
Q8LQ36:Q7XI14,0.04475276917219162,0
Q0D6M1:Q7G7C7,0.012869453988969326,0
Q8S1X7:Q7XHW5,0.017038289457559586,0
Q6K4T4:Q10CH5,0.10677605867385864,0
P0C370:Q2QN30,0.042872846126556396,0
Q0JMY8:Q53PN2,0.09156086295843124,0
P12173:Q2QUS0,0.011754905804991722,0
Q6K9T0:Q0J6H8,0.016463279724121094,0
P12331:Q84PA0,0.034525398164987564,0
Q5N6V8:Q8LH03,0.181017205119133,0
Q8RZX9:Q7XIT1,0.3830985724925995,0
Q0E459:Q5QNM6,0.9618756175041199,0
Q10RX7:Q9M4X7,0.012956651858985424,0
Q10ED2:Q651E8,0.9434386491775513,0
Q7XVM8:Q2QXM3,0.013964823447167873,0
Q0JMH0:Q6K908,0.4162018895149231,0
Q8L4E7:P0DO01,0.02219821885228157,0
Q2R073:Q0JEP3,0.01687798462808132,0
Q7XWP1:Q0IZZ8,0.021697355434298515,0
Q5SN75:Q8L5K0,0.35999950766563416,0
Q2R2W1:Q943K1,0.061162907630205154,0
Q7XI45:Q2R4Z5,0.01196995098143816,0
Q2R0D2:Q10AI8,0.012013501487672329,0
Q0DBW8:Q0D7E4,0.014089660719037056,0
Q7XI40:Q6Z2J3,0.03842423856258392,0
A3AWA4:Q8H8V7,0.06645655632019043,0
Q84R36:Q53WJ1,0.09625980257987976,0
Q8W3E8:A3BT52,0.013304635882377625,0
Q2QYW5:Q9ASI1,0.023252928629517555,0
P20698:Q84P95,0.012990275397896767,0
Q94DH3:A3BMZ5,0.015814265236258507,0
Q9LDN2:Q8LNN8,0.0649765133857727,0
Q40637:Q84T94,0.015488103032112122,0
Q6AVG6:Q69T21,0.10504201799631119,0
Q5JM57:Q6H543,0.01938546635210514,0
Q7Y0Y8:Q84PA2,0.018338967114686966,0
Q84PB5:Q5N9Q7,0.015289649367332458,0
Q9AY63:Q10M18,0.029919683933258057,0
Q60DY1:Q7XUC5,0.013642984442412853,0
Q10CT5:Q0JJZ6,0.020871274173259735,0
Q69XM7:Q7G8Y3,0.5162283182144165,0
P12194:Q7XRX3,0.020182520151138306,0
Q9XHY7:Q8GVH7,0.0251461211591959,0
Q6VBA4:A3CG83,0.01286825817078352,0
Q6YZM6:Q6K478,0.013412497006356716,0
Q06398:Q6ZHE5,0.015363615937530994,0
P0DO10:Q0IUB5,0.01416065450757742,0
Q69T99:Q60DW3,0.05532843992114067,0
Q6PS57:Q8LN25,0.5824931263923645,0
Q6ZJ05:Q941T9,0.13116207718849182,0
Q0IY07:Q6I5B3,0.014348459430038929,0
Q5ZBH5:Q7XL73,0.020763598382472992,0
Q6ZLK0:Q8H339,0.03337331488728523,0
Q6Z232:Q84J50,0.02940942347049713,0
Q0DKP4:Q5Z676,0.5759066939353943,0
Q6ZKL8:Q0DA50,0.49149295687675476,0
Q6H3Z3:Q651X7,0.012197392992675304,0
Q6H4L9:Q8LQM5,0.019025493413209915,0
Q10S70:Q9FXM3,0.05443465709686279,0
Q8H4S6:Q10PL5,0.10139518976211548,0
Q8S6P9:Q7XPZ4,0.011995553970336914,0
Q8S059:Q10Q47,0.015028424561023712,0
Q7XRH8:P0C340,0.013117089867591858,0
Q2R0J4:Q0JIC2,0.11413639783859253,0
Q5W7C6:Q0INW1,0.02009653113782406,0
Q7G3T8:B9G434,0.01310027576982975,0
Q8H507:Q69SG5,0.017878441140055656,0
Q5W6B9:Q6ZI50,0.012964176945388317,0
Q10B63:Q84MS4,0.014874245040118694,0
Q0J361:P0DKK7,0.02748247981071472,0
Q69VE0:Q2QXB3,0.6191908121109009,0
Q6ZLP5:Q851J8,0.3607175052165985,0
Q9XG81:A9UGV6,0.011644559912383556,0
Q0E459:Q75LD5,0.05070507153868675,0
Q6ERW5:Q0JB89,0.07555800676345825,0
O81277:Q10RK1,0.011628205887973309,0
B8YEK4:Q67VU7,0.012534329667687416,0
A3A463:Q7XKR9,0.06316700577735901,0
A3BT52:Q655X0,0.09399476647377014,0
P0DH88:Q6YPG5,0.01866767182946205,0
Q9XG80:Q2QYR5,0.012332888320088387,0
Q6K687:B9FI63,0.03035459853708744,0
Q10B19:Q10I20,0.013266133144497871,0
A3C4S4:Q10R54,0.0281024482101202,0
Q8LR50:Q6BDZ9,0.030911950394511223,0
Q5Z7J0:Q0J8A4,0.256674587726593,0
Q0JQF7:Q9SMB1,0.0362616591155529,0
P14655:Q10MQ2,0.012627067975699902,0
Q6Z1Y7:Q0JNI9,0.021077653393149376,0
Q84QM3:Q7XEK4,0.01632087305188179,0
P35687:Q6L5E5,0.22524051368236542,0
O04226:Q6ERS4,0.6221661567687988,0
Q84ZM7:Q8H021,0.03187301382422447,0
Q5N8J1:Q7XBY6,0.03498007729649544,0
Q689G6:Q2R073,0.2107948362827301,0
Q6Z784:Q7XSN9,0.030874377116560936,0
Q69U54:A2CIR5,0.03877123072743416,0
Q6ZKL8:Q7XQT2,0.08583629876375198,0
Q53LY0:Q7G8Y5,0.26563096046447754,0
Q6Z517:B9FI63,0.028294825926423073,0
Q7XSS9:Q7XBS0,0.04575726017355919,0
Q8S7W0:Q0IQJ7,0.012487818486988544,0
Q40704:Q0J1C1,0.11841695755720139,0
Q0JHF8:X5HYT8,0.026587262749671936,0
Q2QLV9:Q338Z7,0.0933174416422844,0
B9FJH4:Q0D8I9,0.012881261296570301,0
A3B6V0:Q6H500,0.9613628387451172,0
Q7XKE9:P31674,0.05434878543019295,0
B9GAG9:B9F6Z0,0.050297029316425323,0
O64464:Q8LQX2,0.02622467279434204,0
Q0D598:Q2QXJ0,0.02430742047727108,0
Q2QY04:Q10GM3,0.19456572830677032,0
Q5Z8Z7:Q5QNA6,0.14327482879161835,0
Q5W6M3:Q6Z0Q9,0.028795523568987846,0
Q5ZAQ2:Q942F8,0.050258904695510864,0
Q0DKN3:Q6YYC0,0.01594124175608158,0
A3AVH5:Q65X70,0.023644326254725456,0
Q6ZBZ2:Q6H4V8,0.013018647208809853,0
Q688R3:Q6YXH8,0.8393248915672302,0
Q69VD5:Q0IQA5,0.037237998098134995,0
Q69T21:Q0JEF7,0.08712945133447647,0
Q6L4L4:Q08479,0.1300453245639801,0
Q9XJ61:Q6IVC2,0.959071159362793,0
Q6AV22:Q5W676,0.047119420021772385,0
Q8LQH4:Q6ZLP5,0.5697363615036011,0
Q8GRL4:Q8S2A7,0.04160355404019356,0
A0A0P0WY03:Q0J6N4,0.020930012688040733,0
Q10KN8:B7F6S9,0.1479591429233551,0
P07730:Q5JKB0,0.03879084810614586,0
Q6ZHE5:Q7XSS9,0.03039606846868992,0
Q69RI8:Q9FYP9,0.017180675640702248,0
Q43011:Q6YXZ1,0.024996472522616386,0
Q0JNI9:Q7XEZ1,0.969831645488739,0
Q37066:Q0JNL3,0.01452360488474369,0
Q7F8U7:P0C494,0.012706451117992401,0
Q5JK32:A1A697,0.01416461355984211,0
Q7XIM0:Q2RAP0,0.2798602283000946,0
Q5JME8:Q6Z8P4,0.1334148496389389,0
Q0JA82:Q10NQ3,0.04458562284708023,0
Q69T51:P0C515,0.012019003741443157,0
Q6ZA74:Q6AU90,0.68349689245224,0
Q2R8L1:Q0DG05,0.012061433866620064,0
Q6ZH94:C7AU21,0.01203116588294506,0
Q851S7:Q75K32,0.37426018714904785,0
Q8H7Y8:Q0JMY1,0.05081578716635704,0
Q6Z3A3:Q7X8H9,0.013246575370430946,0
Q651X7:Q4PR49,0.011880079284310341,0
Q8GVP6:Q10PR4,0.04067292436957359,0
Q6Z6K4:Q5N8Z0,0.01650681532919407,0
Q8RYJ8:P0C1U5,0.07129895687103271,0
Q2RAC5:Q6ATB2,0.3135879933834076,0
Q0JPT5:Q7F0R1,0.19093917310237885,0
Q5VPE3:A3AWA4,0.03524647653102875,0
Q943F3:Q10MN5,0.024253230541944504,0
A3BV82:Q2QW44,0.05341413617134094,0
Q7XQQ2:Q7XLR1,0.3391711413860321,0
Q7XU31:Q67X45,0.26781219244003296,0
Q851S2:Q0JDC5,0.012694320641458035,0
Q2R222:Q8H859,0.014728911221027374,0
Q0JM17:Q0JJZ6,0.06454585492610931,0
Q9AWX3:Q0JGZ6,0.050785135477781296,0
B6RRX3:Q6ZL17,0.013238117098808289,0
Q653N3:Q2QY04,0.11112730950117111,0
Q9XGY5:Q0JPA4,0.13990192115306854,0
Q5W770:Q10F03,0.0763869658112526,0
Q6H5X0:O81263,0.011968763545155525,0
Q6Z3Y6:Q657C0,0.0572553388774395,0
Q2QW44:Q2R3A1,0.02165420539677143,0
Q69VG1:Q8GSL4,0.8266782760620117,0
O81277:Q84P59,0.011986562982201576,0
Q5JKR7:Q69NF5,0.06443224102258682,0
Q2QYD2:Q5QN13,0.016069320961833,0
Q5VQK9:Q69XV0,0.014138991013169289,0
Q6H3Z6:O64937,0.018338626250624657,0
Q7X923:Q75LX7,0.11995772272348404,0
Q5JK39:Q6AWY6,0.02240908518433571,0
Q69W36:Q6ZHE5,0.026151949539780617,0
Q5Z6A4:A2ZP58,0.36217817664146423,0
Q0ILZ7:Q9AV28,0.015802372246980667,0
Q6K2T1:Q6ZCZ2,0.10218477249145508,0
Q5ZAJ0:Q5Z5C9,0.01760297641158104,0
Q6YZA1:Q5Z974,0.029436687007546425,0
Q10LI1:Q10SX7,0.018469834700226784,0
Q0J6P7:Q94LW0,0.02246878109872341,0
Q8RZZ3:Q4PNY1,0.02766968309879303,0
Q69JW2:Q65WW7,0.15232114493846893,0
Q84P97:Q2QWE9,0.02276335097849369,0
Q5ZAJ0:Q2QYU7,0.02557106874883175,0
Q67UF5:Q10K98,0.02215389907360077,0
Q6K7V6:Q0J0K1,0.025917664170265198,0
Q84PD3:Q7X7K8,0.05578121170401573,0
Q6Z8C8:Q6AWY8,0.3121645152568817,0
Q42997:Q2QRN7,0.012475939467549324,0
Q6H4M2:Q6H7J4,0.02089322917163372,0
Q6H711:A6N077,0.0318608395755291,0
Q6ZL81:Q8W0W3,0.19813628494739532,0
Q0J1C1:Q7XSK1,0.012268233112990856,0
Q6ZIB5:Q653U3,0.04496515169739723,0
Q2QNU0:Q6H4M2,0.028967468068003654,0
Q5MBR6:Q6EU30,0.0924939215183258,0
Q6AST1:Q9AYT5,0.20981469750404358,0
Q10MI4:Q6Z058,0.11429040879011154,0
Q10P60:P0C337,0.03224555775523186,0
Q7XT40:Q0DWT8,0.013114290311932564,0
A3C5A7:Q2QLY5,0.012759012170135975,0
Q60EX7:Q6L4R7,0.572246789932251,0
Q69QZ0:Q10MW6,0.030441850423812866,0
B9G300:Q0E4A8,0.01863516867160797,0
Q75M35:Q8H4H5,0.01294545829296112,0
Q69JW2:Q5SMY5,0.4357883036136627,0
Q7XBA5:Q8H443,0.4728696048259735,0
Q7XSR9:Q2RBF0,0.1862470954656601,0
Q9LGL5:P46465,0.23896299302577972,0
Q53JI9:Q8S7W1,0.2906716763973236,0
Q6ESR4:Q7G4G7,0.0138511061668396,0
Q6Z6L4:Q75GM1,0.27766457200050354,0
Q8H8V7:Q8VXB5,0.023825539276003838,0
Q7XRB5:Q7G4G7,0.015146496705710888,0
Q0DHB7:Q6YZ97,0.012556657195091248,0
Q6Z1I5:Q6K1Z6,0.545491635799408,0
Q0JF01:Q84TB6,0.013946755789220333,0
Q10EJ2:Q7F8R0,0.013886150903999805,0
Q0JDM4:Q6YUE5,0.023321595042943954,0
Q4PR49:Q2QYP1,0.017643878236413002,0
Q652Q1:B8YEK4,0.018755177035927773,0
Q7XT42:Q84PW3,0.01829962246119976,0
B6DMK2:B7F8P5,0.0161201823502779,0
Q2KNB7:Q60EW9,0.01679457165300846,0
Q69T99:Q6I544,0.029203815385699272,0
Q852M0:Q7XV13,0.05186852440237999,0
Q6ZD95:Q84T65,0.2140018492937088,0
Q7XR61:Q7XK25,0.4876693785190582,0
Q5Z9E5:Q10S82,0.0767858549952507,0
Q84YL3:P48494,0.04848702624440193,0
Q69SG5:Q2V0P1,0.025601644068956375,0
Q42971:Q0JG89,0.024586474522948265,0
P12189:Q53KK6,0.013677023351192474,0
Q6ZDJ7:Q6AU53,0.019368832930922508,0
Q6AU90:Q5JN07,0.1798747032880783,0
Q0JG75:Q69PA8,0.016550591215491295,0
Q2QYR1:Q9LL45,0.01927482895553112,0
Q0JMH0:Q0DTM7,0.0626731887459755,0
Q6YZA6:Q7XU74,0.012666190974414349,0
Q0DEC8:Q33E23,0.017944885417819023,0
Q10QF2:Q6ZJX0,0.3782004415988922,0
Q6ETQ7:Q0J0B2,0.012650638818740845,0
Q6K739:Q7XFK2,0.012025915086269379,0
Q8H2V6:Q0INC5,0.3157745897769928,0
Q10F03:Q6ATV4,0.012762066908180714,0
Q5VM82:Q94E96,0.6990668177604675,0
Q942J6:Q9SXG8,0.04612278938293457,0
Q6AUQ7:Q9AQU1,0.029344409704208374,0
Q6K8X6:O82143,0.47186633944511414,0
Q2QSB9:Q5ZC83,0.012781882658600807,0
Q9AYT5:Q75LV5,0.07256101816892624,0
Q2R4Z7:Q60EQ4,0.07456095516681671,0
Q75HE5:Q10MR5,0.032411154359579086,0
Q0JF21:Q9AUR3,0.017398066818714142,0
O64464:Q9AUR3,0.022375648841261864,0
Q2V0P1:Q2R2W1,0.5336289405822754,0
Q10T43:B9EUM5,0.018986498937010765,0
Q5VRZ6:Q10N79,0.024631399661302567,0
Q7XKC0:Q7XQQ2,0.08124613761901855,0
Q6K5Q1:Q69IL4,0.3574851453304291,0
P0DKG9:Q10PW9,0.16591660678386688,0
Q7XVA8:Q0IQN6,0.07735326141119003,0
Q69TF4:Q8LI30,0.013211952522397041,0
Q2QTL0:P0C2Z0,0.012254606001079082,0
Q851W1:P49030,0.0620729885995388,0
Q7XJ39:Q0D8D4,0.03305904194712639,0
Q5N9Q7:Q0D541,0.040141940116882324,0
Q6K209:Q0JF21,0.011872145347297192,0
P0DKK3:F9W301,0.1930050253868103,0
A3AWA4:Q7FAD5,0.01573723740875721,0
Q6YZF3:Q69T31,0.02075199969112873,0
Q9AV57:Q2R4Z8,0.013117047958076,0
Q7XFK2:Q7XBS0,0.01341085135936737,0
Q6H874:Q6K669,0.040099840611219406,0
Q6Z2G9:Q9XEA8,0.03747310861945152,0
Q6Z6S1:G9LZD7,0.28650903701782227,0
P45960:Q2QQA3,0.177604079246521,0
Q688U3:Q64M78,0.44677335023880005,0
Q36996:Q0IY07,0.012445850297808647,0
Q5Z627:Q75KU4,0.4889180362224579,0
A0A0P0X0C0:Q6L589,0.7320908904075623,0
Q5VS55:Q5Z5I4,0.9566691517829895,0
Q6YUB8:Q67TP9,0.5075262188911438,0
Q84QY3:Q7XQ88,0.019156605005264282,0
Q10LZ9:A2ZVY5,0.7156840562820435,0
P0C2Z6:Q5VRV7,0.086814746260643,0
Q9ST27:A2ZNT5,0.18060125410556793,0
Q6H7U2:Q6ZLA3,0.04509572312235832,0
Q8RUN1:Q7XHX9,0.013388002291321754,0
Q7XW88:B9EYZ1,0.013196027837693691,0
Q5VNN5:Q69W36,0.035410940647125244,0
Q60DX8:Q6L4H4,0.02920958213508129,0
Q6YXZ4:Q2R224,0.08035372942686081,0
Q6ZH85:Q9AYT5,0.06468962877988815,0
Q8GVZ8:Q2RAK2,0.014682377688586712,0
Q0J0G2:Q0JQ12,0.013141891919076443,0
P0C370:A3A9H6,0.053829845041036606,0
Q10M74:Q9LI00,0.029973909258842468,0
Q7XGU4:Q75HQ0,0.29474782943725586,0
Q7XN54:Q7DNA1,0.01602121628820896,0
Q6AUQ7:Q6VMN7,0.014332461170852184,0
Q6ZAG3:Q6EU39,0.670252799987793,0
I6PL68:Q5ZA21,0.551671028137207,0
P0C129:Q84Z01,0.025775698944926262,0
Q64M78:Q8H5X5,0.013404563069343567,0
A3BNA1:Q8H4S4,0.1761099100112915,0
Q06398:Q6H8D5,0.31304582953453064,0
B9F2L1:Q2QZ01,0.1013142392039299,0
Q7XXN4:Q65WV2,0.01668938808143139,0
Q8GRL4:Q109G2,0.741219699382782,0
Q337B8:P0DKK0,0.154442697763443,0
Q2QLW3:P0C130,0.3446681499481201,0
Q8LNU5:Q53N90,0.014662573114037514,0
Q688Q9:Q6Z6K4,0.013724016025662422,0
Q688T8:Q5SMQ9,0.022416796535253525,0
Q94DT9:Q9FXT8,0.18523529171943665,0
Q9LL45:Q0IMG9,0.046683307737112045,0
Q6K4T4:P0C0X5,0.020335420966148376,0
Q336P5:Q851K0,0.10076675564050674,0
Q9AQU1:Q6ZEZ5,0.38778063654899597,0
Q9LST9:Q9AV39,0.01853305660188198,0
Q652N5:Q943Q3,0.04819916561245918,0
P0DKK9:Q10R54,0.03965678811073303,0
Q4PR51:Q9LD61,0.01221455354243517,0
Q0D3F2:Q93VD5,0.043921854346990585,0
Q5VNU3:Q8H6G9,0.0275524090975523,0
Q65XK1:P0C128,0.9570919871330261,0
Q5W794:Q8LSQ2,0.10422325134277344,0
Q7X745:Q75LL2,0.08919572830200195,0
Q7XVM8:Q8S1X9,0.014676702208817005,0
Q7XPU9:P37832,0.04315835237503052,0
Q5Z974:Q10SM2,0.1306792050600052,0
Q0D9V6:Q6AU07,0.2148735523223877,0
P0C386:Q7XR83,0.036023225635290146,0
B9G2C8:Q6Z1Z3,0.2735702395439148,0
Q8W2X8:Q5Z5I4,0.02671339176595211,0
Q9AV49:Q9AV28,0.6483029723167419,0
Q84YJ9:Q7XNX6,0.012237456627190113,0
Q109L7:O80416,0.05326998978853226,0
Q75IQ4:Q6ZFT5,0.04752723500132561,0
A3ANB5:Q9XHY7,0.061876989901065826,0
Q0DM51:Q6I5B3,0.013615650124847889,0
Q6ZJW8:Q10PQ9,0.572125256061554,0
Q7Y138:Q8VWJ6,0.16769340634346008,0
Q84MS3:Q40687,0.02606762759387493,0
Q0D3B6:Q942X8,0.026644190773367882,0
Q6YVX7:Q9LGH8,0.3483352065086365,0
Q10PL5:Q5ZC86,0.028268417343497276,0
Q851V1:Q5JNA1,0.5787116885185242,0
Q60EJ6:Q0DGP6,0.14623646438121796,0
Q53WJ1:Q9FWC4,0.09068964421749115,0
Q0JC10:Q5VRM0,0.39941707253456116,0
P0C579:Q5N7B4,0.01417796965688467,0
Q6H7U2:Q0INZ4,0.06427973508834839,0
P0C503:Q9XG81,0.012561789713799953,0
Q9FDX8:Q6ZBS8,0.7451133131980896,0
Q0JBY9:P0C322,0.014885017648339272,0
Q6AWY7:Q8W3M0,0.7323477864265442,0
Q2R0D2:Q7F8T6,0.012837215326726437,0
Q67UW5:A3BUD2,0.01839768886566162,0
Q6Z6L5:Q0JDM4,0.46677514910697937,0
Q10MN6:Q5VSB7,0.16214187443256378,0
Q75V57:Q53JF7,0.05272046476602554,0
Q10T43:A0A0P0XL10,0.01199325080960989,0
F1SZ42:Q8VWJ6,0.011944376863539219,0
Q943Q3:Q5Z8Z7,0.3832721412181854,0
Q9S827:Q6I5Q6,0.16416744887828827,0
B9G300:Q7XPF7,0.015425997786223888,0
Q6EU39:Q5NAZ7,0.20960138738155365,0
Q5QLR5:Q6H7J4,0.0186123289167881,0
Q7XSQ9:Q6Z541,0.11852041631937027,0
Q6ER21:Q0JMB2,0.5097808241844177,0
Q60DX1:Q5VP69,0.05223001167178154,0
Q6YZM6:Q6AWY3,0.031211266294121742,0
Q2R073:Q8S626,0.02373146452009678,0
A9UGV7:B9F7C8,0.012438925914466381,0
Q8VXB5:Q9FRG8,0.012584144249558449,0
Q2QNM4:Q7XLC6,0.018892129883170128,0
Q7XQP4:Q5ZD06,0.1840406060218811,0
Q40731:Q9XHY7,0.017904793843626976,0
B7F8N7:Q7XTT4,0.027606463059782982,0
Q0JM76:Q8H4H5,0.019219284877181053,0
Q9AR88:Q0J7J7,0.011882898397743702,0
Q2QNU0:Q7XRV2,0.018768267706036568,0
Q6EPP9:Q84UQ3,0.4924624562263489,0
Q6K2E8:Q0J709,0.025688042864203453,0
Q2QNE8:Q10N20,0.07422083616256714,0
Q6ZC69:Q2QS14,0.13444380462169647,0
Q655X0:Q9FU27,0.10760349035263062,0
Q2R224:Q6AVI8,0.33876755833625793,0
P0C401:Q69WI0,0.01573118008673191,0
P12331:Q9AWX3,0.014908725395798683,0
Q7X8R5:Q10QR9,0.09486671537160873,0
B9FDT1:A0A0P0X004,0.02087227813899517,0
A3BNA1:Q69JW3,0.012593166902661324,0
Q7FAE1:Q9LGZ2,0.08581393212080002,0
P49398:Q2QM59,0.30844590067863464,0
Q6I5I8:Q8S1Z1,0.12714354693889618,0
Q8LLP5:B9F2U5,0.10015620291233063,0
Q10QK6:Q5ZD36,0.013554135337471962,0
Q7XVA8:Q8W0A1,0.015127833001315594,0
Q0DAJ3:Q5Z754,0.48488494753837585,0
P53683:Q0IQF7,0.38136687874794006,0
Q6L5B5:Q6L4D2,0.01949419640004635,0
Q6L4D2:B7F958,0.05386609956622124,0
A2ZU80:Q6AVN2,0.038891054689884186,0
Q69IL4:Q84PB4,0.2817203998565674,0
Q2QXJ2:Q7XKE9,0.014241466298699379,0
B9FFD3:Q7XHZ0,0.022283166646957397,0
Q9SLX0:Q2QR54,0.04626337066292763,0
Q7XUF4:A3C057,0.48057347536087036,0
Q0IP28:Q6Z5J6,0.015151369385421276,0
Q2R0K3:A1A698,0.020393280312418938,0
Q7XHV0:P0C451,0.01819417253136635,0
Q7XPL3:Q7XR62,0.012339204549789429,0
Q10QS7:Q6L500,0.4903819262981415,0
Q7FB12:Q5KQN5,0.012425369583070278,0
Q7XZY1:Q6TAQ6,0.08977317065000534,0
Q7XXD4:Q7XT39,0.01371309906244278,0
Q8RZ40:Q60EY8,0.4466937184333801,0
Q8S2G0:Q6Z4K6,0.2368289679288864,0
Q9ST27:Q9LL45,0.15058830380439758,0
Q2R0D2:Q75L84,0.013405129313468933,0
Q9FXQ3:Q6EU39,0.6417426466941833,0
Q8H594:Q69TW5,0.4630989134311676,0
Q10LG8:Q0D9R7,0.3210678994655609,0
Q43011:Q5Z6G5,0.2042199671268463,0
Q5ZCC5:P0C367,0.013602080754935741,0
Q7EZD5:Q654M1,0.3558462858200073,0
Q7XHW4:Q10LF7,0.4999588131904602,0
Q8S3R1:Q6Z2T9,0.015281513333320618,0
Q56UD1:Q7XUD0,0.01203156914561987,0
Q6H4M2:Q75LH6,0.0151035962626338,0
Q10LQ2:Q9AWS7,0.8532315492630005,0
Q69SA9:Q69JW2,0.1978691816329956,0
Q336M7:Q6H5U3,0.014595371671020985,0
Q0D6F4:Q6F303,0.06285635381937027,0
Q5VMI0:Q6Z3L4,0.042772527784109116,0
Q8S7W9:Q8H7U1,0.466581791639328,0
Q8S151:Q6K478,0.014424440450966358,0
Q40704:Q67V61,0.6159106492996216,0
Q40731:Q7XK44,0.30860432982444763,0
Q0DBS1:P49397,0.1255907118320465,0
Q0DYK7:A3BI11,0.3635788857936859,0
Q0J0N4:Q5KQI6,0.012581760063767433,0
P53682:Q2R2P7,0.5606119632720947,0
Q0JDA2:Q69QJ7,0.013326077722012997,0
Q8L4E7:B9FSH5,0.012929528951644897,0
Q5JNJ5:Q9ZWR4,0.013434955850243568,0
Q9SXF8:Q0DJH7,0.1545781046152115,0
Q5QLS7:Q6K8S3,0.018365586176514626,0
Q0JL46:Q7X8H9,0.013582360930740833,0
Q5KQF5:P14655,0.08966078609228134,0
Q7XRA1:Q6L5E5,0.09011996537446976,0
Q10NY2:Q10P67,0.07258764654397964,0
Q7X9A8:Q851V1,0.3269551396369934,0
Q6YWQ2:Q2R8T2,0.11132025718688965,0
Q338X7:Q69QJ7,0.027327654883265495,0
Q10PV9:Q0JEQ2,0.04115360602736473,0
Q53PC6:Q6AVP4,0.03387869521975517,0
Q6K3R9:Q6YXT7,0.09918095916509628,0
Q6YXH5:Q6K7G9,0.035953421145677567,0
P68853:Q10Q71,0.061417389661073685,0
Q0JA81:Q2QLW3,0.15602420270442963,0
Q6Z829:B9FTR1,0.0418153777718544,0
Q10MI4:Q5QLR2,0.5548429489135742,0
Q5KQI6:Q2QYF3,0.3575645983219147,0
Q84PD3:Q7F1M0,0.05994255095720291,0
Q5JMM1:Q5Z6I4,0.2835566997528076,0
Q7XQN1:Q8H7L6,0.037600256502628326,0
P0C282:Q75HW2,0.13842061161994934,0
Q7XGM6:B7EZJ7,0.015616330318152905,0
Q8H8C7:P51823,0.019659867510199547,0
O82766:Q84UQ3,0.02677757851779461,0
Q0JF01:Q6H6P0,0.012119620107114315,0
Q0DY72:P0C2Z0,0.014486056752502918,0
Q8H5X5:Q84PD6,0.03544555604457855,0
Q6ETK3:Q42456,0.16066089272499084,0
P0C524:Q75GE8,0.2696010172367096,0
Q7XKV2:P07728,0.012352624908089638,0
Q6K431:Q9XHX0,0.015151667408645153,0
Q10N05:Q0JNK5,0.025824472308158875,0
B9F2L1:Q67UX6,0.4237554967403412,0
Q84P81:Q688Y7,0.019935986027121544,0
Q8H7U8:B9F058,0.10343348234891891,0
Q69T22:Q5Z974,0.0658535584807396,0
Q6Z5M0:P46609,0.9701043963432312,0
Q0INT0:Q6ZAL2,0.2842307984828949,0
Q6K9T0:Q0DWH1,0.021848008036613464,0
Q0D673:Q6S4P4,0.30284613370895386,0
Q6K965:Q6K8S3,0.11423315107822418,0
Q0IQK9:Q5Z8Y9,0.015147009864449501,0
Q2QZL4:Q53PC6,0.36938557028770447,0
Q0DDE3:Q5JMF2,0.018840106204152107,0
Q9XHY7:Q2QVG8,0.20251698791980743,0
Q7XKA8:Q7XKV2,0.05037931725382805,0
Q9XG81:Q7XVB3,0.012911426834762096,0
Q8H3C8:Q53P98,0.016087977215647697,0
Q0JBQ0:Q657D6,0.03346527740359306,0
Q84P66:Q0DKF1,0.20721590518951416,0
Q0JHF1:B9G4M9,0.016632428392767906,0
Q7X745:B9EUM5,0.03511633351445198,0
Q8H2T0:Q8RYJ9,0.7241677641868591,0
Q68Y48:Q84UQ3,0.22931650280952454,0
Q0DI31:Q0JBZ8,0.01619480550289154,0
Q10N20:Q7XH05,0.471844881772995,0
Q7F9U3:Q84M85,0.0910373330116272,0
P94029:Q67V61,0.01915295235812664,0
P61042:Q84P58,0.015323641709983349,0
Q7XU31:Q6ZA74,0.24380455911159515,0
Q6Z715:Q5VPE5,0.04804074391722679,0
Q6Z2Z4:Q7F830,0.6996199488639832,0
Q4PR43:Q7XP52,0.012139002792537212,0
Q0J716:Q10LI6,0.014530676417052746,0
Q08479:Q8RUV9,0.01439590472728014,0
Q10MN2:Q5VMI0,0.012626731768250465,0
Q7XUN6:Q7XQ83,0.012250197120010853,0
Q2QYP1:Q07078,0.5652598142623901,0
Q8GU92:Q6VBA4,0.056986697018146515,0
Q0DWF2:Q5SNJ5,0.5951634049415588,0
Q7X6J9:B9F7C8,0.013057345524430275,0
Q6ASR0:Q653H7,0.2570229470729828,0
Q2RAK2:Q84PA3,0.01339163538068533,0
Q0E2S4:Q60EZ2,0.7522123456001282,0
Q941V3:Q2R8T2,0.013717914000153542,0
P93407:Q0JFH7,0.016601450741291046,0
Q941T9:Q5VRH4,0.0208925511687994,0
Q53PP5:Q84MS4,0.01251589972525835,0
H2KWF1:Q7XPZ4,0.012891310267150402,0
Q5W6B9:P17814,0.023803645744919777,0
Q6Z248:A3B0Y1,0.02150595746934414,0
Q5Z5B2:Q5JLQ9,0.5529752969741821,0
Q7XKI5:Q6ZJJ0,0.03624987229704857,0
O04226:Q7XNY1,0.16964219510555267,0
Q339D2:Q6Z6W2,0.05040329322218895,0
Q6L5C4:Q5Z6K9,0.017212331295013428,0
B9G4B3:Q60EX6,0.24074910581111908,0
Q84R49:Q6K9A2,0.015041477046906948,0
P55857:Q9SDI4,0.07507999986410141,0
P0C2Z0:Q5JK52,0.017597734928131104,0
P0C454:Q7XWP3,0.013410848565399647,0
Q6PS57:Q10S66,0.036325082182884216,0
Q0DI31:Q0D5P8,0.03630218282341957,0
Q9AV23:Q7XUF4,0.240484356880188,0
Q6IEQ7:Q8LI69,0.6441105604171753,0
Q7X7S8:P12330,0.01811327040195465,0
Q6K3T2:Q6I5B3,0.01280190795660019,0
Q4JHE0:Q67UF5,0.23754756152629852,0
Q10DV7:P35687,0.36693596839904785,0
Q8LM92:Q10S72,0.03704095259308815,0
Q0IUB5:Q84JR0,0.05237961560487747,0
Q6YV04:Q6YPD0,0.5435125231742859,0
Q0JR25:Q2QXJ2,0.012912643142044544,0
Q18PR9:Q2QM84,0.4901125133037567,0
Q75HJ0:Q7XUV7,0.0846346765756607,0
Q7G765:Q6ZL43,0.02831076644361019,0
P31673:Q0J8M2,0.34658342599868774,0
Q69S39:Q6F3A6,0.10439963638782501,0
Q9AUR3:Q6K9C3,0.17119181156158447,0
Q60DW3:Q84T78,0.1263536959886551,0
Q9ARZ9:Q0IU52,0.016998780891299248,0
Q6YZA1:P55142,0.04404742643237114,0
Q0E1D7:Q852M4,0.02472803369164467,0
Q6Z0I4:Q10QK6,0.01618552766740322,0
Q8H485:Q10N05,0.038779567927122116,0
Q10Q26:Q8LQQ2,0.13315735757350922,0
Q7G764:P41345,0.017177600413560867,0
P0CH34:P0C500,0.1731206327676773,0
Q6ZJU3:Q6YZX6,0.1083482876420021,0
P0C343:Q6L5G1,0.014517185278236866,0
Q6AUW3:Q10D98,0.04872311279177666,0
Q75HQ0:Q8S9Z5,0.43346044421195984,0
Q9AS75:Q851S8,0.10390634834766388,0
Q7PC80:Q84ZM7,0.01549473125487566,0
P12186:P51431,0.015854930505156517,0
Q75GS4:A3C6G9,0.20743003487586975,0
Q53MB8:Q6YVJ0,0.014741676859557629,0
Q6Z4F1:Q2QXJ0,0.013352708891034126,0
Q6ERX1:Q69T30,0.18802127242088318,0
Q84PB1:Q7XTF8,0.031516142189502716,0
Q2R5L7:Q0JP62,0.23914960026741028,0
Q0D6F4:Q0DV28,0.014795467257499695,0
Q6Z7V2:Q0E0A6,0.21587029099464417,0
Q0DLB9:Q6YWQ4,0.03921005129814148,0
Q7G4P2:Q6ZA27,0.012561972253024578,0
Q0J2L7:P46801,0.15245245397090912,0
Q7X660:Q42993,0.01809333637356758,0
Q10MW3:Q75GK3,0.013642375357449055,0
Q6H6T1:Q8S3R1,0.03502507135272026,0
C7J0A2:Q6K1C4,0.12326498329639435,0
Q6ZIB5:Q84VG0,0.39874979853630066,0
P38419:Q652A1,0.32310232520103455,0
Q69TH8:Q6ZF86,0.01330926176160574,0
Q10B63:Q0E0H1,0.025844132527709007,0
F1SZ42:Q2QNM3,0.011866343207657337,0
Q2QM69:Q94DM8,0.015363837592303753,0
A0A0P0WY03:Q84QM3,0.01411806233227253,0
Q7F8R0:Q5VP69,0.5057877898216248,0
P93407:A3ANB5,0.0655893012881279,0
P0C032:Q5Z6N9,0.3928476870059967,0
Q6YRM6:Q6ER22,0.014543448574841022,0
Q5N749:P42862,0.12984435260295868,0
Q2QW44:O82427,0.02891584299504757,0
Q6Z358:Q10N79,0.023398514837026596,0
A3C057:Q5N7W3,0.013789163902401924,0
Q10C37:Q653U3,0.8027793765068054,0
Q5Z6F0:Q6Z7B0,0.7265943884849548,0
Q653S9:Q2QWX8,0.01715903729200363,0
Q6ZGY0:Q6YTI3,0.09152363985776901,0
A3BT52:Q7XXN5,0.03029344417154789,0
Q6AT90:Q84J63,0.1278812140226364,0
Q8LQM5:Q8GVF9,0.16297057271003723,0
Q7XI75:Q2QN26,0.6446883082389832,0
Q75LU8:Q5VS84,0.58938068151474,0
B7E321:Q76I22,0.01961473934352398,0
Q94DB8:Q10PR4,0.03593675419688225,0
Q84Q92:Q67VW6,0.2602559030056,0
Q338B0:Q10SM2,0.03998464345932007,0
P93771:Q338P8,0.4495013654232025,0
Q10M29:Q7XHX9,0.7204825282096863,0
O81263:Q0DKM4,0.034442704170942307,0
Q75WV3:Q0JL75,0.11141457408666611,0
P12186:Q6ETL2,0.011819275096058846,0
Q2R076:Q6H647,0.07272540777921677,0
Q7Y0B9:Q93VB5,0.7190379500389099,0
P0C485:Q10GX0,0.01253213919699192,0
Q8H852:Q0D7I3,0.08490598201751709,0
Q8S6N3:Q6Z7V3,0.01433546096086502,0
Q76FS3:Q5ZE00,0.15072889626026154,0
Q69P88:A3A9H6,0.013294761069118977,0
Q84JR0:Q10CQ1,0.04936007037758827,0
Q5N794:P25766,0.04361103102564812,0
Q75LU8:Q8RV06,0.06857482343912125,0
Q10RZ1:B9FTR1,0.013970093801617622,0
Q6Z5M3:Q0J8G4,0.01821933686733246,0
Q7X660:Q2R224,0.01537573616951704,0
Q2QTY2:Q6YZ54,0.10676722973585129,0
A3BH91:Q2R4J4,0.48478570580482483,0
Q10QR9:Q2R041,0.014895716682076454,0
Q9AQW1:Q2QZ37,0.01474522240459919,0
Q6K5P9:Q654B3,0.027366280555725098,0
Q2QX01:Q2QMX9,0.015462827868759632,0
Q7EXZ2:Q69JZ7,0.09740205109119415,0
P0C515:Q84ZD2,0.012240784242749214,0
Q53KS8:Q6L8G1,0.013876162469387054,0
Q5N6V8:Q6K602,0.01871996559202671,0
Q7XTB2:Q0D3N0,0.013452062383294106,0
Q6ZJM9:Q0IMV4,0.07275725901126862,0
Q655G7:Q9FDY4,0.6288551688194275,0
Q7XXL2:Q6ES51,0.24928615987300873,0
P0C5A4:Q7XDQ7,0.017731139436364174,0
Q6ZCR3:Q9XHL5,0.012401553802192211,0
Q10MR0:Q6L5E5,0.5957071185112,0
Q9AWK2:A0A0P0V5U9,0.3865988850593567,0
Q0DAE8:Q0J709,0.09988974779844284,0
Q6Z1I5:Q7G3T8,0.013946893624961376,0
P0C301:Q6ZLA7,0.044430360198020935,0
Q75L84:Q4PR48,0.012452295050024986,0
Q6Z2T6:Q7Y1Z1,0.016279608011245728,0
Q5SND2:A9UGV5,0.01402445137500763,0
Q94CS9:A3A463,0.13283716142177582,0
Q651Z7:E3VXF2,0.10983534157276154,0
Q9AV39:Q67VS5,0.013162011280655861,0
Q75I94:Q6H874,0.013487043790519238,0
Q6F353:Q0DJA0,0.6275548338890076,0
Q10D98:Q6H6M5,0.11220172792673111,0
Q5Z5R7:Q69WI0,0.015309055335819721,0
Q6K4E7:Q5ZA21,0.020242290571331978,0
Q7XW88:Q5VQ69,0.04508092626929283,0
Q5N8X6:Q69U54,0.012962310574948788,0
P20907:Q6YZE8,0.016818607226014137,0
Q8H3Q1:Q5N749,0.18728427588939667,0
Q337B8:Q84P69,0.014719492755830288,0
Q94H98:Q6Z433,0.38045230507850647,0
Q7XA61:Q8RU31,0.22103075683116913,0
Q8H4H5:Q03200,0.014078894630074501,0
Q764B9:Q6K7R2,0.04978654533624649,0
Q4PR40:Q0JF21,0.012150603346526623,0
Q84VG1:Q10MI9,0.3945409953594208,0
P49964:Q69JZ7,0.06308411806821823,0
Q10EL1:Q2QP53,0.014934266917407513,0
Q7XTG7:Q2R3A1,0.01752111129462719,0
Q5ZCV2:B9F2Y7,0.19943681359291077,0
P49030:P52428,0.03121245466172695,0
Q851S2:Q7XK44,0.029533255845308304,0
Q655R6:Q338C0,0.01590190827846527,0
Q0DXS3:A3AYR1,0.0426160991191864,0
Q5W794:Q7G3T8,0.01287069357931614,0
O22567:Q70G58,0.02366478741168976,0
Q6Z9U7:Q6ZLD3,0.02091299556195736,0
Q69SA9:Q75GB1,0.22025804221630096,0
Q4PR43:Q7XTL7,0.014444923959672451,0
B7F8N7:Q0J951,0.013371455483138561,0
Q0E0A6:C7IZ16,0.6197401285171509,0
Q6YWR4:Q60GC1,0.2653076648712158,0
Q5J4W4:Q6ETN2,0.0936284065246582,0
Q69XK5:Q0J0A4,0.01515014935284853,0
P12153:Q7Y1C8,0.013247213326394558,0
Q67UW5:Q84NJ4,0.11249510198831558,0
Q0E079:Q9LST6,0.024105435237288475,0
Q10QH3:Q2RB59,0.01642950251698494,0
Q6F4N5:Q7XR47,0.013435226865112782,0
Q84P90:Q6K215,0.08444339036941528,0
Q60E60:Q65XL5,0.05467803403735161,0
Q6YTY3:Q10E64,0.22673673927783966,0
Q2RBJ2:Q67UC7,0.012555780820548534,0
Q53NI2:Q5N806,0.012987278401851654,0
Q6ES10:Q6Z6K9,0.059206753969192505,0
Q0DKP3:Q7XKE9,0.02446615695953369,0
Q2R3F5:Q8W3F9,0.26534414291381836,0
Q53KS9:Q9LSU3,0.12269478291273117,0
Q6Z6W2:Q7XE50,0.016388582065701485,0
Q9LGI2:P17048,0.013783179223537445,0
Q6ASR0:Q8S3Q9,0.11778557300567627,0
Q67UI2:Q5Z6N9,0.4584316313266754,0
Q7XBW0:Q84M43,0.0156733226031065,0
Q6EN45:Q10CQ1,0.21858294308185577,0
Q53WK1:Q2QZ14,0.012989225797355175,0
C7J8E5:B9F2Y7,0.5231144428253174,0
Q9LWV3:Q0JBZ6,0.22707653045654297,0
Q5JL08:Q6ZK48,0.09365656226873398,0
Q5Z8T8:Q8RYJ9,0.10829313099384308,0
Q69L99:P14654,0.014279210940003395,0
Q6K1C4:Q2QMH1,0.08437984436750412,0
Q94DT9:P42211,0.013489107601344585,0
Q2QZF2:Q10F25,0.07096177339553833,0
Q7XR62:Q7XM13,0.022119270637631416,0
Q6K3R5:Q7XR47,0.014293174259364605,0
Q0JGY1:Q8H8K7,0.014410114847123623,0
B7F138:Q7F9W2,0.014386114664375782,0
P14323:Q5VR07,0.018708238378167152,0
Q5Z620:Q53MD1,0.01927422545850277,0
Q6K3B1:Q2R066,0.100824736058712,0
Q67UP9:P0C0M3,0.19703461229801178,0
C7J4U3:Q8LR62,0.020045507699251175,0
Q8GSI0:Q0DJH7,0.1374599039554596,0
Q84QA7:Q8H384,0.012894040904939175,0
Q8H3E5:Q75LR7,0.20000867545604706,0
Q2QQS1:Q32759,0.01210284885019064,0
Q7XBW5:Q43011,0.09069963544607162,0
A3BH91:Q5N712,0.3165169060230255,0
Q8S1V1:Q10E49,0.013952440582215786,0
Q10Q48:Q8S0F0,0.012205478735268116,0
Q2QUC5:Q3HRN7,0.09956037253141403,0
Q07661:Q2KNB5,0.0319356694817543,0
Q5CCK1:Q2RBK2,0.014619158580899239,0
Q6ZLD3:Q6ZF85,0.012191702611744404,0
Q0DWG8:Q9ASJ1,0.018351759761571884,0
Q8H7U1:Q53K52,0.046048909425735474,0
Q7X996:Q6AT33,0.9344114661216736,0
Q10LI1:O80416,0.4180466830730438,0
Q2R2D5:P0C129,0.025546256452798843,0
Q6EPN6:Q0JQF7,0.03375910222530365,0
Q652B0:Q0J7J7,0.06512675434350967,0
Q5NAY4:Q0DVX2,0.031700048595666885,0
Q10MK2:Q6YUX0,0.020410632714629173,0
O82766:P14717,0.02899996004998684,0
Q67UL3:Q8S985,0.13210773468017578,0
Q53JG7:Q6H4G3,0.061756432056427,0
Q762B4:Q67UL3,0.021967260167002678,0
Q2QQR2:B9GCH9,0.12156379222869873,0
Q10LN5:A2ZVI7,0.4759315550327301,0
Q5ZE00:Q852L2,0.013394526205956936,0
Q75GI4:Q7XMK1,0.017722366377711296,0
Q0JM17:Q2HWH1,0.2920081317424774,0
Q5N9A1:Q84TV4,0.014669320546090603,0
Q6VAK3:B7EA73,0.45132818818092346,0
Q75IS2:Q8S0S6,0.29127612709999084,0
Q8LQH4:Q75LL2,0.21321769058704376,0
Q0IZS0:Q6Z244,0.016164755448698997,0
Q84SN3:Q9AV49,0.6543384790420532,0
Q5ZCC5:Q9AY76,0.018307562917470932,0
A2CIR7:Q9LWR2,0.40427514910697937,0
Q6K1C4:Q75I75,0.01472377497702837,0
Q8LIG4:Q8LJJ9,0.6565735936164856,0
Q6L568:Q9FU53,0.01575986109673977,0
Q2QQJ5:Q6L8F7,0.012693041935563087,0
Q67WR5:Q7XIF5,0.016283800825476646,0
Q7Y0D4:Q6K669,0.04103397950530052,0
Q9ARZ9:Q8S983,0.0892745777964592,0
Q09151:Q6AWY4,0.02797597087919712,0
A2PZN8:Q2QWE9,0.10880861431360245,0
Q6ZFH6:Q6K223,0.08309370279312134,0
A3A9H6:Q655X8,0.03853289410471916,0
Q6ZHZ1:Q8H7S7,0.10523879528045654,0
Q0ILZ7:Q653N3,0.013698826543986797,0
Q2R374:Q5N7A7,0.012632089667022228,0
Q6ES10:Q6EX42,0.02878863550722599,0
Q6AVM5:Q8H7N9,0.45973989367485046,0
Q6K8S0:Q7XUJ5,0.9087600708007812,0
B8YIE8:Q6ZL94,0.028447186574339867,0
Q0JGS5:Q8W2X5,0.383331835269928,0
Q652Q1:P60137,0.015393638983368874,0
Q8LNZ3:Q10SX7,0.017368776723742485,0
Q75H81:Q6YXZ7,0.04978048428893089,0
Q75HE5:Q0J968,0.08536296337842941,0
Q60DX1:Q6L4N4,0.03113735094666481,0
Q7XWK5:Q6L5F7,0.17773203551769257,0
C7J0P3:Q0JPA4,0.23404991626739502,0
Q0J969:Q6Z0D2,0.018460553139448166,0
Q6PS57:Q5SMK6,0.25739383697509766,0
Q69S43:Q8S059,0.2620958983898163,0
Q9LWU9:Q7XRA1,0.2683614194393158,0
Q6YZZ2:B9FHH2,0.012222721241414547,0
Q6K508:B9FI63,0.01399072166532278,0
Q8S5N2:Q6K977,0.019126633182168007,0
Q9FXT8:P83466,0.014213747344911098,0
Q6H7J4:Q9AS36,0.1484614759683609,0
Q652B0:Q6ZIV7,0.22645004093647003,0
Q7XK25:P28520,0.09453468769788742,0
Q6H7J3:Q7XDT2,0.034463223069906235,0
Q9LWM4:Q0JA81,0.3969525694847107,0
Q10NX8:Q6H677,0.01212332397699356,0
Q53NL5:Q8LIL0,0.013420012779533863,0
Q5VRM0:Q5W727,0.02312898449599743,0
Q5VR89:Q651Z5,0.04085981473326683,0
Q5TKP8:Q7X9A8,0.05422724038362503,0
Q6I621:Q69U54,0.26965415477752686,0
A0A0P0VG31:Q6Z829,0.052068132907152176,0
Q10CQ1:Q75LD8,0.08469035476446152,0
Q0JL73:Q941T1,0.09137261658906937,0
Q6I576:P14717,0.027999980375170708,0
Q0J9Y2:Q2QP13,0.016772804781794548,0
Q0DZE0:Q7F4F8,0.0635974183678627,0
Q8GRI8:Q2RAV0,0.7459218502044678,0
Q53QK0:Q10PQ9,0.37818098068237305,0
Q6K965:Q6K3T2,0.015903770923614502,0
Q6Z4N3:B9G4M9,0.013135931454598904,0
Q657X6:Q6YTW6,0.028304392471909523,0
Q7XSQ9:Q336M7,0.12769407033920288,0
Q4PNY1:Q8H506,0.02395731210708618,0
Q2RAS0:Q0J360,0.021696431562304497,0
P0DO09:Q6AST1,0.04149646684527397,0
Q943E7:Q7XUD0,0.016168072819709778,0
Q6YSY5:P83466,0.01270787138491869,0
Q8H398:Q6ZCZ2,0.20637331902980804,0
Q5ZEJ0:Q7PC73,0.017288783565163612,0
Q75LU8:Q0J0N4,0.018652532249689102,0
Q7XMK0:Q5KTQ9,0.011957149021327496,0
Q852N6:Q6KAE5,0.6186040639877319,0
Q7EZT1:Q84P73,0.20112061500549316,0
Q652Z7:Q2R2W2,0.8742872476577759,0
Q75HE6:Q7XRU4,0.04733213409781456,0
Q7XQN1:Q9AS36,0.4146653115749359,0
Q8W0W3:Q0JKI9,0.2357998639345169,0
Q6ZKV8:Q6ZH29,0.07868579775094986,0
Q9FR35:B9G9L9,0.02094040997326374,0
Q0DV32:Q6ETW4,0.0574101097881794,0
Q8GRS2:A9UGV6,0.013100802898406982,0
Q5VNW0:Q761Z9,0.12702476978302002,0
Q10QR9:Q10RP0,0.07518065720796585,0
Q6H611:Q7XJ39,0.014948864467442036,0
Q6K965:Q5VSA8,0.015182244591414928,0
Q84T03:Q2R482,0.35343137383461,0
Q67UE2:Q764B9,0.019695160910487175,0
Q0IWL9:Q688Y7,0.2904047667980194,0
Q0J235:B9G434,0.020332278683781624,0
Q75GK3:Q6YZZ7,0.012353497557342052,0
Q336T5:Q6H638,0.014584088698029518,0
Q6H4V8:A0A0P0XM10,0.019389500841498375,0
Q8GU92:Q5Z6F6,0.02477390132844448,0
Q652N5:Q339K6,0.014665305614471436,0
Q4PR53:Q6ZD95,0.015204195864498615,0
Q0INT0:Q84PC1,0.31107598543167114,0
Q6Z310:Q4PR52,0.012041415087878704,0
Q8H594:P0C491,0.09022202342748642,0
Q9SNQ6:Q6Z6K9,0.02857854962348938,0
Q5VMI0:Q7XPR1,0.3296501338481903,0
Q10QS9:Q5VRR0,0.9638957977294922,0
Q6YV23:A3B9A0,0.01403865497559309,0
Q7X8P2:Q10N89,0.2779627740383148,0
Q5ZAY0:Q8H991,0.5746137499809265,0
Q7XLD4:Q651D5,0.32224443554878235,0
X5HYT8:Q652K6,0.28515613079071045,0
Q6ZLD3:Q7X8Z8,0.015138650313019753,0
Q5VS59:Q7Y0Y6,0.02034192904829979,0
P53683:Q10KL8,0.5571207404136658,0
Q2QMT5:Q8LQH4,0.3403068780899048,0
Q7Y1Z0:Q6YZ99,0.017055636271834373,0
Q652Z7:Q01401,0.024034587666392326,0
Q6ERW5:Q67UE8,0.01696433313190937,0
O82807:Q6L4V0,0.027101784944534302,0
Q0DKP4:Q6ZK48,0.06875532865524292,0
Q6ZBH6:Q5NB83,0.8234943747520447,0
Q7EZ44:Q5Z9E5,0.5471547842025757,0
Q84Q72:Q0JA83,0.02336709573864937,0
Q6K5G8:Q942L2,0.3315586745738983,0
Q10S83:Q653U3,0.7031629085540771,0
Q10CQ1:Q0DBW8,0.3943805694580078,0
Q0IQN6:Q43008,0.058277882635593414,0
Q10SM7:Q84UQ3,0.013159731402993202,0
Q69KN0:Q9LD61,0.029969412833452225,0
Q3HRP5:Q5W726,0.41508927941322327,0
Q6L597:Q0DFC9,0.012374711222946644,0
Q69JW3:Q9SLX0,0.055327631533145905,0
Q0E0Y3:Q9LSU1,0.17437843978405,0
P0C467:Q6H7A7,0.013489307835698128,0
Q6ZKC0:Q8W3F9,0.3646794259548187,0
Q6H500:Q6ZJR6,0.21925246715545654,0
Q0J7U6:Q10LG8,0.3377935588359833,0
Q652A8:Q0JL44,0.19598984718322754,0
Q6ZKF0:P43279,0.02448912523686886,0
Q8W0A1:Q10EL1,0.017793579027056694,0
Q6H6M5:Q5JN42,0.032058533281087875,0
Q84Q83:Q7Y0W5,0.013659680262207985,0
Q64M78:Q6K5G8,0.017492756247520447,0
Q6EQ60:Q40723,0.1740758717060089,0
Q2R2T4:Q94CT7,0.03556233271956444,0
Q6H6M5:Q7XLX6,0.015323481522500515,0
P93411:A3AGM4,0.4232318103313446,0
Q7Y180:Q6Z4N6,0.580899178981781,0
Q0D3N0:Q6Z7W3,0.019340021535754204,0
Q65XA0:Q10D34,0.3165401220321655,0
Q10LJ2:Q6VBB2,0.029319772496819496,0
I6PL68:Q0JC27,0.6624284386634827,0
Q64M78:Q6H7T1,0.018416473641991615,0
Q0E2P1:P0C361,0.3198483884334564,0
Q7X7E6:P0C337,0.013003046624362469,0
Q851C7:Q0JPA6,0.02500501088798046,0
Q8LHP0:Q2QTL0,0.013593166135251522,0
Q94CS9:Q5QMN3,0.6279832720756531,0
P0C451:Q84UQ3,0.027202261611819267,0
Q7XKK6:Q10MB4,0.8722177743911743,0
Q6YW62:Q94EC4,0.1134016141295433,0
Q5JM04:Q6PS57,0.08305101841688156,0
Q6IVC2:Q10QS9,0.918195903301239,0
Q2QS71:Q84P71,0.025250419974327087,0
Q9FTY0:Q8W0F9,0.19107210636138916,0
Q336R9:Q7XK12,0.013822306878864765,0
Q6ATS0:Q8RZL1,0.012902739457786083,0
Q8LQ68:Q7XV21,0.01381718646734953,0
Q10B67:Q6L5C4,0.03709688410162926,0
Q6ATV4:Q9FNU2,0.07320403307676315,0
Q6ESG1:A3BPF2,0.030259335413575172,0
Q0JEZ8:Q7XN30,0.017298420891165733,0
Q7G6D7:Q10MN5,0.2947046458721161,0
Q2R0Q1:Q7X7X4,0.030869007110595703,0
Q84LM2:Q6Z2T3,0.153013214468956,0
Q75IC7:Q0IQF7,0.016919968649744987,0
Q69TF4:Q7XRV1,0.01257722545415163,0
Q0DWQ7:Q338N2,0.033896222710609436,0
P35687:Q0DEC8,0.020798368379473686,0
Q6K3B2:Q7XT39,0.013230270706117153,0
Q941T1:Q0J7E4,0.024345600977540016,0
Q10SX7:Q0E1Z0,0.012807348743081093,0
Q6ZKL8:Q6H7S2,0.4636659324169159,0
Q5Z9P8:B7F924,0.052053093910217285,0
Q7XSV4:Q5N6V0,0.1317063868045807,0
Q7XUR3:Q60DX8,0.012965112924575806,0
Q0DAE8:Q10Q80,0.1242632195353508,0
Q5JN63:Q7XQN4,0.017102977260947227,0
Q6AWX8:Q0JKD0,0.013871200382709503,0
Q336P5:Q5QMZ9,0.9635912775993347,0
Q8LNW4:Q6ZDQ1,0.02912614308297634,0
Q7XI73:Q60E60,0.09783542901277542,0
Q94DH3:Q69VD5,0.3319711983203888,0
Q0D3I7:Q0JR25,0.061593592166900635,0
Q8LQ68:Q2RBF0,0.42850086092948914,0
Q7F731:Q8S1X7,0.01980639062821865,0
Q5NAY7:Q8H506,0.014663131907582283,0
Q6H7P8:Q6ZAC1,0.17265097796916962,0
Q2QRN7:Q84KJ6,0.012568085454404354,0
Q6ERS4:Q10MN2,0.16344060003757477,0
Q69T22:Q6L4D2,0.020823312923312187,0
Q6Z7V3:Q6AT41,0.424420028924942,0
Q6F303:Q9ZQW8,0.25329893827438354,0
Q75IM9:Q6Z461,0.023933803662657738,0
Q5W6Z9:Q6Z9C3,0.014140409417450428,0
Q6H6C3:Q8S1Y9,0.26988646388053894,0
Q53P54:Q42980,0.022243857383728027,0
Q7F0R1:Q2QLT8,0.024616599082946777,0
P0C422:Q0DFG8,0.01825643889605999,0
Q6AVT2:Q8S0F0,0.015724970027804375,0
Q0DSH9:Q0JDC5,0.11083021014928818,0
B9G9X3:Q6ZLP5,0.8852287530899048,0
Q5QNI1:Q652Q1,0.048521216958761215,0
Q2R4Z8:Q8H4D4,0.012652195990085602,0
Q9AV81:Q9FXT4,0.05718710646033287,0
Q5Z6F0:Q0J466,0.2322537750005722,0
Q7X7C9:Q7XSN9,0.09580009430646896,0
Q6ZA74:Q5Z6G5,0.38637658953666687,0
Q9LWR2:Q6YYB0,0.49556589126586914,0
Q7XSS9:Q5Z6E5,0.30800682306289673,0
Q33AH8:Q0D576,0.013666987419128418,0
A3BNA1:P14655,0.016680041328072548,0
Q7XPZ4:Q10N05,0.013534322381019592,0
Q7XRX3:P16081,0.38765594363212585,0
Q0J9J6:Q7XAM7,0.17959491908550262,0
Q852L0:Q6EU30,0.1991703361272812,0
Q9AUW2:Q6H468,0.5040704607963562,0
Q7XLP4:Q6VBA4,0.6821028590202332,0
Q2R066:Q9LST9,0.21209438145160675,0
B9GAG9:Q2QNJ8,0.13035185635089874,0
A3BV82:Q94DE2,0.01242659892886877,0
P48600:Q2QWZ1,0.34743940830230713,0
Q0JP99:O49068,0.18423719704151154,0
B9FJG3:Q0JNR2,0.014432859607040882,0
Q0DAK7:Q5NAW2,0.013598552905023098,0
Q0JF02:Q6ZHJ5,0.013596017844974995,0
Q0J8M2:Q5NAI4,0.034386176615953445,0
P0C127:Q0IQF7,0.5080766081809998,0
Q0D576:Q10PZ6,0.01230700220912695,0
Q2QTC2:Q6Z9R8,0.02020402066409588,0
Q8GVF9:Q0JM76,0.046778399497270584,0
Q10Q62:P93844,0.12505143880844116,0
Q60EC2:B7EZJ7,0.014995810575783253,0
Q8S0Q9:Q2R222,0.01319174189120531,0
B9F676:Q8RUN1,0.015264132991433144,0
Q6ATJ8:Q69UP6,0.033815477043390274,0
Q8LN49:Q7XNX6,0.013652391731739044,0
Q6YRM6:Q0DEV5,0.013385540805757046,0
Q67UX0:Q0DN94,0.017994923517107964,0
Q94DR2:Q0J705,0.15748989582061768,0
Q8GU83:Q652V8,0.019090084359049797,0
O82118:Q9FWT5,0.07065007835626602,0
Q7XTL7:Q94CV1,0.015331417322158813,0
Q337A5:Q6IVC3,0.3031346797943115,0
Q94CV1:Q9SSX0,0.08074962347745895,0
Q6F358:Q94GL5,0.18005098402500153,0
Q6K1R5:P53684,0.48687344789505005,0
Q10B98:Q8LMR9,0.2724848687648773,0
Q94EC3:Q2RAP3,0.17276911437511444,0
Q84MH1:Q0D5P3,0.015343192033469677,0
Q8LNV6:Q0J7Y8,0.020186668261885643,0
Q6ZHC8:Q7XD66,0.012453115545213223,0
Q657G7:Q5Z6E5,0.01413695514202118,0
Q9S827:Q5Z9E2,0.6163749694824219,0
Q2R2W2:Q6YZ49,0.8806790709495544,0
Q943I6:Q0JL44,0.3551306426525116,0
Q10QS9:P0C457,0.08140388876199722,0
Q5JJV0:Q6ETN3,0.036677759140729904,0
P53682:Q655V5,0.5423580408096313,0
Q2QUS0:Q5VMI0,0.012858393602073193,0
Q07078:B9F655,0.8349981307983398,0
Q336P5:Q6ES10,0.6098385453224182,0
Q8LH03:Q2QM77,0.30589213967323303,0
Q36996:P35687,0.013181917369365692,0
Q5VQ69:Q5ZCD9,0.36488574743270874,0
Q6ZIK0:Q2RAP0,0.0187656432390213,0
Q8RU31:P0C0M2,0.45787620544433594,0
Q0DNU1:Q8RZX9,0.9698442816734314,0
Q0D715:B9EUM5,0.4174595773220062,0
Q10HC9:Q10SC8,0.12281221151351929,0
B9G2A8:Q6ERU3,0.014468277804553509,0
Q53WK4:Q6K9C3,0.3900744616985321,0
Q9FTY0:Q6ER22,0.2124483585357666,0
A9UGV5:Q69TW5,0.01344346534460783,0
Q5TKP8:Q6L4V0,0.16010117530822754,0
Q6ZCX1:Q67WQ7,0.01761752739548683,0
Q7XKQ8:Q6H628,0.13471166789531708,0
Q7XH85:P0C127,0.8192411661148071,0
Q01882:Q0IUB5,0.012804016470909119,0
Q6K6K7:Q6ZH85,0.37664052844047546,0
Q2R0D2:Q6Z8B9,0.0365094356238842,0
Q7XTS3:Q6H4R6,0.012742896564304829,0
Q761Z9:Q6L8G0,0.05036386474967003,0
Q6ZL57:Q7XQ45,0.05619373545050621,0
Q10QK6:P0C282,0.014813191257417202,0
Q8VWJ6:Q9XG81,0.013699918054044247,0
Q76I22:Q7XRS1,0.0268865879625082,0
Q84PB8:Q7EZ44,0.3286716639995575,0
Q0J8G4:Q93XI4,0.06112320348620415,0
Q8S628:Q8H6H0,0.051489103585481644,0
P49398:Q6AVM5,0.2393491268157959,0
Q7XLD4:Q7XZZ1,0.01253260113298893,0
Q9AWK2:B9F6Z0,0.1383804976940155,0
Q67WN8:Q6H7J3,0.03710923343896866,0
Q6ZHJ5:P0C488,0.014258265495300293,0
Q7XKC4:Q7XRB5,0.015013507567346096,0
Q0DKE8:P0C291,0.12757305800914764,0
Q943E7:P48489,0.49688655138015747,0
Q9LGQ6:Q9FXT4,0.013913335278630257,0
Q6Z4I3:Q7XSN6,0.18962006270885468,0
Q5JKN1:Q6H4L9,0.04211416468024254,0
Q84T03:P0CH34,0.1472918838262558,0
Q69PA8:Q0DIQ5,0.015076900832355022,0
Q5VPE3:Q7XNS7,0.36306822299957275,0
Q5VQG4:Q8LR62,0.06400004029273987,0
Q67WE2:Q84ZC0,0.088628850877285,0
Q2QNS6:Q6YV88,0.031097715720534325,0
Q8L5K0:Q6H5X0,0.012288796715438366,0
Q5Z8V8:Q6H509,0.021526336669921875,0
Q0DHM7:Q6YSJ5,0.012785404920578003,0
Q10NQ9:Q84PB0,0.28331050276756287,0
A2ZNT5:A3AYR1,0.03910517692565918,0
Q5JLQ9:Q6L506,0.5194315314292908,0
Q84P77:Q8GVZ8,0.015068568289279938,0
B5UBC1:Q5NB85,0.019778748974204063,0
Q5VNN5:Q2QUN2,0.01415243186056614,0
Q7XUN6:B9FJG3,0.017038775607943535,0
Q2QY10:Q6K968,0.8125978708267212,0
P12123:Q0JKZ0,0.04091453179717064,0
Q8W0F9:Q5N9W4,0.014269150793552399,0
Q0DG35:Q6K991,0.0453496128320694,0
B9EY52:Q8H3I4,0.020377282053232193,0
Q6ERW7:Q6VMN7,0.01269629318267107,0
Q6L589:Q7XN11,0.016366392374038696,0
Q8GSL4:B9F166,0.04588250070810318,0
B6UV92:Q109B0,0.01654299534857273,0
Q5VQQ5:Q8S9Z2,0.29532095789909363,0
Q01881:Q69VE0,0.14681635797023773,0
Q7GD79:P38419,0.2166670560836792,0
Q0IWF3:Q6ZLD3,0.10857198387384415,0
Q2R480:Q6L5B5,0.059319522231817245,0
Q84JH5:Q2R483,0.04431268200278282,0
Q7XXD4:Q94JG1,0.01539041381329298,0
Q8LR09:Q10S44,0.018224749714136124,0
Q6H500:A0A0P0V5U9,0.1335725337266922,0
Q0J4I1:P0C0L0,0.43729162216186523,0
Q8H7Y8:Q67VW6,0.04436720162630081,0
Q5VQ78:Q2QRK9,0.1256459355354309,0
Q3HRN7:Q2R4Z5,0.016420556232333183,0
Q851G4:Q75GK4,0.20449315011501312,0
Q5VND6:Q94DR2,0.20904295146465302,0
Q7XUK4:Q53RH0,0.016509396955370903,0
P40393:Q4JL76,0.09587537497282028,0
Q6EX42:Q6YZ49,0.06687197089195251,0
Q9FNU2:Q6I5C3,0.3083224892616272,0
Q0JCR9:Q6ZDE3,0.023358285427093506,0
B9G9L9:Q9FXT4,0.013207410462200642,0
Q2QMH1:Q7XPW5,0.2144457846879959,0
Q6AVK1:Q5WAB3,0.023016950115561485,0
Q2QN26:P0C131,0.7570728659629822,0
Q69T94:K4PW38,0.02294219844043255,0
Q84PC8:P0C129,0.014612083323299885,0
Q109B0:Q9AY63,0.017358938232064247,0
Q2HWG1:Q0JPA4,0.6897665858268738,0
Q6ZAR0:P12124,0.02136935479938984,0
Q6ZF89:Q6YW53,0.014002913609147072,0
Q0DWA9:Q67UI2,0.011989868246018887,0
Q0JMY8:Q8GSL4,0.07123974710702896,0
Q10RR9:Q0D9C4,0.02661008946597576,0
Q8RZZ3:Q10Q71,0.8128989338874817,0
Q84TV4:Q6ETN3,0.20268557965755463,0
Q0IUL4:Q6AVG6,0.01175194326788187,0
Q6ZIF9:B9FXT3,0.013894687406718731,0
Q53MH8:Q7XLD4,0.01869347132742405,0
Q8GU84:Q0D629,0.01833689771592617,0
Q75I13:F7J0N2,0.015866685658693314,0
Q9XJ66:P46520,0.041185081005096436,0
Q10RE2:Q6H601,0.020063897594809532,0
A3AZ89:Q75L11,0.37484899163246155,0
Q6ERX1:Q0J951,0.07567894458770752,0
Q6ZCR3:Q7G737,0.030221259221434593,0
Q53M52:Q8W3F9,0.054690636694431305,0
Q5VS59:P0DKK6,0.014964550733566284,0
Q68Y49:Q0JL75,0.9184572100639343,0
Q2KNB9:B7E321,0.02055758237838745,0
Q0IQA5:Q6ZH85,0.1791907399892807,0
Q84PA9:P12139,0.02752201072871685,0
A3C4S4:Q2RAX3,0.33727940917015076,0
Q10G40:Q6ZDF3,0.01724616438150406,0
Q9SXG8:B9FDR3,0.25707218050956726,0
Q10NQ3:Q769E5,0.04038507863879204,0
B7FA90:Q6ZI44,0.07852091640233994,0
Q2QMT2:A2ZP58,0.12135739624500275,0
Q9LGE3:Q9AY63,0.10628876835107803,0
D5A7J3:Q0JNK6,0.0885210633277893,0
Q75LX7:Q5ZEM1,0.46582871675491333,0
Q6AT25:P42862,0.015636708587408066,0
Q6H595:Q5QNI2,0.019768279045820236,0
Q6ZFZ4:Q6Z4G3,0.012328851036727428,0
A3C057:A1A699,0.0783122107386589,0
Q5Z6F0:Q7X6J9,0.1380590796470642,0
Q40703:B7E7M8,0.020643185824155807,0
Q2QP13:Q9M4X7,0.3306322991847992,0
Q6ZGP8:Q6Z7L3,0.05892399698495865,0
Q5KTQ9:Q0D8I9,0.02172846533358097,0
Q53JF7:Q9AWK2,0.03227432817220688,0
Q60DX8:Q704V3,0.012427224777638912,0
Q7XR80:P0C503,0.02349674142897129,0
Q69VD9:W0RYD3,0.01725880801677704,0
Q5Z8Q9:Q10F03,0.16808383166790009,0
Q2QY07:Q5VM82,0.018944043666124344,0
Q6H3Y7:P68853,0.016509106382727623,0
A1YTM8:B9G2C8,0.04419117420911789,0
Q5W736:Q7XCK6,0.2761802077293396,0
Q84LK3:F7J0M6,0.014158896170556545,0
Q6YYB0:Q6EN45,0.22952035069465637,0
Q942D4:Q7XC37,0.02372598461806774,0
A3BFT0:Q7XKE9,0.11120402812957764,0
Q0E4Q5:Q69IM9,0.36465761065483093,0
Q8H6G7:Q8S6P9,0.01303304173052311,0
Q60EA5:Q6ATB4,0.01603074185550213,0
Q6Z8L2:Q0DBL6,0.0451776497066021,0
Q0J9X2:Q6H4V8,0.0913296490907669,0
Q0JD85:Q8LN25,0.26355987787246704,0
Q0INZ4:Q75HQ0,0.5576586127281189,0
Q6K1U4:Q7XUV2,0.020719043910503387,0
Q7XEZ1:Q2TQ34,0.968956470489502,0
Q0JA83:Q6ATS0,0.039552539587020874,0
Q652Q8:Q6ZD63,0.26486456394195557,0
Q5JK35:Q6Z4T3,0.011914108879864216,0
Q5NAZ7:P25776,0.016660939902067184,0
Q2QMX9:Q10CQ1,0.014742088504135609,0
Q10BX9:Q0DUI1,0.02140667848289013,0
Q0DDF6:A3C4N5,0.23235319554805756,0
Q7XTS4:Q7XCK6,0.013557744212448597,0
Q8RUN1:Q0JPT4,0.018369479104876518,0
Q10EJ2:Q7XGM6,0.01285658497363329,0
Q53Q11:P17814,0.49001988768577576,0
Q6ZLB0:Q65X71,0.017533082515001297,0
Q650U0:A0A0P0X004,0.014214991591870785,0
Q655X0:Q0JQ97,0.2498530000448227,0
Q0E3C3:Q10RP0,0.3053853213787079,0
Q5VQG4:Q1WM16,0.029167814180254936,0
Q5QLS7:Q0JA29,0.08322633057832718,0
Q6ER22:Q6YTY3,0.033187393099069595,0
Q65XL5:Q2RBN7,0.041921552270650864,0
Q84VG0:Q7XT08,0.04845127463340759,0
Q5ZAY0:Q0E4J6,0.01322526391595602,0
Q5N9N2:Q2RBF0,0.9429460763931274,0
Q8LT05:Q75HY5,0.4701249301433563,0
Q6YXH5:Q2QW44,0.972089946269989,0
Q6F4F5:Q655G7,0.08329333364963531,0
Q10PE7:Q75HZ9,0.03870255872607231,0
Q7FAE1:Q8S0S6,0.09941353648900986,0
Q9SNQ2:Q6Z8D0,0.11017998307943344,0
Q6K550:Q2RB94,0.29749926924705505,0
Q6H5U3:Q6Z2T3,0.3270224630832672,0
Q53PC7:Q0D5G4,0.41838088631629944,0
Q69T58:A3C6G9,0.10034113377332687,0
Q6Z5M3:B9FXT3,0.03487170487642288,0
Q67C40:Q10MR0,0.7302650809288025,0
Q851K0:Q7Y1L9,0.01434070523828268,0
Q7XII4:Q0JMW0,0.014077536761760712,0
Q689G9:Q851K1,0.014579865150153637,0
P48599:Q53Q31,0.06172552332282066,0
Q67U69:Q6F358,0.0329149067401886,0
Q7XMK8:Q6Z9C3,0.13216057419776917,0
Q8LMR9:Q652K6,0.545183539390564,0
Q6H5U3:Q7XR83,0.014907623641192913,0
Q0D3B6:Q653U3,0.8459221124649048,0
Q6Z808:Q6H4D6,0.7356593012809753,0
Q0J4D4:Q0DZE0,0.01693134382367134,0
Q653U3:Q53MD3,0.11372405290603638,0
Q8H3C7:Q0DQA9,0.0698835477232933,0
Q5JM82:Q9FRF9,0.011544594541192055,0
Q7F757:Q6Z5I7,0.014080998487770557,0
Q69VD5:Q5VRJ8,0.014152223244309425,0
Q9AYE4:Q6K9A2,0.49773064255714417,0
P0C512:Q6H5L4,0.01309442799538374,0
Q10S72:Q9SXP2,0.047368548810482025,0
Q652Q0:Q6ZH94,0.014288082718849182,0
Q8GVF9:Q7XP65,0.1753527671098709,0
Q8H5T6:Q53Q70,0.03625559061765671,0
Q7EY72:Q7XWU3,0.02903645671904087,0
Q32759:Q5SML4,0.011927525512874126,0
Q0JNK5:Q84T94,0.3568250238895416,0
Q10SM7:Q6Z2M9,0.04502120241522789,0
Q0E0H1:Q6ZDQ1,0.15428902208805084,0
Q5Z8L1:A3AF13,0.32177266478538513,0
Q9S827:Q9FE64,0.22562776505947113,0
Q6Z0Q9:O80416,0.12697844207286835,0
Q10MX1:Q7XI45,0.02326151728630066,0
Q0E0Q3:B8YEK4,0.025502884760499,0
Q6S4P4:Q6YVM4,0.23269009590148926,0
Q5ZD06:Q7XL03,0.09551896154880524,0
Q7XKR9:Q67UU0,0.14649079740047455,0
Q0DWQ7:Q0J0K1,0.03408637270331383,0
Q10S25:Q65XV2,0.06348525732755661,0
Q6EP66:Q2QYR1,0.018118618056178093,0
Q6L5F5:Q7EZD5,0.07073356956243515,0
Q7XU38:Q6Z1Y6,0.016342058777809143,0
B9F4I8:Q7XSS9,0.5182244181632996,0
Q7EZR4:Q851J8,0.014119069091975689,0
Q7XUU0:Q9LRE6,0.01882517896592617,0
Q69Q02:Q84ZN6,0.01608934812247753,0
Q655X0:Q656A5,0.06065956503152847,0
Q84M47:Q6H8D5,0.05246328189969063,0
Q0DHL5:Q5ZAY0,0.0237911194562912,0
Q9AV39:A0A0P0X004,0.022107897326350212,0
Q0E476:Q6ZD89,0.47171369194984436,0
Q0JGK4:Q8GSD9,0.01503275241702795,0
Q5VND6:Q7Y0Y6,0.3590679168701172,0
Q0DV32:Q7XH85,0.057154472917318344,0
Q75LR2:B9G2E6,0.013463586568832397,0
Q6AT33:Q01883,0.2064472883939743,0
Q6ASW7:Q69XL1,0.5304853320121765,0
Q2QNC3:Q8LIL0,0.012497949413955212,0
B9G4B3:Q10KN8,0.4464746415615082,0
Q8GU82:Q8S920,0.18056069314479828,0
Q0DA50:Q69RJ0,0.16581815481185913,0
B7EIH2:Q6K5G8,0.01908198930323124,0
Q84PD0:Q851C7,0.05752608925104141,0
Q08479:Q84T68,0.11744103580713272,0
P93438:Q0J0K1,0.06605345010757446,0
A3AZ89:Q0JGI1,0.5420121550559998,0
Q5NAZ9:Q6Z8K4,0.013834101147949696,0
Q6AUQ4:Q7XIZ1,0.2049545794725418,0
Q5NAY7:Q84PB7,0.021330712363123894,0
Q0JL44:Q9ZTP5,0.13530832529067993,0
Q6Z7W3:Q75LX7,0.10181766003370285,0
Q6AVM3:Q0JL44,0.5722017288208008,0
Q7XAP4:Q40703,0.1108112707734108,0
Q75IZ7:Q6ATR0,0.7136439681053162,0
Q3T5N4:Q0JKZ0,0.25633519887924194,0
Q0J233:Q6Z1C0,0.27990013360977173,0
Q7XQA6:Q7XX84,0.3784298300743103,0
B7EJ91:Q7X7N3,0.13791151344776154,0
Q94LP4:Q7XMJ2,0.02879307232797146,0
Q0DGG8:Q8H3E5,0.017385561019182205,0
Q0D3D2:Q69L99,0.01999666355550289,0
Q0DAS9:Q75IZ7,0.018428653478622437,0
Q9LWR0:Q8GT06,0.23140262067317963,0
P0C328:Q8S0J7,0.03797142207622528,0
Q10QF2:Q69QQ6,0.2878684401512146,0
Q10NY2:Q5NBM8,0.723309338092804,0
P0C470:Q6Z5I7,0.014773274771869183,0
Q0JQ97:Q53N90,0.012946865521371365,0
Q75LU5:Q9LD07,0.01666410267353058,0
Q6EP77:Q9ZTS1,0.08774778991937637,0
Q7XTS3:Q7X7H9,0.013929684646427631,0
Q7FMW4:P29618,0.3158828616142273,0
Q6K6S5:Q2QYW2,0.2793940007686615,0
C7J8E5:Q84LK7,0.05504405498504639,0
Q6H6R9:Q2RBE3,0.2774403393268585,0
Q84VK7:Q5QNI5,0.014391026459634304,0
Q6Z8D0:Q9LL45,0.021829014644026756,0
Q8S2G4:Q0INY7,0.016142386943101883,0
Q8H507:Q5N7A7,0.013164462521672249,0
Q5ZEM1:Q336N8,0.22382047772407532,0
Q75M01:Q6Z2J3,0.016749126836657524,0
Q5JNT6:Q75HX5,0.07664524763822556,0
Q650T9:Q9ZTP5,0.11909327656030655,0
Q7XKC8:P0C5D1,0.043136004358530045,0
Q65XV7:Q6ZK48,0.25438806414604187,0
P07730:Q0DBU3,0.033743586391210556,0
Q75LV5:Q6AWY2,0.1606634110212326,0
Q5DJV7:Q84M47,0.4787774980068207,0
Q5N6V8:Q08479,0.044840604066848755,0
Q851S8:Q7XR80,0.019100705161690712,0
Q0DHE3:Q0JAI1,0.017923228442668915,0
Q84QA7:Q6Z1D5,0.3043271005153656,0
Q8S919:Q69Y99,0.4562019407749176,0
Q5QM84:Q9ST27,0.4688543379306793,0
Q6ZIB9:Q5JK20,0.018088873475790024,0
Q6IVC2:Q7XN54,0.014190346002578735,0
Q8GSD9:Q9ZTS1,0.034632373601198196,0
Q75KR1:Q6L8G1,0.016181830316781998,0
Q10R17:Q6K1C4,0.018621481955051422,0
Q7PC69:Q6ETK9,0.016835326328873634,0
Q84T68:Q9LWM4,0.5672303438186646,0
Q5Z5C9:Q0J059,0.013006838038563728,0
Q69T31:Q7XRH8,0.022058825939893723,0
Q7XBA5:Q8LNU5,0.031822167336940765,0
Q69T31:A3C053,0.012213476933538914,0
Q0JDM0:Q5ZAQ2,0.017345765605568886,0
Q0J3Y7:Q5ZC86,0.15714149177074432,0
Q3HRN7:P31110,0.02900538221001625,0
Q8S0S6:Q6K6K7,0.3462570309638977,0
P48494:Q5ZBY9,0.050253089517354965,0
Q0E342:Q40704,0.924157440662384,0
Q5Z8V7:Q6Q9I2,0.43633824586868286,0
Q7XE35:Q6QHD1,0.016538886353373528,0
Q0E2Y1:Q2R8L1,0.012857389636337757,0
Q02897:Q7XTH4,0.01604117639362812,0
Q2R0D2:Q9FUD1,0.024291178211569786,0
Q8L4S2:Q10G81,0.46541962027549744,0
Q6K7R9:Q0DJY3,0.012488121166825294,0
Q65WT5:Q2QVG9,0.21342657506465912,0
Q658G7:Q40742,0.05755958706140518,0
Q5VP70:Q8LNZ3,0.07697011530399323,0
Q9LD61:Q339W7,0.03854036331176758,0
Q8VWH2:Q5Z8N6,0.015536314807832241,0
Q5Z8P0:Q942F8,0.12884768843650818,0
Q8LIY0:P0C383,0.012143773958086967,0
Q5N892:Q6J1A5,0.012397125363349915,0
P0CD22:O82117,0.014129439368844032,0
Q10QW3:Q53JF7,0.01833837293088436,0
Q6L589:Q7XBH4,0.7916054725646973,0
Q7XLR1:Q84T92,0.45225009322166443,0
Q2R2Z4:Q6Z3U3,0.02545003406703472,0
Q60EC2:Q0JKT4,0.017062542960047722,0
A3AZ88:Q7F0H8,0.02326965145766735,0
Q69L87:Q942X8,0.4873511493206024,0
Q53NK6:Q5QNB8,0.5201131701469421,0
Q2QNS6:Q6H6S3,0.3105752170085907,0
Q688L5:Q6AVD0,0.012528452090919018,0
Q0E342:Q84PB7,0.05722786858677864,0
P0C482:Q5N9W4,0.01405110489577055,0
Q5ZAJ0:Q69S43,0.36754390597343445,0
Q6F334:Q8RZ40,0.3280014991760254,0
Q94CV1:B9G4B3,0.023091236129403114,0
O82143:Q6ZDJ7,0.22916531562805176,0
Q2QSR8:Q688T8,0.012964151799678802,0
Q0JCC3:B9F2L1,0.28587931394577026,0
Q7EZW6:Q2R0K3,0.015321976505219936,0
Q67UE8:Q10EF2,0.01684853993356228,0
Q5QLR2:C7J6G6,0.013289439491927624,0
B9G300:Q65WW7,0.018748421221971512,0
Q10J20:Q7XAK4,0.3155013918876648,0
Q10JI3:Q6H595,0.38642576336860657,0
Q8LQ74:Q6I621,0.5826767086982727,0
Q6ETL2:Q5NAZ7,0.017253059893846512,0
Q2QXY1:Q6H8D6,0.2779953181743622,0
Q2R065:Q0DRX6,0.014005295000970364,0
Q0DWH1:Q9ZP20,0.057041656225919724,0
P47909:Q6Z244,0.012243098579347134,0
Q2QN30:Q9AS75,0.3237575888633728,0
Q10N21:B9G5Y5,0.020240940153598785,0
Q6K9N6:Q7EXZ4,0.015017881989479065,0
B9FKM7:Q94E96,0.5088640451431274,0
P37890:Q6Z382,0.014321289025247097,0
Q8H7N9:Q6ERS4,0.5515738129615784,0
Q6Z4U4:Q8H991,0.09696798771619797,0
Q69KN0:E3VXF2,0.0995430126786232,0
Q7XKD0:B9FGV7,0.027190569788217545,0
Q94LP4:Q6EU94,0.17491398751735687,0
Q0JIL1:Q2KNB4,0.0314042791724205,0
Q9ST27:A3A2Z8,0.30328771471977234,0
Q10Q71:B9FFA3,0.4826897084712982,0
P40393:P0C541,0.6507959961891174,0
Q7XP01:Q7X9A8,0.7570902109146118,0
Q69TF4:Q7XDY9,0.025375619530677795,0
Q2QMH2:Q5N8J3,0.024222025647759438,0
Q6Z2J1:Q6AV21,0.6063922047615051,0
Q6ZCX3:Q8RYM9,0.014006191864609718,0
A0A0P0VG31:Q10NB9,0.04165225848555565,0
Q67WM9:B7F6L8,0.013068169355392456,0
B9FCV3:Q10NY2,0.027738187462091446,0
P0C579:Q7XSZ4,0.013791176490485668,0
Q5Z9J0:Q8H594,0.6579734086990356,0
A3AJ77:Q0JJS8,0.03527636080980301,0
Q688S6:Q10Q65,0.015859216451644897,0
B9FS33:Q67X40,0.026137633249163628,0
Q0JKD0:Q6K8D9,0.01851429045200348,0
Q84PB6:O64937,0.02626809850335121,0
Q84QA7:Q0JDC6,0.018900597468018532,0
O04138:Q8LQ36,0.023429466411471367,0
P0C401:Q53PC6,0.0240947138518095,0
Q9LGU7:P49027,0.2005772590637207,0
Q6Z2T8:Q6ESR4,0.020788809284567833,0
Q69IL4:Q7X8Z8,0.048847001045942307,0
Q6Z2J3:Q7X6B6,0.015081685967743397,0
A4PBL4:Q5W7C1,0.01900332048535347,0
Q7XI96:Q75GT2,0.09210282564163208,0
A0A0P0WFC8:Q2HWG0,0.559971272945404,0
Q6YZM6:Q8RYM9,0.020098695531487465,0
Q5W6L9:Q6YZB2,0.017659330740571022,0
Q0J7T6:Q6AWY7,0.09275475144386292,0
B7F6L8:Q6ZFU6,0.013256956823170185,0
P49397:Q7XKU5,0.08912122994661331,0
Q5KQH7:Q7X8D4,0.021865323185920715,0
Q7XUU0:Q0DKF0,0.012880714610219002,0
Q75IV7:Q6ZC03,0.01814337633550167,0
B9G125:Q6I5Y0,0.1839735507965088,0
Q0E0C6:Q0JAD9,0.013858988881111145,0
Q0D8N0:Q6YVX4,0.3705444633960724,0
Q10B67:Q7XGS4,0.011805412359535694,0
Q5N8G1:Q851S2,0.014417809434235096,0
Q8LMR3:Q6ZL94,0.15410922467708588,0
Q7XP65:Q8W0W3,0.038110073655843735,0
Q0JE32:Q10PP8,0.03707614541053772,0
Q9AS75:P49199,0.14395245909690857,0
A0A0P0XII1:Q6Z2T6,0.022687172517180443,0
Q53MH8:Q9LDU0,0.03771787881851196,0
Q7X7H9:Q5Z922,0.02782224491238594,0
Q8H384:Q10PZ6,0.0164671428501606,0
Q0JGI1:Q764B9,0.014596662484109402,0
Q94DE2:Q6H874,0.013985699974000454,0
Q6Z2T9:Q65WX1,0.025628719478845596,0
Q8LNI5:P20907,0.020714690908789635,0
Q7EXZ2:Q84P73,0.09272382408380508,0
Q0IQB6:B9FAF3,0.5994380116462708,0
B9G193:Q6Z6L1,0.01984384097158909,0
Q7XSK0:Q6Z4A7,0.01771647296845913,0
Q5JL96:Q9LL45,0.19290050864219666,0
Q5VS72:Q9AR88,0.012686632573604584,0
Q0JPT4:Q7XQ12,0.050160180777311325,0
C7J4U3:Q10RX7,0.015764771029353142,0
B9EUM5:Q0DKF1,0.28084105253219604,0
Q6L5E5:C7J0P3,0.05798270180821419,0
Q8H6G8:Q84T78,0.03519009053707123,0
Q5ZA21:Q6K972,0.19848249852657318,0
Q656A5:Q658H5,0.03506340831518173,0
P0C133:Q7XKU5,0.6363686323165894,0
Q9AWS7:Q0JHU7,0.9497537612915039,0
Q94FT8:Q9LWU9,0.4304717183113098,0
Q6ZIQ1:Q2RAP3,0.4150211811065674,0
Q5VN46:P0C579,0.011899778619408607,0
Q0DJ45:Q53QK0,0.024216927587985992,0
Q69K55:Q6Z6K4,0.012804241850972176,0
Q7G4P2:Q6ZJU3,0.0525166392326355,0
Q84S18:Q0J0G2,0.013512439094483852,0
Q9AV81:Q7X8P2,0.49814510345458984,0
Q53P09:Q10R54,0.017305349931120872,0
Q655S1:Q8S6P9,0.013769926503300667,0
Q948T6:Q69RJ0,0.019258080050349236,0
Q7XDH8:Q94LR4,0.017599863931536674,0
Q0DWH7:Q2R2W1,0.16111265122890472,0
Q0D9J1:Q0J8G4,0.029028285294771194,0
Q6YVJ0:Q5NBI2,0.05152955278754234,0
Q6Z965:Q8GU85,0.015166196040809155,0
A4PBL4:Q69XQ3,0.1826872080564499,0
Q7XSA2:P0C467,0.013472179882228374,0
Q7XKS9:Q75HC2,0.028821760788559914,0
Q5Z6G5:Q75LR7,0.7824375033378601,0
Q67X31:Q0JHP8,0.13610607385635376,0
F1SZ44:Q9LRI7,0.015290023759007454,0
Q0D7E4:P93844,0.027704913169145584,0
Q6YSA9:Q6ATR0,0.014203283004462719,0
Q7XPM8:P0C5D1,0.18163469433784485,0
Q339D2:Q10MI0,0.014801660552620888,0
Q10MW3:Q7XSB2,0.014381716959178448,0
Q0JMH0:Q2R2Z4,0.03894611820578575,0
Q2QNK7:Q94DT9,0.012134136632084846,0
W0RYD3:Q2RA93,0.016071857884526253,0
Q10KY3:Q942F3,0.33833155035972595,0
P0C291:E5RQA1,0.44069966673851013,0
Q0JMH0:Q2RBJ2,0.02112904004752636,0
Q653S3:Q69TI0,0.113228939473629,0
Q0D9J1:Q9FRG8,0.01780812256038189,0
Q6Z7L3:Q6ATB2,0.2476612627506256,0
Q0JIC2:Q5N855,0.02490207366645336,0
Q8LMR9:Q5Z6A4,0.9356118440628052,0
Q67UK2:Q84S18,0.038728829473257065,0
Q5W659:Q75WU1,0.07917358726263046,0
Q852L2:Q0INM3,0.012537245638668537,0
Q6Z6W2:Q7Y0V9,0.7778900265693665,0
Q7F4F8:Q10T43,0.0247641634196043,0
Q9ZST1:Q5NTH3,0.015822552144527435,0
Q10MC0:Q8S2G0,0.015519964508712292,0
Q0DKW8:Q9FWV6,0.4558786451816559,0
Q2R2B4:A3C4N5,0.4802893102169037,0
Q5VNU3:E5RQA1,0.13676880300045013,0
Q7XC51:Q7XV13,0.20301905274391174,0
Q84P99:P0DH88,0.02501404844224453,0
Q5N749:Q852M4,0.013921468518674374,0
Q69NP0:Q6YYX9,0.22577157616615295,0
Q5QNI1:Q67UF5,0.08692282438278198,0
Q2RB94:Q84P60,0.5603089332580566,0
Q0JG75:A3BUD2,0.01445907074958086,0
Q0D3J9:Q8GT95,0.14026756584644318,0
A3BUD2:Q10HL3,0.13610875606536865,0
Q69XV9:B9EUM5,0.012886076234281063,0
Q6PS57:Q8H7U1,0.28629541397094727,0
Q84J54:Q336P2,0.5083727240562439,0
Q5W7C3:Q6YWF1,0.02569984272122383,0
Q10KF0:Q10RB4,0.017278367653489113,0
Q6Z234:Q8LQ74,0.397830069065094,0
Q5JL08:Q6Z746,0.044626928865909576,0
A3ABE1:Q5N8Q3,0.012162680737674236,0
Q6ZCF0:Q5N941,0.013383193872869015,0
Q7XEK4:Q2QN30,0.03550517186522484,0
Q84PB2:Q6ZLA3,0.0145156504586339,0
Q2QXL0:Q7XZZ3,0.5941455960273743,0
Q7X923:Q0JD42,0.05135543271899223,0
Q8LN25:Q6ZHE5,0.040804289281368256,0
Q69JZ7:B9EUM5,0.05291391536593437,0
Q60DY1:Q75K32,0.013751529157161713,0
P17048:P12085,0.01346472930163145,0
Q5VP70:Q6K833,0.02868666686117649,0
Q6YZA6:Q6Z2K1,0.015031518414616585,0
P37834:A3BDI8,0.020352911204099655,0
Q2QQR2:Q6ZJJ0,0.018293162807822227,0
Q8S3Q9:Q6YZB2,0.01631857268512249,0
Q5N897:Q6Z9R8,0.8200598955154419,0
Q8S3R2:Q10MB4,0.031410060822963715,0
Q2RAP3:Q8S0G4,0.19532440602779388,0
Q84M85:P0DKK8,0.0656631663441658,0
Q2R075:P0C301,0.05827690288424492,0
O04986:Q0DAE4,0.04574532061815262,0
Q941V3:P12194,0.013725410215556622,0
Q7XV13:Q75LX7,0.2750492990016937,0
Q10Q78:Q10S82,0.014437029138207436,0
Q7XSQ9:Q10RI7,0.4285270869731903,0
Q42972:Q5VRM0,0.0600300207734108,0
Q69T30:Q5ZAY9,0.0961259976029396,0
B9F6Z0:Q84P96,0.027832461521029472,0
Q6K4V3:Q9XEA8,0.06272490322589874,0
Q7XZZ1:Q7XHL3,0.01650417596101761,0
Q6Z234:A1A696,0.018586495891213417,0
Q10R47:Q94LP4,0.09526435285806656,0
Q10KF5:Q5NA06,0.031233197078108788,0
P46801:Q4PNY1,0.012146214954555035,0
P56724:Q2HWG4,0.019492078572511673,0
Q5TKP8:Q9ZTP5,0.01872950606048107,0
Q75H81:Q84UL5,0.1851973980665207,0
Q8RZ35:Q6I587,0.4416123330593109,0
O48653:Q6ZGU9,0.012587706558406353,0
Q0JDK9:Q0JA81,0.013473167084157467,0
A3AZW5:Q8LNI5,0.10336776077747345,0
Q7Y0V7:O82117,0.8312921524047852,0
Q5VNJ0:Q84YK8,0.01489492692053318,0
Q338B9:P27939,0.1787538379430771,0
Q7Y0W5:Q9SSX0,0.1396595686674118,0
Q6Z715:Q67UL3,0.01470464002341032,0
Q0J7T6:Q9ZST0,0.015529783442616463,0
Q7XP52:Q6AV18,0.07247009873390198,0
Q10Q78:Q10L32,0.016862375661730766,0
Q7XPJ0:Q0JHU5,0.037443388253450394,0
Q6ZCC4:Q339M6,0.012585039250552654,0
Q0D4T4:Q10D80,0.5810797810554504,0
Q942P9:Q0J9Y2,0.0514732263982296,0
Q7F7I7:Q6ZIQ1,0.5881657600402832,0
P12173:Q8LIF2,0.021144932135939598,0
Q7XHX9:Q69JW2,0.15776339173316956,0
Q0DZ85:P0DO27,0.011706508696079254,0
Q10D00:Q53JY8,0.020453741773962975,0
Q60E34:Q2QNE3,0.012508583255112171,0
B9F1C0:C7J3A2,0.013130100443959236,0
Q2QQX6:Q7EZ57,0.686721920967102,0
Q0DGS1:Q5QNA6,0.16113875806331635,0
Q10LF7:Q6ET36,0.0676380917429924,0
Q6H874:Q7XRU4,0.03574828431010246,0
Q68Y52:Q40665,0.5321458578109741,0
Q7XYS3:Q6AWY4,0.016487006098031998,0
Q10DV7:Q8H7U1,0.7012428641319275,0
Q7XU38:Q40682,0.01474860217422247,0
Q8S2E5:Q0DXZ1,0.013561993837356567,0
Q6AWY7:Q9XEA8,0.01631646417081356,0
Q10SM7:Q0E0A6,0.01718096062541008,0
Q10B98:P35687,0.07890943437814713,0
Q0JKI9:Q9FTZ2,0.01614495739340782,0
Q6ZLC4:Q5JN63,0.03649294003844261,0
Q84P79:Q943W1,0.014672058634459972,0
Q7XV05:Q6K990,0.06357967108488083,0
Q8GVY2:Q6YZ49,0.1718265265226364,0
Q5NAW2:Q7XUG1,0.024743443354964256,0
Q6ZLA7:P0C5C6,0.027080703526735306,0
Q40702:Q6ZIB9,0.01352053601294756,0
Q0D840:Q7XHR2,0.5014893412590027,0
Q10L32:Q0INT0,0.37381383776664734,0
Q65XV8:Q6Z3Y6,0.017157752066850662,0
Q6K678:Q7XUC5,0.0540640726685524,0
Q69T31:Q6Z9D2,0.04784775897860527,0
Q0E3F8:Q5JMF2,0.3621729016304016,0
Q6YYX9:Q7XIZ1,0.2728058099746704,0
Q7Y180:P35681,0.20092268288135529,0
Q2R374:Q2QM77,0.23078934848308563,0
Q6ATB2:Q5VRH4,0.03375248238444328,0
Q75LV5:B9GAG9,0.14430034160614014,0
Q6H7M3:Q0J0H4,0.1384238302707672,0
Q7XN53:Q6Z808,0.03833400830626488,0
Q10CE4:Q0ILQ6,0.24298377335071564,0
Q5VRI5:B9FHF3,0.01521835196763277,0
Q0DK16:Q0J8M2,0.46099987626075745,0
Q8RU33:Q5W736,0.5455476641654968,0
Q6AT33:Q0DYK7,0.8599603772163391,0
Q75IQ4:Q7Y0Y8,0.10025396198034286,0
O04433:Q69UE6,0.01811346411705017,0
Q6ZFZ4:Q6Z4K6,0.020378297194838524,0
Q5VQL3:Q6L5F5,0.013588753528892994,0
Q6L5B5:Q7XDZ7,0.022905539721250534,0
Q75L11:Q6K332,0.03795131668448448,0
Q6Z310:Q0JBP5,0.013079009018838406,0
Q7XAQ6:Q6EPZ2,0.8999766707420349,0
Q2QLY5:Q75LL6,0.07627524435520172,0
P93844:Q7XW27,0.28531983494758606,0
Q6YX89:Q7XEK4,0.012664750218391418,0
Q6PS57:Q0DUR2,0.4771336615085602,0
Q5KQN0:B9EXZ6,0.08400542289018631,0
Q7F9I1:Q2QYR5,0.019398778676986694,0
Q6AVK1:Q69QB8,0.2565324604511261,0
Q652J4:Q7XMJ2,0.012935328297317028,0
Q7XDY9:Q6H7U5,0.575474202632904,0
Q3HRP5:Q8W3F9,0.17411883175373077,0
Q0DHB7:Q84PB2,0.012271094135940075,0
Q7Y0E8:Q6K678,0.056542813777923584,0
Q3HRP5:Q10JI3,0.2613474428653717,0
Q2QQ99:Q2R0D4,0.013591605238616467,0
Q2QMX9:Q67UP9,0.16185536980628967,0
Q10MC0:Q852L0,0.018040424212813377,0
Q5Z8V7:Q6K9C1,0.028107618913054466,0
Q67WJ2:Q338C0,0.03139504790306091,0
Q10E64:Q0DJY3,0.0177364032715559,0
Q75M01:Q5N870,0.014688960276544094,0
Q8LQ68:Q5Z974,0.10926878452301025,0
Q6K4T4:Q0J8A4,0.03561823070049286,0
Q9LD07:B9G4M9,0.011823962442576885,0
Q7X996:Q69RI8,0.13402621448040009,0
Q5ZC86:Q6I5B2,0.032345663756132126,0
Q0IP28:Q9AS36,0.04197540134191513,0
Q6VMN7:Q75GK0,0.041141558438539505,0
Q339M6:Q10SM2,0.017289718613028526,0
Q7Y1Z1:Q7XPL2,0.021549804136157036,0
Q8GSQ1:Q2QNG7,0.014520242810249329,0
Q10KF0:Q0J6N4,0.11740598827600479,0
Q6AVD0:Q0JMR0,0.011682986281812191,0
Q10M50:Q0D3S3,0.01466138381510973,0
Q0D9C4:Q7XI40,0.042067062109708786,0
Q69UI8:Q8LNI5,0.3632447421550751,0
Q69WI0:Q10QW3,0.5304921865463257,0
Q5Z676:Q6Z4G8,0.08381212502717972,0
Q0IQN6:Q0J185,0.0586380735039711,0
Q84SC3:Q5N855,0.024423819035291672,0
Q84P97:Q0E342,0.04006744921207428,0
P0DKK6:Q0DFC9,0.025955868884921074,0
Q0D3N0:Q65XV7,0.06403512507677078,0
Q69XJ0:P0C464,0.020378436893224716,0
Q2R482:Q2QYL8,0.6664276123046875,0
Q8H7U1:Q67X79,0.33360204100608826,0
Q53WK1:Q0JH50,0.013809389434754848,0
Q5VMP0:Q75IC7,0.014845045283436775,0
P93438:P0C1U5,0.02059965208172798,0
Q7XSR9:Q7XMK3,0.10545899718999863,0
Q0JL46:Q75HJ4,0.017466982826590538,0
Q53NI2:Q67U94,0.22916975617408752,0
Q6L534:Q9ZTS1,0.0137075399979949,0
Q6L5F7:Q0JEF7,0.03603839501738548,0
Q6YZZ6:Q0DBF4,0.012557156383991241,0
Q6ATG6:Q6Z5P2,0.10551642626523972,0
Q0JKT4:Q6UTZ2,0.02277679741382599,0
Q8LNV6:Q75HV0,0.021787701174616814,0
Q852A1:Q6ZCZ2,0.1653374880552292,0
Q60EC2:Q944S9,0.014502601698040962,0
P60137:Q0JEF7,0.01584118790924549,0
Q0DKE8:Q5JK68,0.4105457365512848,0
Q6YXY2:P12203,0.02514212764799595,0
P0C497:Q84TV4,0.022860581055283546,0
Q84Q83:Q94LG1,0.03553110361099243,0
Q7XPZ4:Q0DM48,0.012335378676652908,0
Q6K3R9:Q75J39,0.03649945929646492,0
Q5ZDJ6:Q0J3L4,0.025180190801620483,0
Q84P99:Q9XJ60,0.01876101829111576,0
Q6K4V2:Q53Q32,0.03490108251571655,0
Q7G737:A0A0P0XII1,0.11786987632513046,0
Q8LI30:Q8S625,0.08736087381839752,0
Q6K5X1:Q7F613,0.0168423093855381,0
Q2QY53:Q652Q0,0.35595786571502686,0
Q9LIW7:Q8H8C7,0.012108856812119484,0
Q10Q46:P40392,0.031501125544309616,0
Q67VC8:P12153,0.015954531729221344,0
P07730:Q6L4L4,0.06563927978277206,0
Q9AR88:Q6K8S5,0.016838451847434044,0
A3ABE1:Q0JKK6,0.05557670816779137,0
Q2RBJ2:Q84UR0,0.03392677381634712,0
Q8GU88:Q69T94,0.026046929880976677,0
Q6QHD1:Q6Z1Y6,0.23172970116138458,0
P49216:Q0E3M2,0.04953831061720848,0
Q7XU27:Q0E0Y3,0.03269568830728531,0
Q5W6L9:Q0J1C1,0.02235516346991062,0
Q6ZIU9:B9FU45,0.3430953621864319,0
Q0DG05:A3C053,0.012080672197043896,0
Q10SR3:Q0J7N5,0.4627700746059418,0
Q0DXS3:Q2HWG4,0.029496019706130028,0
Q10KN8:Q5NAT8,0.07743770629167557,0
Q0D4B2:O24174,0.22584164142608643,0
Q0JPA6:Q84MP7,0.03759967163205147,0
Q7XPK7:Q8H2P8,0.02153121866285801,0
Q84ZA1:Q8LQQ2,0.1663900464773178,0
Q53KS9:Q0J0N4,0.012225991114974022,0
Q2QUS0:Q8GSL4,0.05061047151684761,0
Q9AUV6:Q6ZIB5,0.06512334197759628,0
Q688R3:Q942X4,0.018555978313088417,0
Q10RB4:Q6YUB8,0.01461397111415863,0
Q6K3B1:Q58G87,0.10072477161884308,0
Q84KJ7:I6PL68,0.0937003642320633,0
Q6K4T4:Q8VWG4,0.045113515108823776,0
P0C541:Q8H0B2,0.11914395540952682,0
Q7XMI0:P93771,0.02266012504696846,0
Q69VD9:Q10D80,0.7287728190422058,0
Q84LK7:Q10QA5,0.022804023697972298,0
Q0J185:Q0J998,0.05380529165267944,0
Q84PD6:Q7XDY9,0.05935627222061157,0
Q8S9S4:Q7XLR1,0.39558932185173035,0
Q84T92:Q0JGZ6,0.23407550156116486,0
Q7XWU3:Q2KNB9,0.02232683077454567,0
Q2QM59:Q5N863,0.10825186967849731,0
Q7XTY9:Q7XC51,0.05077346786856651,0
Q6Z382:Q653P0,0.0868181437253952,0
Q6ATB4:Q7XQN1,0.17138853669166565,0
Q6Z2T8:Q69QB8,0.0864754170179367,0
Q5KQI4:Q0J952,0.3513288199901581,0
Q6Z348:Q0DKE8,0.11687548458576202,0
Q0JIC2:Q84MQ9,0.9408273100852966,0
Q6AVI8:P0DH89,0.39670079946517944,0
Q7XLR1:Q7EZT1,0.23932479321956635,0
Q2R0Q1:Q6ZFU6,0.19027899205684662,0
Q0E3I9:Q69TB1,0.015596053563058376,0
Q69S43:Q0D9V6,0.5039054155349731,0
Q67UX7:Q75GE8,0.7894181609153748,0
Q6EUH7:Q10M74,0.024723082780838013,0
Q0JBY9:Q6K2E8,0.028958309441804886,0
Q10S55:Q84PC4,0.014183170162141323,0
Q7X993:Q0DIV0,0.11375527828931808,0
Q10M74:A9UGV6,0.01236144918948412,0
Q10SM2:Q0J6N4,0.08803484588861465,0
P18566:Q7XIW5,0.20297689735889435,0
Q8S2G4:Q40637,0.012194054201245308,0
Q10LJ2:Q6H612,0.014721742831170559,0
Q0JD14:Q6K8S3,0.3237083852291107,0
Q67J19:Q7XR02,0.0353662446141243,0
Q6K9C1:A2PZN8,0.12141001224517822,0
A3BMN9:Q2R2B4,0.18354223668575287,0
C7J4U3:A1YTM8,0.012099853716790676,0
Q7XR80:Q5N808,0.014238374307751656,0
Q94JI5:Q5Z8S0,0.07176368683576584,0
Q6EP58:Q65WW7,0.015203314833343029,0
Q10BA8:Q9FTZ2,0.015378681011497974,0
Q6ATW6:Q0JDK9,0.017034335061907768,0
Q7XBY6:Q7XKK6,0.7744292616844177,0
Q6Z0Q9:Q0J290,0.02395535446703434,0
O81277:Q69XM7,0.016113264486193657,0
Q0E0P0:Q5SMI4,0.01230175793170929,0
Q6Z2L1:Q2R075,0.18446683883666992,0
Q5SMU7:B6F107,0.8444707989692688,0
Q53P85:Q2R3B4,0.4063796103000641,0
Q6EU14:Q9SNQ2,0.07931740581989288,0
Q6AU80:Q7XM13,0.023813506588339806,0
Q8H0B6:P0C0L0,0.020249946042895317,0
Q2QXY3:Q5ZAY9,0.17303399741649628,0
Q0IUB5:P0C440,0.03754694387316704,0
Q5VNU3:Q94LW4,0.32580772042274475,0
Q7XZG6:Q64MA1,0.012395042926073074,0
Q7XUN2:Q5Z676,0.8415317535400391,0
Q7XTQ5:Q6K833,0.012356593273580074,0
Q6ZKC0:P45960,0.8987894058227539,0
Q6Z4G7:Q6Z345,0.019909245893359184,0
B9FTR1:Q0JKD0,0.015721464529633522,0
Q7XQ12:Q6ZFU6,0.05340162664651871,0
Q6L5E5:Q6Z0D2,0.5645381212234497,0
Q8GVZ8:Q9ARZ9,0.08908288925886154,0
Q0JNI9:Q84TB6,0.38141798973083496,0
Q69Q47:Q0D3J9,0.6922798156738281,0
Q0PVB3:Q6H7E4,0.3648943603038788,0
Q6ZJ08:Q0INY7,0.019854141399264336,0
Q52QH4:Q6YTY3,0.6346896886825562,0
Q84UT5:Q75HB1,0.017135081812739372,0
Q2QQA3:Q6K1C4,0.014187444932758808,0
Q4PR49:Q0J8J8,0.013594512827694416,0
Q8VXB1:Q689G6,0.018939008936285973,0
Q65XA0:Q2QNM3,0.015373549424111843,0
Q10EF2:Q7XPW5,0.11069103330373764,0
Q6YYB0:Q0JMY8,0.05441248044371605,0
Q84MQ9:Q02897,0.1537742018699646,0
Q7XM16:Q5NBI2,0.09316165000200272,0
Q6K762:Q0DIQ5,0.023386193439364433,0
Q5Z6X0:Q69S43,0.9082366824150085,0
Q2RBG8:Q0IQF7,0.29630160331726074,0
Q0IMS9:A3BYC1,0.3488714098930359,0
Q6Z401:Q6K9T0,0.08908108621835709,0
Q2R4Z8:Q7XD99,0.012529337778687477,0
Q942N7:Q5N7A3,0.016196174547076225,0
Q6EU39:Q5WMW5,0.018182748928666115,0
Q5VMP0:P0C2Z0,0.013165299780666828,0
Q60DY1:Q658I5,0.012323091737926006,0
Q42993:Q5W676,0.026047473773360252,0
Q69QB8:Q5NAY4,0.13488125801086426,0
Q6YZF3:Q69NX5,0.036750610917806625,0
Q94EC4:Q7EYP9,0.049889273941516876,0
Q6YV23:Q5VQK9,0.012427368201315403,0
Q0J0N4:Q0E4Q5,0.014559286646544933,0
Q651J5:Q6YTQ4,0.016363056376576424,0
A3AGM4:Q6AU07,0.31426504254341125,0
Q2QUN2:Q7XUR2,0.020543662831187248,0
Q336M7:Q2R8L1,0.014273571781814098,0
Q942X8:Q60DX1,0.01324863638728857,0
Q0E3X4:Q6K7E6,0.2410740703344345,0
Q7XXN4:Q5Z980,0.017744898796081543,0
Q10M41:Q6L5B1,0.11814901977777481,0
Q5NBT9:Q6Z5I0,0.1440332680940628,0
Q5N8Q3:Q69T21,0.10755419731140137,0
Q7XKI5:Q08479,0.46851274371147156,0
Q7XC54:Q5Z5I4,0.9682852029800415,0
Q6AU80:P0C337,0.016505392268300056,0
Q7XPE8:Q7X8R5,0.41870227456092834,0
Q5W6F1:Q84KJ7,0.014858275651931763,0
Q6ZJS7:B9G3M6,0.03330516070127487,0
Q338N2:Q0JBF0,0.8747462630271912,0
Q5K4R0:A3BUD2,0.6837307214736938,0
Q761Z9:Q6YVX7,0.30204465985298157,0
Q60F23:Q40703,0.15389816462993622,0
Q7XPW8:Q5NAY7,0.024282976984977722,0
Q8RZV7:Q6ZCR3,0.04393520578742027,0
Q2QQ99:Q69U54,0.01574031077325344,0
Q5Z974:Q67W50,0.04575176537036896,0
Q6F4F5:O80416,0.024130970239639282,0
Q7PC73:P0C467,0.01247333362698555,0
Q5QMP3:Q9FNU2,0.022206192836165428,0
Q0JDA2:Q7XSJ6,0.06396462768316269,0
B9FXT3:Q653H7,0.7999163269996643,0
Q6ZBZ2:Q6ASS2,0.034484993666410446,0
B9FKW9:Q6Z1D5,0.7933254837989807,0
Q0ILZ4:Q53PH2,0.29285556077957153,0
Q2R4Z4:Q68Y48,0.014314410276710987,0
Q2RBN7:Q7XQ88,0.06295498460531235,0
Q8S9Z2:Q6I581,0.01752483658492565,0
Q2R3A1:Q9LG41,0.029822278767824173,0
Q10MB4:Q2QT65,0.7742087244987488,0
Q5ZCL8:Q652Q0,0.013221985660493374,0
Q6ZIX2:Q10C37,0.04430849105119705,0
Q8S1V1:Q5QLR2,0.016632501035928726,0
A3B9A0:Q8LMR9,0.9618759155273438,0
Q5WA76:Q6ZHE5,0.015237772837281227,0
Q5VR07:Q7XAK4,0.5293120741844177,0
Q6Z0I4:Q40680,0.03232214227318764,0
O65857:Q6AWY4,0.027103040367364883,0
Q6K990:Q94J16,0.3157314360141754,0
Q6ATS0:Q6YV88,0.022188998758792877,0
Q0J7P4:Q84MH1,0.29434725642204285,0
Q5Z8L1:Q6L4N4,0.47126349806785583,0
Q7XLR1:Q9SDD6,0.5283102989196777,0
Q84YK7:Q10BU2,0.01273317076265812,0
Q5JJY5:Q6ZGY0,0.017836039885878563,0
Q7XUJ2:Q84PA2,0.012167463079094887,0
Q10MW3:Q6YZ54,0.31145280599594116,0
Q6ER21:Q652A8,0.07174306362867355,0
Q7X8Z8:Q08480,0.056631412357091904,0
Q7G6Z5:B9FDB8,0.012225351296365261,0
A9UGV7:Q7XQ83,0.01166252326220274,0
Q6YS30:P0C579,0.024161988869309425,0
Q0J290:Q93XI4,0.029131948947906494,0
Q5VQQ5:Q6BDZ9,0.17173632979393005,0
Q6Z829:Q70G58,0.04348185285925865,0
Q0E088:Q0D576,0.013548068702220917,0
Q8H6H4:A3AYR1,0.04212493821978569,0
Q6EPN8:Q8LKW0,0.01187814399600029,0
Q10Q47:Q8RYM9,0.01325500663369894,0
Q2KNB5:Q8S625,0.14040620625019073,0
Q0D5B9:Q655X0,0.062355078756809235,0
Q10M00:Q7FAZ3,0.014331144280731678,0
Q8H0B6:Q6H7M1,0.013406201265752316,0
Q53MD1:Q0JKD0,0.01892119087278843,0
B7EZJ7:Q8LH82,0.039103660732507706,0
Q6YUA8:Q6AT33,0.07267116755247116,0
Q7G737:Q5ZCW1,0.02405020408332348,0
Q6YZE2:Q2QM96,0.026432180777192116,0
Q84M85:Q5Z5Q3,0.01346129085868597,0
Q6ZA06:Q6YXH5,0.06198235973715782,0
Q10G40:Q2R3K5,0.012532672844827175,0
Q8L4E9:Q9XG81,0.024593176320195198,0
Q0D9S3:Q7XVB3,0.012672984972596169,0
Q5VNW0:Q67UI2,0.07846509665250778,0
Q69JW2:Q8LQ74,0.76930171251297,0
Q7FAT5:P41095,0.03659431263804436,0
Q6AT12:Q948T6,0.09436620771884918,0
Q0JKI9:Q0JBP5,0.0304518174380064,0
Q6ZHZ1:Q0D8N0,0.01758919470012188,0
Q2HWG4:P0C325,0.04087800905108452,0
Q5VQ78:P0DO27,0.014620937407016754,0
Q7F1X5:Q0JFI2,0.05501974746584892,0
Q0E0I1:Q6Z5J6,0.014567053876817226,0
Q2R0W8:Q5JKN2,0.015326196327805519,0
Q6K2E1:Q84P99,0.013571033254265785,0
Q10MJ1:Q5VQY3,0.012501495890319347,0
Q6YXT7:A0A0P0V4R0,0.031016722321510315,0
P29421:Q2QZL4,0.02058684267103672,0
Q851L5:Q0J349,0.08695419877767563,0
Q0JG98:Q6I5B3,0.012651652097702026,0
Q2QM96:Q0D5G4,0.9271242022514343,0
Q851Y7:Q0D6V7,0.2542997896671295,0
Q2QNG7:Q75KV9,0.04713506996631622,0
Q6K8S0:Q8H3Q1,0.93316251039505,0
Q7XVB3:Q10KN6,0.02477012574672699,0
B6UV92:Q6H5L4,0.03441924601793289,0
Q40723:Q7GBF8,0.4215732514858246,0
Q6AV18:Q10B63,0.05409116670489311,0
Q6YX89:Q6ETN3,0.023372171446681023,0
Q2QNE8:Q10C73,0.01852520927786827,0
Q5W6H5:Q84LK7,0.013684523291885853,0
Q32759:Q10SX7,0.011768915690481663,0
Q6YW51:Q8GT06,0.023013900965452194,0
Q69LX2:Q3T5N4,0.34533390402793884,0
Q3HRP5:Q0J9X2,0.6752567291259766,0
Q9FDX8:Q0IP69,0.31912922859191895,0
Q5TKG3:Q8S919,0.16235153377056122,0
Q7G8Y3:Q5VS45,0.01332404650747776,0
Q37066:Q42980,0.011770757846534252,0
Q0DUR2:Q9SMB1,0.035498566925525665,0
Q5VQL3:Q84SL2,0.014648559503257275,0
Q5Z7J0:Q6Z4T3,0.03836093842983246,0
Q7XR80:Q6L8F7,0.02086295746266842,0
Q0DM51:Q0DKP4,0.07621430605649948,0
P27937:Q0DVX2,0.01865273527801037,0
Q6ZFW0:Q2QM77,0.01778825931251049,0
B7E321:Q3HRP1,0.19562117755413055,0
P0DO02:Q3HRP2,0.43122145533561707,0
Q0DST9:Q9SE42,0.024090958759188652,0
Q2QMH1:Q10JI3,0.2632427513599396,0
Q6H6N5:Q9LSU0,0.024795440956950188,0
Q5VNM3:Q5Z9J0,0.5603143572807312,0
Q42971:Q6ZBZ2,0.02690446935594082,0
Q69LX2:Q5VND6,0.10062538832426071,0
Q69JZ7:Q10N20,0.6141894459724426,0
Q5QM06:Q852A1,0.01546733733266592,0
Q75HV0:Q851L6,0.05664754658937454,0
Q2R9X2:Q7FAD5,0.06226493790745735,0
Q35322:Q2V0P1,0.1410021036863327,0
Q0DB53:A3C4H3,0.0327598862349987,0
Q84ZT0:Q8GVE1,0.6827592253684998,0
Q9LWU9:Q6K3E0,0.7559341192245483,0
Q8S1X9:P0DKK6,0.014815966598689556,0
B9FFD3:Q7XTB2,0.012690168805420399,0
B9G8P1:Q6EUP4,0.7649073004722595,0
P0DO07:Q84P65,0.01288128923624754,0
Q653Z5:Q6S4P4,0.7132424116134644,0
Q6Z730:Q5QMP3,0.02113644778728485,0
Q6F6A2:A3A463,0.14949946105480194,0
Q6YZ49:Q75GT2,0.06236447021365166,0
Q7XUR3:Q10Q71,0.20463791489601135,0
Q6K6K7:Q56UD1,0.06035345792770386,0
Q7XHW4:B9F2Y7,0.392987459897995,0
Q6K8Z4:Q5QMP3,0.017618423327803612,0
Q2QZ14:Q6K965,0.012931915000081062,0
P12180:Q9LGZ2,0.01309367548674345,0
Q0DHM7:B9FS74,0.014230653643608093,0
B9F058:Q5NAV3,0.039822500199079514,0
Q5VQL3:Q10KN6,0.021456575021147728,0
Q6IVC3:Q10R47,0.9167410135269165,0
Q6ASW7:Q0E0H1,0.6096414923667908,0
P93771:Q6ATS0,0.06980182975530624,0
Q94I55:Q0DRV6,0.01426867675036192,0
Q944S9:Q67W29,0.01673951745033264,0
Q0JLS6:Q75LL6,0.18805263936519623,0
Q6YZA6:Q0J3D9,0.019675156101584435,0
Q10NQ9:Q0JG98,0.030623137950897217,0
Q67WQ7:Q94DH3,0.025037605315446854,0
P0CH35:Q9SSX0,0.31505462527275085,0
Q60EN8:Q7X7L3,0.02287106029689312,0
Q7PC76:Q0E2Y1,0.015229781158268452,0
Q6Z7L8:Q6EPG8,0.08892505615949631,0
Q2RAS0:Q75GA5,0.29839998483657837,0
Q9LGZ2:Q5SMU7,0.27401384711265564,0
Q69XL1:A3BLC3,0.01346859335899353,0
Q852F6:Q0IUL4,0.012254022993147373,0
Q851S7:Q8RUV9,0.016299385577440262,0
Q0D5R2:Q6ZC03,0.013003013096749783,0
O04985:Q7XRX3,0.1344982236623764,0
Q6H4G3:Q5JLQ9,0.8748167157173157,0
Q5JLD8:Q8S628,0.5831893086433411,0
Q10PZ4:Q75M01,0.012694591656327248,0
B7FA90:P48494,0.019883451983332634,0
P0C413:Q2QLW3,0.013924363069236279,0
Q10R47:Q0E4A8,0.2827380299568176,0
Q0E3M2:Q2R224,0.06680645793676376,0
Q2QPW1:Q8H7U1,0.24164092540740967,0
Q652Q0:Q84PD8,0.02491970919072628,0
Q67X40:Q7Y1W9,0.01719842292368412,0
Q0E0Q3:Q6Z4T5,0.04032915458083153,0
Q6AWX8:Q10LH0,0.018487287685275078,0
Q6Z6L5:Q6K2E1,0.056034624576568604,0
Q0DAJ3:Q7XKV2,0.014379057101905346,0
Q94DR2:Q5NTH4,0.03869201987981796,0
Q8LT07:Q652B0,0.9690665602684021,0
A3BT52:A9UGV6,0.011945202946662903,0
Q84Q92:Q84TB3,0.480093389749527,0
Q6ZHZ1:Q6YZX6,0.016699785366654396,0
P49030:Q10LI6,0.015622173435986042,0
Q67UI2:Q943E6,0.03177763149142265,0
Q851G4:Q7Y1Z1,0.018077734857797623,0
Q7XR62:Q6K537,0.020645014941692352,0
Q84PD3:Q84P77,0.01838071458041668,0
Q6L5I5:Q6KAJ8,0.012825990095734596,0
A3BKF2:Q6YXZ4,0.04607599601149559,0
Q6H7D2:Q0JJV0,0.015513700433075428,0
Q942X4:Q5JN63,0.012170824222266674,0
Q75IM9:P12330,0.04754990339279175,0
Q8S0S6:Q0J709,0.12496006488800049,0
Q0D4T4:Q5Z8Q9,0.6049939393997192,0
Q6AWY3:P35685,0.06046606972813606,0
Q7XR51:Q7FAY6,0.01201565284281969,0
Q7Y1E6:Q7XPY2,0.2947513163089752,0
Q6ZH29:Q8S1Z1,0.019155031070113182,0
Q5NBQ0:Q8GVE1,0.24054232239723206,0
P25777:Q5QMT0,0.01273781806230545,0
Q6ZHJ5:P38419,0.012679877690970898,0
Q06398:Q6ZKF0,0.04758734256029129,0
Q84TV4:P0C5D6,0.5113512277603149,0
Q5Z5C9:Q7XR47,0.014870218001306057,0
Q5Z8T3:Q0DIQ5,0.022291986271739006,0
Q5JK90:Q6ZDQ1,0.07134603708982468,0
Q6F4N5:A3C5A7,0.012320413254201412,0
O23875:Q5NAT8,0.2166440486907959,0
Q84MF1:Q0JL44,0.17391188442707062,0
Q2HWG4:Q6K3E0,0.2463996410369873,0
Q6K7H2:Q6K508,0.01651736907660961,0
Q5Z678:Q10R47,0.02314932458102703,0
Q851J8:Q2QUC5,0.01442004181444645,0
Q84TB6:Q5NBI2,0.08503153175115585,0
Q69QZ0:Q0D3D2,0.15099669992923737,0
Q94LW4:Q6L4N4,0.9357721209526062,0
Q109G2:A0A0P0WY03,0.05809712037444115,0
Q6I581:Q336M2,0.2168286293745041,0
Q0D840:Q2QWT4,0.603287398815155,0
Q7XBH4:Q67VP4,0.300199955701828,0
Q4PR48:Q7XAP4,0.012838304042816162,0
Q2QN26:Q6ZCX3,0.5722935795783997,0
Q75LJ4:Q5VS72,0.06702733039855957,0
P12192:Q0E1D7,0.013337370939552784,0
Q7XTK3:Q8LQQ2,0.020324859768152237,0
Q10Q62:Q5ZE00,0.07007753103971481,0
Q6EQX3:Q2QUN2,0.018447518348693848,0
Q84P58:A3AJ77,0.03742952272295952,0
Q0DM48:B9G9X3,0.02053631655871868,0
Q6Z0D9:Q69K55,0.02505175583064556,0
Q10MQ0:Q6ZBH9,0.017791220918297768,0
Q7XIT1:Q9AUV6,0.01497714500874281,0
Q5VR89:Q84P95,0.030028967186808586,0
Q0J360:Q7X8P2,0.10764925926923752,0
Q6ZL57:Q0DHJ5,0.05762841925024986,0
Q7XT97:Q94GM9,0.014103814959526062,0
Q84PB7:Q67UK2,0.031343232840299606,0
Q84ZC0:Q6K5G8,0.5407590270042419,0
P12331:Q6EU94,0.2058575451374054,0
Q84J63:Q655G7,0.02080344967544079,0
Q9LG86:Q5Z5C9,0.710127055644989,0
Q6H7U5:Q65WY8,0.6975547671318054,0
P0C389:P29835,0.012811924330890179,0
Q2QQJ5:Q6Z2T9,0.012496276758611202,0
Q5VRL3:Q7XX84,0.014352204278111458,0
Q336P2:Q6ET36,0.40532490611076355,0
Q0DJ99:Q5Z9E2,0.6350211501121521,0
Q5N7W3:Q6ATS0,0.01918281428515911,0
P37890:Q942P9,0.013981378637254238,0
Q6AT32:Q6EU14,0.012600558809936047,0
Q6Z9C3:Q6ZIQ1,0.07124529033899307,0
Q10SX7:Q851W4,0.02530599944293499,0
Q7X7H4:Q5QN75,0.40696200728416443,0
Q6YWQ4:A3CAL5,0.012826904654502869,0
Q6ZAG3:Q84S11,0.2207365483045578,0
Q8H384:O82427,0.01968943327665329,0
P0C497:Q336T5,0.01311790943145752,0
Q0JF48:Q0JLS6,0.037375036627054214,0
Q7XN11:Q9FRG8,0.014471272006630898,0
Q7XXR8:D5A7J3,0.039271291345357895,0
P0C485:Q0JA75,0.014590119011700153,0
Q6AUK6:P25765,0.01840377226471901,0
Q8H569:Q8S1V1,0.018188077956438065,0
Q0E3L5:Q0JBP5,0.024493826553225517,0
Q851J9:Q75G87,0.012852407060563564,0
Q8LM92:Q42982,0.14511673152446747,0
Q6AU07:Q651Z7,0.21014630794525146,0
Q7Y1Z1:Q9AS75,0.21210359036922455,0
Q67WJ2:Q2R374,0.030988484621047974,0
Q40704:Q67TP9,0.9137715697288513,0
Q8H329:Q7XGM6,0.013390406966209412,0
Q8H5F8:Q5JNB5,0.014558004215359688,0
Q6ERS0:A3BLC3,0.3032595217227936,0
Q6Z7B0:Q6ZKB2,0.014595339074730873,0
Q84PC8:Q7FAY6,0.01199042797088623,0
Q6ESF0:Q9ARX2,0.013884373009204865,0
Q0IQU1:Q8SAY0,0.01333542075008154,0
Q5VMQ5:P0C5D1,0.016348708420991898,0
Q6ZD89:Q0JJD4,0.024151401594281197,0
Q0D6V7:Q10D34,0.7432575225830078,0
Q943E9:Q10Q08,0.2499636709690094,0
Q2QZ14:Q0D673,0.050936054438352585,0
Q2QM69:Q941W1,0.01999453268945217,0
Q6AWY6:Q109L7,0.022163772955536842,0
Q2QX40:Q69XM6,0.22079835832118988,0
Q67VL7:Q852K5,0.2955849766731262,0
Q2QR54:Q5NAI7,0.032409537583589554,0
Q6F358:Q5Z8P2,0.054396774619817734,0
Q60EY8:Q84MN7,0.8086075186729431,0
Q10CQ8:Q10G40,0.013796932063996792,0
Q6ZL42:Q0J6P7,0.0958528146147728,0
Q94EE4:Q93VB5,0.026318877935409546,0
P55142:Q7XKU5,0.19949504733085632,0
A3BV82:Q10RP0,0.05527414008975029,0
Q84YK8:Q5JK39,0.0160039272159338,0
Q10P01:Q67UK9,0.015226862393319607,0
B9G3M6:Q84MN0,0.49458155035972595,0
Q5MBR3:Q69XV0,0.04266790673136711,0
Q84Q72:Q6Z6M4,0.11052443832159042,0
Q75GT3:P93407,0.065210722386837,0
Q75HE6:Q9FVZ9,0.034744907170534134,0
Q339K6:Q9SMB1,0.016648883000016212,0
Q2QPW1:Q69R21,0.03815331682562828,0
Q6K3T2:Q69JW2,0.150965616106987,0
Q652Q8:Q67UX6,0.1416245549917221,0
Q7XI73:O81263,0.019905846565961838,0
Q9FWU1:Q6ZDE3,0.012925984337925911,0
Q0DEV5:Q0DKF1,0.133181631565094,0
Q94DH3:Q5Z980,0.02197638712823391,0
Q2QXR8:Q2R4J4,0.02454095147550106,0
Q9AV50:Q9LD07,0.016938332468271255,0
Q7XUT9:Q0JA75,0.012587337754666805,0
Q4PR41:Q0JG75,0.012205955572426319,0
Q6Z0I4:Q6AT12,0.016440266743302345,0
P48600:Q02897,0.03563438355922699,0
Q0JP99:Q6ZBF6,0.08868946135044098,0
Q40702:Q2QXJ0,0.014213810674846172,0
Q6L5H6:Q7XM21,0.5537185668945312,0
Q6YVJ0:Q5QLS7,0.020723605528473854,0
Q6K8S1:Q9LJ04,0.47385963797569275,0
Q5SND2:Q7XKK6,0.7123544812202454,0
Q7XM31:Q7XH05,0.03730766847729683,0
Q10GM4:P17070,0.34381499886512756,0
Q8S1Z1:P38385,0.0137849822640419,0
Q10LG8:Q7XR52,0.042892251163721085,0
Q6Z690:Q6K977,0.20537340641021729,0
Q5N6V0:Q8S6P9,0.024662483483552933,0
Q6L4D4:Q5NAT8,0.2768534719944,0
Q7F0R1:Q9FNU2,0.06809663772583008,0
Q6Z6L4:Q8S985,0.08811604231595993,0
Q0JA29:Q7XMJ2,0.2876538336277008,0
Q852K8:Q0JAW2,0.03246631845831871,0
P17654:A3AYR1,0.055198784917593,0
Q8LHA8:Q69KJ0,0.577752411365509,0
Q6Z690:Q5VSB7,0.21212415397167206,0
Q10T43:Q75KP8,0.01831596903502941,0
Q0DK78:Q0JMH0,0.4095167815685272,0
Q6K881:Q6EPQ3,0.02197231911122799,0
Q5SMY5:C0LT23,0.05836788937449455,0
Q2QMT7:Q10KN6,0.05119163915514946,0
Q10RE5:Q5Z8P0,0.0742010846734047,0
Q10MK2:Q0JP62,0.04085933044552803,0
P46609:Q0IQN6,0.7218546271324158,0
Q65XL5:Q654D9,0.012758311815559864,0
O23875:Q5Z5I4,0.9700900912284851,0
Q10R17:Q6YZB2,0.012857982888817787,0
Q69T21:Q6ATG6,0.8457746505737305,0
Q5Z8L1:C7J3A2,0.015739038586616516,0
Q5Z8T8:Q6F6A2,0.017195677384734154,0
Q5JKN1:Q852K8,0.05707160755991936,0
Q689G6:Q10A77,0.04746690019965172,0
Q2TQ34:Q69XL1,0.6348953247070312,0
Q33E23:Q6I5C3,0.21961872279644012,0
B9G2X9:Q10Q08,0.2753627896308899,0
Q651U1:Q852Q0,0.4655819833278656,0
Q7XQ45:P0DKK2,0.012197918258607388,0
Q6BDZ9:Q0D5G4,0.21597309410572052,0
Q2QYM3:P0C541,0.8159509897232056,0
Q84MS3:B1B534,0.013914820738136768,0
Q5W7C1:Q6ZBF6,0.023061295971274376,0
Q67U69:Q0DUI8,0.04431881010532379,0
Q0IU52:Q0JCU7,0.012786194682121277,0
Q6H849:Q7F830,0.38774028420448303,0
Q9LSU0:P14578,0.08870638161897659,0
Q10PI5:Q6EU30,0.04594258964061737,0
Q8LIL0:Q2RBR1,0.3441459834575653,0
B7E321:Q6Z7W3,0.015174171887338161,0
Q75LV5:P0C361,0.19299161434173584,0
A3B6V0:Q7XXL2,0.26054197549819946,0
Q7XTV7:Q336N8,0.08837705850601196,0
P14578:Q10G56,0.041844308376312256,0
Q6EPP9:Q6ZH94,0.03647765517234802,0
O82117:Q7XVB3,0.018740950152277946,0
Q7XQ12:Q7XP01,0.11723878234624863,0
Q5VRG3:Q6F2Z1,0.020824294537305832,0
Q8LIY0:Q84MN0,0.4203626811504364,0
Q7Y0C8:Q2QNC3,0.011715702712535858,0
Q69Y99:Q654B3,0.021564288064837456,0
Q75G68:Q653P0,0.06795678287744522,0
Q5JK39:Q7XIZ1,0.01594792865216732,0
Q9FWT5:Q2QYE1,0.012692070566117764,0
Q0IV63:Q7XUS2,0.014532269909977913,0
Q6YW54:Q6H7J4,0.01266281958669424,0
Q6ETL2:Q6EPZ2,0.1118965893983841,0
Q0J2L7:B9FGV7,0.0728020966053009,0
Q2RB28:Q52RG7,0.013494089245796204,0
Q2R073:A3A2Z8,0.16954146325588226,0
B9FU45:Q6ATR0,0.05713978409767151,0
Q9XJ29:Q5ZBY9,0.014023457653820515,0
Q7XPR4:Q84VG1,0.07103053480386734,0
Q0JNS6:Q5W794,0.23419435322284698,0
Q0DSH9:Q6AT41,0.2964402139186859,0
Q0ILZ4:Q5Z9Z0,0.0142815625295043,0
Q7XV13:Q8S2A7,0.01382000744342804,0
P0C133:Q6Z9R8,0.9620542526245117,0
Q6YU51:Q941Y8,0.0170446690171957,0
Q84UT5:Q69PS6,0.016421183943748474,0
Q7XQR9:Q0JM76,0.2990346848964691,0
Q2QYS3:Q5JLM1,0.01825801096856594,0
Q5VQK9:Q6ZH94,0.012179921381175518,0
B7E321:Q6ZJ48,0.01440034806728363,0
Q69RC4:B9FSC8,0.1055540069937706,0
Q8RUN1:Q5VN19,0.2744240164756775,0
Q84PB0:Q10MR0,0.4755478799343109,0
Q2QP53:Q7XTF8,0.012341226451098919,0
A4KAG8:Q5N9A1,0.013809180818498135,0
Q76BW5:Q6ZJJ1,0.01584423892199993,0
Q8RUN1:Q37066,0.012455821968615055,0
Q0JFH7:Q9ZRI7,0.027582306414842606,0
Q4JHE0:Q6H6N5,0.24152691662311554,0
Q67UX0:Q7XHV0,0.2591578960418701,0
Q5ZC83:Q2QWE3,0.017800120636820793,0
Q7XU29:P0DO09,0.012731142342090607,0
Q0INZ4:Q84PB4,0.17225252091884613,0
P17784:Q8RYM9,0.014088384807109833,0
Q2RAR6:Q0IQN5,0.01939149759709835,0
A3AGM4:Q6Z4T5,0.019700100645422935,0
Q84Z01:Q0E4Q5,0.024232544004917145,0
B9FDT1:Q7XE50,0.012198741547763348,0
Q5VP70:Q6Z2L5,0.02869669534265995,0
Q6YW50:Q0DAE4,0.016976019367575645,0
Q6ERS0:A1A698,0.6922397613525391,0
Q7XUV7:Q6YS30,0.048813704401254654,0
Q7XUV2:Q5SML5,0.07972721010446548,0
O24210:Q68Y49,0.38717204332351685,0
Q5QLR5:B7FA90,0.015071587637066841,0
Q5ZC88:Q69TI0,0.10188694298267365,0
Q7XSQ7:Q6ET49,0.040836092084646225,0
Q75G84:Q2R483,0.014135519042611122,0
P0C130:Q0JJD4,0.016477132216095924,0
Q6ZI50:Q0J8G8,0.023984024301171303,0
Q65WY8:Q6ZAR0,0.6505537033081055,0
Q75HY5:B9FHF3,0.01564798690378666,0
Q6I5I8:Q7XC51,0.44540873169898987,0
Q7XCG7:P35687,0.013572975993156433,0
Q6ASW7:Q2R2W1,0.7269917726516724,0
Q53QK0:Q6YTF5,0.0450168214738369,0
O23810:Q0DGS1,0.016168812289834023,0
Q94LP4:Q67J15,0.24013590812683105,0
Q94LW0:Q2QPG9,0.06856277585029602,0
Q6K3T2:Q70G58,0.03134877234697342,0
A3A8Q4:Q5QN75,0.2082047015428543,0
Q0DLA3:A0A0P0WQ90,0.2289201319217682,0
Q10P67:P0DKH0,0.022166693583130836,0
Q5QNA6:Q6Z541,0.040598444640636444,0
Q0JMR0:Q852M2,0.014781097881495953,0
Q0DV28:Q7XVN7,0.016727376729249954,0
P12330:Q9FP13,0.029421377927064896,0
Q5Z5A8:Q651J5,0.012489560060203075,0
Q75LR2:Q6K9N1,0.032511498779058456,0
